date,Solar,Hydro Run-of-River,Hydro water reservoir,temperature_2m_max,temperature_2m_mean,shortwave_radiation_sum,precipitation_sum
2015-01-01,27394.0,24098.0,50106.0,8.700000000000001,2.5999999999999996,9.75,0.0
2015-01-02,26002.0,26796.0,92163.0,9.775,3.3,9.435,0.0
2015-01-03,27558.0,25045.0,63699.0,11.225,4.4,9.5725,0.0
2015-01-04,27977.0,24239.0,52313.0,11.325000000000001,4.6,9.5025,0.0
2015-01-05,24225.0,25981.0,81508.0,10.875,4.375,9.225,0.0
2015-01-06,15165.0,24660.0,62267.0,8.075,2.85,7.58,0.0
2015-01-07,16893.0,25111.0,114115.0,8.35,2.1,8.752500000000001,0.0
2015-01-08,21096.0,22850.0,95305.0,9.5,2.2,9.4375,0.0
2015-01-09,27189.0,23134.0,76856.0,11.95,4.45,10.0025,0.0
2015-01-10,23461.0,21408.0,59542.0,13.150000000000002,5.55,9.8125,0.0
2015-01-11,21787.0,20573.0,42819.0,10.275,4.35,8.620000000000001,0.175
2015-01-12,20113.0,22050.0,68713.0,11.425,5.0,9.065,0.0
2015-01-13,21269.0,22242.0,61608.0,12.3,6.6,9.6225,0.1
2015-01-14,17568.0,23774.0,75479.0,11.125,6.050000000000001,9.3575,0.0
2015-01-15,13991.0,24111.0,46034.0,10.575,6.2749999999999995,7.6325,2.9499999999999997
2015-01-16,16257.0,27378.0,48625.0,7.15,4.45,7.302499999999999,6.775
2015-01-17,23884.0,26177.0,56629.0,6.0,1.1500000000000001,9.47,0.175
2015-01-18,5990.0,25788.0,54665.0,4.4,2.3499999999999996,3.495,9.925
2015-01-19,16471.0,24947.0,52430.0,6.675000000000001,2.7750000000000004,8.850000000000001,1.4
2015-01-20,11254.0,28341.0,95144.0,4.949999999999999,1.0999999999999999,6.8325,0.5499999999999999
2015-01-21,14563.0,28249.0,64942.0,6.15,0.875,8.5325,0.375
2015-01-22,19003.0,27028.0,49414.0,7.375000000000001,2.625,10.3675,0.0
2015-01-23,29037.0,27039.0,50312.0,7.199999999999999,2.0500000000000007,10.4625,0.0
2015-01-24,32015.0,25721.0,48158.0,7.775,2.175,11.4075,0.375
2015-01-25,33737.0,24772.0,38671.0,8.075,2.8249999999999993,10.985,0.0
2015-01-26,32534.0,26575.0,74883.0,9.425,3.75,10.950000000000001,0.0
2015-01-27,27542.0,23422.0,52167.0,10.0,4.025,10.8125,0.275
2015-01-28,26540.0,22239.0,59522.0,10.049999999999999,4.2,11.125,0.0
2015-01-29,15908.0,25263.0,51630.0,9.75,5.425,8.0475,2.15
2015-01-30,8538.0,30274.0,84959.0,10.200000000000001,8.325,3.7725,9.049999999999999
2015-01-31,17915.0,30573.0,93726.0,8.225,5.575,10.67,3.9499999999999997
2015-02-01,30053.0,31045.0,89159.0,5.699999999999999,1.9000000000000001,11.6825,0.7000000000000001
2015-02-02,10592.0,33173.0,110184.0,5.449999999999999,2.3,5.8149999999999995,3.3499999999999996
2015-02-03,12475.0,34981.0,92145.0,6.375,3.825,7.657500000000001,2.65
2015-02-04,22372.0,34599.0,92658.0,3.6000000000000005,0.9500000000000002,11.785000000000002,1.25
2015-02-05,31613.0,33178.0,97672.0,3.825,0.3999999999999999,12.184999999999999,0.1
2015-02-06,28879.0,33174.0,112225.0,4.125,-0.375,12.252500000000001,0.075
2015-02-07,15778.0,32305.0,123659.0,4.95,0.20000000000000018,10.19,0.0
2015-02-08,31873.0,28521.0,73738.0,6.424999999999999,0.7750000000000001,13.254999999999999,0.0
2015-02-09,31109.0,30045.0,90641.0,9.25,2.9,14.02,0.0
2015-02-10,14595.0,30542.0,104381.0,9.625,4.324999999999999,11.657499999999999,0.0
2015-02-11,16017.0,31430.0,118486.0,9.475,4.625000000000001,11.56,0.05
2015-02-12,17494.0,29506.0,116229.0,9.95,5.2749999999999995,10.51,0.25
2015-02-13,25925.0,30247.0,94940.0,9.875,5.550000000000001,10.607499999999998,0.5750000000000001
2015-02-14,9808.0,30100.0,76960.0,9.375,6.800000000000001,7.052499999999999,2.2
2015-02-15,12766.0,31221.0,77946.0,10.575,7.75,8.08,2.8
2015-02-16,14301.0,32520.0,101464.0,10.0,5.675000000000001,10.345,0.175
2015-02-17,13939.0,31196.0,85131.0,9.200000000000001,5.45,11.19,3.3750000000000004
2015-02-18,28269.0,31033.0,106817.0,10.375,5.825,12.884999999999998,0.0
2015-02-19,35104.0,32275.0,133498.0,10.825000000000001,5.45,15.200000000000001,0.0
2015-02-20,23624.0,32970.0,129035.0,9.774999999999999,4.5,13.014999999999999,0.8999999999999999
2015-02-21,20596.0,30150.0,106112.0,10.1,5.6499999999999995,10.0025,3.4250000000000003
2015-02-22,34649.0,28788.0,92457.0,10.3,5.050000000000001,14.555,0.9
2015-02-23,13945.0,32030.0,100265.0,10.225000000000001,7.074999999999999,7.7425,2.5500000000000003
2015-02-24,34235.0,32057.0,110610.0,8.549999999999999,4.8,14.172500000000001,2.15
2015-02-25,33132.0,31704.0,109668.0,11.25,5.875,11.2025,7.275
2015-02-26,26331.0,31960.0,116220.0,13.65,8.7,12.307500000000001,2.975
2015-02-27,37850.0,33602.0,113638.0,12.0,7.275,16.255,1.225
2015-02-28,29106.0,33148.0,108895.0,13.2,7.675000000000001,13.075,0.375
2015-03-01,26871.0,32994.0,95266.0,14.374999999999998,9.6,11.4725,0.85
2015-03-02,29758.0,37148.0,131664.0,15.525,10.575000000000001,11.412500000000001,0.125
2015-03-03,30838.0,38933.0,148870.0,15.975,10.8,12.580000000000002,0.075
2015-03-04,33309.0,39069.0,122162.0,13.625,8.725000000000001,16.625,1.5499999999999998
2015-03-05,44527.0,37851.0,122511.0,10.55,5.7250000000000005,18.6675,0.1
2015-03-06,50842.0,38527.0,146255.0,15.675,7.575,19.1025,0.0
2015-03-07,51161.0,35950.0,123487.0,17.674999999999997,9.899999999999999,19.3525,0.0
2015-03-08,43771.0,34596.0,105341.0,18.575,10.825,19.267500000000002,0.0
2015-03-09,46273.0,36930.0,134325.0,18.25,10.3,19.29,0.0
2015-03-10,49452.0,37719.0,136342.0,19.7,11.575,19.485,0.075
2015-03-11,51403.0,38132.0,125163.0,19.450000000000003,11.725,19.630000000000003,0.025
2015-03-12,48585.0,38004.0,109610.0,19.375,11.85,19.755000000000003,0.0
2015-03-13,38784.0,37608.0,101630.0,15.100000000000001,9.975,17.175,0.25
2015-03-14,42498.0,34762.0,79038.0,12.25,7.05,19.462500000000002,0.4
2015-03-15,43073.0,33454.0,79199.0,11.5,6.425,18.787499999999998,0.225
2015-03-16,46297.0,34312.0,125337.0,12.249999999999998,6.6000000000000005,19.68,0.325
2015-03-17,17917.0,31921.0,111100.0,12.5,7.1000000000000005,14.875,4.4750000000000005
2015-03-18,8084.0,29897.0,118922.0,11.35,7.324999999999999,12.91,2.425
2015-03-19,11423.0,29269.0,63397.0,12.850000000000001,8.65,12.2025,1.725
2015-03-20,8948.0,29377.0,72748.0,13.7,8.95,13.6875,3.675
2015-03-21,10090.0,30312.0,91416.0,11.274999999999999,7.8999999999999995,10.620000000000001,3.725
2015-03-22,13148.0,29195.0,62702.0,11.349999999999998,7.525000000000001,11.755,5.65
2015-03-23,11592.0,31049.0,107692.0,10.974999999999998,7.000000000000001,13.6025,5.475
2015-03-24,12694.0,29015.0,81211.0,10.649999999999999,6.525,12.405,5.7
2015-03-25,36052.0,29231.0,58126.0,9.049999999999999,5.3500000000000005,18.912499999999998,0.875
2015-03-26,24058.0,28260.0,64459.0,12.874999999999998,6.9750000000000005,16.28,0.42500000000000004
2015-03-27,46146.0,31912.0,69021.0,16.849999999999998,11.2,18.9075,0.3
2015-03-28,53799.0,31209.0,57799.0,20.05,12.799999999999999,21.985,0.125
2015-03-29,43071.0,29738.0,50136.0,19.925,12.775,21.825000000000003,0.0
2015-03-30,51076.0,32073.0,69038.0,21.3,14.225,21.6875,0.025
2015-03-31,56835.0,34410.0,80117.0,23.2,15.100000000000001,23.5775,0.0
2015-04-01,57660.0,35886.0,77792.0,19.75,13.250000000000002,23.495,0.0
2015-04-02,56297.0,35218.0,66696.0,21.174999999999997,13.275,23.9175,0.0
2015-04-03,41975.0,32761.0,58228.0,21.400000000000002,14.049999999999999,19.92,0.0
2015-04-04,41876.0,30766.0,58476.0,19.175,13.175,22.38,0.225
2015-04-05,45126.0,29662.0,61515.0,19.0,12.499999999999998,23.255,0.0
2015-04-06,26480.0,29730.0,65552.0,18.650000000000002,12.4,20.64,3.7750000000000004
2015-04-07,33962.0,30331.0,59800.0,17.7,11.825,22.71,0.0
2015-04-08,22935.0,29654.0,57524.0,16.049999999999997,10.95,19.240000000000002,2.6
2015-04-09,15608.0,31166.0,93207.0,14.125,10.425,15.265,5.550000000000001
2015-04-10,27545.0,31906.0,79201.0,16.2,11.05,18.7225,1.075
2015-04-11,25192.0,31048.0,73405.0,17.325,11.475,20.8175,1.25
2015-04-12,37434.0,28849.0,40545.0,18.95,12.849999999999998,21.765,0.375
2015-04-13,48582.0,30022.0,48283.0,21.75,14.75,24.5475,0.45
2015-04-14,26379.0,29821.0,50652.0,22.525,16.025,21.7875,0.375
2015-04-15,15431.0,30212.0,67340.0,18.55,13.549999999999999,17.375,5.2
2015-04-16,21163.0,25041.0,58523.0,16.075,12.2,15.160000000000002,3.1999999999999997
2015-04-17,35707.0,23321.0,66788.0,18.35,13.049999999999999,20.247500000000002,1.0999999999999999
2015-04-18,40520.0,22808.0,51514.0,17.3,12.325,22.545,2.4
2015-04-19,47601.0,22500.0,52865.0,16.65,11.100000000000001,22.349999999999998,3.625
2015-04-20,52403.0,23432.0,66144.0,20.175000000000004,13.35,24.3975,0.0
2015-04-21,42133.0,21576.0,53194.0,21.900000000000002,15.150000000000002,23.3725,0.05
2015-04-22,37380.0,22604.0,63425.0,18.4,13.875,18.325000000000003,2.875
2015-04-23,47105.0,22887.0,72362.0,21.25,14.424999999999999,24.975,0.2
2015-04-24,23765.0,22882.0,61876.0,20.35,14.700000000000001,18.307499999999997,0.0
2015-04-25,15974.0,21847.0,46310.0,17.6,13.850000000000001,15.8275,2.0
2015-04-26,15782.0,23854.0,52644.0,15.825000000000001,12.5,13.760000000000002,7.050000000000001
2015-04-27,27203.0,24906.0,56224.0,15.349999999999998,11.25,16.8525,2.625
2015-04-28,48987.0,27003.0,71058.0,17.75,12.325000000000001,22.8325,0.0
2015-04-29,54074.0,26080.0,77417.0,18.249999999999996,13.099999999999998,25.0925,1.2
2015-04-30,55451.0,26295.0,64425.0,20.8,14.65,22.792499999999997,0.125
2015-05-01,18461.0,19814.0,43206.0,21.325,16.375,18.515,1.425
2015-05-02,47940.0,28778.0,53125.0,25.225,19.075,22.419999999999998,0.225
2015-05-03,21270.0,29847.0,62202.0,23.275,18.425,17.8425,1.075
2015-05-04,17033.0,32130.0,61128.0,22.924999999999997,17.925,17.02,1.675
2015-05-05,33656.0,34142.0,89238.0,19.3,15.175,21.385,0.0
2015-05-06,55575.0,34951.0,96717.0,21.0,14.875,28.1825,0.0
2015-05-07,58299.0,31086.0,84601.0,25.175,17.7,28.2825,0.0
2015-05-08,46460.0,29657.0,92496.0,21.775000000000002,16.675,23.925,0.7
2015-05-09,53752.0,30831.0,92456.0,26.025000000000002,18.55,28.1725,0.0
2015-05-10,55666.0,26712.0,90081.0,28.85,21.400000000000002,28.295,0.0
2015-05-11,57229.0,28163.0,91247.0,30.025000000000006,22.674999999999997,28.6575,0.0
2015-05-12,52975.0,27266.0,97673.0,31.775000000000002,23.8,29.2925,0.0
2015-05-13,36477.0,25845.0,92996.0,33.175,25.775,26.6875,0.475
2015-05-14,44263.0,23838.0,85080.0,28.400000000000002,22.55,27.214999999999996,0.0
2015-05-15,57308.0,22885.0,69364.0,21.625,15.975000000000001,28.3975,0.625
2015-05-16,61526.0,21946.0,76268.0,23.975,17.175,28.735,0.0
2015-05-17,62983.0,21586.0,62781.0,26.75,19.400000000000002,29.377499999999998,0.0
2015-05-18,54109.0,24240.0,93307.0,27.875,20.525,28.799999999999997,0.025
2015-05-19,45379.0,21575.0,70910.0,22.549999999999997,17.025,22.619999999999997,3.9000000000000004
2015-05-20,53421.0,21436.0,69405.0,19.7,14.45,27.2725,0.05
2015-05-21,56833.0,20244.0,66263.0,19.85,14.25,29.19,0.0
2015-05-22,59330.0,20344.0,62474.0,20.35,14.524999999999999,28.4925,0.0
2015-05-23,59548.0,19152.0,51725.0,21.349999999999998,15.424999999999999,25.98,0.0
2015-05-24,40884.0,18800.0,49040.0,21.2,15.95,22.715000000000003,0.25
2015-05-25,45127.0,20174.0,70564.0,22.45,16.825,23.19,0.0
2015-05-26,56732.0,18785.0,58338.0,24.375,17.674999999999997,29.1075,0.0
2015-05-27,61491.0,18277.0,69099.0,26.325,19.0,30.384999999999998,0.0
2015-05-28,59681.0,19067.0,75209.0,28.125,20.85,29.0525,0.0
2015-05-29,43200.0,18536.0,74301.0,27.25,20.4,27.0225,2.4
2015-05-30,50969.0,17727.0,56001.0,26.425,19.675,27.8925,0.85
2015-05-31,57195.0,17992.0,56500.0,26.425,20.225,27.462500000000002,0.325
2015-06-01,54315.0,19656.0,73820.0,26.725,20.625,26.46,0.5
2015-06-02,59386.0,20123.0,80376.0,28.65,22.35,27.2575,0.025
2015-06-03,58641.0,19442.0,73120.0,29.825,23.6,26.58,0.225
2015-06-04,62346.0,18633.0,65864.0,29.549999999999997,23.5,26.8175,0.375
2015-06-05,62043.0,18513.0,67439.0,29.8,23.174999999999997,28.5075,0.625
2015-06-06,55571.0,17081.0,59283.0,30.200000000000003,23.349999999999998,27.0075,2.85
2015-06-07,50940.0,16808.0,60209.0,30.125,23.65,28.035,1.125
2015-06-08,46875.0,17854.0,63149.0,29.599999999999998,23.225,26.685000000000002,0.9750000000000001
2015-06-09,41138.0,18388.0,63253.0,28.25,21.675,24.3075,4.625
2015-06-10,30595.0,18620.0,67540.0,23.45,19.224999999999998,19.1575,13.774999999999999
2015-06-11,20599.0,19647.0,73318.0,22.4,17.925,20.755,4.375
2015-06-12,32729.0,20799.0,64904.0,21.025,17.000000000000004,20.6525,0.45
2015-06-13,34706.0,20202.0,52133.0,19.95,15.9,22.249999999999996,5.125
2015-06-14,27446.0,20837.0,54250.0,18.875,14.875,20.4325,4.425
2015-06-15,25942.0,20211.0,59034.0,19.599999999999998,14.950000000000001,20.025,6.0
2015-06-16,52430.0,20337.0,44034.0,22.075,16.924999999999997,22.97,1.725
2015-06-17,62794.0,20378.0,43653.0,24.525000000000002,18.6,28.805000000000003,0.0
2015-06-18,64916.0,20182.0,44538.0,27.1,20.25,29.89,0.0
2015-06-19,64065.0,19731.0,41402.0,28.475,21.650000000000002,29.974999999999998,0.0
2015-06-20,64174.0,18778.0,46942.0,30.05,22.875,31.015,0.0
2015-06-21,56545.0,18413.0,46328.0,30.125,23.6,28.2725,0.125
2015-06-22,52413.0,19518.0,83133.0,29.275,23.025,27.652499999999996,1.525
2015-06-23,57157.0,19397.0,53403.0,26.25,20.875,25.1725,4.875
2015-06-24,59686.0,19307.0,55946.0,26.75,20.825,28.205,0.05
2015-06-25,61517.0,19431.0,67787.0,29.325,22.975,27.572499999999998,0.0
2015-06-26,63276.0,19051.0,69530.0,32.324999999999996,25.275000000000002,30.222500000000004,0.0
2015-06-27,62937.0,17997.0,68622.0,33.95,26.7,29.5275,0.0
2015-06-28,62428.0,17853.0,39971.0,35.225,27.8,30.54,0.0
2015-06-29,63784.0,18988.0,75174.0,34.875,27.849999999999998,29.58,0.0
2015-06-30,63834.0,18871.0,64925.0,33.35,27.125,29.89,0.0
2015-07-01,55267.0,17422.0,49728.0,32.325,25.725,28.82,0.05
2015-07-02,51920.0,16948.0,62121.0,30.9,24.900000000000002,28.945,0.0
2015-07-03,57810.0,17846.0,45146.0,32.5,26.0,30.265,0.0
2015-07-04,55467.0,16990.0,43465.0,33.575,26.825,29.9025,0.15
2015-07-05,54915.0,16306.0,38424.0,34.275,27.975,29.2025,0.025
2015-07-06,55757.0,17586.0,71612.0,35.95,28.925,29.439999999999998,0.0
2015-07-07,51535.0,16987.0,77680.0,35.55,29.125,29.11,0.0
2015-07-08,57031.0,16384.0,48119.0,33.875,26.924999999999997,29.154999999999998,0.0
2015-07-09,59530.0,15977.0,53073.0,33.35,25.75,30.402500000000003,0.0
2015-07-10,61058.0,15579.0,52231.0,32.699999999999996,26.174999999999997,30.525000000000002,0.0
2015-07-11,62440.0,14307.0,40586.0,32.699999999999996,26.075,29.425,0.0
2015-07-12,63411.0,14353.0,35017.0,33.6,26.625,28.8475,0.0
2015-07-13,62267.0,15865.0,55672.0,34.574999999999996,27.25,29.950000000000003,0.0
2015-07-14,61489.0,15393.0,59698.0,35.275,27.8,30.209999999999997,0.0
2015-07-15,57562.0,15100.0,62229.0,35.625,28.05,28.395000000000003,0.15
2015-07-16,49856.0,15248.0,50114.0,35.225,28.675,27.9525,0.0
2015-07-17,31067.0,15384.0,60877.0,34.25,27.9,24.6375,0.55
2015-07-18,48932.0,14072.0,38299.0,31.9,26.5,27.0975,0.825
2015-07-19,54238.0,13965.0,34808.0,31.025,25.724999999999998,25.08,0.0
2015-07-20,58620.0,15183.0,67842.0,32.949999999999996,26.9,27.0925,0.225
2015-07-21,57969.0,15205.0,56084.0,33.275,27.0,25.875,3.1
2015-07-22,59039.0,15520.0,47658.0,32.625,26.549999999999997,26.3075,1.1500000000000001
2015-07-23,59690.0,15744.0,60077.0,32.625,26.425,27.635,0.125
2015-07-24,59751.0,14946.0,36630.0,30.474999999999998,25.424999999999997,26.595,0.2
2015-07-25,61112.0,14127.0,31121.0,30.2,24.025000000000002,27.91,0.0
2015-07-26,60015.0,14026.0,27160.0,32.4,25.550000000000004,28.630000000000003,0.0
2015-07-27,60955.0,14772.0,46929.0,33.275000000000006,26.325000000000003,28.2825,0.0
2015-07-28,59618.0,15028.0,54332.0,33.725,26.65,28.564999999999998,0.0
2015-07-29,57233.0,14883.0,56680.0,32.65,26.3,26.662499999999998,0.05
2015-07-30,55046.0,14976.0,34881.0,28.900000000000002,23.724999999999998,22.695,5.824999999999999
2015-07-31,45654.0,16017.0,38317.0,26.949999999999996,22.175,21.1325,2.65
2015-08-01,55232.0,15953.0,36855.0,28.150000000000002,22.325000000000003,25.6675,1.85
2015-08-02,56616.0,15165.0,34065.0,32.35,25.15,28.1325,0.0
2015-08-03,39034.0,15749.0,48310.0,32.875,26.150000000000002,25.35,0.65
2015-08-04,51664.0,15950.0,59591.0,31.725,25.55,26.38,0.275
2015-08-05,54807.0,15810.0,62920.0,33.0,26.475,27.457500000000003,0.0
2015-08-06,42198.0,15686.0,61660.0,34.15,27.2,27.4275,0.1
2015-08-07,26611.0,15464.0,60051.0,33.475,27.15,25.805,0.0
2015-08-08,18356.0,15188.0,43653.0,28.3,24.025000000000002,16.7275,7.2749999999999995
2015-08-09,28564.0,15071.0,31321.0,30.275,23.95,22.63,0.175
2015-08-10,40747.0,14709.0,45268.0,32.224999999999994,25.424999999999997,25.375,0.35
2015-08-11,39033.0,14475.0,46492.0,31.350000000000005,25.224999999999998,25.215,0.1
2015-08-12,32566.0,13985.0,38624.0,31.45,24.925,24.125,0.375
2015-08-13,50033.0,13472.0,25841.0,25.7,21.424999999999997,23.01,0.075
2015-08-14,51495.0,14030.0,30278.0,25.2,19.775,22.130000000000003,2.3
2015-08-15,47830.0,13667.0,29058.0,25.25,20.075000000000003,20.79,1.975
2015-08-16,48225.0,13689.0,29907.0,25.974999999999998,20.925,19.177500000000002,0.025
2015-08-17,50078.0,14807.0,35938.0,26.825000000000003,21.775,21.310000000000002,4.225
2015-08-18,53071.0,15079.0,26151.0,27.400000000000002,21.45,24.3,2.325
2015-08-19,52386.0,15238.0,47032.0,29.05,22.25,25.4675,0.0
2015-08-20,52971.0,14752.0,52091.0,31.375,24.575,24.6975,0.0
2015-08-21,43156.0,14779.0,50214.0,30.849999999999998,24.825,22.345,0.39999999999999997
2015-08-22,43767.0,14222.0,26179.0,27.175,22.35,19.9025,2.875
2015-08-23,42823.0,13367.0,27918.0,23.974999999999998,19.6,20.757499999999997,0.275
2015-08-24,40446.0,14413.0,34141.0,23.474999999999998,18.775,20.845,0.1
2015-08-25,54249.0,14468.0,37236.0,27.85,20.85,25.104999999999997,0.0
2015-08-26,53494.0,13963.0,29887.0,29.125,22.725,25.01,0.0
2015-08-27,51049.0,14423.0,38697.0,29.575000000000003,23.5,23.310000000000002,0.0
2015-08-28,52820.0,14547.0,55571.0,32.324999999999996,25.1,24.699999999999996,0.0
2015-08-29,41919.0,13374.0,26607.0,33.175000000000004,26.3,23.6725,0.0
2015-08-30,31811.0,13295.0,29320.0,33.1,26.05,22.427500000000002,1.5499999999999998
2015-08-31,22605.0,13871.0,62751.0,27.9,22.775000000000002,18.1575,5.05
2015-09-01,39061.0,14616.0,48603.0,26.375,21.3,20.22,0.025
2015-09-02,40772.0,14625.0,41963.0,26.0,20.1,18.412499999999998,1.55
2015-09-03,37909.0,14892.0,36293.0,22.45,18.174999999999997,17.332500000000003,4.15
2015-09-04,33641.0,14726.0,35880.0,22.7,17.6,19.3425,1.825
2015-09-05,22836.0,14393.0,38022.0,23.425,17.599999999999998,18.9,0.15
2015-09-06,31806.0,13706.0,25703.0,24.325,18.425,20.450000000000003,0.0
2015-09-07,28251.0,14034.0,48780.0,24.275,18.599999999999998,19.5775,3.5999999999999996
2015-09-08,44344.0,14079.0,48269.0,24.925,19.25,19.490000000000002,0.0
2015-09-09,39710.0,13770.0,51699.0,26.174999999999997,20.25,19.4225,0.0
2015-09-10,41360.0,13671.0,51784.0,25.725,20.075,19.355,5.0
2015-09-11,45292.0,12985.0,32770.0,26.25,20.0,20.32,0.15
2015-09-12,30266.0,13647.0,33103.0,25.125,19.9,16.54,4.975
2015-09-13,40579.0,13902.0,26148.0,21.999999999999996,17.900000000000002,16.6225,0.7
2015-09-14,37744.0,14627.0,42943.0,21.974999999999998,17.225,20.48,0.0
2015-09-15,27203.0,15288.0,33849.0,20.200000000000003,15.95,13.89,2.85
2015-09-16,19382.0,16860.0,28254.0,19.75,16.85,9.575000000000001,5.975
2015-09-17,44060.0,17910.0,37020.0,20.025,15.049999999999999,19.6575,4.2
2015-09-18,50156.0,17141.0,45311.0,22.275,15.95,20.987499999999997,0.075
2015-09-19,50767.0,15688.0,34829.0,24.45,17.400000000000002,20.6725,0.0
2015-09-20,51664.0,14999.0,36076.0,25.925000000000004,18.825,20.7225,0.0
2015-09-21,43306.0,15139.0,45790.0,27.174999999999997,20.075,20.5425,0.0
2015-09-22,49746.0,14007.0,38540.0,25.549999999999997,18.950000000000003,20.3675,0.0
2015-09-23,47858.0,13697.0,40705.0,23.549999999999997,17.525,19.357499999999998,0.0
2015-09-24,47609.0,13998.0,56981.0,24.575,17.875,19.2975,0.0
2015-09-25,43614.0,14084.0,48959.0,26.05,18.85,19.66,0.0
2015-09-26,37393.0,12836.0,38403.0,25.9,19.15,17.965,0.22499999999999998
2015-09-27,40962.0,12492.0,31841.0,25.475,18.95,18.75,1.1
2015-09-28,33290.0,11872.0,47325.0,24.125,17.575,17.125,0.5249999999999999
2015-09-29,24932.0,12537.0,61235.0,22.075,16.75,16.51,1.875
2015-09-30,39107.0,12060.0,63784.0,21.325,16.375,14.665,0.8
2015-10-01,43800.0,11487.0,60783.0,23.275,17.224999999999998,17.015,2.775
2015-10-02,40403.0,12276.0,49971.0,22.675,16.975,17.175,0.42500000000000004
2015-10-03,15905.0,12089.0,43210.0,21.6,16.5,14.09,2.1
2015-10-04,12112.0,11945.0,21850.0,21.224999999999998,17.450000000000003,8.055,2.7
2015-10-05,9845.0,15552.0,28557.0,20.75,17.75,8.995000000000001,7.3
2015-10-06,23464.0,17402.0,36161.0,19.725,16.325,13.5,0.9
2015-10-07,34367.0,16208.0,66534.0,19.525,14.825000000000001,15.805,0.0
2015-10-08,36381.0,14420.0,62819.0,19.400000000000002,14.5,14.512500000000001,0.0
2015-10-09,31735.0,14042.0,60659.0,20.525,14.425,16.14,0.1
2015-10-10,20553.0,13766.0,33936.0,19.525,14.525,12.379999999999999,1.65
2015-10-11,14039.0,13036.0,30502.0,19.55,15.724999999999998,10.627500000000001,3.325
2015-10-12,16760.0,14030.0,32996.0,18.95,15.424999999999999,9.635,6.949999999999999
2015-10-13,16270.0,14459.0,39624.0,17.675,13.775000000000002,10.215,3.4749999999999996
2015-10-14,34841.0,13094.0,34557.0,16.775000000000002,12.225,15.104999999999999,0.125
2015-10-15,40558.0,13107.0,61368.0,17.7,11.7,15.395,0.0
2015-10-16,25436.0,12762.0,73019.0,19.249999999999996,13.025,13.495,0.05
2015-10-17,14461.0,12017.0,29706.0,20.599999999999998,14.5,10.6625,3.0
2015-10-18,8763.0,11821.0,43076.0,17.075,14.350000000000001,4.79,15.6
2015-10-19,12143.0,12828.0,71132.0,18.025,14.7,7.157500000000001,8.65
2015-10-20,12125.0,14038.0,27267.0,18.175,14.075,11.4675,1.5499999999999998
2015-10-21,31284.0,13559.0,33690.0,15.85,11.525,14.2725,0.025
2015-10-22,40303.0,13056.0,38767.0,17.475,11.674999999999999,13.9775,0.0
2015-10-23,18671.0,12921.0,78485.0,20.325,14.075,13.125,0.0
2015-10-24,8731.0,12277.0,51051.0,18.675,14.825,8.645,0.95
2015-10-25,16325.0,11988.0,27033.0,18.974999999999998,14.500000000000002,11.067499999999999,0.25
2015-10-26,9647.0,11975.0,40527.0,14.975000000000001,13.000000000000002,4.3275,9.899999999999999
2015-10-27,16218.0,13744.0,37909.0,14.675,12.549999999999999,8.53,6.2
2015-10-28,16327.0,16017.0,31496.0,14.1,11.174999999999999,8.9625,2.3
2015-10-29,28349.0,18125.0,48003.0,17.65,12.75,10.492500000000001,0.0
2015-10-30,31246.0,18333.0,39669.0,19.425,13.675,12.025,0.0
2015-10-31,16020.0,17083.0,41918.0,18.575,13.875000000000002,10.0325,0.225
2015-11-01,15098.0,15413.0,23149.0,18.55,13.725000000000001,11.3925,1.6749999999999998
2015-11-02,6397.0,15881.0,45559.0,12.899999999999999,11.225,5.24,25.3
2015-11-03,10545.0,17779.0,44213.0,14.524999999999999,11.625,7.220000000000001,6.65
2015-11-04,14392.0,18488.0,53921.0,16.125,12.649999999999999,7.6274999999999995,1.2750000000000001
2015-11-05,16887.0,18390.0,55917.0,17.825000000000003,13.774999999999999,8.8025,0.1
2015-11-06,32149.0,19193.0,56069.0,20.525000000000002,14.649999999999999,10.8525,0.0
2015-11-07,33796.0,16964.0,39294.0,20.550000000000004,14.45,11.254999999999999,0.0
2015-11-08,31069.0,15795.0,37959.0,20.525,14.049999999999999,12.149999999999999,0.0
2015-11-09,31191.0,17486.0,69563.0,20.275000000000002,13.174999999999999,12.11,0.0
2015-11-10,30961.0,17936.0,73010.0,19.975,12.825,11.695,0.0
2015-11-11,30815.0,17923.0,80440.0,18.75,12.099999999999998,11.334999999999999,0.0
2015-11-12,28484.0,17431.0,76702.0,17.975,11.775,11.024999999999999,0.0
2015-11-13,27315.0,16444.0,63721.0,17.2,10.975,10.947500000000002,0.0
2015-11-14,27787.0,13973.0,40262.0,16.825,10.700000000000001,10.662500000000001,0.0
2015-11-15,26071.0,13314.0,46152.0,16.55,10.425,10.510000000000002,0.0
2015-11-16,25727.0,15514.0,65654.0,15.85,10.000000000000002,10.254999999999999,0.0
2015-11-17,24327.0,14933.0,64759.0,15.75,9.375,10.05,0.0
2015-11-18,25544.0,15131.0,81165.0,16.325,9.75,9.64,0.0
2015-11-19,24717.0,14503.0,70667.0,16.825,10.45,9.4375,0.0
2015-11-20,21440.0,14525.0,36841.0,18.175,11.225000000000001,9.889999999999999,0.0
2015-11-21,14415.0,14713.0,32992.0,12.249999999999998,8.524999999999999,7.597500000000001,3.675
2015-11-22,20265.0,16873.0,34976.0,8.325,4.374999999999999,9.0975,0.7
2015-11-23,27746.0,18936.0,81421.0,7.2250000000000005,3.025,10.647499999999999,0.0
2015-11-24,25119.0,18225.0,70601.0,9.625,3.725,9.510000000000002,0.125
2015-11-25,20814.0,18402.0,33424.0,12.05,7.225,7.260000000000001,7.0
2015-11-26,25309.0,19324.0,27176.0,12.525,7.775,9.0125,4.475
2015-11-27,26728.0,20130.0,46291.0,13.0,8.325000000000001,9.040000000000001,0.0
2015-11-28,27348.0,18731.0,28923.0,12.025,7.000000000000001,8.6175,0.175
2015-11-29,29453.0,18149.0,34335.0,12.599999999999998,5.675,10.1525,0.0
2015-11-30,28050.0,19272.0,68512.0,13.25,5.700000000000001,10.182500000000001,0.0
2015-12-01,21301.0,19574.0,76161.0,13.425,6.1000000000000005,10.0225,0.05
2015-12-02,16658.0,18593.0,63385.0,14.475000000000001,8.25,9.092500000000001,0.0
2015-12-03,24080.0,16047.0,31120.0,15.499999999999998,8.075000000000001,9.565000000000001,0.0
2015-12-04,21542.0,17359.0,58145.0,15.425,8.6,8.5375,0.0
2015-12-05,21747.0,16009.0,28501.0,15.025,8.675,9.15,0.0
2015-12-06,19101.0,13807.0,15601.0,13.45,7.9,8.765,0.0
2015-12-07,6757.0,13791.0,17301.0,11.924999999999999,7.65,5.7524999999999995,0.0
2015-12-08,9360.0,15465.0,37330.0,14.174999999999999,8.85,7.6,0.925
2015-12-09,10558.0,16599.0,52987.0,13.775000000000002,8.825000000000001,7.24,0.25
2015-12-10,11505.0,16282.0,52415.0,13.0,7.725,7.897500000000001,0.0
2015-12-11,11617.0,16005.0,48061.0,11.65,6.8,7.5875,0.0
2015-12-12,10644.0,15268.0,38580.0,11.025,6.6,7.032500000000001,0.175
2015-12-13,8211.0,12841.0,17526.0,11.700000000000001,7.175000000000001,5.715,0.675
2015-12-14,7254.0,14198.0,33981.0,13.65,9.049999999999999,6.2025,0.9249999999999999
2015-12-15,15112.0,15869.0,36248.0,15.749999999999998,9.8,8.232500000000002,0.175
2015-12-16,14904.0,15827.0,40647.0,17.175,10.250000000000002,8.0625,0.05
2015-12-17,12568.0,16078.0,44012.0,16.45,10.225,7.3875,0.0
2015-12-18,14787.0,16703.0,48225.0,16.6,10.425,7.427499999999999,0.05
2015-12-19,20738.0,13735.0,21689.0,16.55,10.15,9.057500000000001,0.0
2015-12-20,11929.0,14106.0,28558.0,14.075,9.825000000000001,6.032500000000001,1.375
2015-12-21,17082.0,15619.0,52450.0,12.4,7.625,7.2749999999999995,0.0
2015-12-22,18197.0,15511.0,42704.0,13.5,7.300000000000001,8.344999999999999,0.0
2015-12-23,13500.0,16670.0,59720.0,12.799999999999999,7.0249999999999995,7.922499999999999,0.3
2015-12-24,12708.0,15716.0,26697.0,12.425,7.575,6.935,0.0
2015-12-25,18020.0,12713.0,18134.0,13.2,6.95,8.6075,0.0
2015-12-26,15918.0,12708.0,29467.0,13.249999999999998,6.975,8.355,0.0
2015-12-27,14004.0,12523.0,25948.0,14.625,7.949999999999999,8.695,0.0
2015-12-28,9209.0,15252.0,34473.0,13.1,8.65,5.702500000000001,4.824999999999999
2015-12-29,13148.0,17223.0,52880.0,11.3,8.4,6.640000000000001,0.7750000000000001
2015-12-30,14559.0,16273.0,28917.0,12.599999999999998,7.725,7.175,0.175
2015-12-31,6306.0,17585.0,48995.0,10.875,8.75,2.38,0.625
2016-01-01,8902.0,15392.0,24330.0,12.000000000000002,9.200000000000001,3.465,2.725
2016-01-02,13048.0,15694.0,42614.0,9.724999999999998,7.525,5.5875,1.325
2016-01-03,4394.0,15334.0,31057.0,10.675,7.800000000000001,3.2175000000000002,2.2
2016-01-04,4351.0,20697.0,70381.0,11.85,9.774999999999999,3.525,11.825
2016-01-05,13335.0,23521.0,72181.0,8.375,5.2749999999999995,7.290000000000001,2.7
2016-01-06,9750.0,22575.0,59675.0,8.425,4.175,4.7875,1.775
2016-01-07,6845.0,22595.0,72901.0,11.475,9.325000000000001,3.2824999999999998,0.625
2016-01-08,9817.0,25396.0,88529.0,11.85,10.15,3.8675,4.2250000000000005
2016-01-09,12552.0,25593.0,74763.0,10.525,8.924999999999999,7.017499999999999,4.5
2016-01-10,7572.0,25311.0,80828.0,11.0,9.4,3.645,12.6
2016-01-11,8932.0,27492.0,109577.0,10.0,7.924999999999999,6.6925,5.975
2016-01-12,20519.0,27816.0,137886.0,8.475,4.45,8.7475,0.0
2016-01-13,18486.0,26820.0,138569.0,10.025,4.5249999999999995,8.0975,0.175
2016-01-14,6089.0,27631.0,137847.0,10.475,6.575,5.164999999999999,1.875
2016-01-15,13036.0,28507.0,125156.0,8.25,5.5,7.8475,0.7000000000000001
2016-01-16,28088.0,27587.0,117267.0,5.925000000000001,1.9749999999999996,10.615,0.325
2016-01-17,13773.0,26535.0,118403.0,7.975,2.4000000000000004,8.55,0.9500000000000001
2016-01-18,13645.0,27094.0,129235.0,8.675,4.775,6.265,1.8250000000000002
2016-01-19,11264.0,28084.0,137753.0,7.825,3.625000000000001,6.8774999999999995,0.3
2016-01-20,11144.0,27946.0,127514.0,8.850000000000001,4.9,5.255000000000001,1.15
2016-01-21,10652.0,27659.0,116175.0,10.35,5.824999999999999,5.4125,1.1
2016-01-22,9171.0,27323.0,114663.0,12.925,8.649999999999999,6.03,0.8500000000000001
2016-01-23,15414.0,26306.0,89043.0,15.075,10.075,8.657499999999999,0.075
2016-01-24,21537.0,25278.0,71974.0,15.549999999999999,9.725,10.36,0.0
2016-01-25,12813.0,25718.0,104139.0,15.5,9.85,9.69,0.425
2016-01-26,10695.0,25322.0,111469.0,12.5,8.25,7.3425,1.3
2016-01-27,12972.0,24777.0,103430.0,12.375,7.2749999999999995,8.5925,0.175
2016-01-28,9294.0,25878.0,113127.0,10.15,6.875,5.4750000000000005,3.6
2016-01-29,9522.0,25303.0,104592.0,10.575000000000001,7.075000000000001,7.862500000000001,1.6749999999999998
2016-01-30,20898.0,21863.0,79363.0,11.775,6.325,10.595,0.0
2016-01-31,21972.0,22526.0,65065.0,13.474999999999998,7.949999999999999,9.7325,0.0
2016-02-01,28236.0,23951.0,111989.0,14.575,8.899999999999999,10.6075,0.0
2016-02-02,17105.0,23749.0,115932.0,14.525,8.25,10.225,0.0
2016-02-03,16179.0,22953.0,80076.0,11.825,7.375,10.490000000000002,0.075
2016-02-04,29645.0,21443.0,108949.0,11.225000000000001,5.825,12.74,0.0
2016-02-05,18285.0,22604.0,116773.0,12.950000000000001,6.7250000000000005,11.775,0.0
2016-02-06,12762.0,19166.0,75538.0,11.65,7.825,8.41,2.7750000000000004
2016-02-07,20387.0,19990.0,55002.0,8.95,6.699999999999999,10.299999999999999,5.2
2016-02-08,12459.0,23673.0,76113.0,11.075,6.725,7.987500000000001,0.025
2016-02-09,8548.0,25041.0,88637.0,10.675,8.225000000000001,4.7275,3.4
2016-02-10,6532.0,26840.0,93018.0,11.225,8.975000000000001,4.38,1.275
2016-02-11,10516.0,29249.0,105739.0,12.25,9.725,7.0,3.3750000000000004
2016-02-12,5065.0,29825.0,113109.0,11.075,9.275,2.7025,7.125
2016-02-13,7238.0,29586.0,114297.0,12.075000000000001,10.325000000000001,5.395,4.125
2016-02-14,11296.0,27242.0,121123.0,9.075000000000001,6.3,11.7925,3.3499999999999996
2016-02-15,21725.0,27688.0,141355.0,7.1,4.15,13.120000000000001,0.475
2016-02-16,38014.0,27886.0,154797.0,5.975,2.075,14.35,0.175
2016-02-17,36148.0,28709.0,151968.0,7.300000000000001,1.5000000000000002,14.842500000000001,0.775
2016-02-18,12469.0,29157.0,160531.0,7.35,3.625,9.340000000000002,2.25
2016-02-19,25388.0,29940.0,148772.0,9.025,3.75,13.572500000000002,0.0
2016-02-20,36666.0,28558.0,137688.0,12.75,6.025,15.7375,0.0
2016-02-21,22355.0,27944.0,134522.0,14.875,8.175,16.080000000000002,0.0
2016-02-22,25996.0,29924.0,142471.0,14.05,7.675000000000001,13.827499999999999,2.95
2016-02-23,32085.0,29449.0,136528.0,12.575,7.175,15.342500000000001,0.0
2016-02-24,17858.0,29925.0,154535.0,10.9,6.5,12.489999999999998,2.6
2016-02-25,21226.0,34087.0,154879.0,10.175,6.825,10.475,0.6000000000000001
2016-02-26,8090.0,38156.0,156283.0,8.25,5.0,6.795,6.3500000000000005
2016-02-27,15822.0,36718.0,129969.0,6.875,3.6,13.342500000000001,6.45
2016-02-28,22508.0,34900.0,107545.0,9.450000000000001,5.025,13.2525,0.22499999999999998
2016-02-29,36442.0,35406.0,143694.0,10.275,5.425,15.682500000000001,0.0
2016-03-01,45567.0,35387.0,155398.0,12.675,5.875000000000001,17.2775,0.0
2016-03-02,41873.0,35516.0,138884.0,14.25,7.8500000000000005,14.72,0.45
2016-03-03,45033.0,36694.0,147983.0,12.525,7.025,17.0725,0.525
2016-03-04,31237.0,37759.0,145457.0,11.999999999999998,6.775,13.2825,2.575
2016-03-05,34168.0,34372.0,105105.0,8.875000000000002,5.025,16.009999999999998,1.275
2016-03-06,38211.0,35022.0,106532.0,8.799999999999999,4.275,16.865,0.025
2016-03-07,18924.0,37253.0,142229.0,9.175,4.7749999999999995,13.08,2.55
2016-03-08,38430.0,37721.0,153345.0,9.000000000000002,4.65,15.99,0.025
2016-03-09,15435.0,37307.0,130293.0,10.274999999999999,4.675,11.044999999999998,2.125
2016-03-10,35960.0,36953.0,128862.0,10.25,5.3999999999999995,17.3275,0.175
2016-03-11,47856.0,35560.0,137268.0,10.025,5.4,17.759999999999998,0.0
2016-03-12,51764.0,33231.0,113321.0,11.1,5.075,19.442500000000003,0.0
2016-03-13,51401.0,32599.0,91863.0,12.25,5.874999999999999,20.384999999999998,0.625
2016-03-14,38601.0,34870.0,142026.0,11.75,6.45,17.3775,2.25
2016-03-15,20123.0,34515.0,150003.0,12.3,6.825,15.7975,0.42500000000000004
2016-03-16,31831.0,32493.0,115095.0,13.225,7.65,18.412499999999998,0.275
2016-03-17,32382.0,32932.0,140916.0,12.85,7.4,17.9225,0.4
2016-03-18,15080.0,33439.0,139817.0,11.75,7.324999999999999,14.739999999999998,1.5499999999999998
2016-03-19,17876.0,31999.0,109126.0,11.075,7.675000000000001,13.565,7.0
2016-03-20,23318.0,33055.0,92297.0,11.875,7.275,16.825,3.175
2016-03-21,16213.0,34384.0,113114.0,11.9,6.925,16.052500000000002,4.2749999999999995
2016-03-22,17578.0,35848.0,114449.0,11.3,7.125,14.3575,0.875
2016-03-23,30482.0,34390.0,98420.0,12.1,7.175,18.315,0.025
2016-03-24,52678.0,33064.0,113388.0,14.875,8.125,22.735,0.0
2016-03-25,37176.0,33125.0,86763.0,15.15,9.325000000000001,16.8625,0.25
2016-03-26,28202.0,34885.0,65914.0,15.2,10.05,16.49,0.775
2016-03-27,34671.0,33805.0,62103.0,13.375,9.825000000000001,18.875,0.7250000000000001
2016-03-28,26538.0,40047.0,77419.0,13.549999999999999,9.125,13.875,0.6
2016-03-29,42854.0,41814.0,94522.0,15.924999999999999,10.7,17.745,0.2
2016-03-30,48243.0,43068.0,101938.0,17.85,11.65,21.7375,0.0
2016-03-31,32961.0,43661.0,100690.0,12.149999999999999,8.375,16.3275,3.475
2016-04-01,51997.0,42767.0,138273.0,12.100000000000001,7.075,22.465,0.1
2016-04-02,45288.0,41820.0,130832.0,14.775000000000002,8.85,18.142500000000002,0.0
2016-04-03,23000.0,40161.0,107412.0,13.375,9.299999999999999,15.5825,2.35
2016-04-04,6964.0,42776.0,145999.0,9.45,7.874999999999999,4.9875,20.125
2016-04-05,30378.0,44025.0,130353.0,13.075,8.825000000000001,16.44,5.800000000000001
2016-04-06,48770.0,42902.0,139961.0,15.375,9.8,22.762500000000003,0.0
2016-04-07,55263.0,42789.0,133907.0,16.425,10.15,23.612500000000004,0.0
2016-04-08,52965.0,42132.0,143348.0,12.500000000000002,8.025,23.872500000000002,0.35
2016-04-09,55891.0,39921.0,149086.0,14.525,8.925,21.002499999999998,0.2
2016-04-10,24119.0,39542.0,115303.0,11.025,8.299999999999999,13.600000000000001,4.425
2016-04-11,22944.0,42044.0,147422.0,11.850000000000001,8.25,18.9925,5.825
2016-04-12,22730.0,41899.0,158760.0,12.2,9.1,15.752499999999998,4.25
2016-04-13,32132.0,42097.0,141401.0,13.975,9.725000000000001,19.659999999999997,0.525
2016-04-14,44945.0,43059.0,125846.0,16.05,11.0,19.372500000000002,3.975
2016-04-15,35858.0,45333.0,137100.0,16.325000000000003,11.825000000000001,18.2425,3.125
2016-04-16,20756.0,44619.0,127855.0,15.075,11.674999999999999,15.792499999999999,8.174999999999999
2016-04-17,34825.0,44107.0,141022.0,15.3,10.925,22.082500000000003,0.75
2016-04-18,42564.0,44178.0,167186.0,19.15,12.125,22.945,0.0
2016-04-19,13860.0,43506.0,166652.0,16.299999999999997,12.299999999999999,12.52,13.05
2016-04-20,12681.0,45088.0,169147.0,14.925,11.399999999999999,15.540000000000001,13.725
2016-04-21,31708.0,45416.0,163984.0,14.925,10.749999999999998,16.145,3.4499999999999997
2016-04-22,24374.0,44969.0,171014.0,15.675,11.475,17.5575,1.25
2016-04-23,26102.0,43539.0,150139.0,15.850000000000001,11.350000000000001,16.445,2.75
2016-04-24,50450.0,40273.0,139065.0,15.924999999999999,11.0,24.1575,0.0
2016-04-25,60552.0,40314.0,157090.0,17.7,11.65,27.5475,0.0
2016-04-26,59381.0,41931.0,160427.0,19.549999999999997,13.15,26.6175,0.15
2016-04-27,38462.0,41762.0,167485.0,18.175,12.899999999999999,21.8775,0.7
2016-04-28,37733.0,41511.0,159781.0,15.2,11.55,17.564999999999998,4.949999999999999
2016-04-29,22394.0,38978.0,146624.0,17.0,11.725000000000001,20.2825,0.5750000000000001
2016-04-30,47820.0,35683.0,118475.0,16.849999999999998,11.999999999999998,25.525,0.75
2016-05-01,62266.0,33507.0,103207.0,15.125000000000002,10.075,28.455,0.15
2016-05-02,64855.0,34450.0,122027.0,19.025000000000002,11.975000000000001,29.1625,0.0
2016-05-03,64755.0,34401.0,134675.0,22.750000000000004,14.8,28.705,0.0
2016-05-04,41100.0,35814.0,145690.0,24.175000000000004,16.4,25.947499999999998,0.1
2016-05-05,14924.0,35988.0,143411.0,19.825,15.524999999999999,17.0125,2.125
2016-05-06,14917.0,37533.0,141128.0,15.975000000000001,12.7,13.445,7.4750000000000005
2016-05-07,14346.0,37743.0,117503.0,15.474999999999998,12.3,14.034999999999998,2.3000000000000003
2016-05-08,10259.0,36776.0,88975.0,15.025000000000002,11.8,12.7775,18.5
2016-05-09,15961.0,40326.0,146554.0,14.65,11.55,13.94,15.225
2016-05-10,11759.0,42932.0,156069.0,14.75,10.65,13.6375,8.725
2016-05-11,22638.0,43966.0,171079.0,14.325000000000001,10.45,16.85,8.375
2016-05-12,20286.0,43278.0,182256.0,14.024999999999999,10.125,17.6025,6.800000000000001
2016-05-13,25639.0,43366.0,174775.0,15.725000000000001,11.149999999999999,20.3325,1.675
2016-05-14,35149.0,43332.0,162604.0,16.650000000000002,12.3,18.4,0.75
2016-05-15,40811.0,42184.0,156519.0,18.650000000000002,13.75,22.2925,0.2
2016-05-16,52491.0,42016.0,153224.0,20.575,14.65,26.1675,0.1
2016-05-17,46862.0,41705.0,153805.0,21.275,16.025,23.4325,0.0
2016-05-18,52246.0,39601.0,149540.0,21.375,16.35,24.96,1.375
2016-05-19,60646.0,39003.0,147092.0,21.75,15.975000000000001,26.979999999999997,0.0
2016-05-20,63655.0,40560.0,155781.0,24.95,18.125,28.365000000000002,0.075
2016-05-21,56845.0,39036.0,132162.0,24.400000000000002,18.525,26.939999999999998,0.175
2016-05-22,44001.0,38004.0,115782.0,19.425,15.274999999999999,24.332499999999996,3.375
2016-05-23,47716.0,38913.0,142016.0,21.125,14.625000000000002,27.009999999999998,0.075
2016-05-24,45465.0,37936.0,125978.0,21.7,16.25,25.205,0.275
2016-05-25,37344.0,37291.0,130022.0,20.174999999999997,15.975000000000001,23.34,0.225
2016-05-26,45685.0,36974.0,135947.0,21.65,16.675,25.365000000000002,0.025
2016-05-27,51808.0,36153.0,120118.0,22.35,17.175,26.9875,0.0
2016-05-28,32864.0,36446.0,77507.0,19.0,14.999999999999998,21.6025,4.1
2016-05-29,36755.0,37675.0,57643.0,18.125,13.774999999999999,20.927500000000002,3.4000000000000004
2016-05-30,49890.0,38149.0,90361.0,19.325,14.100000000000001,23.91,2.3
2016-05-31,59236.0,36134.0,76436.0,21.55,15.774999999999999,27.2925,0.475
2016-06-01,65545.0,36041.0,82796.0,23.925,17.125,30.567500000000003,0.0
2016-06-02,56773.0,35036.0,115758.0,25.425,18.75,27.515,0.0
2016-06-03,51749.0,34839.0,112635.0,24.6,19.025000000000002,26.1,1.075
2016-06-04,53649.0,33153.0,69658.0,23.575,17.85,26.1775,2.45
2016-06-05,55742.0,31892.0,63535.0,25.200000000000003,19.075,26.69,1.825
2016-06-06,55600.0,32455.0,91769.0,25.8,20.299999999999997,26.2,1.925
2016-06-07,60429.0,31753.0,76990.0,28.825000000000003,21.9,28.8975,0.3
2016-06-08,60022.0,31763.0,80628.0,30.375,23.45,29.235000000000003,0.3
2016-06-09,52649.0,30799.0,88280.0,30.925,24.025000000000002,28.192500000000003,0.0
2016-06-10,50243.0,30194.0,74229.0,26.424999999999997,21.725,26.775000000000002,1.375
2016-06-11,57305.0,29554.0,59187.0,25.5,20.4,27.1575,1.575
2016-06-12,56595.0,28417.0,47901.0,27.75,21.4,26.6475,0.0
2016-06-13,60613.0,29362.0,62043.0,27.35,21.9,26.2325,0.325
2016-06-14,60332.0,29651.0,56937.0,24.324999999999996,19.4,24.950000000000003,0.0
2016-06-15,43158.0,30392.0,64376.0,19.075000000000003,15.899999999999999,22.0225,1.4
2016-06-16,33984.0,31260.0,71581.0,19.0,14.45,22.4725,1.5750000000000002
2016-06-17,53135.0,31329.0,79510.0,20.95,15.8,26.98,1.2
2016-06-18,59022.0,28275.0,46478.0,22.375,17.150000000000002,27.2075,1.5
2016-06-19,63798.0,26069.0,43306.0,24.425,18.4,29.65,0.0
2016-06-20,63927.0,27766.0,77528.0,28.625,21.525000000000002,29.745,0.0
2016-06-21,63819.0,27395.0,73979.0,30.874999999999996,24.0,28.802500000000002,0.025
2016-06-22,64115.0,26782.0,64246.0,32.025,25.15,30.389999999999997,0.075
2016-06-23,62229.0,28290.0,81715.0,30.325000000000003,24.125,29.96,0.025
2016-06-24,57840.0,27594.0,75549.0,30.224999999999998,24.075,28.4875,0.1
2016-06-25,57570.0,25561.0,47981.0,28.424999999999997,22.225,28.057499999999997,0.25
2016-06-26,55216.0,24186.0,40287.0,26.799999999999997,20.85,28.067500000000003,2.475
2016-06-27,55372.0,26248.0,77560.0,30.075000000000003,22.55,29.1025,0.0
2016-06-28,30573.0,27111.0,100238.0,31.999999999999996,24.624999999999996,27.4925,0.125
2016-06-29,47231.0,25184.0,65680.0,29.925,24.05,27.2975,2.2
2016-06-30,54868.0,25021.0,69601.0,29.099999999999998,23.25,27.775,2.9
2016-07-01,59260.0,24637.0,63379.0,29.875,23.725,28.53,1.1
2016-07-02,59026.0,22831.0,44096.0,30.799999999999997,24.35,27.764999999999997,0.675
2016-07-03,56494.0,22121.0,30182.0,32.9,25.4,28.440000000000005,0.44999999999999996
2016-07-04,51646.0,22385.0,55508.0,30.6,24.425,26.9025,1.75
2016-07-05,51780.0,22696.0,59880.0,29.85,23.950000000000003,25.479999999999997,5.25
2016-07-06,46674.0,22491.0,69496.0,30.65,24.45,25.8425,0.5
2016-07-07,19895.0,23414.0,81061.0,30.175,23.9,22.0675,1.025
2016-07-08,50357.0,22776.0,76771.0,31.025000000000002,24.950000000000003,26.32,1.175
2016-07-09,57119.0,21160.0,72910.0,33.6,26.700000000000003,28.277499999999996,0.0
2016-07-10,56004.0,19215.0,45050.0,33.6,27.525,27.53,0.05
2016-07-11,55734.0,21776.0,76188.0,32.4,26.65,27.78,2.225
2016-07-12,59722.0,20945.0,60160.0,29.5,23.85,26.7475,4.25
2016-07-13,59080.0,20455.0,46703.0,27.374999999999996,21.8,29.61,0.0
2016-07-14,59020.0,19891.0,47336.0,27.75,21.325,29.18,0.0
2016-07-15,60609.0,19380.0,51769.0,29.525,22.375,30.075000000000003,0.0
2016-07-16,61999.0,18130.0,41832.0,31.724999999999998,24.525,29.825000000000003,0.0
2016-07-17,60291.0,17736.0,34007.0,33.425000000000004,26.325000000000003,29.325,0.0
2016-07-18,59865.0,19679.0,53015.0,34.975,27.525,29.09,0.1
2016-07-19,38037.0,20641.0,55882.0,35.9,28.425000000000004,28.6325,0.0
2016-07-20,26898.0,20421.0,76423.0,33.175,27.65,25.764999999999997,0.55
2016-07-21,51325.0,20249.0,72257.0,32.0,25.95,27.5575,0.05
2016-07-22,59248.0,19388.0,45455.0,29.775,23.725,26.83,2.825
2016-07-23,60762.0,18334.0,30721.0,28.924999999999997,23.425,27.425,0.1
2016-07-24,61147.0,18426.0,34021.0,31.075,24.45,28.055,0.0
2016-07-25,61399.0,19361.0,45795.0,33.175000000000004,26.224999999999998,28.0475,0.0
2016-07-26,59445.0,20526.0,52711.0,33.65,26.625000000000004,27.707500000000003,0.075
2016-07-27,56056.0,19931.0,52339.0,32.5,25.924999999999997,26.67,0.65
2016-07-28,56457.0,21398.0,68184.0,33.05,26.200000000000003,26.835,0.025
2016-07-29,51274.0,20650.0,67097.0,34.025,27.05,26.6175,0.125
2016-07-30,50061.0,18200.0,45169.0,31.625,25.775,26.9375,0.025
2016-07-31,50219.0,17556.0,37713.0,29.825000000000003,24.075000000000003,24.79,2.1999999999999997
2016-08-01,57724.0,19134.0,56709.0,31.625,24.574999999999996,27.98,0.0
2016-08-02,57426.0,19618.0,62494.0,32.9,25.825,27.83,0.0
2016-08-03,55713.0,19429.0,68073.0,33.075,26.450000000000003,27.3325,0.0
2016-08-04,54249.0,18490.0,56797.0,31.775000000000002,25.85,24.970000000000002,0.225
2016-08-05,55508.0,18142.0,48282.0,30.325,24.45,27.349999999999998,0.0
2016-08-06,57707.0,17340.0,43456.0,31.725,24.724999999999998,27.792499999999997,0.0
2016-08-07,57786.0,16287.0,37684.0,32.9,25.775,27.924999999999997,0.0
2016-08-08,59000.0,18742.0,68130.0,33.275,26.15,27.715000000000003,0.0
2016-08-09,54093.0,17928.0,50523.0,30.725,24.025,24.0575,3.15
2016-08-10,44952.0,17403.0,35000.0,27.45,21.375,25.7175,0.475
2016-08-11,53023.0,17953.0,50472.0,28.100000000000005,21.474999999999998,26.904999999999998,0.0
2016-08-12,56107.0,18326.0,77967.0,30.525,23.325,27.004999999999995,0.0
2016-08-13,57723.0,17315.0,51887.0,31.95,25.125,26.34,0.0
2016-08-14,53713.0,16288.0,34417.0,32.375,25.6,25.012499999999996,0.1
2016-08-15,33700.0,17661.0,49394.0,31.825,25.425,22.9725,0.875
2016-08-16,39133.0,18255.0,63598.0,31.049999999999997,25.025,23.732499999999998,3.375
2016-08-17,50387.0,18133.0,48919.0,30.125,23.950000000000003,22.6275,1.5250000000000001
2016-08-18,56677.0,19065.0,53198.0,30.075,24.4,23.6875,0.375
2016-08-19,57605.0,18926.0,54971.0,30.575000000000003,24.625000000000004,24.5475,0.125
2016-08-20,56188.0,16505.0,41967.0,28.875,23.475,21.3175,3.125
2016-08-21,55738.0,15831.0,32490.0,30.025000000000002,23.125,25.7425,0.0
2016-08-22,55899.0,18082.0,55183.0,32.9,25.425,25.527499999999996,0.0
2016-08-23,53529.0,17068.0,52272.0,34.075,27.45,25.192500000000003,0.0
2016-08-24,53586.0,15716.0,50264.0,33.35,26.700000000000003,24.6,0.15
2016-08-25,48419.0,16797.0,50934.0,32.725,26.125,23.92,0.1
2016-08-26,39159.0,17738.0,57756.0,32.1,25.875,22.1175,0.6
2016-08-27,41576.0,17401.0,45896.0,32.925,26.4,23.400000000000002,0.025
2016-08-28,43201.0,16626.0,32563.0,32.425,26.125,23.197499999999998,0.05
2016-08-29,49251.0,17777.0,53644.0,30.224999999999998,23.95,21.65,0.975
2016-08-30,50739.0,17476.0,52245.0,29.525,23.05,23.555,0.0
2016-08-31,46747.0,16791.0,54500.0,29.175,22.900000000000002,22.1275,0.225
2016-09-01,47945.0,17061.0,55798.0,30.075000000000003,24.025,21.519999999999996,0.725
2016-09-02,49248.0,16674.0,67727.0,31.45,24.975,21.9125,0.3
2016-09-03,44973.0,15870.0,39614.0,33.2,26.35,22.122499999999995,0.05
2016-09-04,44099.0,15713.0,39058.0,34.050000000000004,27.325000000000003,21.62,0.075
2016-09-05,44584.0,17710.0,76245.0,35.1,27.675,23.197499999999998,0.0
2016-09-06,43279.0,16578.0,75274.0,36.25,27.975,22.8725,0.0
2016-09-07,43621.0,14971.0,61521.0,34.25,27.075,22.125,0.0
2016-09-08,45552.0,15075.0,40537.0,29.625,23.700000000000003,18.9875,1.775
2016-09-09,49241.0,15449.0,46565.0,27.375,22.1,20.2275,2.0
2016-09-10,49516.0,15490.0,27587.0,28.225,22.174999999999997,20.807499999999997,0.325
2016-09-11,47502.0,14719.0,29273.0,29.575000000000003,23.1,20.642500000000002,0.0
2016-09-12,47016.0,14702.0,44002.0,30.25,23.525,20.625,0.075
2016-09-13,24313.0,14719.0,37213.0,23.025000000000002,18.8,13.8525,8.15
2016-09-14,36142.0,14802.0,37652.0,18.724999999999998,15.225,14.965,4.800000000000001
2016-09-15,30521.0,14741.0,36144.0,18.425,14.575,14.292499999999997,0.125
2016-09-16,48702.0,15687.0,35487.0,22.549999999999997,16.9,17.6625,0.05
2016-09-17,45554.0,14738.0,29433.0,23.025,17.525000000000002,18.919999999999998,0.0
2016-09-18,49798.0,13741.0,28259.0,23.05,17.349999999999998,20.2775,0.0
2016-09-19,44382.0,14639.0,33818.0,23.95,17.724999999999998,19.3825,0.0
2016-09-20,40063.0,14160.0,45608.0,24.575,18.525,18.439999999999998,0.125
2016-09-21,49850.0,13823.0,59107.0,25.725,18.775,19.495,0.0
2016-09-22,39656.0,13839.0,55906.0,24.825000000000003,18.425,18.802500000000002,0.0
2016-09-23,41772.0,13712.0,59229.0,25.15,18.55,18.6525,2.35
2016-09-24,44679.0,12496.0,27539.0,26.075,19.45,18.36,0.025
2016-09-25,31864.0,12339.0,30645.0,24.699999999999996,19.150000000000002,16.974999999999998,2.4499999999999997
2016-09-26,29771.0,13448.0,49289.0,25.425,19.75,16.9875,0.025
2016-09-27,43582.0,12831.0,33146.0,26.35,20.15,18.7975,0.0
2016-09-28,40630.0,11514.0,38592.0,25.150000000000002,19.5,17.775000000000002,0.0
2016-09-29,42068.0,10811.0,38674.0,25.575000000000003,19.425,19.0775,0.0
2016-09-30,43102.0,11209.0,41619.0,25.1,19.2,18.15,0.0
2016-10-01,38642.0,9878.0,29475.0,24.1,18.925,15.7775,0.0
2016-10-02,41562.0,9554.0,28353.0,23.549999999999997,18.075,16.174999999999997,0.525
2016-10-03,42461.0,10141.0,43947.0,25.975,18.825,17.6675,0.0
2016-10-04,37451.0,10456.0,56735.0,26.874999999999996,19.825,17.3525,0.25
2016-10-05,32864.0,10506.0,47092.0,25.725,19.375,15.5275,1.45
2016-10-06,35646.0,11018.0,56892.0,24.575,19.075000000000003,15.962499999999999,0.825
2016-10-07,38139.0,11340.0,66213.0,25.075000000000003,18.175,17.465,0.05
2016-10-08,35779.0,9640.0,23249.0,24.525,17.825,16.45,0.0
2016-10-09,37837.0,9564.0,21826.0,22.724999999999998,16.349999999999998,16.84,0.025
2016-10-10,39137.0,10476.0,68803.0,21.5,15.124999999999998,17.365,0.0
2016-10-11,36071.0,10822.0,58264.0,21.65,14.624999999999998,16.6525,0.95
2016-10-12,6038.0,10094.0,45459.0,15.15,12.624999999999998,5.1225000000000005,15.85
2016-10-13,13137.0,11424.0,56471.0,16.3,12.875,9.425,6.25
2016-10-14,26455.0,12864.0,39316.0,16.05,12.625,10.995000000000001,2.75
2016-10-15,39686.0,10738.0,26250.0,17.975,12.950000000000001,13.885,0.0
2016-10-16,23563.0,10147.0,33470.0,18.950000000000003,14.475,11.235,0.825
2016-10-17,17156.0,11079.0,81149.0,19.125,15.2,9.8475,1.4
2016-10-18,13421.0,11187.0,71148.0,20.075,15.7,10.787500000000001,0.425
2016-10-19,12825.0,10524.0,55733.0,20.45,15.799999999999999,11.467500000000001,0.425
2016-10-20,14583.0,10646.0,48836.0,18.849999999999998,14.3,10.5825,2.45
2016-10-21,13830.0,11330.0,58207.0,17.95,13.424999999999999,11.017499999999998,0.375
2016-10-22,8043.0,9539.0,50048.0,16.375,13.600000000000001,5.567500000000001,8.55
2016-10-23,11170.0,9647.0,27006.0,15.725000000000001,13.6,5.8374999999999995,10.875
2016-10-24,9262.0,12801.0,65633.0,16.450000000000003,13.15,5.6725,11.725000000000001
2016-10-25,10240.0,13248.0,67117.0,20.875,15.65,10.905,0.85
2016-10-26,20770.0,12167.0,65678.0,22.775,16.75,12.0275,0.475
2016-10-27,21272.0,11348.0,56609.0,23.2,17.05,13.495000000000001,0.0
2016-10-28,26253.0,10669.0,56691.0,23.25,16.375,13.622499999999999,0.0
2016-10-29,33133.0,9798.0,35680.0,22.575,15.775000000000002,13.99,0.0
2016-10-30,35209.0,9877.0,28715.0,22.225,14.799999999999999,14.1825,0.0
2016-10-31,32027.0,10243.0,24183.0,20.95,13.9,13.6625,0.0
2016-11-01,19075.0,10117.0,34138.0,18.975,13.125,11.0875,0.325
2016-11-02,25368.0,10679.0,57918.0,20.375,14.1,12.29,0.0
2016-11-03,16554.0,10834.0,57354.0,20.475,14.124999999999998,11.607500000000002,0.075
2016-11-04,4920.0,11625.0,53553.0,15.725000000000001,13.049999999999999,5.2075,8.7
2016-11-05,8990.0,14099.0,22064.0,13.874999999999998,11.6,4.6425,16.925
2016-11-06,28491.0,16273.0,25291.0,11.25,7.575,11.7875,0.44999999999999996
2016-11-07,28515.0,15905.0,40496.0,9.75,5.449999999999999,11.945,0.375
2016-11-08,31567.0,14642.0,27402.0,10.075,5.3,11.92,0.0
2016-11-09,10308.0,16109.0,37540.0,11.4,8.15,5.845,1.3
2016-11-10,29357.0,16074.0,48419.0,12.425,7.9,10.350000000000001,0.0
2016-11-11,26281.0,16124.0,47551.0,13.5,8.200000000000001,10.4975,0.025
2016-11-12,18047.0,15776.0,36667.0,14.425,8.999999999999998,9.3925,0.9
2016-11-13,22157.0,17350.0,19496.0,15.500000000000002,10.6,8.594999999999999,0.35
2016-11-14,28987.0,17611.0,20985.0,12.925,8.8,10.3125,0.5
2016-11-15,30323.0,17124.0,35177.0,13.55,8.225000000000001,11.215,0.0
2016-11-16,31344.0,16475.0,55541.0,15.099999999999998,8.5,11.247499999999999,0.0
2016-11-17,30395.0,16575.0,50221.0,16.35,9.25,10.612499999999999,0.0
2016-11-18,18873.0,15211.0,39252.0,14.500000000000002,9.600000000000001,8.3225,0.0
2016-11-19,22531.0,13772.0,21415.0,12.375,8.275,9.19,0.0
2016-11-20,4750.0,14658.0,22103.0,11.150000000000002,8.850000000000001,2.17,8.65
2016-11-21,6401.0,20148.0,45136.0,11.775,10.100000000000001,5.027500000000001,15.025
2016-11-22,4571.0,22726.0,58037.0,9.875,7.275,5.7825,6.275
2016-11-23,10209.0,22776.0,49367.0,9.475,6.6,5.7475000000000005,9.1
2016-11-24,12729.0,24204.0,41399.0,7.975,5.0,7.574999999999999,1.25
2016-11-25,8572.0,23357.0,44640.0,7.9,4.699999999999999,5.1825,7.875
2016-11-26,4192.0,21909.0,43227.0,8.975,6.3999999999999995,3.3225,8.450000000000001
2016-11-27,4235.0,20879.0,36083.0,10.875,6.8,5.797499999999999,5.225
2016-11-28,11303.0,21395.0,67981.0,11.024999999999999,5.975,7.265000000000001,0.175
2016-11-29,14302.0,20114.0,74136.0,11.425,6.550000000000001,7.9799999999999995,0.0
2016-11-30,11162.0,18797.0,41403.0,12.95,8.55,7.6625,0.0
2016-12-01,7528.0,19752.0,71959.0,12.475000000000001,7.775000000000001,6.535,3.05
2016-12-02,12711.0,19784.0,79980.0,12.8,7.5,7.6975,0.44999999999999996
2016-12-03,7986.0,17089.0,35977.0,11.675,7.624999999999999,5.5325,7.775
2016-12-04,5192.0,16302.0,27815.0,12.55,9.625,5.345000000000001,5.15
2016-12-05,11085.0,17517.0,66584.0,13.675,9.549999999999999,7.075,0.725
2016-12-06,20228.0,17555.0,64724.0,13.25,7.950000000000001,8.5375,0.0
2016-12-07,16940.0,16958.0,58459.0,12.425,7.049999999999999,8.059999999999999,0.0
2016-12-08,16697.0,14904.0,27130.0,12.100000000000001,7.4,8.1075,0.0
2016-12-09,18631.0,15043.0,34155.0,13.475,7.6499999999999995,8.175,0.0
2016-12-10,17710.0,13727.0,41757.0,12.625,7.300000000000001,7.62,0.0
2016-12-11,19157.0,13860.0,43315.0,12.175,7.1499999999999995,7.73,0.0
2016-12-12,18647.0,14866.0,70644.0,11.8,6.5249999999999995,7.905000000000001,0.0
2016-12-13,13262.0,14765.0,74720.0,10.8,6.325,6.7425,0.0
2016-12-14,6028.0,14966.0,77367.0,10.325,6.975,4.3625,8.625
2016-12-15,6223.0,15544.0,80213.0,9.625,5.9750000000000005,6.1850000000000005,0.85
2016-12-16,3949.0,16228.0,52047.0,8.0,5.875,3.6925,8.7
2016-12-17,7331.0,14679.0,26929.0,11.274999999999999,7.049999999999999,6.387499999999999,1.275
2016-12-18,10886.0,13957.0,30523.0,10.049999999999999,6.125,7.932500000000001,0.8
2016-12-19,10775.0,15115.0,66647.0,9.0,4.825,6.620000000000001,1.45
2016-12-20,16217.0,15034.0,64756.0,9.2,4.35,7.607500000000001,0.25
2016-12-21,18193.0,15396.0,65318.0,10.925,4.85,7.8774999999999995,0.1
2016-12-22,19359.0,15971.0,77355.0,12.075000000000001,6.2749999999999995,8.2025,0.325
2016-12-23,22360.0,15994.0,53328.0,11.65,6.25,7.525,0.0
2016-12-24,20559.0,13952.0,28105.0,10.85,5.8999999999999995,7.2725,0.0
2016-12-25,22117.0,13265.0,25063.0,11.825,5.775,7.9975,0.0
2016-12-26,21441.0,13328.0,25596.0,12.225,5.425,8.555,0.0
2016-12-27,19809.0,14689.0,49362.0,13.125,5.75,8.7625,0.0
2016-12-28,16431.0,14666.0,45047.0,13.15,6.4750000000000005,8.98,0.0
2016-12-29,23377.0,14313.0,59617.0,12.7,6.075,9.38,0.0
2016-12-30,20142.0,14544.0,54320.0,11.6,5.125000000000001,9.575000000000001,0.0
2016-12-31,19747.0,12550.0,42696.0,9.700000000000001,3.875,9.3475,0.0
2017-01-01,17180.0,12139.0,32682.0,8.125,1.6999999999999997,8.055,0.0
2017-01-02,13888.0,13379.0,58338.0,9.700000000000001,3.0500000000000003,7.93,0.0
2017-01-03,10922.0,13422.0,75366.0,11.475,4.875,6.852500000000001,0.44999999999999996
2017-01-04,12619.0,13230.0,54425.0,12.425,6.45,6.942499999999999,0.0
2017-01-05,19370.0,12488.0,46972.0,10.1,5.425000000000001,7.1325,0.0
2017-01-06,21839.0,12371.0,46916.0,10.65,3.725,9.75,0.0
2017-01-07,22645.0,12283.0,55264.0,9.65,2.9499999999999993,8.7525,0.0
2017-01-08,23406.0,11925.0,36774.0,9.5,3.275,9.03,0.05
2017-01-09,26420.0,12207.0,83066.0,9.850000000000001,3.5,9.387500000000001,0.025
2017-01-10,10395.0,12863.0,61566.0,10.924999999999999,4.825,7.425000000000001,1.825
2017-01-11,19866.0,15127.0,66330.0,13.425,7.025,8.2475,0.5
2017-01-12,22291.0,16129.0,55309.0,13.4,7.075,8.5725,0.05
2017-01-13,23732.0,16172.0,44904.0,8.45,4.575,8.4075,0.35
2017-01-14,26410.0,16195.0,47593.0,6.775,2.125,9.6475,0.625
2017-01-15,22823.0,15532.0,35538.0,8.025,2.9000000000000004,8.77,5.3
2017-01-16,24963.0,16893.0,48326.0,10.3,4.2,9.342500000000001,4.55
2017-01-17,25034.0,18111.0,52476.0,9.1,2.25,10.1425,0.0
2017-01-18,23286.0,17695.0,82633.0,4.075,-0.9750000000000001,11.1625,0.075
2017-01-19,11484.0,18114.0,106784.0,5.525,-0.050000000000000044,8.8925,0.575
2017-01-20,7632.0,17917.0,91765.0,6.925,2.0999999999999996,7.3225,1.525
2017-01-21,17235.0,16804.0,72472.0,9.075,2.7500000000000004,9.3725,0.1
2017-01-22,19680.0,15929.0,51970.0,9.05,3.25,10.275,0.3
2017-01-23,24469.0,16498.0,81584.0,9.125,2.725,10.045000000000002,0.05
2017-01-24,28511.0,15986.0,87005.0,9.674999999999999,2.3,11.4925,0.0
2017-01-25,30219.0,16132.0,96793.0,8.524999999999999,1.325,10.940000000000001,3.15
2017-01-26,10327.0,15615.0,86184.0,7.7250000000000005,2.6499999999999995,6.405,3.5249999999999995
2017-01-27,7543.0,15588.0,62356.0,7.4750000000000005,4.924999999999999,6.595,9.675
2017-01-28,21949.0,15005.0,30901.0,9.5,5.025,8.1325,0.775
2017-01-29,13127.0,15590.0,21252.0,10.5,6.15,7.415,0.825
2017-01-30,17656.0,18213.0,40732.0,12.575,7.799999999999999,8.415,0.0
2017-01-31,21057.0,21413.0,66878.0,13.375,6.375,10.395,0.0
2017-02-01,13531.0,21984.0,32871.0,12.450000000000001,7.775,7.3774999999999995,1.45
2017-02-02,5956.0,23845.0,22207.0,10.6,7.674999999999999,4.455,4.7
2017-02-03,10634.0,25267.0,40067.0,10.575,7.649999999999999,7.135,5.9
2017-02-04,8730.0,28135.0,41796.0,11.5,8.825000000000001,5.0424999999999995,13.125
2017-02-05,17900.0,32390.0,50002.0,9.65,7.075000000000001,10.3475,5.2749999999999995
2017-02-06,26473.0,30778.0,50278.0,11.9,6.9750000000000005,11.245000000000001,1.65
2017-02-07,13587.0,36457.0,50539.0,12.3,8.0,8.555,0.85
2017-02-08,33320.0,35680.0,50902.0,8.825,4.300000000000001,13.342500000000001,0.275
2017-02-09,22015.0,32341.0,83136.0,11.125,3.8499999999999996,12.495000000000001,0.0
2017-02-10,11660.0,32523.0,97201.0,8.325,3.75,9.01,1.875
2017-02-11,7860.0,27544.0,56536.0,9.850000000000001,5.0249999999999995,7.92,3.8999999999999995
2017-02-12,6532.0,26402.0,33064.0,10.875,7.675,5.2675,12.1
2017-02-13,12359.0,31486.0,56116.0,11.4,8.075,8.24,11.7
2017-02-14,19286.0,34023.0,61907.0,11.9,7.1,9.5375,3.65
2017-02-15,23521.0,33873.0,48409.0,14.375000000000002,7.7250000000000005,13.4175,0.1
2017-02-16,22970.0,33738.0,54139.0,13.425,7.425,12.14,0.025
2017-02-17,30338.0,32303.0,59417.0,13.55,7.0,14.005,0.0
2017-02-18,19479.0,28962.0,44886.0,12.950000000000001,7.250000000000001,12.114999999999998,2.1999999999999997
2017-02-19,19352.0,28202.0,33400.0,12.65,7.325,11.645,2.125
2017-02-20,26408.0,27182.0,46462.0,13.45,7.175,14.16,0.025
2017-02-21,25520.0,27931.0,52342.0,15.675,8.450000000000001,15.737499999999999,0.0
2017-02-22,20147.0,27196.0,67602.0,17.425,9.475,16.0075,0.075
2017-02-23,8369.0,28230.0,73616.0,15.425,9.525,12.4975,2.6
2017-02-24,14834.0,25664.0,43131.0,13.775,8.475,12.41,0.225
2017-02-25,25409.0,25756.0,44239.0,15.125,7.925,14.6275,0.05
2017-02-26,21151.0,25550.0,37866.0,13.674999999999999,8.1,12.155000000000001,0.025
2017-02-27,18526.0,25328.0,34450.0,12.024999999999999,8.075,11.99,0.05
2017-02-28,14739.0,28721.0,38405.0,10.350000000000001,7.699999999999999,8.987499999999999,0.275
2017-03-01,30719.0,28379.0,71676.0,13.0,7.625,13.879999999999999,0.05
2017-03-02,36371.0,28307.0,87555.0,15.25,8.700000000000001,16.515,0.0
2017-03-03,11624.0,28628.0,51749.0,10.674999999999999,6.225,7.697500000000001,9.15
2017-03-04,12554.0,30169.0,62339.0,8.25,4.549999999999999,9.190000000000001,9.875
2017-03-05,10172.0,28733.0,49194.0,11.524999999999999,7.699999999999999,7.3225,0.65
2017-03-06,22288.0,31846.0,57836.0,15.75,10.474999999999998,14.014999999999999,0.025
2017-03-07,32646.0,31009.0,62535.0,16.8,10.05,16.42,0.975
2017-03-08,39474.0,30957.0,78212.0,19.575,11.700000000000001,17.4925,0.025
2017-03-09,45865.0,30845.0,75184.0,22.65,13.149999999999999,19.134999999999998,0.0
2017-03-10,48723.0,29457.0,72241.0,23.45,13.775000000000002,19.52,0.0
2017-03-11,36104.0,28927.0,48693.0,20.725,13.474999999999998,16.8525,0.025
2017-03-12,39272.0,28978.0,26888.0,16.475,10.5,17.1325,1.625
2017-03-13,12500.0,29889.0,51743.0,11.775,7.950000000000001,11.0925,4.825
2017-03-14,16379.0,29631.0,58777.0,15.15,9.575000000000001,14.46,3.625
2017-03-15,36886.0,29529.0,63067.0,18.125,11.225,19.65,0.15
2017-03-16,38078.0,29842.0,70211.0,17.7,10.825000000000001,19.692500000000003,0.025
2017-03-17,35193.0,29924.0,77958.0,17.975,10.825,19.150000000000002,0.55
2017-03-18,45500.0,29003.0,67174.0,19.525000000000002,11.725,20.927500000000002,0.0
2017-03-19,46308.0,27807.0,58349.0,20.825,12.250000000000002,20.582500000000003,0.0
2017-03-20,43057.0,27992.0,72592.0,20.225,12.35,19.909999999999997,0.025
2017-03-21,22387.0,27900.0,74373.0,14.15,9.575000000000001,13.615,0.75
2017-03-22,24362.0,27345.0,71623.0,10.724999999999998,6.675000000000001,14.842500000000001,2.425
2017-03-23,26383.0,27765.0,84498.0,8.4,3.8250000000000006,18.3075,4.925000000000001
2017-03-24,27006.0,28563.0,110712.0,9.149999999999999,3.9000000000000004,17.945,4.2
2017-03-25,22238.0,26410.0,66352.0,10.350000000000001,5.324999999999999,12.9725,9.775
2017-03-26,27401.0,25441.0,36410.0,13.075,7.875,15.9825,3.75
2017-03-27,20031.0,30994.0,74101.0,12.450000000000001,8.325,10.45,2.625
2017-03-28,39635.0,29843.0,70475.0,16.3,9.325000000000001,19.62,0.0
2017-03-29,49639.0,28675.0,61378.0,19.325,11.05,22.985,0.0
2017-03-30,38409.0,28205.0,48753.0,20.25,12.524999999999999,20.605,0.2
2017-03-31,40441.0,29632.0,48431.0,16.825,11.675,17.8225,2.25
2017-04-01,48537.0,28119.0,34612.0,14.850000000000001,9.45,20.6625,0.475
2017-04-02,52117.0,26962.0,36843.0,16.425,9.925,23.8275,0.0
2017-04-03,52677.0,29989.0,76116.0,18.975,11.325000000000001,24.040000000000003,0.0
2017-04-04,55089.0,28380.0,48661.0,19.575,11.924999999999999,23.805,0.0
2017-04-05,55221.0,26749.0,35104.0,17.900000000000002,11.65,24.085,0.05
2017-04-06,57312.0,26228.0,39393.0,19.225,11.9,24.429999999999996,0.0
2017-04-07,57602.0,26761.0,65900.0,21.55,13.125,24.992500000000003,0.0
2017-04-08,58249.0,25263.0,45238.0,22.049999999999997,14.0,24.855,0.325
2017-04-09,56874.0,24860.0,28279.0,23.05,14.875,24.7475,0.075
2017-04-10,56417.0,26358.0,52813.0,23.225,15.2,24.9775,0.15
2017-04-11,57108.0,26650.0,77767.0,24.425,15.674999999999999,25.2375,0.0
2017-04-12,57489.0,26913.0,69362.0,25.049999999999997,16.7,25.2975,0.0
2017-04-13,48750.0,25050.0,36533.0,23.85,16.475,23.887500000000003,0.07500000000000001
2017-04-14,43621.0,24096.0,33423.0,22.5,15.775000000000002,24.675,0.025
2017-04-15,44616.0,23586.0,28298.0,22.175,15.299999999999999,23.825,0.75
2017-04-16,40297.0,23079.0,32876.0,23.599999999999998,15.749999999999998,24.365000000000002,0.0
2017-04-17,49243.0,25017.0,45996.0,24.8,17.05,25.695,0.025
2017-04-18,49504.0,25276.0,41435.0,25.05,17.05,24.6875,0.075
2017-04-19,32448.0,24537.0,28913.0,21.95,14.75,23.302500000000002,0.575
2017-04-20,35698.0,24375.0,32570.0,20.575000000000003,13.350000000000001,25.174999999999997,0.8250000000000001
2017-04-21,45951.0,24138.0,38223.0,20.875,13.7,26.229999999999997,0.1
2017-04-22,38512.0,23463.0,40760.0,21.475,13.875,23.224999999999998,0.2
2017-04-23,42962.0,22898.0,29041.0,22.85,15.325,22.825000000000003,1.3
2017-04-24,33285.0,23984.0,68673.0,23.7,16.150000000000002,24.13,0.475
2017-04-25,26687.0,24355.0,55959.0,19.9,14.95,19.479999999999997,5.6
2017-04-26,22478.0,24342.0,38569.0,14.675,11.174999999999999,16.005,4.4750000000000005
2017-04-27,26879.0,23501.0,49426.0,14.05,9.35,20.2375,4.25
2017-04-28,16326.0,21557.0,48100.0,13.549999999999999,8.700000000000001,17.875,14.55
2017-04-29,18478.0,19472.0,34238.0,15.925,10.425,17.7575,6.199999999999999
2017-04-30,21533.0,19290.0,26597.0,13.175,9.875,11.67,5.175
2017-05-01,55877.0,20028.0,39992.0,17.025,9.875,26.675,0.0
2017-05-02,57365.0,19653.0,55015.0,20.5,13.274999999999999,24.7525,1.15
2017-05-03,58989.0,19299.0,55319.0,22.974999999999998,15.35,24.755000000000003,1.7
2017-05-04,36938.0,19517.0,50994.0,24.9,16.825,22.9825,1.2750000000000001
2017-05-05,26779.0,20706.0,31798.0,20.175,15.0,19.165,2.225
2017-05-06,50092.0,21409.0,33543.0,19.175,13.4,24.38,1.625
2017-05-07,60390.0,21013.0,28336.0,23.224999999999998,15.699999999999998,28.490000000000002,0.0
2017-05-08,60319.0,21598.0,46729.0,25.875,17.650000000000002,28.4775,0.0
2017-05-09,52699.0,21536.0,49596.0,23.425,16.825,25.69,0.47500000000000003
2017-05-10,25899.0,20742.0,36014.0,17.950000000000003,14.100000000000001,13.842500000000001,17.250000000000004
2017-05-11,25826.0,23859.0,29328.0,16.375,12.5,19.1125,14.45
2017-05-12,27302.0,28527.0,42322.0,17.45,12.85,19.295,3.325
2017-05-13,31463.0,27162.0,33021.0,18.25,13.475000000000001,21.1625,0.675
2017-05-14,51885.0,26762.0,31417.0,20.924999999999997,14.875,23.334999999999997,0.35
2017-05-15,46610.0,25383.0,44801.0,25.475,18.0,25.8575,0.0
2017-05-16,43731.0,25447.0,62317.0,26.925,19.95,24.837500000000002,0.0
2017-05-17,40453.0,25760.0,34408.0,24.375,18.775,21.302500000000002,1.65
2017-05-18,49100.0,27594.0,36113.0,20.625,15.524999999999999,22.8575,5.8999999999999995
2017-05-19,63372.0,28164.0,35627.0,20.875,14.125,29.0125,0.125
2017-05-20,64029.0,25245.0,28432.0,25.625,16.8,30.055,0.0
2017-05-21,24620.0,23859.0,29243.0,27.175,19.8,20.715000000000003,0.275
2017-05-22,54064.0,25731.0,42302.0,26.65,20.000000000000004,27.502499999999998,1.05
2017-05-23,60142.0,23726.0,33054.0,29.225,21.299999999999997,27.897499999999997,0.275
2017-05-24,57837.0,23542.0,47851.0,30.125,22.825,27.6625,0.325
2017-05-25,53107.0,23732.0,65754.0,29.625,22.575,25.8675,0.2
2017-05-26,42539.0,24305.0,50265.0,27.474999999999998,20.975,24.5175,0.5
2017-05-27,43811.0,24146.0,39029.0,28.45,21.75,25.8025,0.525
2017-05-28,27464.0,23578.0,36556.0,25.35,19.95,23.555,2.475
2017-05-29,33544.0,24846.0,64760.0,22.65,18.0,21.0525,1.5750000000000002
2017-05-30,47439.0,23777.0,51713.0,24.675,18.875,24.195,1.0
2017-05-31,55769.0,23522.0,43522.0,26.2,19.95,24.847500000000004,0.85
2017-06-01,51947.0,23615.0,54276.0,27.975,21.525,26.145,0.35
2017-06-02,47631.0,22434.0,41033.0,29.049999999999997,22.275000000000002,25.637500000000003,1.2
2017-06-03,47592.0,22540.0,30550.0,26.15,20.450000000000003,23.075000000000003,6.425
2017-06-04,44514.0,21758.0,26530.0,23.049999999999997,18.075,20.9625,3.8
2017-06-05,59930.0,22937.0,27285.0,24.725,18.025,28.135,0.05
2017-06-06,61990.0,22721.0,28830.0,25.725,19.375,28.1975,0.6
2017-06-07,63350.0,21527.0,29677.0,29.375,21.175,30.3875,0.0
2017-06-08,53849.0,22269.0,33230.0,31.0,23.375,27.637500000000003,0.25
2017-06-09,47331.0,22863.0,55303.0,29.25,23.025000000000002,27.46,0.475
2017-06-10,52398.0,20935.0,28557.0,31.6,24.375,28.5,0.0
2017-06-11,59003.0,19881.0,32179.0,32.975,26.075000000000003,27.7975,0.075
2017-06-12,60380.0,20688.0,56340.0,34.37499999999999,26.574999999999996,29.5125,0.05
2017-06-13,58980.0,20549.0,40537.0,32.05,25.85,28.255000000000003,0.1
2017-06-14,57401.0,20537.0,61404.0,33.275000000000006,25.9,28.312500000000004,0.45
2017-06-15,53539.0,19366.0,41741.0,34.375,26.825000000000003,26.995,0.25
2017-06-16,52117.0,19746.0,44562.0,35.6,27.675000000000004,28.8125,0.0
2017-06-17,51660.0,19510.0,38803.0,36.574999999999996,28.2,29.8225,0.1
2017-06-18,50480.0,18460.0,31738.0,35.324999999999996,27.525,27.660000000000004,0.275
2017-06-19,43435.0,19051.0,34139.0,32.925,26.875,24.0875,0.30000000000000004
2017-06-20,49838.0,19734.0,40116.0,33.05,26.125000000000004,27.06,0.525
2017-06-21,53744.0,20308.0,45474.0,32.625,26.0,27.77,0.1
2017-06-22,55894.0,19352.0,34403.0,32.625,26.074999999999996,27.615000000000002,0.15000000000000002
2017-06-23,59514.0,18650.0,32335.0,32.925,25.85,29.797500000000003,0.375
2017-06-24,48549.0,17811.0,22386.0,32.65,26.375,27.987499999999997,0.325
2017-06-25,25693.0,17944.0,26916.0,30.674999999999997,24.625,21.8775,3.3000000000000003
2017-06-26,54537.0,19294.0,38004.0,27.9,22.35,25.905,3.25
2017-06-27,49098.0,18774.0,28945.0,25.625,20.4,23.904999999999998,1.525
2017-06-28,40229.0,19850.0,25423.0,22.0,18.049999999999997,21.3625,0.9
2017-06-29,52335.0,19200.0,22990.0,20.675,15.8,27.59,1.0
2017-06-30,55829.0,19254.0,27724.0,21.5,15.899999999999999,24.395000000000003,1.45
2017-07-01,57491.0,17464.0,18887.0,23.275,17.6,28.6175,0.0
2017-07-02,61670.0,17360.0,27052.0,28.35,20.625,30.490000000000002,0.0
2017-07-03,63110.0,17653.0,20824.0,31.224999999999998,23.7,30.24,0.0
2017-07-04,62298.0,17226.0,19005.0,32.45,24.674999999999997,29.560000000000002,0.025
2017-07-05,53373.0,16890.0,31819.0,30.599999999999998,24.025,29.31,0.3
2017-07-06,21988.0,17091.0,25118.0,26.25,20.875000000000004,18.84,10.325
2017-07-07,34178.0,17048.0,20757.0,26.325000000000003,20.225,23.387500000000003,5.875
2017-07-08,44327.0,16006.0,20361.0,26.625,20.799999999999997,22.0875,1.15
2017-07-09,51546.0,15663.0,19873.0,27.950000000000003,21.625,26.26,0.425
2017-07-10,58212.0,16848.0,23601.0,27.525,21.924999999999997,24.8175,3.4499999999999997
2017-07-11,60378.0,16958.0,27513.0,31.425,23.675,27.5,0.375
2017-07-12,56960.0,17259.0,40711.0,35.275,26.4,29.195,0.0
2017-07-13,49579.0,16618.0,45693.0,36.849999999999994,27.875000000000004,28.5925,0.0
2017-07-14,53162.0,15859.0,22826.0,34.375,26.6,29.0075,0.0
2017-07-15,55422.0,14615.0,21773.0,33.675000000000004,25.475,29.6025,0.0
2017-07-16,58004.0,14381.0,20616.0,34.574999999999996,26.175,29.335,0.0
2017-07-17,41007.0,15457.0,23606.0,34.099999999999994,26.825000000000003,25.814999999999998,0.85
2017-07-18,41094.0,15106.0,21896.0,33.650000000000006,26.400000000000002,26.900000000000002,0.55
2017-07-19,52643.0,15186.0,23047.0,29.575,23.775,25.88,0.1
2017-07-20,57087.0,15393.0,23272.0,28.025,22.525,27.192500000000003,0.125
2017-07-21,57626.0,15670.0,24788.0,27.424999999999997,21.125,26.835,1.125
2017-07-22,59194.0,15198.0,23667.0,29.35,22.225,27.634999999999998,0.125
2017-07-23,55528.0,14664.0,21326.0,30.6,23.099999999999998,26.955,1.55
2017-07-24,59027.0,15032.0,28006.0,30.9,23.849999999999998,27.562500000000004,0.0
2017-07-25,58920.0,14672.0,25636.0,29.95,23.0,28.1775,0.0
2017-07-26,56215.0,15795.0,31910.0,31.05,23.575,27.695,0.0
2017-07-27,55773.0,15866.0,34163.0,33.1,25.674999999999997,28.395,0.0
2017-07-28,56486.0,15227.0,26394.0,33.625,26.2,27.71,0.175
2017-07-29,56454.0,14248.0,24688.0,33.35,25.95,27.432499999999997,0.375
2017-07-30,54927.0,13419.0,23613.0,32.625,25.775000000000002,26.5825,0.5
2017-07-31,53306.0,14237.0,23403.0,30.375,24.200000000000003,26.8425,0.9
2017-08-01,35742.0,14122.0,30431.0,29.674999999999997,23.575000000000003,23.5325,1.2
2017-08-02,51032.0,14252.0,22192.0,32.275,24.8,26.64,0.3
2017-08-03,58924.0,14768.0,30458.0,34.175000000000004,26.275,27.340000000000003,0.0
2017-08-04,58894.0,14370.0,34322.0,35.625,28.15,26.742499999999996,0.0
2017-08-05,57897.0,13580.0,19587.0,34.5,27.4,24.9775,0.125
2017-08-06,56972.0,14126.0,21605.0,32.025,25.2,24.665000000000003,6.5
2017-08-07,48264.0,14795.0,36052.0,31.575000000000003,24.924999999999997,22.2075,1.6
2017-08-08,54132.0,14909.0,21638.0,28.224999999999998,22.200000000000003,26.490000000000002,2.85
2017-08-09,55212.0,14056.0,21592.0,25.55,19.5,23.2925,0.9
2017-08-10,55637.0,12982.0,18872.0,25.875000000000004,18.975,26.0225,0.0
2017-08-11,57044.0,13218.0,24943.0,28.0,20.475,26.535,0.0
2017-08-12,58832.0,12534.0,22032.0,30.174999999999997,22.375,26.6525,0.0
2017-08-13,57122.0,11751.0,17186.0,31.549999999999997,23.974999999999998,26.044999999999998,0.0
2017-08-14,50194.0,12709.0,19725.0,32.7,24.849999999999998,24.97,0.0
2017-08-15,43037.0,12257.0,32715.0,31.95,25.125,24.96,0.025
2017-08-16,50114.0,13286.0,32472.0,31.924999999999997,25.025,24.7725,0.225
2017-08-17,51840.0,13488.0,28411.0,33.6,25.999999999999996,25.762499999999996,0.0
2017-08-18,51609.0,12833.0,23088.0,33.15,25.85,24.49,0.2
2017-08-19,49549.0,11193.0,18370.0,32.375,25.200000000000003,24.26,0.0
2017-08-20,50949.0,10583.0,18551.0,33.225,25.099999999999998,25.172500000000003,0.0
2017-08-21,52288.0,11973.0,25960.0,33.8,26.299999999999997,25.089999999999996,0.0
2017-08-22,51632.0,12350.0,23317.0,34.05,26.75,24.715000000000003,0.0
2017-08-23,47857.0,12446.0,25595.0,33.075,26.225,22.1525,0.3
2017-08-24,47495.0,12482.0,25877.0,32.025,25.175,23.8025,0.55
2017-08-25,34438.0,12611.0,30388.0,32.125,24.700000000000003,22.0475,0.0
2017-08-26,20097.0,11295.0,23627.0,31.449999999999996,25.05,17.9575,0.125
2017-08-27,16600.0,10961.0,18762.0,28.35,22.75,14.542499999999999,3.1999999999999997
2017-08-28,20953.0,12142.0,31040.0,26.65,20.799999999999997,17.3975,5.025
2017-08-29,24054.0,12342.0,30318.0,24.725,19.325,18.9,4.875
2017-08-30,36112.0,12026.0,28004.0,25.075,19.400000000000002,19.255,2.575
2017-08-31,47099.0,12703.0,27987.0,24.85,19.5,19.8825,5.2
2017-09-01,49067.0,11684.0,25406.0,26.625,20.05,22.8425,0.0
2017-09-02,49870.0,11010.0,30526.0,26.25,19.550000000000004,23.2875,0.0
2017-09-03,40684.0,11205.0,25344.0,28.299999999999997,21.525000000000002,20.447499999999998,0.05
2017-09-04,51208.0,11391.0,31770.0,27.9,21.474999999999998,20.7875,1.375
2017-09-05,53980.0,12105.0,36623.0,29.974999999999998,22.825000000000003,22.304999999999996,0.0
2017-09-06,49754.0,11120.0,28395.0,29.75,23.224999999999998,20.8175,0.275
2017-09-07,46285.0,11117.0,34474.0,29.225,21.675,22.294999999999998,0.0
2017-09-08,47044.0,10997.0,33822.0,29.225,21.375,23.047500000000003,0.0
2017-09-09,28990.0,10416.0,21254.0,23.15,18.05,16.34,1.0250000000000001
2017-09-10,52129.0,10726.0,21220.0,22.650000000000002,16.575,22.085,0.0
2017-09-11,54783.0,11379.0,24408.0,27.174999999999997,20.049999999999997,20.389999999999997,0.025
2017-09-12,51682.0,12362.0,31683.0,27.025,20.15,20.435000000000002,0.0
2017-09-13,54675.0,11417.0,37430.0,29.224999999999998,21.349999999999998,21.6875,0.0
2017-09-14,45142.0,11567.0,37665.0,26.625000000000004,20.225,19.41,0.0
2017-09-15,44983.0,11560.0,34228.0,21.2,16.625,17.8475,5.85
2017-09-16,48787.0,12035.0,36100.0,20.125,14.200000000000001,19.4825,0.325
2017-09-17,50242.0,11825.0,31524.0,22.224999999999998,15.049999999999999,20.58,0.0
2017-09-18,50526.0,11148.0,38636.0,22.450000000000003,16.174999999999997,16.755,0.5
2017-09-19,48516.0,10844.0,47134.0,23.65,16.549999999999997,20.994999999999997,0.0
2017-09-20,47072.0,10878.0,58622.0,25.799999999999997,17.9,20.685,0.0
2017-09-21,40348.0,10898.0,40874.0,26.2,19.049999999999997,19.0025,0.0
2017-09-22,40406.0,10936.0,33498.0,24.775000000000002,18.325,16.745,1.05
2017-09-23,44348.0,11144.0,31385.0,26.2,19.0,19.345,0.075
2017-09-24,46461.0,10995.0,25068.0,27.375,20.025,19.740000000000002,0.05
2017-09-25,46370.0,10003.0,28449.0,25.349999999999998,19.075,17.91,0.6
2017-09-26,48381.0,10130.0,30484.0,24.35,17.625,18.485,0.05
2017-09-27,24566.0,9611.0,36483.0,24.049999999999997,17.575,13.8475,0.275
2017-09-28,31185.0,9640.0,26895.0,26.450000000000003,19.675,17.7625,0.0
2017-09-29,39671.0,9505.0,23340.0,26.924999999999997,20.2,17.535,0.0
2017-09-30,27226.0,9510.0,24687.0,25.424999999999997,19.425,13.405000000000001,2.975
2017-10-01,24471.0,9332.0,18833.0,25.125,19.2,13.837499999999999,0.25
2017-10-02,40358.0,10058.0,30507.0,27.275,20.675,15.647499999999999,0.0
2017-10-03,43467.0,10055.0,22200.0,27.625,20.9,17.507499999999997,0.025
2017-10-04,39952.0,9448.0,22611.0,27.374999999999996,20.65,16.9525,0.0
2017-10-05,42991.0,9485.0,26235.0,28.200000000000003,20.725,17.8425,0.0
2017-10-06,43703.0,9477.0,15416.0,26.800000000000004,19.25,17.8825,0.0
2017-10-07,42296.0,9130.0,13077.0,24.8,17.35,17.762500000000003,0.0
2017-10-08,42264.0,8906.0,18289.0,25.700000000000003,17.675,17.46,0.0
2017-10-09,41558.0,9369.0,23686.0,25.525000000000002,17.625,17.372500000000002,0.0
2017-10-10,37068.0,10188.0,21592.0,25.625,17.4,17.2125,0.0
2017-10-11,35956.0,10406.0,18987.0,26.525000000000002,18.575,16.83,0.0
2017-10-12,29613.0,9348.0,25818.0,27.25,19.375,15.232500000000002,0.0
2017-10-13,30559.0,9496.0,23005.0,27.725,19.925,15.8475,0.0
2017-10-14,21549.0,9099.0,21091.0,27.674999999999997,19.974999999999998,15.040000000000001,0.0
2017-10-15,31493.0,8292.0,12137.0,27.95,20.249999999999996,15.1725,0.125
2017-10-16,30578.0,9125.0,22561.0,25.325,19.099999999999998,14.215,0.025
2017-10-17,12836.0,9212.0,30722.0,20.825,15.925,9.82,7.449999999999999
2017-10-18,8605.0,9149.0,32199.0,15.4,12.925,6.225,17.174999999999997
2017-10-19,19471.0,10739.0,24346.0,16.575000000000003,12.45,9.557500000000001,2.375
2017-10-20,21987.0,10646.0,24906.0,19.675,15.149999999999999,9.7675,0.15
2017-10-21,22874.0,9593.0,16599.0,20.374999999999996,15.7,12.5425,0.05
2017-10-22,34317.0,9008.0,19082.0,18.25,12.799999999999999,14.63,0.0
2017-10-23,36525.0,9096.0,23427.0,20.575000000000003,12.824999999999998,14.615,0.0
2017-10-24,37750.0,9035.0,24432.0,23.475,15.3,14.452499999999999,0.0
2017-10-25,39160.0,9056.0,29896.0,24.349999999999998,15.75,14.445,0.0
2017-10-26,37487.0,8855.0,27261.0,25.35,16.825,14.344999999999999,0.0
2017-10-27,36647.0,9239.0,20046.0,25.475,16.225,14.157499999999999,0.0
2017-10-28,34586.0,8244.0,18171.0,22.325,14.925,13.8475,0.0
2017-10-29,34281.0,8509.0,12806.0,21.049999999999997,13.3,13.8,0.0
2017-10-30,34464.0,8374.0,17997.0,19.225,12.649999999999999,11.88,0.0
2017-10-31,31402.0,8338.0,35517.0,18.275000000000002,11.575000000000001,13.504999999999999,0.0
2017-11-01,26042.0,8063.0,14825.0,20.324999999999996,12.5,12.2725,0.0
2017-11-02,13742.0,8228.0,30496.0,18.225,13.125,7.17,1.1
2017-11-03,13448.0,9136.0,34087.0,16.849999999999998,13.075,8.495,10.85
2017-11-04,11280.0,9114.0,17274.0,14.399999999999999,11.600000000000001,7.2475,9.950000000000001
2017-11-05,24982.0,9743.0,15776.0,14.3,10.25,10.692499999999999,0.7
2017-11-06,32919.0,10215.0,13722.0,12.024999999999999,7.575,11.9925,0.25
2017-11-07,33378.0,10007.0,24407.0,15.099999999999998,7.675,12.675,0.0
2017-11-08,28052.0,11344.0,40397.0,13.099999999999998,7.699999999999999,11.057500000000001,0.0
2017-11-09,30616.0,12024.0,35374.0,11.524999999999999,6.75,10.497500000000002,0.325
2017-11-10,30486.0,13249.0,18906.0,14.375000000000002,8.225,9.530000000000001,0.3
2017-11-11,30314.0,13790.0,18034.0,15.05,9.225,9.3325,0.45
2017-11-12,30144.0,12889.0,13982.0,16.075000000000003,8.875,11.267500000000002,0.05
2017-11-13,29507.0,12872.0,14089.0,13.35,7.999999999999999,10.985,0.225
2017-11-14,27494.0,11470.0,16436.0,12.275000000000002,6.200000000000001,11.649999999999999,0.0
2017-11-15,30041.0,12098.0,41805.0,15.224999999999998,7.300000000000001,11.1425,0.0
2017-11-16,30161.0,11704.0,47722.0,15.9,7.8999999999999995,11.37,0.0
2017-11-17,29668.0,11783.0,29200.0,16.975,8.5,10.9725,0.0
2017-11-18,29272.0,10971.0,20231.0,16.65,8.375,11.0375,0.0
2017-11-19,29176.0,10455.0,21422.0,16.15,7.925000000000001,10.927499999999998,0.0
2017-11-20,29083.0,10893.0,33948.0,16.925,8.674999999999999,11.005,0.0
2017-11-21,29121.0,10239.0,30885.0,16.525,8.625,10.9775,0.0
2017-11-22,24698.0,9587.0,39600.0,17.424999999999997,8.95,10.594999999999999,0.0
2017-11-23,13276.0,9539.0,16262.0,17.525,11.1,8.432500000000001,0.8
2017-11-24,15956.0,9899.0,26504.0,17.275,11.575000000000001,7.7875000000000005,1.0
2017-11-25,6171.0,10779.0,15823.0,14.325000000000001,9.65,6.11,2.625
2017-11-26,20723.0,10831.0,10979.0,11.375,6.45,9.795,0.0
2017-11-27,12798.0,10827.0,45791.0,11.375,5.425,8.375,0.125
2017-11-28,7161.0,10620.0,47230.0,11.924999999999999,6.550000000000001,6.3775,4.6
2017-11-29,9455.0,10898.0,36070.0,10.75,6.2,6.0275,8.35
2017-11-30,24113.0,11615.0,29044.0,7.275,2.65,9.86,0.0
2017-12-01,22042.0,12222.0,22135.0,7.249999999999999,2.0999999999999996,8.877500000000001,0.8999999999999999
2017-12-02,25406.0,12334.0,21748.0,5.8,1.2750000000000001,8.682500000000001,0.5
2017-12-03,27509.0,11804.0,15848.0,6.800000000000001,1.575,9.6975,0.0
2017-12-04,26212.0,12466.0,40862.0,9.05,2.275,9.55,0.0
2017-12-05,25665.0,12645.0,39295.0,9.35,2.6,9.3275,0.0
2017-12-06,23495.0,12331.0,44332.0,8.625,1.9500000000000002,8.86,0.0
2017-12-07,20614.0,12142.0,49151.0,10.25,3.5,8.7075,0.25
2017-12-08,17620.0,14594.0,30969.0,11.575000000000001,5.925,6.522499999999999,0.95
2017-12-09,8553.0,15915.0,11922.0,11.3,7.65,4.654999999999999,0.25
2017-12-10,5928.0,18335.0,27033.0,10.774999999999999,8.9,3.2649999999999997,8.925
2017-12-11,7949.0,23678.0,39605.0,9.674999999999999,6.1,5.55,21.925
2017-12-12,24531.0,25582.0,30774.0,7.925,2.9,8.84,0.1
2017-12-13,21320.0,22143.0,30016.0,9.575,4.324999999999999,7.267499999999999,0.0
2017-12-14,8510.0,24481.0,26862.0,10.85,7.75,4.0575,0.65
2017-12-15,7281.0,24485.0,28558.0,10.175,7.349999999999999,4.6875,2.6750000000000003
2017-12-16,24175.0,24212.0,21453.0,8.075,3.4250000000000007,8.807500000000001,0.075
2017-12-17,25813.0,22693.0,36032.0,7.125,2.425,8.64,0.0
2017-12-18,22659.0,22118.0,36569.0,9.25,3.825,7.66,1.325
2017-12-19,22905.0,23755.0,25887.0,10.725000000000001,4.8,9.045,0.0
2017-12-20,22326.0,23786.0,36483.0,10.35,4.05,8.235,0.075
2017-12-21,23407.0,22579.0,32925.0,11.775,5.475,8.795,0.0
2017-12-22,22660.0,21550.0,42626.0,12.174999999999999,5.225,8.344999999999999,0.0
2017-12-23,20212.0,19494.0,29888.0,11.425,4.975,7.6274999999999995,0.0
2017-12-24,18731.0,18373.0,36873.0,10.7,4.7,7.7425,0.0
2017-12-25,8732.0,17278.0,27200.0,10.7,5.225,6.0025,1.2
2017-12-26,5995.0,17859.0,31377.0,8.55,6.15,4.425000000000001,1.95
2017-12-27,11608.0,21339.0,33320.0,8.7,6.274999999999999,6.445,5.35
2017-12-28,7203.0,24074.0,38915.0,11.45,7.499999999999999,4.94,2.45
2017-12-29,8698.0,27338.0,42553.0,12.6,8.625,5.41,0.30000000000000004
2017-12-30,17277.0,26592.0,47601.0,14.325000000000001,9.299999999999999,7.5575,0.05
2017-12-31,5817.0,25463.0,27577.0,12.200000000000001,7.8500000000000005,5.8774999999999995,0.625
2018-01-01,19262.0,25419.0,28683.0,9.525,5.525000000000001,7.212500000000001,0.775
2018-01-02,16807.0,28060.0,40167.0,12.05,7.525,6.4025,0.325
2018-01-03,11836.0,30333.0,55329.0,14.124999999999998,9.850000000000001,5.4875,0.0
2018-01-04,10348.0,30825.0,49070.0,12.775000000000002,9.75,5.2275,0.4
2018-01-05,9334.0,31051.0,62125.0,10.825000000000001,8.325000000000001,4.585,2.2249999999999996
2018-01-06,7083.0,30068.0,56344.0,7.975,4.925,4.7225,12.85
2018-01-07,7652.0,29979.0,55815.0,5.05,2.9250000000000003,3.075,6.9750000000000005
2018-01-08,16898.0,30137.0,78564.0,6.925,1.6500000000000001,7.544999999999999,2.075
2018-01-09,6549.0,28077.0,60292.0,6.8,2.0999999999999996,4.375,3.5
2018-01-10,10392.0,27706.0,41808.0,9.0,5.4,6.2925,1.8
2018-01-11,16476.0,29294.0,42722.0,8.075,4.25,8.2275,0.075
2018-01-12,18926.0,28152.0,68666.0,8.000000000000002,2.875,9.1075,0.0
2018-01-13,6012.0,25615.0,49404.0,7.175,3.4,4.15,3.5249999999999995
2018-01-14,8629.0,25988.0,58537.0,6.949999999999999,3.375,6.3425,0.975
2018-01-15,23994.0,27263.0,58933.0,8.75,2.75,9.775,0.0
2018-01-16,23704.0,27012.0,47622.0,11.65,5.775,8.9825,0.0
2018-01-17,23918.0,29425.0,50085.0,11.125,6.549999999999999,9.195,0.025
2018-01-18,25054.0,28801.0,73857.0,12.875,5.925000000000001,10.4575,0.0
2018-01-19,22465.0,26055.0,51806.0,13.175,5.749999999999999,10.252500000000001,0.0
2018-01-20,22038.0,23902.0,40626.0,12.5,6.174999999999999,10.0375,0.6
2018-01-21,23345.0,24945.0,49097.0,13.425,7.475,9.37,2.025
2018-01-22,22799.0,27809.0,46530.0,13.575,7.425000000000001,8.947500000000002,0.05
2018-01-23,21318.0,28237.0,77567.0,12.7,6.575,9.1,0.0
2018-01-24,22153.0,27096.0,57572.0,13.5,6.374999999999999,10.0475,0.025
2018-01-25,8892.0,28040.0,52305.0,10.275000000000002,6.325,6.460000000000001,4.9750000000000005
2018-01-26,21801.0,28174.0,41940.0,8.35,3.95,8.4475,1.8
2018-01-27,23735.0,24458.0,38274.0,8.025,3.85,8.7475,0.0
2018-01-28,17694.0,23776.0,42644.0,11.325000000000001,5.25,9.3025,0.825
2018-01-29,23103.0,25235.0,54391.0,13.750000000000002,6.6,11.677499999999998,0.0
2018-01-30,22231.0,25510.0,59536.0,12.600000000000001,5.8,11.3825,0.025
2018-01-31,19626.0,25783.0,82118.0,12.575,5.575,12.087499999999999,0.025
2018-02-01,13021.0,25641.0,50157.0,9.875,4.825,8.81,1.2000000000000002
2018-02-02,25963.0,26029.0,45501.0,6.949999999999999,2.4,11.7,0.24999999999999997
2018-02-03,29431.0,23231.0,31015.0,8.125,2.5500000000000003,9.7675,0.275
2018-02-04,9037.0,23234.0,53809.0,6.75,3.0999999999999996,7.7825,6.875
2018-02-05,10852.0,24707.0,72413.0,6.425,2.15,8.08,7.1499999999999995
2018-02-06,17467.0,24811.0,73109.0,6.075,1.5750000000000002,7.7325,1.4500000000000002
2018-02-07,23706.0,24130.0,87405.0,4.8500000000000005,0.17499999999999982,11.515,0.025
2018-02-08,32557.0,24225.0,84817.0,5.175,-0.2749999999999999,12.715,0.025
2018-02-09,21164.0,24985.0,63668.0,7.65,1.35,9.9725,0.175
2018-02-10,29021.0,24416.0,46014.0,7.874999999999999,2.625,12.8375,0.075
2018-02-11,28088.0,24619.0,41152.0,12.675,6.45,11.1325,0.825
2018-02-12,19401.0,28703.0,62980.0,8.825,4.475,11.3825,1.325
2018-02-13,27797.0,28826.0,46261.0,7.475,2.15,11.4025,0.75
2018-02-14,15986.0,32022.0,48069.0,9.725,5.775,7.095000000000001,1.175
2018-02-15,26332.0,33597.0,69085.0,14.3,8.675,9.93,0.0
2018-02-16,28129.0,35375.0,85880.0,14.525,9.075000000000001,9.49,0.525
2018-02-17,23500.0,34950.0,59791.0,12.600000000000001,7.275,10.2875,0.05
2018-02-18,26096.0,34587.0,53933.0,12.8,6.575,13.712500000000002,0.275
2018-02-19,26701.0,35106.0,84126.0,13.000000000000002,7.6,11.8,0.19999999999999998
2018-02-20,36198.0,33823.0,60060.0,14.125,8.0,13.504999999999999,2.3
2018-02-21,35685.0,32269.0,56820.0,10.4,5.9,13.7225,0.725
2018-02-22,45066.0,30350.0,59075.0,9.0,3.125,15.995000000000001,0.0
2018-02-23,46565.0,30522.0,82880.0,9.1,2.3000000000000003,16.6175,0.0
2018-02-24,40310.0,29366.0,76620.0,10.725000000000001,3.25,15.785,0.0
2018-02-25,36171.0,27193.0,52348.0,12.9,5.8,15.002500000000001,0.39999999999999997
2018-02-26,31504.0,27725.0,75211.0,13.350000000000001,5.75,14.705,1.3
2018-02-27,10545.0,29244.0,105677.0,8.725,4.674999999999999,9.270000000000001,7.6000000000000005
2018-02-28,6399.0,29466.0,98198.0,9.175,5.95,3.5524999999999993,30.625
2018-03-01,8873.0,33358.0,70478.0,11.325000000000001,8.350000000000001,6.322500000000001,21.85
2018-03-02,7821.0,37760.0,93874.0,10.95,6.65,8.0375,16.275
2018-03-03,11990.0,36283.0,76068.0,10.675,7.625,9.907499999999999,9.85
2018-03-04,18305.0,35737.0,71364.0,11.5,7.799999999999999,10.412500000000001,11.125
2018-03-05,13496.0,36960.0,102325.0,9.275,6.4,10.1225,6.375
2018-03-06,16124.0,37080.0,85762.0,9.275,5.55,11.4025,3.05
2018-03-07,29003.0,37075.0,104150.0,10.25,4.625000000000001,15.885,2.575
2018-03-08,12705.0,36303.0,99829.0,11.950000000000001,8.250000000000002,8.55,3.575
2018-03-09,15115.0,37962.0,79339.0,13.55,10.124999999999998,8.1175,7.8500000000000005
2018-03-10,16076.0,43602.0,97292.0,12.95,10.1,9.7625,21.875
2018-03-11,18279.0,43628.0,95641.0,9.875,7.200000000000001,12.1075,4.7
2018-03-12,29396.0,42954.0,120742.0,10.85,7.075,13.2975,0.975
2018-03-13,18981.0,42530.0,161761.0,13.15,8.625,12.3275,1.6749999999999998
2018-03-14,9079.0,42449.0,140078.0,12.325000000000001,9.0,7.3325,17.825000000000003
2018-03-15,21515.0,45127.0,144185.0,10.65,7.2250000000000005,13.1125,9.25
2018-03-16,28204.0,45269.0,150043.0,9.450000000000001,5.725,15.817499999999999,1.15
2018-03-17,11984.0,42168.0,140134.0,8.625,4.8500000000000005,8.855,9.174999999999999
2018-03-18,23068.0,40881.0,131170.0,10.025,4.875000000000001,14.754999999999999,1.5999999999999999
2018-03-19,15338.0,41944.0,131302.0,8.725,4.4,9.3925,5.800000000000001
2018-03-20,31599.0,41030.0,141773.0,7.925000000000001,3.2750000000000004,16.8325,0.5750000000000001
2018-03-21,49654.0,39104.0,134702.0,8.75,3.1999999999999993,19.967499999999998,0.375
2018-03-22,55244.0,39157.0,134443.0,10.649999999999999,3.875,21.724999999999998,0.0
2018-03-23,17436.0,39475.0,127877.0,11.625,6.7749999999999995,10.32,2.675
2018-03-24,29234.0,38320.0,98808.0,9.625,6.175,14.9225,5.875
2018-03-25,23151.0,36914.0,108343.0,10.8,5.85,14.8975,2.3
2018-03-26,49556.0,40205.0,130448.0,13.0,6.45,20.105,0.0
2018-03-27,56212.0,41059.0,127048.0,16.775,9.5,20.835,0.0
2018-03-28,55996.0,41826.0,121929.0,17.8,10.425,21.6725,0.025
2018-03-29,41582.0,39846.0,115400.0,12.224999999999998,8.25,18.035,2.475
2018-03-30,28036.0,38325.0,90616.0,9.75,5.8999999999999995,17.5575,5.05
2018-03-31,45113.0,38830.0,95140.0,10.45,5.625,17.8825,0.3
2018-04-01,41709.0,40354.0,97997.0,16.425,8.925,20.8925,0.0
2018-04-02,33247.0,41336.0,96182.0,15.325,9.900000000000002,17.520000000000003,1.3
2018-04-03,29685.0,42457.0,102307.0,14.149999999999999,10.1,15.2,3.525
2018-04-04,36417.0,43327.0,95047.0,13.300000000000002,8.95,17.052500000000002,4.05
2018-04-05,46036.0,44214.0,140966.0,18.049999999999997,9.875,22.4325,0.0
2018-04-06,29353.0,43703.0,121795.0,18.299999999999997,11.15,19.9925,4.3
2018-04-07,12324.0,45153.0,120066.0,12.65,9.025,13.19,6.625
2018-04-08,24578.0,45468.0,102986.0,12.65,8.225000000000001,13.7625,5.425
2018-04-09,25100.0,45149.0,132063.0,9.924999999999999,5.925,13.897499999999999,7.25
2018-04-10,10202.0,45570.0,140483.0,7.975,5.45,6.755,18.475
2018-04-11,25531.0,44625.0,134558.0,10.775,6.325,16.46,6.5
2018-04-12,16249.0,43505.0,162058.0,10.549999999999999,6.674999999999999,11.135000000000002,8.575
2018-04-13,24145.0,43593.0,157571.0,11.100000000000001,7.1499999999999995,12.4275,5.725
2018-04-14,43517.0,42074.0,123893.0,14.1,8.475,17.025,0.3
2018-04-15,23495.0,40090.0,117340.0,14.25,9.775,13.544999999999998,2.075
2018-04-16,41209.0,42891.0,130849.0,15.2,9.35,19.862499999999997,5.4
2018-04-17,56624.0,42892.0,131245.0,20.125,12.2,24.99,0.075
2018-04-18,59302.0,43143.0,118464.0,22.150000000000002,14.149999999999999,24.485,0.025
2018-04-19,58329.0,43380.0,113035.0,21.6,14.55,24.2225,0.1
2018-04-20,46931.0,44446.0,120532.0,20.599999999999998,14.350000000000001,23.6175,0.125
2018-04-21,18655.0,44668.0,124391.0,20.1,14.049999999999999,19.98,2.05
2018-04-22,26064.0,44238.0,118174.0,20.975,14.65,19.76,2.2
2018-04-23,26907.0,45790.0,142721.0,22.875,15.774999999999999,20.7125,0.9500000000000001
2018-04-24,33052.0,45481.0,143690.0,23.375,16.275,24.450000000000003,0.3
2018-04-25,35781.0,44418.0,136046.0,23.85,16.474999999999998,24.154999999999998,0.0
2018-04-26,44741.0,43489.0,137451.0,22.224999999999998,15.775,25.0325,0.05
2018-04-27,48005.0,43284.0,121335.0,20.575,15.225000000000001,23.8675,5.825
2018-04-28,39522.0,42874.0,100527.0,15.6,11.675,18.892500000000002,6.05
2018-04-29,35565.0,40866.0,75109.0,12.700000000000001,8.175,18.46,13.75
2018-04-30,30588.0,42460.0,120320.0,11.85,7.300000000000001,19.3275,1.775
2018-05-01,36432.0,40623.0,86516.0,12.775,7.7250000000000005,20.94,1.525
2018-05-02,46210.0,40178.0,103224.0,15.399999999999999,9.55,21.310000000000002,0.0
2018-05-03,44054.0,41378.0,92915.0,17.175,11.675,21.1925,0.475
2018-05-04,49157.0,40204.0,85145.0,18.325,12.075,24.1,0.325
2018-05-05,48794.0,38738.0,73494.0,21.475,14.174999999999999,23.565,0.175
2018-05-06,45323.0,38368.0,69795.0,22.475,15.600000000000001,23.485,0.30000000000000004
2018-05-07,45957.0,40629.0,131348.0,22.975,16.45,23.925000000000004,0.725
2018-05-08,38234.0,40535.0,105371.0,23.025,16.475,22.6925,1.5250000000000001
2018-05-09,32564.0,39660.0,78852.0,21.450000000000003,15.575,21.544999999999998,0.55
2018-05-10,38590.0,38780.0,77913.0,20.5,14.875,24.372500000000002,0.375
2018-05-11,48244.0,40573.0,99134.0,21.7,15.3,26.13,0.1
2018-05-12,43009.0,37943.0,53686.0,17.375,13.025,21.222499999999997,6.925
2018-05-13,57123.0,37113.0,52736.0,15.65,10.225,25.2625,0.125
2018-05-14,52007.0,38368.0,59215.0,18.15,12.3,20.919999999999998,0.1
2018-05-15,62221.0,36827.0,58402.0,21.2,14.674999999999999,26.759999999999998,0.225
2018-05-16,65361.0,36577.0,63583.0,23.650000000000002,16.275000000000002,26.1125,0.0
2018-05-17,59549.0,36700.0,70606.0,23.15,16.225,24.3,0.525
2018-05-18,39071.0,36056.0,93890.0,20.875,15.049999999999999,20.32,5.025
2018-05-19,43753.0,36135.0,66409.0,22.075,15.675,23.25,2.9749999999999996
2018-05-20,31056.0,35995.0,63702.0,21.075,15.075000000000001,22.095000000000002,5.125
2018-05-21,36549.0,36579.0,91107.0,20.625,15.125,22.2125,3.05
2018-05-22,47271.0,36657.0,81064.0,22.099999999999998,16.05,23.1075,2.65
2018-05-23,29777.0,35456.0,93229.0,23.275,17.325,21.22,0.42500000000000004
2018-05-24,27193.0,35490.0,66957.0,21.449999999999996,16.325,19.77,4.15
2018-05-25,26466.0,36769.0,65602.0,19.575,14.850000000000001,17.82,9.425
2018-05-26,36308.0,38573.0,51219.0,19.7,15.05,18.66,4.0
2018-05-27,29898.0,38858.0,47778.0,20.200000000000003,15.375000000000002,17.925,3.8249999999999997
2018-05-28,30181.0,38768.0,75185.0,19.0,14.775000000000002,16.7,12.55
2018-05-29,26373.0,38480.0,86551.0,18.575,14.3,20.0175,6.074999999999999
2018-05-30,27179.0,39557.0,70128.0,18.6,14.400000000000002,18.395,2.25
2018-05-31,43139.0,39357.0,68257.0,20.375000000000004,15.1,20.447499999999998,1.25
2018-06-01,47926.0,39251.0,61240.0,21.225,15.774999999999999,23.9525,2.7750000000000004
2018-06-02,36021.0,39197.0,57090.0,20.400000000000002,15.25,21.567500000000003,3.55
2018-06-03,42323.0,39085.0,56295.0,21.025,15.750000000000002,22.4775,1.5
2018-06-04,35888.0,40042.0,69909.0,18.225,14.299999999999997,20.6025,4.15
2018-06-05,20317.0,41306.0,80806.0,17.825,14.0,17.005,3.05
2018-06-06,23865.0,42583.0,72250.0,18.775,14.075,17.55,2.975
2018-06-07,34989.0,41194.0,72813.0,20.725,15.575,20.92,1.9499999999999997
2018-06-08,22436.0,41925.0,70230.0,18.925,14.875,14.032499999999999,5.949999999999999
2018-06-09,23691.0,42372.0,69211.0,20.125,15.2,21.307499999999997,2.0
2018-06-10,28633.0,42244.0,77840.0,19.575000000000003,14.875,17.175,9.5
2018-06-11,26756.0,42932.0,105463.0,19.949999999999996,15.425,20.5925,1.125
2018-06-12,45020.0,42198.0,91142.0,21.35,16.15,19.86,2.25
2018-06-13,55627.0,42358.0,81395.0,23.75,17.4,26.950000000000003,0.0
2018-06-14,59480.0,43094.0,81746.0,25.725,18.55,28.6875,0.0
2018-06-15,62066.0,41268.0,97168.0,28.299999999999997,20.625,28.2675,1.9
2018-06-16,60822.0,38997.0,86072.0,28.074999999999996,21.349999999999998,26.835,0.25
2018-06-17,60678.0,38570.0,78845.0,29.325,22.375,28.910000000000004,0.225
2018-06-18,58707.0,38302.0,93391.0,30.849999999999998,23.1,29.165,0.0
2018-06-19,60566.0,38261.0,104146.0,30.175000000000004,22.975,28.9275,0.0
2018-06-20,58735.0,38207.0,129595.0,30.300000000000004,23.799999999999997,27.105,0.17500000000000002
2018-06-21,53141.0,37532.0,113842.0,29.849999999999998,23.55,25.835,0.675
2018-06-22,53226.0,35896.0,89685.0,30.575,23.700000000000003,27.795,0.275
2018-06-23,54886.0,34544.0,75978.0,31.474999999999998,24.075,27.415,0.75
2018-06-24,51111.0,34017.0,68930.0,32.15,24.85,27.987499999999997,0.475
2018-06-25,48075.0,34178.0,103315.0,30.35,23.875,26.695,0.1
2018-06-26,52123.0,33457.0,100176.0,30.7,23.625,27.53,0.325
2018-06-27,53783.0,33008.0,91318.0,28.825000000000003,22.7,27.285,0.275
2018-06-28,37164.0,32668.0,86934.0,28.299999999999997,21.625,23.332499999999996,3.6
2018-06-29,50427.0,32690.0,90481.0,27.75,21.275000000000002,25.9425,1.725
2018-06-30,34300.0,32688.0,71753.0,25.65,20.275,22.222499999999997,2.025
2018-07-01,40897.0,32262.0,63261.0,25.375,19.825000000000003,26.032500000000002,0.5249999999999999
2018-07-02,42753.0,32522.0,84697.0,25.25,19.625,23.767500000000002,0.925
2018-07-03,57021.0,32503.0,110769.0,27.825000000000003,21.05,27.082500000000003,0.425
2018-07-04,57094.0,30181.0,75371.0,25.699999999999996,20.325,27.557499999999997,0.2
2018-07-05,60120.0,30576.0,81140.0,26.625,20.4,26.315,0.075
2018-07-06,58622.0,30393.0,86001.0,29.1,21.8,28.56,0.275
2018-07-07,55460.0,28228.0,47164.0,30.224999999999998,22.975,26.545,0.725
2018-07-08,60276.0,28626.0,41626.0,31.050000000000004,24.05,27.3475,1.4249999999999998
2018-07-09,62032.0,29741.0,70720.0,31.575000000000003,24.700000000000003,28.115000000000002,0.075
2018-07-10,60506.0,29146.0,81870.0,30.75,24.2,28.34,0.0
2018-07-11,54012.0,28278.0,85156.0,27.650000000000002,22.025000000000002,26.3975,1.05
2018-07-12,50931.0,27365.0,80431.0,27.675,21.65,25.525,0.55
2018-07-13,53000.0,27333.0,68999.0,28.9,22.15,26.8675,0.675
2018-07-14,57809.0,26592.0,54385.0,28.625000000000004,22.15,28.287499999999998,0.0
2018-07-15,51557.0,26253.0,42371.0,26.375,21.225,27.9775,0.0
2018-07-16,56733.0,26707.0,48844.0,26.85,20.849999999999998,25.7825,0.9
2018-07-17,60740.0,27312.0,81543.0,30.725,23.075,28.072499999999998,0.0
2018-07-18,58518.0,26408.0,95267.0,30.025000000000002,23.325000000000003,27.7325,0.6
2018-07-19,61010.0,26296.0,86174.0,30.125000000000004,22.9,28.62,0.0
2018-07-20,56506.0,26792.0,64570.0,28.4,22.075000000000003,26.075,0.22499999999999998
2018-07-21,58838.0,26747.0,55673.0,27.299999999999997,21.325000000000003,24.8825,1.325
2018-07-22,57245.0,25981.0,49031.0,28.7,22.0,26.35,0.975
2018-07-23,60223.0,26247.0,86624.0,31.324999999999996,23.575,28.835,0.0
2018-07-24,60249.0,25762.0,87752.0,30.500000000000004,23.449999999999996,27.365000000000002,0.575
2018-07-25,61952.0,25520.0,79299.0,30.9,23.3,27.252499999999998,0.875
2018-07-26,58240.0,25243.0,75947.0,30.5,23.575000000000003,26.765,0.225
2018-07-27,61340.0,25107.0,74917.0,31.15,23.85,27.665,0.175
2018-07-28,62952.0,22661.0,70232.0,30.025,23.3,28.205,0.025
2018-07-29,62259.0,22076.0,42949.0,29.45,22.625,27.85,0.15
2018-07-30,62066.0,22590.0,54440.0,30.35,22.9,26.89,0.35
2018-07-31,61943.0,22586.0,53444.0,31.825000000000003,24.599999999999998,27.115,0.0
2018-08-01,56985.0,21835.0,58436.0,34.324999999999996,26.575,26.2325,0.2
2018-08-02,50186.0,22256.0,72137.0,36.45,28.35,26.66,0.1
2018-08-03,47407.0,22991.0,82944.0,37.324999999999996,29.4,25.4775,0.0
2018-08-04,43470.0,20308.0,57111.0,36.025,28.200000000000003,25.86,0.025
2018-08-05,48766.0,20286.0,47657.0,34.800000000000004,27.199999999999996,25.8125,0.05
2018-08-06,46272.0,22735.0,62187.0,35.800000000000004,27.675000000000004,25.3675,0.025
2018-08-07,43872.0,21975.0,48602.0,32.575,25.549999999999997,25.5175,0.175
2018-08-08,47718.0,22419.0,43296.0,30.0,23.575000000000003,22.995000000000005,3.825
2018-08-09,55473.0,22008.0,40342.0,27.275000000000002,21.525,24.080000000000002,5.6
2018-08-10,55962.0,23049.0,29468.0,29.349999999999998,22.325,24.887500000000003,2.35
2018-08-11,52236.0,21105.0,41729.0,31.050000000000004,24.125,24.72,0.35
2018-08-12,49368.0,21103.0,32353.0,31.45,24.450000000000003,22.645,1.725
2018-08-13,54707.0,22162.0,34412.0,29.575,23.125,25.03,1.3
2018-08-14,58513.0,21413.0,34468.0,30.1,22.825,26.082500000000003,0.075
2018-08-15,54848.0,20466.0,38602.0,29.425000000000004,22.275000000000002,25.7725,0.0
2018-08-16,43591.0,20679.0,45840.0,29.475,22.349999999999998,23.337500000000002,0.75
2018-08-17,44844.0,20892.0,33748.0,28.1,21.875,21.337500000000002,2.075
2018-08-18,46206.0,19454.0,37267.0,28.949999999999996,22.15,23.642500000000002,1.375
2018-08-19,49248.0,18803.0,35715.0,30.449999999999996,23.375,23.5775,0.1
2018-08-20,50443.0,20971.0,70827.0,30.85,24.2,24.25,0.0
2018-08-21,51916.0,20035.0,62949.0,30.65,24.049999999999997,22.9775,0.175
2018-08-22,46322.0,20297.0,64035.0,30.725,24.025,22.115,0.325
2018-08-23,46043.0,19986.0,64220.0,30.800000000000004,24.200000000000003,21.72,1.275
2018-08-24,49057.0,19367.0,45507.0,30.750000000000004,23.724999999999998,23.11,0.0
2018-08-25,49294.0,18075.0,28445.0,29.3,22.475,23.482499999999998,0.1
2018-08-26,53777.0,17832.0,31886.0,30.424999999999997,22.575,24.4775,0.0
2018-08-27,41476.0,19136.0,72119.0,32.825,24.35,22.8925,0.0
2018-08-28,43970.0,18855.0,62564.0,30.725,24.0,21.222499999999997,0.2
2018-08-29,47306.0,18244.0,53566.0,28.599999999999998,22.325,22.585,1.15
2018-08-30,47309.0,18545.0,61780.0,29.474999999999998,22.675,22.8725,0.1
2018-08-31,47104.0,18342.0,46889.0,30.4,23.475,22.357499999999998,0.275
2018-09-01,46681.0,17343.0,36841.0,31.124999999999996,24.075,22.57,0.2
2018-09-02,37931.0,17878.0,51063.0,31.65,24.25,21.235,0.0
2018-09-03,29176.0,18826.0,59511.0,28.150000000000002,22.325,20.535,0.2
2018-09-04,40865.0,18242.0,52736.0,26.625,20.6,21.1825,1.425
2018-09-05,31362.0,18769.0,51453.0,24.75,19.35,18.942500000000003,3.0749999999999997
2018-09-06,43597.0,19884.0,39542.0,25.075000000000003,19.0,20.517500000000002,2.0
2018-09-07,40341.0,19790.0,37616.0,25.45,19.400000000000002,20.6575,0.07500000000000001
2018-09-08,19135.0,18615.0,42938.0,24.224999999999998,18.724999999999998,16.1375,2.4000000000000004
2018-09-09,26263.0,18839.0,33259.0,25.675,19.474999999999998,17.595,3.2
2018-09-10,42797.0,19180.0,48430.0,26.575000000000003,20.35,19.5425,3.9499999999999997
2018-09-11,40137.0,19057.0,66246.0,27.575000000000003,21.325000000000003,19.0575,0.275
2018-09-12,37347.0,18378.0,81843.0,27.799999999999997,21.6,18.3375,0.875
2018-09-13,42789.0,17245.0,77625.0,28.9,22.15,20.0475,0.025
2018-09-14,29143.0,17203.0,60652.0,28.025,21.424999999999997,17.7975,0.425
2018-09-15,31381.0,16121.0,40418.0,27.025,21.0,17.974999999999998,0.15000000000000002
2018-09-16,44612.0,16459.0,33642.0,27.900000000000002,21.599999999999998,19.564999999999998,0.2
2018-09-17,32051.0,17256.0,38807.0,27.75,21.049999999999997,17.28,1.725
2018-09-18,38067.0,17446.0,51971.0,27.35,21.075,18.455,2.9
2018-09-19,42435.0,18613.0,75451.0,28.05,21.25,18.445,0.2
2018-09-20,42525.0,17097.0,74194.0,28.674999999999997,21.825000000000003,19.135,0.0
2018-09-21,44993.0,17049.0,66286.0,28.599999999999998,21.875,18.5125,0.0
2018-09-22,46534.0,15887.0,41184.0,30.325,22.625,19.605,0.0
2018-09-23,48112.0,15612.0,32345.0,31.025,23.525,19.5975,0.0
2018-09-24,47939.0,15315.0,45189.0,29.675,22.475,18.86,0.0
2018-09-25,44350.0,15943.0,47502.0,27.4,20.2,19.0575,0.0
2018-09-26,30090.0,15819.0,40004.0,26.8,20.4,15.677499999999998,0.225
2018-09-27,40876.0,15648.0,58888.0,26.3,20.45,17.5625,0.1
2018-09-28,44878.0,15858.0,48201.0,27.325,20.375000000000004,18.1225,0.0
2018-09-29,47418.0,14344.0,27229.0,26.6,19.699999999999996,18.0925,1.5
2018-09-30,42213.0,14191.0,28488.0,26.475,19.650000000000002,17.835,0.0
2018-10-01,40471.0,12816.0,24621.0,23.474999999999998,17.2,17.525,0.0
2018-10-02,45955.0,12616.0,27655.0,23.974999999999998,16.075,18.292499999999997,0.0
2018-10-03,48018.0,13122.0,59689.0,25.599999999999998,17.45,18.072499999999998,0.0
2018-10-04,46622.0,12776.0,45287.0,26.1,18.150000000000002,18.2775,0.0
2018-10-05,45071.0,13719.0,40909.0,26.075,18.275,17.92,0.0
2018-10-06,43223.0,13018.0,25563.0,25.050000000000004,17.85,17.207500000000003,2.55
2018-10-07,43750.0,12785.0,17814.0,20.849999999999998,15.175,16.034999999999997,0.825
2018-10-08,42860.0,13508.0,34961.0,19.475,13.475000000000001,15.442499999999999,1.775
2018-10-09,33437.0,13106.0,35892.0,19.7,13.950000000000001,14.469999999999999,1.4
2018-10-10,22325.0,13380.0,36551.0,20.25,15.150000000000002,11.274999999999999,10.725
2018-10-11,12347.0,13526.0,31877.0,20.650000000000002,16.299999999999997,10.2375,4.425000000000001
2018-10-12,26281.0,13563.0,35776.0,22.95,17.65,12.342500000000001,0.375
2018-10-13,36138.0,12889.0,23453.0,25.099999999999998,18.175,13.865000000000002,0.575
2018-10-14,16089.0,15249.0,28123.0,18.0,14.4,9.287500000000001,18.1
2018-10-15,15307.0,17463.0,42022.0,15.2,11.425,7.025,17.299999999999997
2018-10-16,25016.0,17314.0,73694.0,18.025,13.25,11.7825,1.2999999999999998
2018-10-17,39002.0,16238.0,72817.0,20.15,14.25,13.327499999999999,0.525
2018-10-18,12714.0,16068.0,35308.0,17.5,13.55,8.4725,6.95
2018-10-19,16087.0,17144.0,42544.0,18.650000000000002,13.825000000000001,10.035,1.775
2018-10-20,12623.0,16981.0,36156.0,18.849999999999998,13.775000000000002,8.7425,3.625
2018-10-21,15627.0,16863.0,33887.0,21.450000000000003,15.275000000000002,12.44,1.975
2018-10-22,32001.0,16213.0,34688.0,21.25,14.825000000000001,13.9275,0.2
2018-10-23,22947.0,14798.0,37829.0,20.825000000000003,14.45,12.582500000000001,0.0
2018-10-24,35336.0,14385.0,47286.0,21.575000000000003,14.575,14.535,0.0
2018-10-25,34573.0,14801.0,61996.0,22.275,14.274999999999999,14.560000000000002,0.0
2018-10-26,9568.0,15250.0,59438.0,17.375,13.25,6.99,2.875
2018-10-27,10773.0,15454.0,29566.0,13.775,10.025,8.2875,4.675
2018-10-28,19688.0,16540.0,29183.0,8.1,4.800000000000001,8.967500000000001,2.625
2018-10-29,30554.0,15960.0,34549.0,9.4,5.15,10.252499999999998,0.275
2018-10-30,5616.0,17186.0,67536.0,9.725,6.625,5.2524999999999995,13.649999999999999
2018-10-31,9511.0,19149.0,61581.0,10.150000000000002,6.699999999999999,5.91,12.175
2018-11-01,27864.0,19030.0,27590.0,12.975,7.325,11.0375,0.325
2018-11-02,14979.0,22399.0,29571.0,15.65,10.5,8.622499999999999,0.025
2018-11-03,26659.0,22882.0,27897.0,15.3,9.45,12.455,0.175
2018-11-04,18192.0,21136.0,26442.0,15.475,9.55,9.2025,1.75
2018-11-05,8640.0,24061.0,42536.0,10.775,8.5,7.84,17.8
2018-11-06,17042.0,25614.0,33201.0,10.75,7.625,6.1675,1.025
2018-11-07,12148.0,28510.0,36992.0,11.8,8.825000000000001,5.2375,2.15
2018-11-08,8771.0,28761.0,47895.0,11.85,8.450000000000001,4.055,9.625
2018-11-09,22421.0,29541.0,47976.0,11.975,7.875,8.9025,4.625
2018-11-10,8545.0,32520.0,43790.0,13.525000000000002,10.424999999999999,5.5125,2.25
2018-11-11,15507.0,33698.0,46772.0,15.7,11.375,6.8825,4.475
2018-11-12,9735.0,33596.0,69844.0,13.575000000000001,10.15,6.3075,5.925
2018-11-13,14350.0,30823.0,62145.0,16.325,10.325,9.3725,0.625
2018-11-14,11820.0,28480.0,57448.0,16.599999999999998,10.9,9.1925,0.0
2018-11-15,12940.0,27655.0,64749.0,16.175,11.200000000000001,8.9525,0.325
2018-11-16,12545.0,27980.0,64076.0,15.975,10.725,8.927499999999998,0.35000000000000003
2018-11-17,15107.0,25706.0,40974.0,15.175,10.700000000000001,7.9175,2.55
2018-11-18,3537.0,25309.0,37595.0,11.575000000000001,9.0,3.9125,9.425
2018-11-19,6902.0,26572.0,80264.0,11.475,8.475,6.660000000000001,2.7249999999999996
2018-11-20,7466.0,26099.0,59221.0,9.925,7.975,6.16,3.075
2018-11-21,10782.0,25978.0,55716.0,11.15,8.0,7.555,0.75
2018-11-22,5226.0,27446.0,70353.0,10.65,7.35,5.7924999999999995,5.6
2018-11-23,12187.0,27720.0,64364.0,10.4,7.1000000000000005,6.04,4.025
2018-11-24,18487.0,27930.0,41403.0,10.674999999999999,6.425,7.3575,0.775
2018-11-25,10182.0,29224.0,43675.0,12.325,9.325,5.567500000000001,8.075
2018-11-26,16904.0,30974.0,59418.0,11.225,7.2,7.5625,0.8500000000000001
2018-11-27,21668.0,30745.0,58094.0,11.925,5.825000000000001,9.2075,0.0
2018-11-28,24797.0,29662.0,56363.0,13.45,6.575,9.782499999999999,0.0
2018-11-29,19819.0,29902.0,69596.0,13.149999999999999,6.725,8.245,1.7
2018-11-30,22519.0,29144.0,56692.0,10.774999999999999,7.3999999999999995,7.9975000000000005,0.825
2018-12-01,19624.0,24609.0,51627.0,11.549999999999999,6.475,7.71,0.0
2018-12-02,16529.0,23935.0,48398.0,13.524999999999999,8.049999999999999,7.95,0.025
2018-12-03,16191.0,26849.0,73227.0,14.85,8.525,7.795000000000001,0.05
2018-12-04,23359.0,31498.0,81143.0,14.575000000000001,8.625,8.2,0.0
2018-12-05,22750.0,30626.0,59366.0,16.975,9.425,9.1,0.0
2018-12-06,22854.0,29774.0,50702.0,14.875,8.6,8.08,0.0
2018-12-07,21305.0,28774.0,40151.0,13.75,7.949999999999999,8.4225,0.05
2018-12-08,17814.0,27154.0,30894.0,12.775,7.425,8.182500000000001,0.0
2018-12-09,23455.0,26101.0,33012.0,14.875000000000002,7.95,8.942499999999999,0.0
2018-12-10,22622.0,26155.0,45168.0,13.524999999999999,6.925,8.235,0.0
2018-12-11,13950.0,26031.0,86852.0,12.7,6.2250000000000005,6.5649999999999995,0.05
2018-12-12,9751.0,26098.0,91015.0,11.1,7.1,5.58,0.2
2018-12-13,7888.0,27709.0,55803.0,8.85,7.050000000000001,5.855,4.550000000000001
2018-12-14,18954.0,29109.0,56271.0,9.825,5.625,7.3774999999999995,0.3
2018-12-15,15479.0,30168.0,42231.0,12.024999999999999,7.0,7.359999999999999,0.675
2018-12-16,9549.0,32170.0,38904.0,10.15,6.9,3.8374999999999995,7.25
2018-12-17,17562.0,33704.0,85513.0,8.475,3.9249999999999994,6.685,0.0
2018-12-18,11502.0,32391.0,60206.0,11.475000000000001,5.300000000000001,6.647499999999999,0.55
2018-12-19,13137.0,32867.0,65203.0,9.575000000000001,6.7749999999999995,7.555,2.1999999999999997
2018-12-20,13233.0,32808.0,70430.0,10.45,6.075,6.489999999999999,0.1
2018-12-21,16449.0,31299.0,54981.0,11.025000000000002,6.6499999999999995,6.4025,0.0
2018-12-22,15709.0,31053.0,62512.0,11.8,7.125,6.79,0.0
2018-12-23,17493.0,30539.0,52403.0,11.25,6.3500000000000005,7.385,0.025
2018-12-24,13440.0,29712.0,60622.0,11.125,5.6,7.4825,0.0
2018-12-25,11597.0,28651.0,42126.0,11.0,5.75,6.8375,0.0
2018-12-26,15025.0,28865.0,65063.0,11.275,5.075,7.3375,0.0
2018-12-27,16162.0,28508.0,91163.0,10.125,4.425,6.945,0.0
2018-12-28,13224.0,27639.0,60629.0,10.25,4.725,7.205000000000001,0.0
2018-12-29,18126.0,26889.0,43773.0,11.45,5.725,8.205,0.0
2018-12-30,25256.0,25595.0,46509.0,12.674999999999999,5.75,9.305,0.0
2018-12-31,26240.0,25506.0,50812.0,12.525,5.3,9.379999999999999,0.0
2019-01-01,25653.0,22637.0,33948.0,12.5,4.825,9.4625,0.0
2019-01-02,25654.0,22008.0,47287.0,11.575,3.8249999999999997,9.1925,0.0
2019-01-03,22582.0,21592.0,73620.0,9.775,3.1750000000000003,9.425,0.0
2019-01-04,23927.0,21438.0,86307.0,10.15,3.025,9.2,0.0
2019-01-05,26110.0,18470.0,42970.0,10.149999999999999,2.9749999999999996,8.692499999999999,0.0
2019-01-06,26680.0,16833.0,29115.0,11.425,3.6000000000000005,9.950000000000001,0.0
2019-01-07,26734.0,17759.0,54000.0,11.0,3.2500000000000004,9.594999999999999,0.025
2019-01-08,26589.0,17210.0,61131.0,10.525,3.25,8.557500000000001,0.075
2019-01-09,25667.0,17384.0,36360.0,9.825000000000001,3.3499999999999996,9.1925,0.025
2019-01-10,27483.0,17992.0,52645.0,6.8999999999999995,1.8499999999999999,9.2225,0.1
2019-01-11,28229.0,18815.0,52765.0,5.800000000000001,1.1000000000000003,9.622499999999999,0.0
2019-01-12,27276.0,16947.0,25759.0,8.875,2.65,9.032499999999999,0.0
2019-01-13,26835.0,17177.0,35179.0,10.3,3.35,8.594999999999999,0.0
2019-01-14,26868.0,17599.0,39826.0,11.025,3.375,9.200000000000001,0.05
2019-01-15,21814.0,18430.0,70082.0,10.100000000000001,4.075,8.4175,0.0
2019-01-16,14469.0,18560.0,69467.0,10.1,3.9,8.145,0.0
2019-01-17,9761.0,18371.0,60835.0,8.675,3.7249999999999996,7.130000000000001,0.075
2019-01-18,13266.0,18487.0,90778.0,7.7749999999999995,2.75,7.7925,0.075
2019-01-19,10135.0,16644.0,54730.0,7.3500000000000005,3.6750000000000003,4.734999999999999,5.4
2019-01-20,15580.0,20131.0,30652.0,10.025,5.925,8.532499999999999,0.775
2019-01-21,26020.0,23207.0,78966.0,8.4,3.125,9.827499999999999,0.35
2019-01-22,9547.0,23837.0,55151.0,7.6000000000000005,2.7,6.0225,0.9
2019-01-23,13049.0,26558.0,45084.0,10.35,6.2250000000000005,6.1049999999999995,7.95
2019-01-24,17474.0,28929.0,51033.0,11.174999999999999,6.400000000000001,8.49,0.9
2019-01-25,29990.0,28361.0,54403.0,12.974999999999998,7.050000000000001,9.584999999999999,0.75
2019-01-26,32830.0,28167.0,50265.0,13.874999999999998,5.875,11.095,0.0
2019-01-27,24312.0,25558.0,45081.0,10.275,4.874999999999999,9.370000000000001,0.35000000000000003
2019-01-28,23903.0,29326.0,62635.0,10.225,4.925000000000001,8.149999999999999,5.625
2019-01-29,9398.0,30275.0,55062.0,8.875,5.2749999999999995,5.4375,1.25
2019-01-30,14330.0,31517.0,65889.0,8.625,4.875000000000001,8.237499999999999,1.6749999999999998
2019-01-31,7876.0,35503.0,64984.0,10.625000000000002,8.1,4.927499999999999,6.225
2019-02-01,14274.0,38484.0,81808.0,8.625,6.425,8.0525,16.0
2019-02-02,24954.0,36468.0,82796.0,7.15,3.2499999999999996,10.559999999999999,1.575
2019-02-03,34646.0,35050.0,75997.0,5.9,1.4249999999999998,11.944999999999999,0.175
2019-02-04,33381.0,33992.0,89215.0,11.174999999999999,3.1500000000000004,12.745,0.05
2019-02-05,35407.0,32424.0,81649.0,13.249999999999998,5.950000000000001,12.107499999999998,0.05
2019-02-06,34467.0,34655.0,76865.0,14.475,6.2,12.2125,0.0
2019-02-07,33870.0,36232.0,81002.0,13.950000000000001,6.425000000000001,12.66,0.0
2019-02-08,34449.0,36271.0,70528.0,12.975,5.824999999999999,13.2575,0.0
2019-02-09,29007.0,35129.0,64036.0,12.925,6.175,12.17,0.0
2019-02-10,13537.0,34267.0,58491.0,11.825000000000001,7.0,8.6325,0.125
2019-02-11,28115.0,36672.0,57976.0,11.25,6.975,11.157500000000002,0.19999999999999998
2019-02-12,33810.0,35166.0,74324.0,13.725,6.2749999999999995,13.745000000000001,0.0
2019-02-13,36023.0,34908.0,71097.0,14.1,5.975,14.39,0.0
2019-02-14,37209.0,32495.0,56089.0,15.025000000000002,6.2,14.677499999999998,0.0
2019-02-15,32553.0,32143.0,67442.0,15.75,6.875000000000001,14.814999999999998,0.0
2019-02-16,30493.0,29838.0,62131.0,16.650000000000002,7.575,14.685,0.0
2019-02-17,34127.0,28711.0,46932.0,15.575,7.3500000000000005,15.1375,0.0
2019-02-18,18221.0,30248.0,66920.0,13.774999999999999,6.6,11.59,1.075
2019-02-19,19674.0,30855.0,83876.0,13.425,7.575,12.61,0.625
2019-02-20,27834.0,31091.0,59164.0,14.875,7.75,13.6725,0.0
2019-02-21,33185.0,29352.0,55117.0,16.725,8.3,15.754999999999999,0.0
2019-02-22,37938.0,27504.0,49908.0,18.65,9.05,16.2075,0.0
2019-02-23,28231.0,25519.0,40304.0,18.95,10.25,14.817499999999999,0.0
2019-02-24,39126.0,24796.0,42880.0,18.200000000000003,9.925,16.1925,0.0
2019-02-25,42886.0,26493.0,70776.0,18.7,10.100000000000001,16.5375,0.0
2019-02-26,44892.0,27231.0,50138.0,20.35,10.899999999999999,16.7775,0.0
2019-02-27,40312.0,27286.0,54945.0,19.725,11.125000000000002,16.985000000000003,0.0
2019-02-28,35590.0,27203.0,50030.0,18.65,10.325,16.21,0.0
2019-03-01,28563.0,27052.0,60100.0,17.275,9.6,14.967500000000001,0.0
2019-03-02,39372.0,25950.0,45379.0,18.224999999999998,9.924999999999999,16.237499999999997,0.0
2019-03-03,39599.0,23943.0,31099.0,19.3,11.274999999999999,16.66,0.0
2019-03-04,22881.0,26914.0,41760.0,14.125,9.75,11.299999999999999,0.375
2019-03-05,16848.0,26623.0,38432.0,14.349999999999998,10.05,9.83,1.025
2019-03-06,11159.0,30325.0,38934.0,11.975,8.925,7.465,14.05
2019-03-07,30863.0,32452.0,56746.0,11.200000000000001,6.750000000000001,12.625,0.65
2019-03-08,30396.0,33297.0,72248.0,12.95,8.0,12.735000000000001,1.075
2019-03-09,45984.0,31236.0,70463.0,17.325000000000003,9.95,17.604999999999997,0.0
2019-03-10,47244.0,28454.0,46597.0,19.799999999999997,11.925,17.985,0.0
2019-03-11,47683.0,30483.0,71974.0,17.95,11.275,18.495,0.0
2019-03-12,47481.0,29598.0,59762.0,19.150000000000002,11.225,18.535,0.0
2019-03-13,45416.0,28109.0,49044.0,13.85,8.95,17.345,0.0
2019-03-14,50310.0,28603.0,61157.0,16.224999999999998,8.5,18.9175,0.0
2019-03-15,52324.0,30170.0,76455.0,21.175,11.725,20.200000000000003,0.0
2019-03-16,52800.0,27428.0,53150.0,22.275,12.55,20.355,0.0
2019-03-17,44954.0,24481.0,26914.0,18.575,10.950000000000001,18.52,0.0
2019-03-18,42311.0,25932.0,42876.0,14.375,8.775,18.835,0.0
2019-03-19,41719.0,24515.0,44289.0,14.225,8.425,17.45,0.025
2019-03-20,45829.0,25378.0,43696.0,14.174999999999999,7.750000000000001,18.3675,0.0
2019-03-21,50181.0,26089.0,69333.0,14.875,7.824999999999999,21.2975,0.0
2019-03-22,49438.0,27490.0,88013.0,17.125,9.55,21.0125,0.2
2019-03-23,36464.0,23189.0,55423.0,18.525,11.025,18.8975,0.325
2019-03-24,37926.0,21390.0,30026.0,19.575,12.225,19.2575,0.225
2019-03-25,48699.0,22028.0,33602.0,19.224999999999998,11.7,21.282500000000002,0.0
2019-03-26,41807.0,21028.0,31658.0,19.4,11.450000000000001,21.855,0.0
2019-03-27,52149.0,20783.0,35170.0,17.65,10.275,22.6425,0.0
2019-03-28,54410.0,19958.0,52764.0,17.975,10.275000000000002,22.619999999999997,0.0
2019-03-29,48337.0,20362.0,60045.0,17.375,10.5,19.832500000000003,0.0
2019-03-30,43294.0,18940.0,36036.0,18.474999999999998,11.35,20.3525,0.075
2019-03-31,18633.0,18904.0,44897.0,16.525,10.825,16.64,1.425
2019-04-01,19047.0,19829.0,75893.0,16.025,10.700000000000001,16.155,4.475
2019-04-02,33073.0,19703.0,67856.0,16.799999999999997,11.0,17.1425,1.7
2019-04-03,43513.0,19651.0,48618.0,14.3,9.275,17.195,1.5
2019-04-04,53012.0,19585.0,46912.0,13.225,6.75,21.525,0.55
2019-04-05,18946.0,20307.0,57397.0,9.575000000000001,6.35,12.565,9.65
2019-04-06,19818.0,20666.0,40041.0,9.3,5.824999999999999,13.89,7.949999999999999
2019-04-07,19117.0,21374.0,32869.0,10.450000000000001,6.85,13.32,2.375
2019-04-08,21117.0,24113.0,42103.0,13.275,9.025,14.58,2.925
2019-04-09,27793.0,25162.0,33303.0,12.600000000000001,7.875,17.6075,2.1
2019-04-10,33904.0,26085.0,33369.0,13.424999999999999,8.299999999999999,19.785,0.15
2019-04-11,48476.0,26171.0,42876.0,14.0,8.600000000000001,19.4025,0.125
2019-04-12,58086.0,27104.0,42557.0,16.35,9.475,24.790000000000003,0.0
2019-04-13,56873.0,24378.0,33567.0,19.299999999999997,11.450000000000001,24.9075,0.0
2019-04-14,45809.0,23853.0,29037.0,20.549999999999997,13.8,17.759999999999998,0.025
2019-04-15,36745.0,26730.0,37535.0,20.625,14.200000000000001,20.0125,1.05
2019-04-16,52840.0,30091.0,41162.0,19.925000000000004,12.6,22.654999999999998,0.35
2019-04-17,22982.0,27848.0,56239.0,21.200000000000003,13.424999999999999,18.3775,1.8
2019-04-18,11341.0,27518.0,48685.0,15.025,11.0,13.532499999999999,4.825
2019-04-19,15078.0,28130.0,27762.0,16.675,11.325000000000001,15.78,3.65
2019-04-20,15766.0,27388.0,22376.0,16.675,12.125,15.7075,7.0
2019-04-21,16688.0,27484.0,40831.0,14.7,11.024999999999999,14.495000000000001,1.375
2019-04-22,29320.0,26722.0,37485.0,17.35,11.425,16.885,2.375
2019-04-23,18229.0,27734.0,40559.0,12.75,9.0,17.14,10.725
2019-04-24,16672.0,28200.0,37207.0,11.825,8.125,8.205000000000002,8.75
2019-04-25,21867.0,30984.0,34481.0,12.3,9.175,15.8925,11.55
2019-04-26,46528.0,35101.0,44241.0,15.325,9.2,22.875,0.075
2019-04-27,55615.0,32766.0,44765.0,19.8,12.15,24.822499999999998,0.0
2019-04-28,54756.0,30774.0,33516.0,22.05,13.875,26.7275,0.0
2019-04-29,50546.0,31468.0,54802.0,22.75,15.025000000000002,25.1675,0.075
2019-04-30,57112.0,31619.0,55357.0,23.599999999999998,16.150000000000002,26.029999999999998,0.07500000000000001
2019-05-01,53388.0,27891.0,38708.0,24.125,16.375,23.27,0.825
2019-05-02,53197.0,27922.0,32870.0,22.275,15.65,23.714999999999996,1.7000000000000002
2019-05-03,50807.0,28440.0,41170.0,19.35,13.850000000000001,20.875,2.1999999999999997
2019-05-04,54496.0,27020.0,39105.0,20.400000000000002,13.35,24.6225,0.15
2019-05-05,55938.0,26083.0,33188.0,19.4,12.425,27.4525,0.025
2019-05-06,48549.0,27334.0,59881.0,21.975,14.425,26.23,0.0
2019-05-07,41650.0,26226.0,47714.0,21.675,15.325000000000003,22.509999999999998,0.975
2019-05-08,24607.0,26295.0,31262.0,18.325,14.575000000000001,15.9475,2.7249999999999996
2019-05-09,24778.0,27677.0,38373.0,19.875,14.4,16.490000000000002,1.475
2019-05-10,43045.0,29915.0,48525.0,23.650000000000002,17.05,24.09,1.75
2019-05-11,57178.0,29042.0,38799.0,24.6,17.425,27.345,0.05
2019-05-12,61022.0,27077.0,30357.0,25.175,17.275,28.845,0.0
2019-05-13,63357.0,26484.0,35517.0,27.15,18.075,29.48,0.0
2019-05-14,64388.0,26130.0,46139.0,28.275000000000002,18.95,29.1475,0.0
2019-05-15,61135.0,25453.0,49247.0,29.349999999999994,20.7,28.67,0.0
2019-05-16,56226.0,24936.0,38581.0,25.65,18.15,26.61,0.85
2019-05-17,41804.0,27962.0,34103.0,17.55,12.725000000000001,19.5175,4.225
2019-05-18,49520.0,28839.0,30434.0,17.175,12.0,21.0675,0.525
2019-05-19,52684.0,28450.0,26248.0,19.849999999999998,13.025,25.6825,0.1
2019-05-20,51075.0,29427.0,42351.0,20.55,14.125,23.565,0.25
2019-05-21,51457.0,29841.0,40823.0,22.575000000000003,16.075,25.5625,0.1
2019-05-22,57197.0,29511.0,42957.0,25.5,18.075,26.16,0.05
2019-05-23,50450.0,27898.0,34941.0,26.45,19.325,24.8275,0.225
2019-05-24,43358.0,27987.0,32797.0,23.425,17.4,22.2575,5.35
2019-05-25,56416.0,27425.0,34488.0,24.3,17.05,27.3575,0.175
2019-05-26,62402.0,26988.0,31090.0,24.875,17.725,28.952499999999997,0.025
2019-05-27,59404.0,26578.0,33566.0,26.65,19.300000000000004,25.2025,0.0
2019-05-28,61480.0,26614.0,29393.0,25.75,18.6,29.1025,0.0
2019-05-29,64393.0,26026.0,29499.0,24.675,17.775,28.0775,0.0
2019-05-30,63384.0,25493.0,31194.0,27.7,19.949999999999996,29.5,0.0
2019-05-31,64326.0,25853.0,41536.0,29.25,21.650000000000002,29.6875,0.0
2019-06-01,65082.0,24736.0,32352.0,30.3,22.425,29.1325,0.2
2019-06-02,62320.0,24235.0,27179.0,30.650000000000002,23.224999999999998,28.77,0.0
2019-06-03,59133.0,24959.0,35649.0,29.849999999999998,22.925,27.39,0.0
2019-06-04,56751.0,24489.0,27224.0,26.0,20.025,26.7625,0.07500000000000001
2019-06-05,52728.0,25091.0,32907.0,19.5,15.05,23.555,2.175
2019-06-06,60079.0,26906.0,30435.0,21.1,14.85,24.81,1.3250000000000002
2019-06-07,61411.0,25662.0,38054.0,20.225,14.875,26.099999999999998,1.125
2019-06-08,56315.0,23831.0,25427.0,25.275,17.575,28.937500000000004,0.0
2019-06-09,56256.0,21951.0,27847.0,24.775,18.424999999999997,28.025000000000002,0.9
2019-06-10,62640.0,22683.0,25268.0,23.275,17.200000000000003,27.560000000000002,0.625
2019-06-11,56773.0,23212.0,31636.0,21.025,15.249999999999998,21.9125,3.025
2019-06-12,63068.0,22893.0,31805.0,22.825,15.649999999999999,30.27,0.0
2019-06-13,55057.0,21833.0,22167.0,24.1,17.4,28.450000000000003,0.0
2019-06-14,53830.0,20849.0,28221.0,22.275000000000002,16.75,26.3075,3.8
2019-06-15,65684.0,18812.0,25637.0,23.425000000000004,17.15,29.23,2.425
2019-06-16,45978.0,19268.0,29191.0,26.825000000000003,19.349999999999998,27.7625,0.0
2019-06-17,57539.0,20449.0,35482.0,28.175,20.525,28.6025,0.05
2019-06-18,56997.0,20386.0,26000.0,26.175,20.124999999999996,27.485,0.05
2019-06-19,47310.0,21009.0,45380.0,25.85,19.825,25.735,0.075
2019-06-20,51485.0,22342.0,33718.0,25.475,19.375,24.009999999999998,4.65
2019-06-21,59568.0,23294.0,41697.0,25.049999999999997,19.325,25.2525,3.0
2019-06-22,59518.0,20597.0,28847.0,29.0,21.400000000000002,29.197499999999998,0.025
2019-06-23,54785.0,20369.0,29323.0,29.099999999999998,22.374999999999996,25.32,0.175
2019-06-24,42738.0,21812.0,32069.0,26.375,21.275,22.400000000000002,2.9
2019-06-25,55720.0,21175.0,50590.0,30.075000000000003,22.725,27.63,0.0
2019-06-26,58378.0,20155.0,45592.0,31.2,24.15,28.8425,0.0
2019-06-27,53824.0,19528.0,39031.0,33.05,25.6,29.505,0.0
2019-06-28,57243.0,20940.0,47577.0,36.125,27.325,28.8625,0.0
2019-06-29,58733.0,19632.0,32458.0,35.95,27.925,29.4875,0.0
2019-06-30,56886.0,19255.0,31669.0,33.4,26.449999999999996,29.265,0.0
2019-07-01,57366.0,19396.0,42181.0,31.674999999999997,25.15,28.48,0.0
2019-07-02,59986.0,19536.0,37331.0,31.1,23.874999999999996,28.615000000000002,0.275
2019-07-03,58835.0,19803.0,39766.0,30.400000000000002,23.349999999999998,26.4975,1.425
2019-07-04,49700.0,20351.0,38775.0,29.35,23.25,26.752499999999998,0.07500000000000001
2019-07-05,59518.0,21141.0,52877.0,31.049999999999997,23.6,30.0925,0.0
2019-07-06,48928.0,18750.0,28772.0,31.35,23.9,28.9725,0.0
2019-07-07,50776.0,17831.0,23316.0,30.800000000000004,23.65,28.345000000000002,0.025
2019-07-08,49087.0,18418.0,25200.0,26.55,20.675,23.547500000000003,5.6
2019-07-09,55562.0,20357.0,24559.0,26.549999999999997,20.75,23.6375,7.35
2019-07-10,61110.0,19575.0,32190.0,30.775000000000002,23.125,28.3925,0.075
2019-07-11,63363.0,19213.0,48726.0,34.275,25.650000000000002,29.5625,0.0
2019-07-12,33477.0,19160.0,59807.0,34.05,26.299999999999997,23.9925,0.0
2019-07-13,47888.0,16343.0,26855.0,30.75,24.225,25.435,1.0
2019-07-14,59776.0,16253.0,20479.0,29.225,22.825,24.1875,5.125
2019-07-15,62838.0,18053.0,34197.0,30.324999999999996,23.575,28.83,0.0
2019-07-16,61732.0,18534.0,39624.0,30.75,23.65,28.07,0.0
2019-07-17,56190.0,18267.0,38835.0,28.675000000000004,22.9,25.542499999999997,1.2
2019-07-18,63969.0,17991.0,35301.0,30.924999999999997,23.75,28.247500000000002,0.2
2019-07-19,64103.0,17534.0,37707.0,33.974999999999994,25.900000000000002,28.45,0.0
2019-07-20,57461.0,16362.0,29434.0,33.824999999999996,26.725,27.925,0.75
2019-07-21,55327.0,15659.0,23812.0,33.849999999999994,26.85,27.67,0.0
2019-07-22,56000.0,17302.0,37020.0,35.125,27.299999999999997,26.635,0.24999999999999997
2019-07-23,54322.0,17286.0,43984.0,34.425000000000004,27.599999999999998,25.9025,0.025
2019-07-24,60628.0,18122.0,50995.0,34.5,27.575000000000003,27.1925,0.025
2019-07-25,61225.0,17150.0,41538.0,32.324999999999996,25.9,27.135,0.025
2019-07-26,55199.0,17102.0,30087.0,28.3,23.0,25.6125,1.0
2019-07-27,40136.0,15790.0,20042.0,23.599999999999998,19.2,17.5975,8.4
2019-07-28,61759.0,16001.0,18663.0,27.875000000000004,20.650000000000002,27.5175,0.0
2019-07-29,68351.0,16214.0,25291.0,29.099999999999998,22.425,28.2975,0.0
2019-07-30,68308.0,15995.0,23231.0,28.575,22.15,26.4425,1.175
2019-07-31,58598.0,15494.0,22800.0,30.150000000000002,23.075,25.6475,0.0
2019-08-01,61415.0,15990.0,28659.0,30.999999999999996,24.5,27.404999999999998,0.175
2019-08-02,66089.0,16179.0,25881.0,32.375,24.799999999999997,27.959999999999997,0.0
2019-08-03,65779.0,15179.0,20470.0,32.45,25.125,27.13,0.0
2019-08-04,65175.0,15279.0,21906.0,32.85,25.25,26.785,0.0
2019-08-05,65707.0,16075.0,26012.0,33.4,25.6,27.3375,0.0
2019-08-06,62002.0,16019.0,31009.0,32.35,25.05,25.98,0.1
2019-08-07,32353.0,17036.0,29092.0,29.125000000000004,23.250000000000004,19.6875,2.575
2019-08-08,63171.0,16051.0,21385.0,31.775000000000002,24.625000000000004,24.5825,0.35
2019-08-09,58701.0,16370.0,23750.0,30.099999999999998,24.1,24.4375,0.475
2019-08-10,64702.0,14601.0,24430.0,29.95,23.75,26.6275,0.0
2019-08-11,58370.0,13678.0,18178.0,26.725,21.599999999999998,23.407500000000002,4.2
2019-08-12,62453.0,15420.0,20071.0,25.974999999999998,20.175,25.617500000000003,0.1
2019-08-13,61832.0,15703.0,23377.0,28.15,21.150000000000002,26.1325,0.075
2019-08-14,67714.0,16227.0,25879.0,31.250000000000004,23.075,26.19,0.0
2019-08-15,66626.0,13942.0,21300.0,31.9,24.525,25.265,0.1
2019-08-16,66901.0,15198.0,26128.0,32.825,25.200000000000003,26.1725,0.0
2019-08-17,67041.0,13465.0,23639.0,34.2,25.999999999999996,25.7375,0.0
2019-08-18,64665.0,13417.0,25282.0,31.35,24.5,24.36,0.15
2019-08-19,61407.0,16216.0,26502.0,28.0,22.375,19.05,4.075
2019-08-20,58448.0,16928.0,23461.0,28.375,21.974999999999998,21.727500000000003,25.375
2019-08-21,47624.0,16457.0,22324.0,29.4,22.525000000000002,22.1675,0.375
2019-08-22,63300.0,15476.0,27372.0,30.449999999999996,23.4,25.160000000000004,0.075
2019-08-23,65467.0,15043.0,28794.0,31.375,24.075,24.322499999999998,0.0
2019-08-24,65351.0,14060.0,22066.0,32.325,24.5,24.189999999999998,0.0
2019-08-25,58257.0,13614.0,18778.0,30.674999999999997,24.075000000000003,21.384999999999998,0.05
2019-08-26,30914.0,15567.0,37509.0,26.674999999999997,21.224999999999998,19.59,2.9749999999999996
2019-08-27,50875.0,15288.0,44951.0,26.575,20.6,20.015,1.175
2019-08-28,62377.0,15735.0,47805.0,29.525000000000002,22.775,23.0825,0.025
2019-08-29,52411.0,15756.0,45638.0,30.725000000000005,23.75,19.9975,0.35
2019-08-30,57275.0,16605.0,42137.0,32.25,24.5,22.47,0.1
2019-08-31,56581.0,13831.0,35041.0,31.225,24.475,21.299999999999997,0.15
2019-09-01,50303.0,13377.0,18753.0,29.974999999999998,23.475,18.717499999999998,0.525
2019-09-02,52092.0,13754.0,28113.0,29.400000000000002,22.5,21.4575,0.075
2019-09-03,55717.0,15308.0,43547.0,30.525000000000002,22.675,22.685,0.0
2019-09-04,50766.0,15034.0,45705.0,30.924999999999997,23.525000000000002,22.1075,0.0
2019-09-05,50143.0,13192.0,26703.0,26.825,20.6,22.69,0.0
2019-09-06,53694.0,12897.0,20931.0,26.65,19.549999999999997,22.76,0.0
2019-09-07,50889.0,11700.0,21770.0,26.475,19.624999999999996,21.427500000000002,0.025
2019-09-08,39920.0,11557.0,24170.0,25.924999999999997,19.474999999999998,20.299999999999997,0.7
2019-09-09,47950.0,12759.0,40751.0,26.5,19.875,20.824999999999996,0.0
2019-09-10,50015.0,12104.0,31287.0,21.775000000000002,16.650000000000002,18.8175,0.65
2019-09-11,41544.0,13345.0,36019.0,24.25,17.725,17.8825,0.1
2019-09-12,31049.0,12616.0,46825.0,25.474999999999998,18.9,17.73,1.475
2019-09-13,18043.0,12353.0,39762.0,25.425,19.125,15.1275,2.025
2019-09-14,20612.0,11146.0,22941.0,23.275,18.625,14.265,6.85
2019-09-15,33458.0,11397.0,22683.0,24.599999999999998,19.325,16.2775,4.8
2019-09-16,41861.0,12279.0,66326.0,25.375,19.674999999999997,17.869999999999997,0.22499999999999998
2019-09-17,36358.0,12589.0,59920.0,26.374999999999996,20.0,17.57,1.2750000000000001
2019-09-18,47135.0,13069.0,43574.0,25.775000000000002,19.450000000000003,18.535,0.375
2019-09-19,48363.0,13404.0,49130.0,25.85,19.675,18.5625,0.675
2019-09-20,21872.0,12915.0,30290.0,24.6,18.825000000000003,12.5825,4.725
2019-09-21,16348.0,12936.0,20365.0,20.85,17.3,9.11,7.1
2019-09-22,30435.0,12629.0,24360.0,21.4,17.0,13.07,4.25
2019-09-23,47079.0,14107.0,30218.0,22.875,16.475,17.8475,0.0
2019-09-24,54133.0,13241.0,25888.0,25.674999999999997,18.575,17.7625,0.1
2019-09-25,56736.0,13448.0,31293.0,24.299999999999997,18.025,18.3325,0.0
2019-09-26,58590.0,14217.0,30826.0,26.375,18.775000000000002,19.3625,0.0
2019-09-27,59111.0,13858.0,28539.0,26.799999999999997,18.9,19.355,0.0
2019-09-28,57378.0,11391.0,22457.0,27.200000000000003,19.075000000000003,19.134999999999998,0.0
2019-09-29,56371.0,10716.0,21484.0,28.025000000000002,19.875,19.2825,0.0
2019-09-30,53677.0,11738.0,35472.0,27.9,19.900000000000002,18.595,0.0
2019-10-01,47361.0,12404.0,23975.0,25.475,19.25,17.090000000000003,0.575
2019-10-02,51838.0,10767.0,18280.0,23.025,16.425,17.8425,0.0
2019-10-03,50121.0,11194.0,21808.0,25.55,16.875,18.2775,0.0
2019-10-04,51376.0,11693.0,27905.0,25.325000000000003,17.875,17.4775,0.0
2019-10-05,49820.0,9746.0,15163.0,25.525000000000002,17.474999999999998,17.175,0.0
2019-10-06,49193.0,9736.0,16357.0,25.75,17.8,16.89,0.0
2019-10-07,49564.0,10677.0,22838.0,26.425,18.349999999999998,16.045,0.0
2019-10-08,49037.0,10190.0,24778.0,27.900000000000002,19.975,17.0075,0.0
2019-10-09,46622.0,10339.0,18181.0,25.525,18.975,15.8375,0.05
2019-10-10,44098.0,10885.0,20398.0,25.25,17.950000000000003,16.7825,0.0
2019-10-11,27841.0,10230.0,16370.0,26.35,18.95,14.07,0.0
2019-10-12,25486.0,8884.0,13041.0,25.425,19.8,12.964999999999998,1.5999999999999999
2019-10-13,40218.0,9076.0,13857.0,24.125,18.35,14.68,0.5
2019-10-14,21161.0,11480.0,14923.0,18.9,14.774999999999999,10.135,12.3
2019-10-15,42299.0,13394.0,19324.0,16.200000000000003,11.274999999999999,13.495000000000001,0.4
2019-10-16,44284.0,14243.0,24468.0,18.775,12.525,14.475000000000001,0.2
2019-10-17,33197.0,16655.0,35665.0,19.925,13.95,12.6725,2.0
2019-10-18,23911.0,16774.0,28273.0,19.474999999999998,14.925,9.7975,1.075
2019-10-19,20789.0,15447.0,19408.0,17.75,13.974999999999998,8.932500000000001,12.25
2019-10-20,19485.0,20808.0,26362.0,13.75,10.625,8.602500000000001,8.175
2019-10-21,34449.0,22655.0,52966.0,14.05,9.2,13.135,1.45
2019-10-22,17443.0,19036.0,48143.0,14.349999999999998,9.725000000000001,8.780000000000001,6.574999999999999
2019-10-23,11544.0,24100.0,38721.0,12.1,9.45,5.1875,14.049999999999999
2019-10-24,37018.0,25354.0,34758.0,15.825,10.475,11.825,0.1
2019-10-25,46997.0,25858.0,23826.0,19.85,12.175,13.8275,0.0
2019-10-26,46273.0,21753.0,18545.0,21.5,12.924999999999999,14.067499999999999,0.0
2019-10-27,32097.0,20408.0,23776.0,20.624999999999996,13.424999999999997,12.8275,0.0
2019-10-28,22317.0,19553.0,40335.0,20.174999999999997,14.875,9.600000000000001,0.125
2019-10-29,28112.0,18150.0,46353.0,20.025,14.725000000000001,10.715,0.025
2019-10-30,26783.0,17982.0,39833.0,19.25,14.4,9.035,0.925
2019-10-31,20880.0,18909.0,30105.0,20.05,15.675,8.9425,0.6
2019-11-01,21220.0,17067.0,18170.0,19.849999999999998,15.900000000000002,8.04,2.4749999999999996
2019-11-02,16572.0,22372.0,18468.0,17.325,14.5,8.282499999999999,5.05
2019-11-03,22624.0,22833.0,20589.0,15.725000000000001,12.724999999999998,8.6925,4.4750000000000005
2019-11-04,17776.0,26333.0,29888.0,14.624999999999998,12.249999999999998,5.725,3.475
2019-11-05,25502.0,27977.0,32070.0,12.825000000000001,9.4,8.962499999999999,0.17500000000000002
2019-11-06,31009.0,29815.0,62656.0,13.125,8.675,8.049999999999999,0.025
2019-11-07,24668.0,30172.0,56067.0,12.450000000000001,8.725,8.002500000000001,1.95
2019-11-08,36893.0,30803.0,53718.0,10.725,6.35,10.175,0.275
2019-11-09,27006.0,29537.0,52134.0,11.575000000000001,7.1,8.955,1.325
2019-11-10,17765.0,30016.0,54282.0,10.225,6.9750000000000005,7.84,0.6
2019-11-11,9945.0,30628.0,59309.0,13.174999999999999,8.15,6.4175,0.525
2019-11-12,31375.0,31490.0,59698.0,12.05,8.05,8.095,0.275
2019-11-13,20767.0,33044.0,63526.0,14.525,10.125,8.2025,0.42500000000000004
2019-11-14,11514.0,32226.0,77074.0,8.850000000000001,6.05,6.045,5.275
2019-11-15,21477.0,30001.0,73780.0,7.525,3.549999999999999,8.36,0.475
2019-11-16,34058.0,29621.0,67693.0,8.450000000000001,2.825,10.41,0.0
2019-11-17,10345.0,29541.0,64637.0,9.599999999999998,5.525,5.3725000000000005,3.65
2019-11-18,30499.0,33483.0,72377.0,10.375,5.5,9.895,1.275
2019-11-19,21395.0,33108.0,90116.0,10.075,4.475,8.442499999999999,0.225
2019-11-20,12825.0,32989.0,90255.0,8.55,4.875000000000001,4.7125,5.775
2019-11-21,9365.0,32221.0,91257.0,10.125,6.7250000000000005,5.6875,2.875
2019-11-22,5188.0,32632.0,66846.0,11.8,8.725,3.12,17.3
2019-11-23,22415.0,35397.0,73400.0,10.525,7.625,7.11,3.175
2019-11-24,21708.0,36040.0,76109.0,10.825,6.949999999999999,6.5525,0.25
2019-11-25,11365.0,36459.0,81331.0,13.600000000000001,10.225,4.665,1.4249999999999998
2019-11-26,12639.0,36831.0,79212.0,14.65,11.225,4.765000000000001,2.0
2019-11-27,16946.0,39059.0,78358.0,12.149999999999999,10.075000000000001,5.7475000000000005,1.425
2019-11-28,13981.0,39661.0,91789.0,12.875,9.825,5.359999999999999,2.15
2019-11-29,17257.0,41050.0,107029.0,14.05,10.125,6.772499999999999,0.8500000000000001
2019-11-30,19937.0,39850.0,82559.0,13.899999999999999,9.675,6.515000000000001,4.55
2019-12-01,14758.0,41243.0,90029.0,10.325,7.45,5.385,4.475
2019-12-02,11007.0,40568.0,85978.0,10.250000000000002,6.675,6.2575,1.6249999999999998
2019-12-03,14934.0,39907.0,106520.0,10.124999999999998,5.9750000000000005,7.109999999999999,0.05
2019-12-04,11347.0,39172.0,131554.0,10.3,5.65,5.8475,0.85
2019-12-05,19278.0,38682.0,118015.0,11.425,6.95,5.9125,0.3
2019-12-06,24594.0,37734.0,112335.0,11.975000000000001,6.575000000000001,8.6875,0.0
2019-12-07,24737.0,35522.0,102601.0,11.150000000000002,6.050000000000001,7.7325,0.0
2019-12-08,18191.0,34162.0,91638.0,11.975,7.000000000000001,6.585,1.4749999999999999
2019-12-09,18125.0,34295.0,93081.0,11.1,6.999999999999999,7.015,0.525
2019-12-10,23358.0,33970.0,105128.0,11.174999999999999,5.675000000000001,8.3625,0.0
2019-12-11,16038.0,34315.0,92015.0,11.075,5.674999999999999,6.227499999999999,0.4
2019-12-12,12415.0,34975.0,82985.0,9.424999999999999,5.8500000000000005,4.42,4.175
2019-12-13,11757.0,36757.0,89949.0,12.75,9.75,4.8675,7.825
2019-12-14,13007.0,36914.0,97687.0,12.024999999999999,8.85,5.8075,0.1
2019-12-15,18570.0,37176.0,101989.0,12.25,8.4,6.25,0.1
2019-12-16,10652.0,40281.0,111411.0,13.6,9.200000000000001,5.0825,3.6
2019-12-17,15634.0,40536.0,130559.0,9.85,6.9750000000000005,6.105,2.45
2019-12-18,19458.0,41667.0,130851.0,11.575000000000001,7.424999999999999,6.05,0.7250000000000001
2019-12-19,5959.0,40697.0,133073.0,11.925,9.850000000000001,2.2225,21.1
2019-12-20,4430.0,41647.0,149208.0,12.175,10.925,2.95,28.95
2019-12-21,10556.0,41869.0,164553.0,13.225000000000001,11.15,3.375,9.25
2019-12-22,18075.0,41271.0,144640.0,12.225,9.024999999999999,6.475,2.05
2019-12-23,26700.0,43429.0,151766.0,12.325000000000001,7.95,7.56,0.0
2019-12-24,30818.0,35639.0,120396.0,15.600000000000001,8.975,8.510000000000002,0.0
2019-12-25,27987.0,43140.0,144801.0,13.775,8.35,7.262500000000001,0.025
2019-12-26,21029.0,42741.0,160672.0,13.125,7.875,6.547499999999999,0.025
2019-12-27,29824.0,43280.0,160895.0,12.175,6.625,8.0425,0.0
2019-12-28,33091.0,39879.0,151788.0,12.725000000000001,5.800000000000001,8.7525,0.0
2019-12-29,29132.0,37820.0,139366.0,11.475,5.0249999999999995,8.9175,0.0
2019-12-30,26266.0,40079.0,135345.0,9.95,4.2,8.2175,0.0
2019-12-31,26910.0,37363.0,134687.0,9.125,4.075,7.5625,0.0
2020-01-01,28629.0,35277.0,126202.0,8.825,3.75,7.57,0.0
2020-01-02,23445.0,37012.0,138673.0,9.55,3.75,7.8475,0.0
2020-01-03,18827.0,35529.0,130229.0,9.4,4.775,5.8375,0.0
2020-01-04,25758.0,31179.0,114442.0,9.125,4.425,7.5075,0.0
2020-01-05,33389.0,30328.0,105957.0,10.825,4.8,8.4375,0.0
2020-01-06,31578.0,30511.0,104891.0,9.649999999999999,3.375,8.3325,0.0
2020-01-07,33771.0,33454.0,132389.0,10.45,4.05,8.4025,0.0
2020-01-08,32780.0,31835.0,127632.0,10.55,4.325,8.795,0.0
2020-01-09,27409.0,29941.0,107562.0,11.45,5.175,8.65,0.05
2020-01-10,28881.0,29589.0,115480.0,9.675,5.2749999999999995,8.7225,0.075
2020-01-11,40094.0,30105.0,86538.0,9.725,3.4,9.715,0.0
2020-01-12,40287.0,27900.0,87418.0,8.775,2.8749999999999996,8.955,0.0
2020-01-13,28341.0,30528.0,108307.0,10.625,2.875,8.885,0.0
2020-01-14,25137.0,29696.0,103224.0,10.475,4.55,8.555,0.025
2020-01-15,22013.0,29537.0,87200.0,12.025000000000002,6.5,7.1274999999999995,0.0
2020-01-16,34731.0,30761.0,86512.0,13.125,7.500000000000001,9.862499999999999,0.575
2020-01-17,24249.0,32349.0,82010.0,10.725,7.175000000000001,7.0175,0.65
2020-01-18,9961.0,30430.0,55475.0,10.075,6.625,4.2275,3.05
2020-01-19,17510.0,30963.0,63436.0,8.125,5.075,6.994999999999999,1.65
2020-01-20,11461.0,31570.0,97382.0,6.199999999999999,3.125,6.7025,0.27499999999999997
2020-01-21,9899.0,30600.0,95703.0,8.275,5.1499999999999995,6.465,1.625
2020-01-22,13314.0,30240.0,122949.0,9.625,5.7250000000000005,6.299999999999999,10.774999999999999
2020-01-23,13948.0,32179.0,109599.0,8.925,4.925,5.41,9.5
2020-01-24,11803.0,33249.0,113290.0,9.8,5.875000000000001,6.397500000000001,7.5249999999999995
2020-01-25,9624.0,33648.0,95891.0,8.2,5.425,4.11,3.15
2020-01-26,25506.0,31185.0,68819.0,9.500000000000002,5.199999999999999,7.695,0.525
2020-01-27,23536.0,33625.0,63027.0,10.125,6.15,7.0,0.07500000000000001
2020-01-28,14998.0,35482.0,77143.0,11.35,8.275,4.5375,1.5499999999999998
2020-01-29,19270.0,36337.0,75045.0,12.575000000000001,8.45,7.1375,0.375
2020-01-30,23040.0,38562.0,54245.0,12.65,8.375,6.925,0.4
2020-01-31,22425.0,38460.0,64165.0,14.175,10.15,6.575,1.2
2020-02-01,23002.0,39734.0,58411.0,15.775,11.225000000000001,8.2475,0.19999999999999998
2020-02-02,36113.0,40395.0,53238.0,17.3,11.149999999999999,10.407499999999999,0.0
2020-02-03,42640.0,39425.0,64860.0,17.175,10.724999999999998,11.125,0.0
2020-02-04,42463.0,37779.0,55498.0,15.35,8.9,10.2875,0.0
2020-02-05,41478.0,37152.0,77311.0,14.25,7.675000000000001,12.965,0.0
2020-02-06,37360.0,36912.0,94788.0,13.525,6.625000000000001,12.565000000000001,0.0
2020-02-07,26015.0,36062.0,109344.0,13.825000000000001,7.725,10.0725,0.075
2020-02-08,18771.0,34014.0,82021.0,12.775,7.975,7.995,1.5999999999999999
2020-02-09,30823.0,31221.0,59397.0,12.95,8.6,8.2675,0.025
2020-02-10,45874.0,34333.0,67951.0,15.925,10.174999999999999,11.905,0.0
2020-02-11,30785.0,34023.0,90710.0,15.825,10.05,11.145,0.0
2020-02-12,16745.0,33923.0,128659.0,13.749999999999998,9.475000000000001,7.335,0.275
2020-02-13,22963.0,33061.0,70847.0,13.575,10.175,8.41,0.19999999999999998
2020-02-14,43543.0,32566.0,109105.0,14.55,8.549999999999999,12.0125,0.025
2020-02-15,47905.0,27861.0,58669.0,16.35,9.1,13.07,0.025
2020-02-16,50275.0,27546.0,45576.0,17.075,10.325,13.889999999999999,0.0
2020-02-17,34455.0,30827.0,62424.0,15.799999999999997,10.25,11.030000000000001,0.025
2020-02-18,31655.0,30228.0,94611.0,13.4,8.65,11.585,0.025
2020-02-19,45558.0,29350.0,100253.0,13.925,7.525000000000001,13.1175,0.075
2020-02-20,53442.0,28183.0,100598.0,15.774999999999999,8.15,15.4825,0.0
2020-02-21,57896.0,27371.0,87561.0,17.075,8.65,15.702499999999999,0.0
2020-02-22,60883.0,26167.0,75297.0,18.7,9.575,16.0075,0.0
2020-02-23,63931.0,23907.0,61415.0,19.925,10.5,16.377499999999998,0.0
2020-02-24,62677.0,26683.0,88842.0,19.85,10.325,16.59,0.0
2020-02-25,42933.0,24749.0,55965.0,15.725000000000001,9.750000000000002,13.442499999999999,0.125
2020-02-26,58687.0,24696.0,73925.0,13.674999999999999,8.375,14.579999999999998,0.0
2020-02-27,58383.0,24507.0,63335.0,16.325,9.15,15.007499999999999,0.05
2020-02-28,48223.0,26227.0,79632.0,17.95,10.7,15.09,0.025
2020-02-29,27230.0,23979.0,40826.0,13.425,9.725000000000001,8.1425,0.875
2020-03-01,24810.0,24853.0,41195.0,13.749999999999998,9.875,9.5925,3.275
2020-03-02,33741.0,34403.0,69226.0,12.3,8.8,14.0275,11.350000000000001
2020-03-03,27809.0,37767.0,67235.0,12.975000000000001,8.25,9.2875,1.425
2020-03-04,37520.0,39392.0,72691.0,16.025,11.225,12.5025,0.05
2020-03-05,32373.0,41125.0,60804.0,13.274999999999999,9.725,9.185,2.325
2020-03-06,50151.0,41578.0,72722.0,11.424999999999999,6.925000000000001,13.349999999999998,1.1749999999999998
2020-03-07,56101.0,41298.0,80123.0,13.799999999999997,7.8,16.3875,0.575
2020-03-08,58745.0,40556.0,67550.0,16.875,9.15,17.0575,0.025
2020-03-09,58312.0,39952.0,89380.0,15.849999999999998,9.524999999999999,17.68,0.025
2020-03-10,62090.0,40018.0,94209.0,21.924999999999997,12.875,17.735,0.175
2020-03-11,58106.0,38472.0,106190.0,24.775,15.3,18.415000000000003,0.0
2020-03-12,49365.0,39348.0,96485.0,22.375,15.325,16.6825,0.075
2020-03-13,48094.0,38953.0,77328.0,18.425,12.775,14.04,0.275
2020-03-14,58345.0,37192.0,77509.0,18.825000000000003,12.15,17.655,0.0
2020-03-15,45505.0,34420.0,57729.0,18.45,11.525,16.225,5.025
2020-03-16,23897.0,37383.0,87730.0,10.374999999999998,7.025,9.004999999999999,14.0
2020-03-17,31622.0,39044.0,75548.0,15.350000000000001,9.4,12.295000000000002,2.125
2020-03-18,31614.0,40832.0,105357.0,18.2,11.750000000000002,17.697499999999998,1.875
2020-03-19,31723.0,41299.0,83544.0,17.65,11.149999999999999,16.5375,0.35000000000000003
2020-03-20,25918.0,39945.0,83838.0,15.7,10.625,16.66,2.175
2020-03-21,23933.0,39783.0,79303.0,12.825,8.625,13.2225,7.1000000000000005
2020-03-22,30954.0,37805.0,66968.0,11.750000000000002,7.85,13.0425,3.3000000000000003
2020-03-23,35342.0,37437.0,73070.0,14.300000000000002,8.65,15.9025,2.65
2020-03-24,27215.0,36706.0,79735.0,14.4,9.4,13.0825,3.15
2020-03-25,48135.0,38663.0,93480.0,13.65,8.799999999999999,14.4625,3.6
2020-03-26,66521.0,35161.0,51327.0,14.825,8.775,20.174999999999997,0.375
2020-03-27,42887.0,35958.0,81105.0,12.55,6.875,18.262500000000003,0.075
2020-03-28,63310.0,34078.0,78320.0,14.75,8.325,18.932499999999997,2.05
2020-03-29,66980.0,28018.0,33486.0,16.099999999999998,9.700000000000001,17.927500000000002,0.125
2020-03-30,22656.0,30433.0,49363.0,10.025,6.75,8.0725,6.925
2020-03-31,22045.0,30330.0,46247.0,11.85,7.525,10.6725,12.25
2020-04-01,37782.0,33013.0,68239.0,12.225,7.999999999999999,13.975,2.5
2020-04-02,44343.0,31914.0,50267.0,13.025,8.35,14.870000000000001,4.175
2020-04-03,74091.0,32303.0,60014.0,15.875,9.05,21.5725,0.0
2020-04-04,52817.0,28673.0,39193.0,17.15,10.5,18.284999999999997,0.0
2020-04-05,51263.0,27120.0,35090.0,16.975,11.525,17.232499999999998,3.5749999999999997
2020-04-06,31125.0,32230.0,68137.0,15.275,11.65,10.307500000000001,5.425000000000001
2020-04-07,42887.0,33416.0,59342.0,17.425,12.624999999999998,13.5375,1.4
2020-04-08,55895.0,32766.0,52959.0,18.400000000000002,13.275,16.655,4.625
2020-04-09,30692.0,31944.0,44583.0,16.225,12.575,11.725,5.249999999999999
2020-04-10,35784.0,34114.0,39242.0,17.174999999999997,12.874999999999998,15.272499999999999,2.65
2020-04-11,44278.0,34464.0,40219.0,18.0,12.85,17.3175,0.44999999999999996
2020-04-12,52030.0,34560.0,33939.0,17.924999999999997,12.65,18.997500000000002,0.525
2020-04-13,42475.0,35551.0,43088.0,16.0,11.774999999999999,14.8225,4.25
2020-04-14,44619.0,37571.0,53060.0,17.5,12.5,18.119999999999997,2.0
2020-04-15,31896.0,37326.0,51106.0,15.625,11.650000000000002,14.5975,7.925000000000001
2020-04-16,38688.0,37978.0,53350.0,16.95,12.399999999999999,14.477500000000001,2.775
2020-04-17,34420.0,40503.0,70300.0,16.875,12.825,16.38,1.4999999999999998
2020-04-18,44525.0,42068.0,94835.0,18.3,13.225,17.875,2.425
2020-04-19,46353.0,40920.0,68417.0,17.275,12.925,18.18,5.949999999999999
2020-04-20,41690.0,40855.0,81681.0,16.05,11.249999999999998,13.089999999999998,5.375
2020-04-21,33927.0,40786.0,85407.0,14.65,10.850000000000001,12.1125,8.55
2020-04-22,57144.0,40759.0,100281.0,17.375,12.575000000000001,17.685000000000002,1.425
2020-04-23,59144.0,40819.0,122507.0,19.45,13.95,19.09,2.325
2020-04-24,58661.0,39922.0,116835.0,19.874999999999996,14.4,20.075000000000003,4.3
2020-04-25,36956.0,38956.0,99601.0,18.275000000000002,13.25,16.685000000000002,6.874999999999999
2020-04-26,38770.0,39315.0,95807.0,16.974999999999998,12.9,16.5675,3.0
2020-04-27,39846.0,42534.0,110503.0,14.4,11.15,13.497500000000002,7.1
2020-04-28,55488.0,41030.0,100486.0,15.5,10.950000000000001,17.2075,0.22499999999999998
2020-04-29,77917.0,40047.0,79462.0,17.525,11.7,20.002499999999998,0.30000000000000004
2020-04-30,52027.0,39568.0,55860.0,16.45,12.625,16.09,0.775
2020-05-01,71058.0,39990.0,47744.0,20.700000000000003,14.775,20.025,0.65
2020-05-02,89397.0,42012.0,69195.0,24.475,17.049999999999997,25.5925,0.05
2020-05-03,89853.0,40560.0,58384.0,27.924999999999997,19.075,27.405,0.0
2020-05-04,70189.0,40077.0,57990.0,27.35,19.375,24.7975,0.05
2020-05-05,72802.0,41798.0,99608.0,22.725,17.0,23.6675,0.0
2020-05-06,83047.0,41167.0,107347.0,24.15,17.225,26.1425,0.0
2020-05-07,57385.0,38419.0,83996.0,26.55,19.1,21.4625,0.125
2020-05-08,79680.0,38307.0,73531.0,24.325000000000003,18.025,25.4775,0.875
2020-05-09,50690.0,36966.0,63771.0,20.400000000000002,15.45,20.78,2.15
2020-05-10,44161.0,38449.0,52590.0,17.15,13.025,16.32,9.825
2020-05-11,49004.0,38053.0,62109.0,17.55,13.15,16.94,3.325
2020-05-12,27015.0,39602.0,127178.0,16.349999999999998,12.425,14.475000000000001,7.725
2020-05-13,47352.0,40670.0,97315.0,17.75,12.475,17.832500000000003,6.050000000000001
2020-05-14,28109.0,38699.0,70328.0,13.925,11.025,11.8625,8.325
2020-05-15,41128.0,37992.0,68266.0,16.674999999999997,12.25,17.884999999999998,7.55
2020-05-16,52867.0,37388.0,59143.0,18.175,13.05,20.215,0.425
2020-05-17,70861.0,36028.0,52039.0,20.675000000000004,14.224999999999998,25.9975,0.07500000000000001
2020-05-18,94392.0,36360.0,56930.0,24.425,16.575,28.729999999999997,0.0
2020-05-19,87213.0,33758.0,46818.0,26.35,18.599999999999998,28.66,0.0
2020-05-20,96596.0,35111.0,60188.0,28.35,20.375,28.375,0.025
2020-05-21,92851.0,34799.0,64101.0,29.1,21.5,28.457500000000003,0.0
2020-05-22,94268.0,33531.0,72059.0,29.7,22.525,28.815,0.0
2020-05-23,91894.0,31660.0,37461.0,29.65,22.6,26.5875,0.45
2020-05-24,89074.0,30391.0,40602.0,28.799999999999997,21.75,24.64,0.35
2020-05-25,73206.0,31354.0,55127.0,28.45,21.55,23.1675,2.375
2020-05-26,85335.0,31096.0,35564.0,27.125,20.825000000000003,25.3325,1.6749999999999998
2020-05-27,92086.0,30597.0,41820.0,27.624999999999996,21.425,26.0125,2.125
2020-05-28,92998.0,30515.0,60316.0,28.025,21.675,26.9075,0.975
2020-05-29,95258.0,31838.0,72025.0,29.05,21.674999999999997,27.97,0.5
2020-05-30,89352.0,30568.0,47584.0,29.074999999999996,21.650000000000002,26.3475,0.425
2020-05-31,55116.0,29188.0,44241.0,26.95,20.799999999999997,21.79,1.6
2020-06-01,67343.0,32180.0,73698.0,25.799999999999997,19.575,23.22,3.625
2020-06-02,67377.0,30858.0,81920.0,26.674999999999997,20.200000000000003,24.815,1.175
2020-06-03,79122.0,29610.0,61072.0,24.974999999999998,19.349999999999998,23.452500000000004,5.5
2020-06-04,47781.0,29377.0,59206.0,19.925,16.55,18.12,4.725
2020-06-05,87265.0,30959.0,58365.0,24.875,18.0,28.9525,0.025
2020-06-06,87377.0,29318.0,39569.0,24.674999999999997,18.675,26.3125,6.375
2020-06-07,66981.0,29124.0,33758.0,21.35,16.7,22.622500000000002,6.975
2020-06-08,77593.0,30667.0,37523.0,21.224999999999998,15.55,24.564999999999998,0.05
2020-06-09,86070.0,30667.0,56413.0,22.1,15.95,24.6725,0.175
2020-06-10,84478.0,31107.0,64610.0,23.974999999999998,17.225,26.5925,0.3
2020-06-11,75874.0,30073.0,33132.0,20.375,15.924999999999999,20.1025,4.575
2020-06-12,63002.0,30020.0,50092.0,18.225,13.999999999999998,20.9975,3.375
2020-06-13,82791.0,29518.0,35338.0,20.6,15.350000000000001,24.985,0.275
2020-06-14,90641.0,29270.0,33526.0,22.425,16.85,25.067500000000003,0.025
2020-06-15,94060.0,31823.0,57487.0,23.65,17.875,26.497500000000002,0.175
2020-06-16,78284.0,29980.0,51779.0,22.5,17.75,22.8425,1.75
2020-06-17,89200.0,29836.0,54146.0,23.025,17.75,26.0425,0.075
2020-06-18,90774.0,29868.0,45665.0,24.8,18.45,26.78,0.3
2020-06-19,95100.0,29633.0,43198.0,26.15,19.475,27.4025,2.225
2020-06-20,100551.0,27205.0,30889.0,28.575,21.375000000000004,28.415,0.875
2020-06-21,102098.0,25984.0,25884.0,30.875000000000004,23.25,29.715,0.0
2020-06-22,101548.0,25606.0,59173.0,33.025,25.1,30.247500000000002,0.0
2020-06-23,93717.0,25552.0,73321.0,33.55,25.95,28.775,0.0
2020-06-24,73555.0,25670.0,50720.0,31.625,25.125,25.3925,1.45
2020-06-25,88671.0,26706.0,56904.0,30.4,23.85,27.1,0.3
2020-06-26,84520.0,27691.0,56086.0,27.750000000000004,21.875,26.7575,1.425
2020-06-27,95359.0,27133.0,45597.0,28.4,22.0,26.202499999999997,0.0
2020-06-28,98159.0,26863.0,39182.0,31.05,24.075000000000003,27.64,1.025
2020-06-29,98103.0,26224.0,59933.0,32.25,25.3,28.315,1.3
2020-06-30,92043.0,26235.0,68194.0,32.95,25.650000000000002,27.17,0.725
2020-07-01,96447.0,25673.0,63630.0,31.1,24.525,28.682499999999997,0.375
2020-07-02,98946.0,26172.0,51300.0,28.775,23.025000000000002,27.08,4.975
2020-07-03,99132.0,24927.0,29823.0,29.125,22.15,30.3425,0.0
2020-07-04,102668.0,23013.0,27481.0,31.475,23.725,30.33,0.0
2020-07-05,99471.0,22717.0,26939.0,33.625,26.049999999999997,29.5325,0.0
2020-07-06,97231.0,23047.0,41076.0,34.725,26.875,29.46,0.0
2020-07-07,90795.0,23645.0,52997.0,35.15,27.025000000000002,29.645,0.0
2020-07-08,66461.0,23978.0,50639.0,33.575,26.625,26.405,0.05
2020-07-09,83407.0,23492.0,37868.0,31.249999999999996,24.4,27.96,0.6
2020-07-10,92862.0,23234.0,29450.0,31.075,24.400000000000002,26.825,2.4
2020-07-11,89534.0,22107.0,32495.0,33.025,25.675000000000004,27.200000000000003,0.275
2020-07-12,72762.0,21482.0,21964.0,31.849999999999998,25.150000000000002,24.3875,1.95
2020-07-13,91817.0,22399.0,35604.0,30.650000000000002,24.249999999999996,26.3025,3.0
2020-07-14,77358.0,22004.0,34386.0,29.900000000000002,23.325000000000003,24.56,2.2
2020-07-15,91018.0,21103.0,39457.0,29.924999999999997,23.175,25.62,0.05
2020-07-16,94735.0,20325.0,43513.0,32.425,25.175,28.802500000000002,0.2
2020-07-17,91920.0,19972.0,38648.0,33.175000000000004,25.299999999999997,28.8225,0.0
2020-07-18,94370.0,19535.0,34045.0,33.15,25.1,29.4525,0.0
2020-07-19,90913.0,19193.0,26138.0,33.475,26.45,27.847500000000004,0.025
2020-07-20,84351.0,20268.0,44542.0,34.3,26.725,27.595,0.1
2020-07-21,61172.0,19669.0,31073.0,32.5,25.75,23.5425,0.05
2020-07-22,81540.0,19411.0,44986.0,31.450000000000003,25.45,24.67,0.0
2020-07-23,92091.0,19436.0,46314.0,33.225,26.450000000000003,25.947499999999998,0.1
2020-07-24,91562.0,19290.0,42271.0,32.775,26.525,27.29,0.175
2020-07-25,94327.0,18152.0,36035.0,33.875,26.45,28.4925,0.0
2020-07-26,93780.0,18121.0,36483.0,35.425,27.475,28.335,0.0
2020-07-27,86409.0,19108.0,59456.0,35.45,28.275000000000002,27.61,0.0
2020-07-28,88393.0,18797.0,59146.0,34.175000000000004,27.4,27.9325,0.0
2020-07-29,89833.0,19219.0,67210.0,34.449999999999996,27.15,27.255000000000003,0.025
2020-07-30,78565.0,18942.0,60777.0,35.7,28.275,25.84,0.0
2020-07-31,79067.0,20190.0,89296.0,35.875,28.2,27.54,0.0
2020-08-01,76086.0,17987.0,44475.0,35.425,27.924999999999997,27.0825,0.025
2020-08-02,85631.0,16815.0,36562.0,32.75,25.950000000000003,26.725,0.0
2020-08-03,82331.0,17844.0,51849.0,30.475,24.175,26.747500000000002,0.0
2020-08-04,86522.0,18305.0,49009.0,30.75,23.85,27.092499999999998,0.0
2020-08-05,91821.0,18568.0,62507.0,33.45,26.075,26.345,0.0
2020-08-06,89607.0,18600.0,59072.0,36.074999999999996,27.975,26.1575,0.0
2020-08-07,86364.0,19133.0,52532.0,35.62500000000001,28.1,24.67,0.0
2020-08-08,70010.0,17005.0,35147.0,35.75,28.150000000000002,21.9675,0.0
2020-08-09,78491.0,17103.0,32484.0,34.95,27.75,24.4675,0.525
2020-08-10,60897.0,18511.0,51934.0,32.55,26.075,23.295,0.6
2020-08-11,50075.0,18439.0,50625.0,29.799999999999997,23.099999999999998,17.8325,4.4750000000000005
2020-08-12,74865.0,18805.0,45766.0,26.075000000000003,20.35,21.35,1.625
2020-08-13,90462.0,19275.0,63845.0,28.4,21.400000000000002,25.667500000000004,0.125
2020-08-14,91192.0,17822.0,51856.0,28.949999999999996,21.925,24.2925,0.825
2020-08-15,95753.0,16295.0,19191.0,27.375,21.1,24.8275,1.05
2020-08-16,97221.0,16503.0,23053.0,26.7,20.55,25.195000000000004,0.1
2020-08-17,86152.0,17896.0,49287.0,27.65,21.275,22.1025,0.975
2020-08-18,75762.0,18333.0,61774.0,28.45,22.35,19.9275,0.4
2020-08-19,92017.0,17845.0,47570.0,31.75,24.075000000000003,25.535,0.0
2020-08-20,86517.0,18136.0,44474.0,31.949999999999996,23.975,24.080000000000002,0.875
2020-08-21,83624.0,17725.0,64860.0,30.549999999999997,23.425,23.147499999999997,0.0
2020-08-22,92268.0,15727.0,50109.0,30.8,23.900000000000002,24.917499999999997,0.0
2020-08-23,90492.0,14985.0,31579.0,30.9,23.375,25.46,0.0
2020-08-24,88321.0,16825.0,66968.0,30.75,23.049999999999997,25.185,0.0
2020-08-25,90211.0,17025.0,65954.0,33.324999999999996,25.025,25.0075,0.0
2020-08-26,90150.0,17489.0,75311.0,34.0,25.875,24.169999999999998,0.0
2020-08-27,85779.0,17820.0,84581.0,34.2,26.275,24.212500000000002,0.0
2020-08-28,77819.0,16242.0,49606.0,28.375,23.000000000000004,20.2675,6.05
2020-08-29,83048.0,15907.0,27706.0,23.05,18.175,21.5125,1.375
2020-08-30,83831.0,16849.0,26104.0,22.975,17.3,22.640000000000004,0.25
2020-08-31,88186.0,17568.0,42670.0,25.725,18.275,23.885000000000005,0.0
2020-09-01,51746.0,18090.0,59179.0,26.400000000000002,19.400000000000002,18.895,0.0
2020-09-02,81771.0,17717.0,45532.0,27.4,19.825,23.6025,0.0
2020-09-03,87355.0,17882.0,52454.0,29.625,21.725,23.61,0.0
2020-09-04,87337.0,17041.0,48438.0,30.625,22.825,23.62,0.0
2020-09-05,86341.0,15933.0,37280.0,31.0,23.175,22.759999999999998,0.05
2020-09-06,82297.0,14836.0,25040.0,29.825,22.4,21.9175,0.1
2020-09-07,77247.0,16584.0,30771.0,26.4,19.9,22.380000000000003,0.0
2020-09-08,77943.0,15811.0,39862.0,26.7,19.700000000000003,21.4475,0.025
2020-09-09,76799.0,16183.0,61804.0,26.9,20.325,19.995,4.4
2020-09-10,81796.0,15629.0,53607.0,28.55,21.199999999999996,21.035,0.175
2020-09-11,71807.0,16136.0,46181.0,29.45,22.325000000000003,19.82,0.075
2020-09-12,69863.0,14053.0,31109.0,31.0,23.225,20.3125,0.0
2020-09-13,57120.0,13150.0,29220.0,31.35,24.125,20.1,0.0
2020-09-14,52257.0,14544.0,57668.0,28.75,22.275,17.72,2.0999999999999996
2020-09-15,65974.0,14935.0,76876.0,27.575000000000003,21.4,16.8075,0.175
2020-09-16,48828.0,15420.0,82689.0,28.199999999999996,21.724999999999998,17.427500000000002,0.15
2020-09-17,27805.0,15233.0,48505.0,26.45,20.925,14.415,2.525
2020-09-18,25506.0,14828.0,43810.0,22.2,17.625,11.4175,15.825
2020-09-19,47625.0,14674.0,33495.0,20.549999999999997,16.675,12.2075,10.175
2020-09-20,50778.0,13829.0,33592.0,21.875,17.1,16.2925,2.65
2020-09-21,61005.0,15122.0,65456.0,22.349999999999998,16.9,15.322500000000002,3.55
2020-09-22,62888.0,14467.0,76491.0,22.975,16.925,17.115,0.175
2020-09-23,45631.0,13548.0,67954.0,22.625000000000004,17.75,15.07,0.30000000000000004
2020-09-24,32182.0,13264.0,50771.0,20.9,16.8,12.2975,1.45
2020-09-25,69449.0,13445.0,36306.0,18.025,13.65,16.455,1.575
2020-09-26,72219.0,14519.0,25140.0,19.625,13.875,16.375,1.45
2020-09-27,73665.0,16206.0,30044.0,19.974999999999998,14.525,18.16,0.05
2020-09-28,76255.0,15079.0,43617.0,22.7,15.05,18.955,0.0
2020-09-29,75943.0,14338.0,52296.0,24.825,16.675,18.7525,0.0
2020-09-30,52221.0,14111.0,55839.0,24.625,17.3,16.7775,0.0
2020-10-01,59174.0,13263.0,40009.0,22.075,16.200000000000003,17.28,0.05
2020-10-02,22010.0,17790.0,38690.0,14.975,12.075,6.409999999999999,15.200000000000001
2020-10-03,67419.0,20343.0,30371.0,14.475,10.35,13.89,0.925
2020-10-04,49650.0,19650.0,32055.0,16.025000000000002,11.349999999999998,12.24,1.4749999999999999
2020-10-05,67301.0,19212.0,37845.0,18.5,12.450000000000001,16.544999999999998,0.0
2020-10-06,68021.0,19833.0,44904.0,23.150000000000002,15.825,16.4275,0.0
2020-10-07,70095.0,19962.0,47373.0,24.5,16.975,16.8875,0.0
2020-10-08,62702.0,19350.0,55131.0,25.325,17.175,15.92,0.0
2020-10-09,50984.0,18778.0,58409.0,24.95,17.7,15.8975,0.1
2020-10-10,61083.0,16240.0,30164.0,23.325,16.625,14.985,0.0
2020-10-11,65613.0,15828.0,23779.0,18.55,13.149999999999999,15.665000000000001,0.2
2020-10-12,73343.0,16369.0,31040.0,17.375,11.925,16.155,0.1
2020-10-13,67550.0,18991.0,54148.0,20.699999999999996,13.475,14.987499999999999,0.05
2020-10-14,65556.0,19934.0,54244.0,17.05,11.55,14.235000000000001,0.725
2020-10-15,67143.0,21545.0,61161.0,15.85,10.35,14.4775,0.0
2020-10-16,70213.0,21869.0,69782.0,16.375,9.475,16.295,0.0
2020-10-17,63512.0,21296.0,70299.0,18.45,10.975,15.5925,0.0
2020-10-18,59115.0,19772.0,62134.0,20.424999999999997,12.175,14.9025,0.0
2020-10-19,46072.0,17998.0,32152.0,23.175,14.75,13.245000000000001,1.175
2020-10-20,13797.0,17055.0,50063.0,19.325,15.799999999999999,4.165,24.374999999999996
2020-10-21,30963.0,21099.0,45670.0,17.4,14.174999999999999,8.967500000000001,4.65
2020-10-22,16909.0,24073.0,74967.0,15.8,12.75,6.4425,13.425
2020-10-23,42443.0,26097.0,55900.0,14.875000000000002,11.275,10.915,3.025
2020-10-24,51301.0,24746.0,35633.0,16.475,10.8,12.2725,0.025
2020-10-25,28736.0,28773.0,32183.0,15.625,11.35,9.4525,5.9
2020-10-26,50340.0,28740.0,47617.0,12.425,8.625,11.682500000000001,1.05
2020-10-27,48643.0,27763.0,45627.0,13.649999999999999,8.825,10.9025,1.05
2020-10-28,41528.0,27859.0,65409.0,16.9,11.450000000000001,11.072499999999998,0.15
2020-10-29,56854.0,26109.0,72937.0,18.725,11.725,12.815000000000001,0.0
2020-10-30,55929.0,24030.0,68034.0,20.525000000000002,12.600000000000001,12.9025,0.0
2020-10-31,54827.0,21560.0,48065.0,21.175,13.25,13.190000000000001,0.0
2020-11-01,47718.0,20877.0,39469.0,21.375,14.05,11.927500000000002,0.0
2020-11-02,45157.0,22576.0,65386.0,21.45,14.875000000000002,12.137500000000001,0.05
2020-11-03,27083.0,21980.0,64240.0,17.125,12.725,7.580000000000001,4.075
2020-11-04,13275.0,21238.0,69123.0,12.950000000000001,9.625,6.545,7.225
2020-11-05,11623.0,20425.0,62670.0,15.1,11.275,7.465,10.924999999999999
2020-11-06,15952.0,21104.0,53826.0,19.299999999999997,13.824999999999998,6.875,4.15
2020-11-07,30198.0,24511.0,54658.0,15.150000000000002,12.15,6.937500000000001,13.625
2020-11-08,34956.0,28248.0,53802.0,16.2,11.350000000000001,8.725,3.2750000000000004
2020-11-09,32356.0,27820.0,94571.0,15.225000000000001,10.825000000000001,8.5025,2.025
2020-11-10,42471.0,27024.0,101709.0,14.474999999999998,9.424999999999999,9.08,0.0
2020-11-11,38409.0,27409.0,72429.0,15.125,9.424999999999999,10.475,0.0
2020-11-12,31075.0,27037.0,79461.0,15.725000000000001,9.95,10.157499999999999,0.0
2020-11-13,25396.0,25387.0,76072.0,15.45,9.725000000000001,8.6225,0.4
2020-11-14,12129.0,21393.0,57000.0,14.75,11.025,5.5725,2.4499999999999997
2020-11-15,30193.0,22197.0,35084.0,18.025,13.500000000000002,8.125,0.42500000000000004
2020-11-16,28970.0,23711.0,75421.0,17.25,12.65,9.7425,0.125
2020-11-17,36783.0,23167.0,79308.0,16.55,11.225,9.2425,0.0
2020-11-18,38666.0,23026.0,69180.0,18.900000000000002,12.075,10.5625,0.0
2020-11-19,38833.0,21447.0,55970.0,18.45,11.649999999999999,10.06,0.0
2020-11-20,46800.0,20824.0,48175.0,14.749999999999998,9.225000000000001,10.870000000000001,0.0
2020-11-21,46486.0,19665.0,50348.0,14.95,8.425,10.754999999999999,0.0
2020-11-22,45247.0,18268.0,46224.0,14.975,8.25,10.6775,0.0
2020-11-23,45769.0,20418.0,92762.0,13.75,6.949999999999999,10.485,0.0
2020-11-24,33460.0,20310.0,86283.0,13.75,7.4,8.8775,0.175
2020-11-25,18625.0,20661.0,78898.0,11.650000000000002,8.05,5.3100000000000005,13.225
2020-11-26,7458.0,20737.0,72766.0,10.9,8.25,3.7225,6.400000000000001
2020-11-27,9275.0,22005.0,90867.0,11.525,7.875,5.905000000000001,2.15
2020-11-28,20601.0,20390.0,69830.0,11.575000000000001,7.1,6.4675,0.45
2020-11-29,23107.0,18536.0,71309.0,13.425,8.65,6.8525,2.05
2020-11-30,26875.0,20200.0,93952.0,14.499999999999998,8.5,8.885000000000002,0.175
2020-12-01,33513.0,18801.0,75605.0,12.25,6.875,7.852499999999999,0.075
2020-12-02,32831.0,18469.0,67448.0,9.525,5.475,8.207500000000001,0.025
2020-12-03,38986.0,19535.0,77689.0,9.924999999999999,4.875,8.8925,0.525
2020-12-04,15505.0,18404.0,81325.0,6.975,3.825,4.5575,5.0
2020-12-05,33818.0,18982.0,55653.0,5.949999999999999,1.6750000000000003,7.5225,0.125
2020-12-06,25491.0,19577.0,43314.0,7.3,3.1249999999999996,6.925000000000001,0.30000000000000004
2020-12-07,14664.0,23311.0,39089.0,9.35,6.5249999999999995,4.7225,2.275
2020-12-08,24526.0,25536.0,58629.0,8.9,5.800000000000001,6.78,1.2
2020-12-09,29333.0,28816.0,103017.0,7.699999999999999,3.9,7.0275,0.525
2020-12-10,9737.0,32859.0,88671.0,12.05,8.75,3.7325,3.525
2020-12-11,10186.0,34320.0,75206.0,13.875,10.799999999999999,4.65,3.75
2020-12-12,29363.0,34007.0,72658.0,12.549999999999999,8.975,7.2924999999999995,0.825
2020-12-13,22334.0,34598.0,85117.0,13.275,9.1,5.75,0.0
2020-12-14,12199.0,37032.0,101557.0,13.175,9.7,3.8625000000000003,3.425
2020-12-15,28984.0,37514.0,97843.0,10.549999999999999,7.575,5.625,2.1
2020-12-16,18293.0,38611.0,114191.0,11.299999999999999,7.050000000000001,4.65,4.425
2020-12-17,21579.0,38713.0,136821.0,10.299999999999999,6.499999999999999,6.534999999999999,0.075
2020-12-18,22072.0,37674.0,106885.0,10.6,5.699999999999999,6.275,0.075
2020-12-19,12006.0,37027.0,96967.0,9.674999999999999,7.3500000000000005,2.7375,5.949999999999999
2020-12-20,26341.0,35918.0,97074.0,11.200000000000001,7.5,7.055000000000001,1.375
2020-12-21,26188.0,36494.0,110289.0,12.8,7.9,6.2425,0.175
2020-12-22,30306.0,37383.0,91924.0,13.7,8.725,6.945,0.0
2020-12-23,19579.0,37172.0,96679.0,12.225000000000001,8.325,4.55,0.325
2020-12-24,21912.0,35528.0,73379.0,10.075,6.3999999999999995,5.8625,0.3
2020-12-25,33069.0,33031.0,47874.0,7.575,3.9499999999999997,7.227499999999999,0.95
2020-12-26,42467.0,33134.0,76775.0,6.225,1.175,9.1775,0.2
2020-12-27,37091.0,31626.0,71621.0,7.7250000000000005,2.475,7.6674999999999995,0.25
2020-12-28,27440.0,32879.0,64744.0,7.275,4.449999999999999,6.5775,3.425
2020-12-29,25712.0,35771.0,98117.0,6.675000000000001,2.7,7.6850000000000005,0.30000000000000004
2020-12-30,40962.0,35548.0,109951.0,6.050000000000001,1.6,8.0025,0.15
2020-12-31,31246.0,35478.0,99966.0,7.324999999999999,2.35,7.115,0.6499999999999999
2021-01-01,31259.0,34015.0,82816.0,6.4,2.525,7.8575,0.325
2021-01-02,38189.0,33916.0,90133.0,5.124999999999999,0.17500000000000004,8.692499999999999,0.15000000000000002
2021-01-03,42024.0,32624.0,95626.0,5.6,0.02499999999999991,9.1375,0.05
2021-01-04,28093.0,33948.0,158202.0,4.675,0.10000000000000009,7.057499999999999,0.35
2021-01-05,31410.0,33790.0,156309.0,4.800000000000001,-0.6499999999999999,8.0075,0.0
2021-01-06,25413.0,33096.0,142802.0,5.074999999999999,-0.575,7.9375,1.525
2021-01-07,9487.0,32019.0,132092.0,3.25,0.050000000000000044,4.545,9.2
2021-01-08,7047.0,31954.0,127972.0,3.6,0.3750000000000002,4.154999999999999,16.775
2021-01-09,15088.0,30643.0,103041.0,3.525,1.1749999999999998,4.385,8.3
2021-01-10,19515.0,29006.0,97671.0,3.9749999999999996,0.9999999999999999,5.8875,2.85
2021-01-11,39069.0,29096.0,108774.0,4.875,-0.40000000000000013,9.872499999999999,0.0
2021-01-12,46036.0,28952.0,134590.0,6.8500000000000005,-0.10000000000000009,10.450000000000001,0.0
2021-01-13,47236.0,28897.0,129310.0,8.3,0.9000000000000001,10.260000000000002,0.0
2021-01-14,42334.0,29378.0,124317.0,7.75,0.6749999999999999,9.985,0.0
2021-01-15,42611.0,29670.0,123336.0,7.699999999999999,1.5999999999999999,9.047500000000001,0.0
2021-01-16,48186.0,28224.0,118901.0,7.875,1.4000000000000001,9.685,0.0
2021-01-17,47705.0,28333.0,97548.0,9.600000000000001,2.0999999999999996,9.0725,0.225
2021-01-18,48180.0,29798.0,136237.0,9.924999999999999,1.6999999999999997,10.707500000000001,0.0
2021-01-19,34274.0,29658.0,113771.0,9.35,1.8499999999999999,8.620000000000001,0.025
2021-01-20,10953.0,32121.0,91864.0,9.700000000000001,6.175,5.2675,8.125
2021-01-21,19590.0,36469.0,85937.0,10.15,7.925,5.355,3.325
2021-01-22,23790.0,37495.0,79132.0,9.850000000000001,7.25,7.254999999999999,7.15
2021-01-23,19118.0,35087.0,51620.0,9.275,6.1,3.81,3.65
2021-01-24,30345.0,36165.0,56724.0,10.125,7.725,8.17,1.3499999999999999
2021-01-25,13356.0,38434.0,106476.0,12.0,8.700000000000001,5.05,1.425
2021-01-26,18349.0,39866.0,131076.0,12.95,9.55,5.525,0.45000000000000007
2021-01-27,27949.0,41706.0,109000.0,15.125,10.950000000000001,7.7425,0.2
2021-01-28,37080.0,42443.0,107864.0,16.8,10.5,9.7425,0.0
2021-01-29,31465.0,42405.0,113461.0,14.850000000000001,9.425,8.782499999999999,0.025
2021-01-30,29602.0,39732.0,87410.0,11.149999999999999,8.6,7.682500000000001,2.9
2021-01-31,16902.0,39198.0,87106.0,12.65,8.575,5.8374999999999995,1.25
2021-02-01,34636.0,41482.0,107119.0,12.3,9.350000000000001,8.627500000000001,1.05
2021-02-02,29485.0,42158.0,111626.0,13.075,9.625,7.4575,0.05
2021-02-03,25188.0,43606.0,112814.0,14.025,9.65,9.0725,0.375
2021-02-04,24008.0,45180.0,141444.0,13.0,8.95,7.9475,2.2
2021-02-05,21253.0,46080.0,139612.0,13.925,9.25,9.0425,7.575000000000001
2021-02-06,21907.0,43800.0,123724.0,9.175,7.1000000000000005,4.8774999999999995,6.275
2021-02-07,29575.0,41442.0,98756.0,8.5,5.55,8.5525,0.95
2021-02-08,24770.0,40983.0,120335.0,9.250000000000002,6.825,7.154999999999999,4.875
2021-02-09,9985.0,41340.0,134615.0,8.774999999999999,6.874999999999999,3.4375,13.225000000000001
2021-02-10,32200.0,41721.0,142364.0,11.2,7.625,10.365,2.4250000000000003
2021-02-11,26690.0,42964.0,158449.0,14.0,9.775,7.875,0.9
2021-02-12,45242.0,43369.0,141559.0,12.975,9.5,9.85,2.8000000000000003
2021-02-13,52707.0,41967.0,140164.0,13.85,7.550000000000001,12.91,0.0
2021-02-14,58689.0,39489.0,126128.0,14.5,7.25,11.827499999999999,0.35
2021-02-15,50715.0,39098.0,130142.0,14.625,7.8,12.8825,0.025
2021-02-16,56405.0,39806.0,141230.0,15.149999999999999,8.725,12.799999999999999,0.8
2021-02-17,55092.0,40745.0,158349.0,15.925,9.325000000000001,12.6675,0.35
2021-02-18,47927.0,41361.0,150475.0,14.4,8.9,12.7875,0.3
2021-02-19,54005.0,41879.0,143784.0,14.975,9.125,13.907499999999999,0.0
2021-02-20,37863.0,36662.0,132129.0,16.0,9.95,13.370000000000001,0.0
2021-02-21,11708.0,37545.0,139803.0,11.825,8.6,7.4375,7.275
2021-02-22,49336.0,43593.0,155586.0,10.75,6.2749999999999995,10.9275,6.1
2021-02-23,68249.0,44528.0,142887.0,13.95,7.0,14.477499999999997,0.075
2021-02-24,56270.0,42473.0,144866.0,16.475,8.75,16.0575,0.0
2021-02-25,28459.0,43345.0,172650.0,14.125,8.925,11.825000000000001,0.025
2021-02-26,32632.0,42811.0,160954.0,15.575,9.725,14.017500000000002,0.375
2021-02-27,44196.0,39213.0,123337.0,14.975000000000001,8.7,15.1025,0.0
2021-02-28,45658.0,36603.0,108716.0,12.775,7.449999999999999,13.7025,0.875
2021-03-01,25287.0,39798.0,138885.0,14.450000000000001,8.475000000000001,12.57,2.9749999999999996
2021-03-02,31036.0,40556.0,159163.0,14.375,8.925,14.175,0.45
2021-03-03,35329.0,39545.0,155154.0,15.875,9.775,15.46,0.1
2021-03-04,37029.0,38963.0,137561.0,15.075,9.05,14.375,0.175
2021-03-05,28737.0,38021.0,125493.0,13.075,8.475000000000001,12.7925,3.15
2021-03-06,40028.0,35282.0,108701.0,12.925,8.475,11.145,2.25
2021-03-07,36573.0,33027.0,102967.0,12.3,8.125000000000002,11.965,1.9
2021-03-08,33085.0,34282.0,140789.0,10.799999999999999,6.799999999999999,11.74,2.0999999999999996
2021-03-09,53915.0,33928.0,135513.0,11.525,6.375,16.052500000000002,0.125
2021-03-10,80900.0,31963.0,119661.0,14.600000000000001,7.425000000000001,18.992500000000003,0.0
2021-03-11,72461.0,30716.0,96413.0,16.4,10.05,16.7275,0.0
2021-03-12,66448.0,31372.0,101112.0,13.85,8.8,13.492500000000001,0.675
2021-03-13,86905.0,27772.0,79075.0,13.9,7.7,18.51,0.0
2021-03-14,87941.0,26923.0,67052.0,14.175,8.125,17.895000000000003,0.0
2021-03-15,87822.0,28981.0,105981.0,15.45,8.700000000000001,19.310000000000002,0.0
2021-03-16,88406.0,26442.0,92538.0,16.05,9.425,19.34,0.0
2021-03-17,90044.0,23675.0,73035.0,16.125,10.0,19.1375,0.075
2021-03-18,71853.0,24431.0,102298.0,13.1,7.6000000000000005,18.83,0.1
2021-03-19,52923.0,23800.0,80222.0,11.7,6.475,15.1225,0.625
2021-03-20,76894.0,24589.0,42519.0,10.174999999999999,5.3,19.9825,0.25
2021-03-21,93461.0,24189.0,44593.0,11.9,5.875000000000001,20.1125,0.0
2021-03-22,93187.0,28211.0,90493.0,14.625,7.625,20.810000000000002,0.075
2021-03-23,96332.0,29407.0,114550.0,18.349999999999998,9.349999999999998,21.9125,0.0
2021-03-24,92080.0,29605.0,129412.0,19.175,10.575000000000001,21.615000000000002,0.0
2021-03-25,88328.0,29614.0,121137.0,18.924999999999997,10.975,20.7025,0.0
2021-03-26,63229.0,30262.0,105553.0,18.25,11.525,19.305,0.0
2021-03-27,61096.0,26693.0,76832.0,18.5,11.5,18.942500000000003,0.4
2021-03-28,77711.0,22455.0,48620.0,21.275000000000002,12.999999999999998,21.5225,0.0
2021-03-29,52586.0,24791.0,84241.0,21.4,14.375,19.245,0.07500000000000001
2021-03-30,43931.0,24455.0,99148.0,22.925,15.725,20.61,0.1
2021-03-31,72300.0,24125.0,70587.0,25.025,16.75,22.740000000000002,0.025
2021-04-01,59390.0,24448.0,55542.0,20.725,15.1,19.0375,0.325
2021-04-02,59141.0,25451.0,58379.0,18.175,13.049999999999999,15.51,4.6000000000000005
2021-04-03,67097.0,24255.0,34072.0,18.6,12.35,19.7625,0.975
2021-04-04,82174.0,23438.0,38520.0,18.825,11.774999999999999,22.4325,0.025
2021-04-05,88459.0,24068.0,59261.0,20.199999999999996,12.575,22.987500000000004,0.025
2021-04-06,89986.0,23868.0,68586.0,20.375,12.799999999999999,23.422499999999996,0.0
2021-04-07,74747.0,25188.0,94912.0,19.074999999999996,11.700000000000001,22.515,0.0
2021-04-08,47605.0,25872.0,114489.0,17.674999999999997,12.2,17.665,0.6000000000000001
2021-04-09,41737.0,26450.0,101016.0,16.65,11.4,12.855,3.325
2021-04-10,44394.0,24148.0,71794.0,16.7,11.6,16.045,3.375
2021-04-11,57500.0,24742.0,47437.0,14.000000000000002,10.675,11.31,5.925
2021-04-12,78885.0,25655.0,89521.0,16.275,10.325,23.174999999999997,0.0
2021-04-13,63736.0,24569.0,104488.0,17.05,11.875,17.095000000000002,0.9
2021-04-14,41641.0,24256.0,90589.0,17.724999999999998,12.35,15.190000000000001,3.0249999999999995
2021-04-15,35347.0,22177.0,83065.0,16.175,11.45,16.2325,4.425
2021-04-16,79486.0,22159.0,69998.0,14.825000000000001,9.65,20.342499999999998,1.075
2021-04-17,98695.0,19813.0,50192.0,14.9,8.775000000000002,25.015,0.075
2021-04-18,102180.0,19703.0,46843.0,16.9,9.825,25.580000000000002,0.0
2021-04-19,71083.0,23406.0,87646.0,18.525,12.200000000000001,19.9675,0.225
2021-04-20,71112.0,23248.0,82369.0,17.55,11.875,18.6325,2.0
2021-04-21,44571.0,23583.0,96007.0,16.05,11.325000000000001,16.802500000000002,2.55
2021-04-22,61760.0,21839.0,87694.0,16.825,12.125,19.2625,4.125
2021-04-23,64099.0,21394.0,48998.0,20.0,13.099999999999998,19.18,0.325
2021-04-24,42901.0,20988.0,38622.0,19.250000000000004,13.575000000000001,18.505,1.2
2021-04-25,40178.0,21468.0,54048.0,17.325000000000003,12.375,13.864999999999998,6.125
2021-04-26,46148.0,24229.0,91323.0,16.25,12.1,13.8825,6.0
2021-04-27,50479.0,25922.0,82326.0,16.2,12.0,15.6725,6.625
2021-04-28,58375.0,25654.0,83109.0,15.674999999999999,11.85,16.27,4.45
2021-04-29,59699.0,26290.0,85020.0,14.825000000000001,11.325000000000001,16.69,6.074999999999999
2021-04-30,69475.0,27647.0,80331.0,14.675,10.575000000000001,17.8975,2.75
2021-05-01,91143.0,25280.0,28910.0,14.799999999999999,9.799999999999999,20.662499999999998,2.3249999999999997
2021-05-02,103586.0,24161.0,26935.0,15.6,10.325,23.9975,0.22499999999999998
2021-05-03,71115.0,24958.0,51737.0,17.55,11.825,20.197499999999998,0.7000000000000001
2021-05-04,108378.0,24569.0,70784.0,20.474999999999998,13.475000000000001,25.909999999999997,0.05
2021-05-05,111815.0,24795.0,63225.0,22.175,15.149999999999999,25.334999999999997,0.0
2021-05-06,116125.0,26407.0,58645.0,23.275,16.05,27.005000000000003,0.0
2021-05-07,118154.0,27131.0,62039.0,24.75,17.275,27.36,0.0
2021-05-08,99545.0,24832.0,34341.0,25.525,18.4,26.1775,0.0
2021-05-09,44968.0,25100.0,35995.0,17.325,13.975000000000001,14.145,10.725000000000001
2021-05-10,64343.0,28756.0,61765.0,15.024999999999999,10.874999999999998,19.9475,6.85
2021-05-11,97594.0,28901.0,50121.0,15.0,10.075,22.790000000000003,0.55
2021-05-12,85228.0,28714.0,35727.0,17.35,12.100000000000001,18.0775,0.25
2021-05-13,94327.0,29061.0,42771.0,19.475,13.125000000000002,22.33,1.125
2021-05-14,112137.0,30064.0,53784.0,20.55,14.125,28.2675,0.05
2021-05-15,107406.0,29677.0,31140.0,23.599999999999998,16.900000000000002,22.2475,0.2
2021-05-16,101031.0,33734.0,31340.0,23.875,18.1,23.3525,0.1
2021-05-17,109323.0,32601.0,54907.0,24.3,17.3,27.2,0.0
2021-05-18,113632.0,31290.0,53008.0,24.175,17.650000000000002,25.424999999999997,0.0
2021-05-19,118953.0,30915.0,59575.0,24.825000000000003,17.474999999999998,28.935,0.0
2021-05-20,117017.0,29154.0,55520.0,27.025000000000002,18.825000000000003,28.5825,0.0
2021-05-21,107229.0,29328.0,50821.0,25.6,19.225,25.8525,0.15
2021-05-22,87040.0,27654.0,54022.0,20.674999999999997,15.899999999999999,23.18,0.925
2021-05-23,62037.0,25499.0,32744.0,18.625,14.025,18.852500000000003,0.875
2021-05-24,104763.0,26659.0,40369.0,22.05,14.924999999999999,25.375,0.0
2021-05-25,114155.0,26515.0,44657.0,24.275,16.95,28.8475,0.0
2021-05-26,108146.0,25128.0,60575.0,25.85,18.35,26.53,0.075
2021-05-27,51644.0,26221.0,101337.0,24.775,18.349999999999998,18.53,1.6500000000000001
2021-05-28,92946.0,27030.0,58273.0,25.3,19.625,20.057499999999997,0.475
2021-05-29,112705.0,25044.0,55274.0,28.474999999999998,21.025,26.020000000000003,0.9
2021-05-30,87590.0,24531.0,39982.0,28.875,21.950000000000003,24.86,0.925
2021-05-31,78968.0,26373.0,57991.0,28.25,21.099999999999998,22.8325,3.45
2021-06-01,73163.0,27507.0,66913.0,23.225,18.150000000000002,23.5675,8.35
2021-06-02,110894.0,27920.0,48684.0,25.1,18.325,25.3575,0.875
2021-06-03,106514.0,27374.0,33984.0,25.775,19.175,26.325,1.375
2021-06-04,88364.0,27547.0,40877.0,24.725,18.875,24.955000000000002,6.425
2021-06-05,66455.0,26984.0,38271.0,24.799999999999997,18.175,21.0475,3.025
2021-06-06,114172.0,25867.0,31919.0,27.075,20.099999999999998,28.285,0.375
2021-06-07,122749.0,25301.0,33414.0,29.225,21.7,28.7125,0.2
2021-06-08,118080.0,24735.0,46549.0,31.275000000000002,23.2,29.5075,0.05
2021-06-09,114827.0,23596.0,54101.0,31.225,23.575000000000003,28.740000000000002,0.5
2021-06-10,114800.0,23864.0,63790.0,31.100000000000005,23.6,28.0575,0.85
2021-06-11,105813.0,23539.0,41287.0,29.625,22.9,25.6,1.8250000000000002
2021-06-12,103116.0,22212.0,47210.0,29.775000000000002,22.325,27.275000000000002,0.1
2021-06-13,102607.0,21882.0,42238.0,30.525000000000002,23.3,27.540000000000003,0.05
2021-06-14,107135.0,23631.0,78425.0,30.825000000000003,23.45,26.7425,1.0
2021-06-15,77364.0,23392.0,78235.0,29.825,22.875,24.080000000000002,2.05
2021-06-16,79931.0,23133.0,66252.0,27.650000000000002,21.75,24.222499999999997,2.175
2021-06-17,54223.0,25253.0,68127.0,21.075,17.325,15.684999999999999,11.625
2021-06-18,61405.0,29135.0,48159.0,22.825,17.299999999999997,21.665000000000003,5.675
2021-06-19,63028.0,29705.0,40452.0,21.975,16.875,21.0225,0.6
2021-06-20,65958.0,27157.0,30989.0,20.525,16.55,17.884999999999998,8.925
2021-06-21,85528.0,27661.0,41786.0,21.0,16.5,25.4025,0.575
2021-06-22,93567.0,28160.0,55547.0,22.65,17.025,23.7675,0.15
2021-06-23,106377.0,29281.0,45867.0,23.8,17.500000000000004,21.957499999999996,3.9749999999999996
2021-06-24,121531.0,28109.0,55233.0,27.25,19.700000000000003,28.722499999999997,0.0
2021-06-25,119399.0,25167.0,57333.0,29.625,21.924999999999997,29.549999999999997,0.0
2021-06-26,113177.0,23362.0,48795.0,29.55,22.624999999999996,27.305,1.575
2021-06-27,114831.0,22198.0,34306.0,27.35,20.875,28.04,0.75
2021-06-28,123736.0,23040.0,56800.0,25.875,19.724999999999998,28.605,0.075
2021-06-29,124677.0,23383.0,53931.0,27.4,20.15,29.665,0.0
2021-06-30,120997.0,23060.0,79279.0,29.275,21.75,29.020000000000003,0.175
2021-07-01,121089.0,22029.0,82637.0,30.675,23.25,28.9525,0.075
2021-07-02,122237.0,21552.0,75944.0,31.549999999999997,23.875,29.072499999999998,0.325
2021-07-03,114186.0,20389.0,73427.0,29.924999999999997,23.575,27.005,0.525
2021-07-04,119694.0,19958.0,38723.0,29.475,23.049999999999997,28.580000000000002,2.65
2021-07-05,120133.0,20489.0,70890.0,31.325000000000003,24.124999999999996,29.35,0.0
2021-07-06,86287.0,20115.0,77416.0,27.250000000000004,21.4,24.8375,1.25
2021-07-07,111267.0,20963.0,75571.0,25.825000000000003,19.924999999999997,26.9125,0.22499999999999998
2021-07-08,118308.0,20268.0,63406.0,28.450000000000003,21.25,29.955,0.0
2021-07-09,115229.0,19777.0,61141.0,31.750000000000004,23.724999999999998,30.0025,0.0
2021-07-10,103744.0,18860.0,67449.0,34.625,26.1,28.825,0.075
2021-07-11,69309.0,18303.0,67024.0,35.425,27.175000000000004,27.902500000000003,0.0
2021-07-12,105538.0,19158.0,52679.0,27.275000000000002,22.075,28.505,0.0
2021-07-13,120721.0,19162.0,59017.0,26.025000000000002,19.425,27.715,0.0
2021-07-14,115913.0,18518.0,55068.0,27.924999999999997,20.9,27.7825,0.0
2021-07-15,117726.0,18128.0,59226.0,30.549999999999997,22.85,28.2,0.0
2021-07-16,121068.0,19019.0,59346.0,32.875,24.525,29.682500000000005,0.0
2021-07-17,117969.0,17918.0,51472.0,34.15,25.775,29.63,0.0
2021-07-18,114041.0,16322.0,40474.0,33.925,25.799999999999997,28.22,0.0
2021-07-19,115335.0,18979.0,58907.0,32.675,25.424999999999997,28.917499999999997,0.0
2021-07-20,109158.0,19391.0,53558.0,32.55,24.85,27.229999999999997,0.3
2021-07-21,115548.0,19402.0,49330.0,33.875,26.1,28.2075,0.0
2021-07-22,115469.0,18152.0,46011.0,35.4,27.225,28.865000000000002,0.0
2021-07-23,92492.0,17588.0,43344.0,31.924999999999997,25.674999999999997,26.9125,0.0
2021-07-24,109947.0,16410.0,48333.0,30.1,23.575,28.427500000000002,0.0
2021-07-25,102837.0,15985.0,39925.0,28.974999999999998,22.9,25.099999999999998,0.025
2021-07-26,100538.0,16887.0,41962.0,28.25,22.125,24.285,2.0749999999999997
2021-07-27,112070.0,16896.0,39786.0,30.35,23.625,26.325,0.375
2021-07-28,114850.0,17279.0,46754.0,31.425,24.475,27.015,2.1
2021-07-29,116379.0,17723.0,60665.0,32.55,25.45,27.33,0.225
2021-07-30,116964.0,17660.0,82199.0,31.475,24.775,27.4825,0.4
2021-07-31,102020.0,15553.0,31272.0,25.224999999999998,20.15,21.5025,5.95
2021-08-01,104753.0,17464.0,50301.0,26.075,19.650000000000002,25.442500000000003,0.0
2021-08-02,100355.0,18511.0,66747.0,27.375000000000004,21.1,24.715,0.15
2021-08-03,107194.0,17748.0,70423.0,29.275000000000002,22.525,25.3825,0.325
2021-08-04,112843.0,18270.0,67074.0,29.25,23.15,24.355,2.225
2021-08-05,120333.0,17767.0,61606.0,31.625,24.225,27.085,0.0
2021-08-06,120285.0,17328.0,52863.0,30.875,23.725,26.3025,0.075
2021-08-07,116869.0,14932.0,39608.0,27.625,21.375,24.902499999999996,1.375
2021-08-08,113558.0,15366.0,41539.0,27.775,21.075000000000003,26.0125,0.05
2021-08-09,106928.0,16813.0,58141.0,31.075000000000003,22.975,26.130000000000003,0.0
2021-08-10,84551.0,16453.0,67795.0,33.275,25.725,25.5375,0.05
2021-08-11,76522.0,16467.0,69759.0,34.525,26.575000000000003,25.1275,0.075
2021-08-12,94040.0,16904.0,57979.0,35.5,27.9,25.299999999999997,0.025
2021-08-13,89614.0,16166.0,68396.0,38.225,29.1,24.71,0.0
2021-08-14,87059.0,15218.0,54435.0,39.075,30.224999999999994,25.07,0.0
2021-08-15,80687.0,14368.0,48718.0,37.775,29.250000000000004,24.9225,0.0
2021-08-16,104520.0,14104.0,36712.0,34.6,26.724999999999998,26.9125,0.0
2021-08-17,107530.0,14084.0,27858.0,30.9,24.174999999999997,26.195,0.0
2021-08-18,107849.0,15200.0,41175.0,29.974999999999998,23.15,25.724999999999998,0.0
2021-08-19,100193.0,15510.0,58756.0,29.925000000000004,22.45,23.5825,0.4
2021-08-20,110171.0,15649.0,53500.0,31.15,23.825,24.612499999999997,0.15
2021-08-21,107661.0,14553.0,43760.0,32.199999999999996,24.724999999999998,24.534999999999997,0.05
2021-08-22,83755.0,14201.0,39702.0,32.975,25.6,23.599999999999998,0.0
2021-08-23,86649.0,14638.0,37474.0,32.325,25.0,22.785000000000004,0.375
2021-08-24,76723.0,14447.0,43268.0,29.549999999999997,23.05,21.305,0.47500000000000003
2021-08-25,80989.0,14790.0,47529.0,27.775,21.849999999999998,18.6275,2.25
2021-08-26,99127.0,14358.0,52121.0,30.8,23.925,22.7675,0.025
2021-08-27,103602.0,14359.0,51356.0,31.525,24.05,24.32,0.025
2021-08-28,105727.0,13506.0,36133.0,29.749999999999996,22.625,23.6675,0.0
2021-08-29,99006.0,12830.0,41804.0,27.875,21.775000000000002,21.227500000000003,0.35
2021-08-30,97571.0,13983.0,53789.0,28.225,21.55,22.137500000000003,0.0
2021-08-31,84249.0,15076.0,58183.0,29.425,21.95,20.57,2.425
2021-09-01,51783.0,14871.0,56358.0,25.625,20.525000000000002,17.285,2.1
2021-09-02,86283.0,15216.0,53368.0,25.575,19.875,18.33,1.75
2021-09-03,100355.0,14758.0,48803.0,27.125,20.675,21.275000000000002,0.475
2021-09-04,106522.0,14001.0,44916.0,29.1,21.75,21.994999999999997,0.05
2021-09-05,103372.0,12994.0,41482.0,31.875,23.900000000000002,21.605,0.0
2021-09-06,50237.0,13412.0,48392.0,32.75,25.5,16.04,0.05
2021-09-07,78852.0,13497.0,35665.0,29.700000000000003,23.725,19.3475,0.05
2021-09-08,83078.0,13311.0,43851.0,26.325,20.9,19.052500000000002,1.0
2021-09-09,71133.0,13486.0,43165.0,24.9,19.900000000000002,15.117500000000001,2.625
2021-09-10,95553.0,13543.0,42587.0,26.45,20.25,20.215,0.225
2021-09-11,83035.0,13055.0,37994.0,27.1,20.500000000000004,18.587500000000002,0.15
2021-09-12,92445.0,12690.0,45724.0,30.05,21.700000000000003,20.5775,0.55
2021-09-13,26511.0,11988.0,35633.0,26.85,21.224999999999998,12.1525,2.125
2021-09-14,22324.0,12453.0,52553.0,21.725,18.099999999999998,9.6,19.475
2021-09-15,58235.0,13745.0,49565.0,22.175,17.675,15.855,4.225
2021-09-16,80997.0,12972.0,33388.0,22.900000000000002,17.95,16.880000000000003,0.95
2021-09-17,94002.0,13185.0,29013.0,24.75,18.599999999999998,18.847500000000004,0.025
2021-09-18,93510.0,13017.0,25193.0,22.650000000000002,17.425,18.0575,6.75
2021-09-19,100340.0,13345.0,27261.0,23.625000000000004,16.674999999999997,20.835,0.0
2021-09-20,95310.0,12784.0,24690.0,22.650000000000002,16.599999999999998,17.9025,0.0
2021-09-21,88652.0,12733.0,31463.0,21.3,15.399999999999999,15.942499999999999,2.25
2021-09-22,69711.0,13084.0,34041.0,21.825,16.45,15.335,0.42500000000000004
2021-09-23,54069.0,13342.0,28828.0,23.599999999999998,17.799999999999997,14.16,2.5000000000000004
2021-09-24,41810.0,13283.0,47005.0,22.45,17.599999999999998,13.2425,5.125
2021-09-25,60880.0,12954.0,34751.0,21.125,16.75,14.160000000000002,4.025
2021-09-26,87498.0,12276.0,27707.0,23.05,16.825000000000003,18.1,0.025
2021-09-27,92444.0,12429.0,31960.0,24.55,17.875,17.2325,0.0
2021-09-28,85247.0,11826.0,40274.0,23.5,17.325,15.555,0.39999999999999997
2021-09-29,94514.0,11375.0,34200.0,23.475,17.05,17.535,0.0
2021-09-30,84063.0,11481.0,35690.0,24.225,17.049999999999997,17.7625,0.0
2021-10-01,67005.0,12147.0,43183.0,24.549999999999997,17.75,16.5775,0.0
2021-10-02,77827.0,11421.0,25431.0,24.125,17.775000000000002,15.287500000000001,0.25
2021-10-03,45469.0,12635.0,19593.0,18.075,15.025,7.2625,14.675
2021-10-04,77968.0,15072.0,34322.0,18.224999999999998,12.65,15.807500000000001,0.075
2021-10-05,78073.0,13191.0,33310.0,20.85,14.65,13.012500000000001,0.0
2021-10-06,86800.0,12605.0,44052.0,22.55,15.825,17.21,0.0
2021-10-07,84206.0,12878.0,34359.0,24.25,16.075,17.6175,0.0
2021-10-08,89036.0,11944.0,32668.0,23.825,15.875,17.464999999999996,0.0
2021-10-09,79268.0,11763.0,28942.0,22.874999999999996,15.424999999999999,16.54,0.0
2021-10-10,77159.0,10741.0,19621.0,22.874999999999996,15.849999999999998,16.43,0.0
2021-10-11,71516.0,11001.0,29676.0,23.675,16.075000000000003,16.525000000000002,0.0
2021-10-12,76754.0,10563.0,20542.0,23.200000000000003,15.7,16.575,0.0
2021-10-13,86702.0,11316.0,28810.0,22.475,14.674999999999999,16.7225,0.0
2021-10-14,73580.0,12847.0,40207.0,22.250000000000004,14.225000000000001,16.33,0.0
2021-10-15,79579.0,10943.0,45252.0,22.900000000000002,15.3,15.765,0.0
2021-10-16,50751.0,10314.0,36853.0,21.675,15.024999999999999,12.4925,0.0
2021-10-17,49418.0,10490.0,34795.0,22.025000000000002,16.075000000000003,12.9825,0.675
2021-10-18,63640.0,10194.0,40548.0,22.925,17.2,12.352500000000001,0.025
2021-10-19,78103.0,9631.0,29165.0,24.7,17.325,14.465,0.0
2021-10-20,71842.0,9483.0,27273.0,23.75,17.475,13.2125,0.025
2021-10-21,63654.0,9208.0,33247.0,20.049999999999997,15.55,12.052499999999998,0.725
2021-10-22,64909.0,9551.0,25785.0,18.4,12.850000000000001,13.7375,0.025
2021-10-23,77323.0,9406.0,24658.0,18.950000000000003,12.05,14.7125,0.0
2021-10-24,80307.0,9006.0,26409.0,19.875000000000004,12.125,14.7725,0.0
2021-10-25,65994.0,8853.0,41900.0,19.75,12.775,13.87,0.0
2021-10-26,63133.0,10295.0,31643.0,19.6,12.475,13.8525,0.0
2021-10-27,67774.0,9975.0,45216.0,19.45,12.325,13.855,0.0
2021-10-28,63231.0,10543.0,32463.0,19.375,13.025000000000002,13.04,0.0
2021-10-29,20690.0,11644.0,21259.0,15.100000000000001,13.0,4.3575,12.450000000000001
2021-10-30,14533.0,12273.0,32816.0,17.724999999999998,15.3,5.555000000000001,21.875
2021-10-31,24942.0,12962.0,16919.0,19.325,16.1,9.11,5.8500000000000005
2021-11-01,35067.0,14607.0,19399.0,17.325000000000003,13.9,8.9675,3.95
2021-11-02,29133.0,15227.0,31948.0,13.9,10.4,7.7775,2.075
2021-11-03,53098.0,15820.0,28820.0,11.9,8.375,10.8875,1.4249999999999998
2021-11-04,63461.0,16066.0,23843.0,11.85,6.2250000000000005,11.81,0.32499999999999996
2021-11-05,69043.0,15663.0,27656.0,11.125,6.4750000000000005,11.155,0.1
2021-11-06,72513.0,15292.0,25754.0,11.9,6.300000000000001,12.337499999999999,0.0
2021-11-07,69870.0,13361.0,20671.0,11.925,6.1,12.532499999999999,0.0
2021-11-08,69093.0,14424.0,29788.0,15.475000000000001,8.475000000000001,11.709999999999999,0.0
2021-11-09,68893.0,13234.0,34416.0,15.2,8.075,11.91,0.0
2021-11-10,64521.0,13101.0,44997.0,14.6,7.775,11.21,0.1
2021-11-11,56948.0,11744.0,45425.0,14.850000000000001,8.025,10.2375,0.275
2021-11-12,55537.0,11324.0,42602.0,14.724999999999998,8.1,9.575,0.05
2021-11-13,59940.0,10640.0,20028.0,15.725,8.825,9.862499999999999,0.0
2021-11-14,62510.0,10545.0,20735.0,14.2,8.15,8.834999999999999,0.0
2021-11-15,62294.0,11136.0,32464.0,13.6,8.0,10.195,0.25
2021-11-16,61858.0,11767.0,24766.0,13.674999999999999,7.45,9.5575,0.05
2021-11-17,58986.0,12039.0,27779.0,13.274999999999999,7.15,10.525,0.0
2021-11-18,49367.0,12459.0,32155.0,14.925,8.025,10.2675,0.0
2021-11-19,41606.0,10800.0,41301.0,15.55,9.024999999999999,10.52,0.0
2021-11-20,12821.0,10025.0,40456.0,14.249999999999998,9.25,6.362500000000001,0.6
2021-11-21,29910.0,9676.0,36133.0,13.25,8.450000000000001,6.492500000000001,1.7499999999999998
2021-11-22,23243.0,10930.0,35865.0,10.975,6.8500000000000005,7.6175,5.074999999999999
2021-11-23,28522.0,12781.0,37217.0,8.05,4.3500000000000005,5.032500000000001,11.725
2021-11-24,28313.0,16035.0,36798.0,8.174999999999999,4.6499999999999995,5.35,6.574999999999999
2021-11-25,29177.0,18294.0,40364.0,8.725,4.325,7.8950000000000005,1.35
2021-11-26,46898.0,18715.0,38989.0,8.875,4.25,9.055,0.0
2021-11-27,40473.0,19380.0,40779.0,8.4,3.4499999999999997,8.077499999999999,1.025
2021-11-28,51340.0,18434.0,31552.0,6.7,2.7249999999999996,8.7675,3.35
2021-11-29,42777.0,19129.0,40979.0,10.525,6.05,8.4875,0.2
2021-11-30,50052.0,17709.0,66199.0,10.899999999999999,4.275,9.35,0.0
2021-12-01,42630.0,18209.0,48646.0,10.075000000000001,4.6,7.279999999999999,0.575
2021-12-02,44612.0,19504.0,48702.0,9.05,5.175,8.290000000000001,1.2999999999999998
2021-12-03,56684.0,21076.0,56004.0,10.5,5.025,8.3425,0.2
2021-12-04,37102.0,24487.0,44918.0,12.1,6.525,6.6025,0.125
2021-12-05,44232.0,23833.0,43036.0,9.425,5.6499999999999995,7.860000000000001,1.85
2021-12-06,50170.0,24413.0,54880.0,10.225,6.05,7.7,1.375
2021-12-07,29469.0,26250.0,50698.0,12.075000000000001,7.7250000000000005,5.13,4.35
2021-12-08,32487.0,27580.0,59248.0,8.924999999999999,6.3,7.092499999999999,2.25
2021-12-09,30718.0,28338.0,69241.0,9.649999999999999,6.175,5.7325,4.45
2021-12-10,19626.0,27218.0,67013.0,12.350000000000001,8.325,5.915,4.775
2021-12-11,47929.0,26779.0,70984.0,13.025,8.174999999999999,7.35,1.4
2021-12-12,52296.0,26202.0,83679.0,13.575,7.374999999999999,7.96,0.0
2021-12-13,45476.0,26476.0,84639.0,12.775,6.7749999999999995,7.7575,0.0
2021-12-14,44921.0,27380.0,81337.0,13.350000000000001,6.725,7.92,0.0
2021-12-15,44365.0,27846.0,79381.0,13.75,6.85,8.865,0.0
2021-12-16,35418.0,28805.0,67481.0,13.6,6.5249999999999995,8.7275,0.0
2021-12-17,37764.0,29243.0,75616.0,12.650000000000002,6.05,8.8575,0.0
2021-12-18,28927.0,27188.0,84564.0,11.55,5.325,8.355,0.05
2021-12-19,34786.0,26664.0,66963.0,13.499999999999998,6.4,8.8575,0.0
2021-12-20,20578.0,26852.0,88326.0,12.875,6.525,6.535,0.875
2021-12-21,19164.0,25802.0,92301.0,14.575,9.075,7.029999999999999,3.5999999999999996
2021-12-22,24630.0,25992.0,83838.0,13.55,9.025,6.202500000000001,4.15
2021-12-23,11711.0,28260.0,73059.0,12.525,9.2,4.1175,7.499999999999999
2021-12-24,16031.0,29681.0,44899.0,12.325000000000001,9.225,4.58,18.125
2021-12-25,13940.0,28093.0,49343.0,11.450000000000001,8.575,3.7250000000000005,4.7250000000000005
2021-12-26,12845.0,27432.0,50538.0,12.65,9.6,3.58,3.875
2021-12-27,31734.0,30584.0,48295.0,13.95,11.05,7.0375,0.8250000000000001
2021-12-28,28738.0,31637.0,53583.0,14.299999999999999,10.375,5.887499999999999,0.47500000000000003
2021-12-29,37808.0,32871.0,57711.0,14.600000000000001,9.275,7.715,0.0
2021-12-30,49468.0,32510.0,61977.0,13.8,8.0,7.8925,0.0
2021-12-31,54060.0,29662.0,55956.0,15.650000000000002,8.15,8.8275,0.0
2022-01-01,51353.0,25885.0,33351.0,15.799999999999997,8.675,9.075000000000001,0.0
2022-01-02,45689.0,25905.0,38992.0,15.375000000000002,9.125,7.855,0.0
2022-01-03,51694.0,25103.0,37787.0,15.575000000000001,8.475,8.4225,0.0
2022-01-04,27742.0,28117.0,50186.0,13.525,8.124999999999998,6.012500000000001,1.4
2022-01-05,35502.0,29518.0,43755.0,8.174999999999999,4.725,5.085,3.6
2022-01-06,57124.0,28217.0,47586.0,8.15,3.725,8.735,0.3
2022-01-07,58261.0,27701.0,49350.0,9.725000000000001,3.925,8.477500000000001,0.225
2022-01-08,46522.0,27347.0,38459.0,9.875,3.925,8.917499999999999,0.075
2022-01-09,42643.0,26872.0,36177.0,9.925,5.45,7.38,2.85
2022-01-10,39701.0,30866.0,55325.0,12.4,8.05,5.92,8.65
2022-01-11,48036.0,29699.0,44863.0,12.25,7.325,9.2575,0.2
2022-01-12,59593.0,30356.0,35658.0,11.225,5.45,10.014999999999999,0.0
2022-01-13,57278.0,30380.0,67394.0,10.575,4.2,9.905000000000001,0.0
2022-01-14,56063.0,28576.0,69898.0,9.75,3.3749999999999996,10.315000000000001,0.0
2022-01-15,55943.0,27606.0,69287.0,9.8,2.9000000000000004,10.067499999999999,0.0
2022-01-16,60355.0,23657.0,56660.0,9.875,3.125,10.325,0.0
2022-01-17,63735.0,23181.0,70961.0,10.35,3.1,10.492500000000001,0.0
2022-01-18,65732.0,23296.0,71902.0,10.825,3.5,10.835,0.0
2022-01-19,64689.0,22082.0,62090.0,10.0,2.75,10.965,0.0
2022-01-20,64856.0,21748.0,49692.0,10.125,3.0,9.752500000000001,0.0
2022-01-21,65300.0,21916.0,34901.0,8.5,2.625,10.8225,0.0
2022-01-22,57923.0,20753.0,40596.0,10.450000000000001,3.225,11.165000000000001,0.0
2022-01-23,47398.0,19971.0,49638.0,10.75,3.4749999999999996,10.5625,0.0
2022-01-24,45369.0,20104.0,88478.0,10.05,3.775,9.780000000000001,0.1
2022-01-25,45558.0,18354.0,66654.0,11.5,5.0249999999999995,9.4,0.05
2022-01-26,38202.0,18650.0,73571.0,12.299999999999999,5.4,10.6275,0.0
2022-01-27,51056.0,17740.0,51671.0,13.250000000000002,5.975,11.145,0.05
2022-01-28,71198.0,17379.0,40284.0,13.6,5.625,12.11,0.0
2022-01-29,70948.0,16460.0,40533.0,14.275,5.675000000000001,12.297500000000001,0.0
2022-01-30,58969.0,15998.0,45499.0,15.425,6.875,12.255,0.0
2022-01-31,60289.0,15401.0,42007.0,13.424999999999999,5.8,11.96,0.025
2022-02-01,75814.0,15429.0,36020.0,12.575,6.5,11.5475,0.05
2022-02-02,79770.0,15976.0,40013.0,16.0,7.7250000000000005,12.8,0.0
2022-02-03,59774.0,16392.0,35536.0,16.95,8.575,11.6275,0.0
2022-02-04,33933.0,15671.0,52708.0,13.325000000000001,7.2,9.014999999999999,0.675
2022-02-05,49624.0,14681.0,28231.0,12.4,7.5,11.165000000000001,0.1
2022-02-06,61458.0,14068.0,31942.0,13.175,6.275,12.370000000000001,0.0
2022-02-07,78570.0,13802.0,31865.0,14.0,6.549999999999999,12.440000000000001,0.0
2022-02-08,75985.0,13747.0,31671.0,15.325,7.725,13.1475,0.0
2022-02-09,72750.0,13979.0,43227.0,15.3,7.0,13.729999999999999,0.0
2022-02-10,64496.0,14235.0,48266.0,15.425,7.199999999999999,13.6875,0.0
2022-02-11,61220.0,14129.0,57234.0,15.35,8.45,12.540000000000001,0.75
2022-02-12,51524.0,13503.0,39624.0,13.775,7.575,10.462499999999999,0.35
2022-02-13,43651.0,14001.0,25399.0,12.424999999999999,8.125,7.702500000000001,3.375
2022-02-14,72694.0,15037.0,43261.0,11.35,7.125,11.9175,3.55
2022-02-15,83219.0,15448.0,41784.0,11.850000000000001,5.499999999999999,13.8775,0.0
2022-02-16,66299.0,15530.0,32416.0,13.85,8.025,10.4275,0.025
2022-02-17,84047.0,16808.0,42808.0,16.9,9.925,13.6725,0.0
2022-02-18,78998.0,17266.0,53204.0,17.725,9.95,14.1175,0.0
2022-02-19,49049.0,16643.0,28672.0,12.325000000000001,7.7749999999999995,9.297500000000001,1.5250000000000001
2022-02-20,85132.0,16060.0,34452.0,14.225,7.249999999999999,15.152499999999998,0.0
2022-02-21,94885.0,16110.0,35851.0,15.700000000000001,8.25,15.059999999999999,0.0
2022-02-22,98110.0,15586.0,36388.0,17.725,9.15,15.9975,0.0
2022-02-23,66251.0,15554.0,47073.0,18.0,9.6,15.205,0.0
2022-02-24,42749.0,16729.0,54883.0,16.575,9.625,11.975,0.375
2022-02-25,31520.0,17099.0,43943.0,13.075000000000001,8.4,9.93,3.3499999999999996
2022-02-26,28974.0,14215.0,38091.0,13.525000000000002,8.25,11.555,1.5499999999999998
2022-02-27,55007.0,13963.0,38411.0,14.675,8.75,12.235,0.175
2022-02-28,87338.0,13907.0,32692.0,15.900000000000002,8.825,14.930000000000001,0.0
2022-03-01,88696.0,14048.0,41360.0,16.974999999999998,9.549999999999999,15.835,0.15
2022-03-02,84460.0,15796.0,45489.0,14.75,8.95,12.755,1.125
2022-03-03,37238.0,18093.0,57084.0,12.525,7.825,10.0225,7.475
2022-03-04,63006.0,20697.0,40340.0,11.725000000000001,7.3500000000000005,10.8625,0.9750000000000001
2022-03-05,59919.0,18566.0,43188.0,11.1,5.9750000000000005,12.2625,0.05
2022-03-06,68119.0,19371.0,42221.0,10.725,6.074999999999999,11.6125,1.075
2022-03-07,51029.0,19786.0,61662.0,10.9,6.2,12.7075,1.5750000000000002
2022-03-08,55179.0,18790.0,37643.0,10.325,6.45,9.7475,2.425
2022-03-09,77224.0,20011.0,42343.0,13.374999999999998,7.800000000000001,13.225000000000001,0.275
2022-03-10,75486.0,19471.0,33568.0,13.375,8.75,11.0975,1.7
2022-03-11,24854.0,22990.0,47839.0,10.25,8.425,4.8825,13.35
2022-03-12,64746.0,22913.0,47006.0,11.55,7.225,11.254999999999999,5.675000000000001
2022-03-13,81031.0,23114.0,39963.0,12.4,7.9,14.9525,5.7
2022-03-14,18054.0,22553.0,38185.0,10.2,7.275,5.7075000000000005,11.85
2022-03-15,18641.0,23109.0,74137.0,17.375,11.375,14.344999999999999,1.725
2022-03-16,10876.0,24326.0,68939.0,15.025,10.575,9.6425,4.425000000000001
2022-03-17,22989.0,24752.0,39497.0,12.675,9.725,10.125,2.175
2022-03-18,37364.0,24939.0,56271.0,13.825,9.024999999999999,13.3675,0.25
2022-03-19,46325.0,24155.0,34873.0,14.200000000000001,8.85,14.5475,0.4
2022-03-20,44669.0,22571.0,28408.0,14.849999999999998,9.825,12.46,4.425
2022-03-21,31888.0,21949.0,30538.0,12.950000000000001,9.25,11.155,10.875
2022-03-22,35552.0,24229.0,32946.0,12.925,8.750000000000002,11.830000000000002,7.375
2022-03-23,27586.0,25386.0,44189.0,12.45,8.474999999999998,13.032499999999999,3.8999999999999995
2022-03-24,21024.0,25250.0,63816.0,13.9,8.950000000000001,11.815000000000001,5.2
2022-03-25,26310.0,24316.0,49340.0,13.325,9.700000000000001,11.315,3.25
2022-03-26,43169.0,23674.0,46486.0,15.05,9.775,17.45,0.42500000000000004
2022-03-27,71534.0,22801.0,29659.0,15.95,9.950000000000001,15.5975,0.025
2022-03-28,58535.0,23306.0,39894.0,16.575000000000003,10.625,16.825,2.625
2022-03-29,40568.0,21877.0,61873.0,15.875,10.599999999999998,13.4875,4.2
2022-03-30,55113.0,21668.0,47597.0,13.925,9.75,14.7225,2.675
2022-03-31,70839.0,21344.0,46990.0,13.325000000000001,8.125,17.015,2.675
2022-04-01,98437.0,20736.0,51841.0,9.875,5.475,19.2325,0.275
2022-04-02,121380.0,19373.0,39269.0,8.899999999999999,4.075,21.49,0.95
2022-04-03,109952.0,19800.0,27596.0,9.475,4.025,22.33,0.15
2022-04-04,56442.0,20053.0,49341.0,10.774999999999999,5.15,17.1725,0.425
2022-04-05,38703.0,20250.0,73940.0,10.375,5.250000000000001,15.094999999999999,5.4
2022-04-06,104691.0,20413.0,55440.0,14.724999999999998,8.049999999999999,19.8125,0.05
2022-04-07,122286.0,21659.0,45035.0,16.8,10.075000000000001,23.2075,0.0
2022-04-08,85633.0,23120.0,45856.0,16.025000000000002,10.625,19.317500000000003,0.675
2022-04-09,87861.0,23447.0,53328.0,16.55,10.799999999999999,19.94,0.05
2022-04-10,112571.0,22319.0,28237.0,21.75,12.850000000000001,23.4775,0.0
2022-04-11,76032.0,23233.0,30362.0,19.125,12.8,19.765,2.575
2022-04-12,52337.0,27913.0,46644.0,14.375,10.100000000000001,15.0325,6.775
2022-04-13,84252.0,27237.0,50869.0,16.825,10.799999999999999,16.5775,2.375
2022-04-14,111386.0,25283.0,30681.0,19.875,12.850000000000001,20.975,0.0
2022-04-15,122921.0,24763.0,28577.0,22.050000000000004,14.149999999999999,24.215,0.0
2022-04-16,134006.0,23740.0,25516.0,23.925,15.625,24.9825,0.0
2022-04-17,120048.0,23686.0,30563.0,24.8,16.7,24.145,0.0
2022-04-18,125846.0,23407.0,35227.0,22.775,15.625,24.08,2.4499999999999997
2022-04-19,79933.0,24801.0,47688.0,15.975000000000001,11.6,15.965,9.9
2022-04-20,53569.0,26109.0,41571.0,13.775,8.85,14.252500000000001,5.4
2022-04-21,114485.0,26676.0,62582.0,15.724999999999998,9.35,22.9375,0.425
2022-04-22,38864.0,29320.0,57225.0,11.225,8.725,10.094999999999999,16.35
2022-04-23,75494.0,29083.0,29211.0,11.65,7.675,15.87,9.225
2022-04-24,118356.0,30694.0,34365.0,15.75,9.850000000000001,20.78,0.30000000000000004
2022-04-25,134827.0,30934.0,45473.0,19.125,11.625,23.495,0.0
2022-04-26,93878.0,29867.0,49382.0,19.025,12.8,19.9675,0.8
2022-04-27,77888.0,29993.0,58862.0,18.45,12.55,22.42,1.125
2022-04-28,79065.0,30376.0,71234.0,18.3,12.4,20.185,2.0250000000000004
2022-04-29,134215.0,29715.0,71008.0,21.55,14.175,25.8325,0.225
2022-04-30,122798.0,28978.0,59217.0,22.400000000000002,15.0,23.135,1.15
2022-05-01,132048.0,28529.0,41462.0,23.275000000000002,16.375,25.332500000000003,0.0
2022-05-02,103208.0,29006.0,54911.0,17.450000000000003,12.525,18.4,4.775
2022-05-03,73835.0,28631.0,76704.0,16.8,12.025,19.044999999999998,3.25
2022-05-04,80377.0,28458.0,83996.0,18.5,12.825,21.1175,1.375
2022-05-05,134347.0,27442.0,58933.0,20.849999999999998,13.825000000000001,25.515,0.0
2022-05-06,147945.0,26087.0,44401.0,21.9,15.125000000000002,26.36,0.0
2022-05-07,147218.0,25811.0,51324.0,23.400000000000002,16.125,27.340000000000003,0.0
2022-05-08,143852.0,25288.0,44472.0,24.875000000000004,17.275000000000002,26.942500000000003,0.4
2022-05-09,144473.0,25072.0,63190.0,26.375,18.3,26.6225,0.3
2022-05-10,145227.0,24975.0,67707.0,27.825000000000003,19.900000000000002,26.3975,0.0
2022-05-11,133381.0,25191.0,57233.0,28.125,20.775,27.3975,0.0
2022-05-12,113942.0,25212.0,47165.0,26.875,19.950000000000003,22.21,0.0
2022-05-13,137125.0,25267.0,58984.0,28.250000000000004,21.174999999999997,27.075,0.0
2022-05-14,112736.0,24594.0,32022.0,26.95,20.425000000000004,23.5075,1.85
2022-05-15,110590.0,24631.0,36158.0,23.95,18.35,23.4025,0.4
2022-05-16,138355.0,24642.0,48926.0,25.625,18.925,26.722500000000004,0.0
2022-05-17,144205.0,24229.0,49174.0,28.224999999999994,21.0,26.135,0.0
2022-05-18,131608.0,23401.0,46851.0,30.1,22.450000000000003,25.2025,0.0
2022-05-19,123946.0,22205.0,43073.0,31.700000000000003,23.4,26.547500000000003,0.0
2022-05-20,98223.0,21921.0,36451.0,33.475,25.424999999999997,24.552500000000002,0.0
2022-05-21,86914.0,21481.0,37827.0,32.449999999999996,25.2,24.1725,0.125
2022-05-22,87493.0,20869.0,32831.0,26.525000000000002,21.075,23.7775,0.35000000000000003
2022-05-23,132170.0,22201.0,45344.0,26.275000000000002,19.575,26.997500000000002,0.15
2022-05-24,120243.6,22962.8,37370.0,21.174999999999997,16.275000000000002,21.047500000000003,4.975
2022-05-25,138172.0,21800.0,31372.0,22.450000000000003,15.625,27.045,0.3
2022-05-26,153600.0,20756.0,33836.0,25.875,18.05,29.58,0.0
2022-05-27,154788.0,19740.0,38040.0,29.525000000000002,21.224999999999998,29.44,0.15
2022-05-28,149720.0,20432.0,35716.0,30.449999999999996,22.049999999999997,28.8375,0.0
2022-05-29,135768.0,19744.0,25608.0,27.275000000000002,20.5,27.5775,1.45
2022-05-30,107904.0,20400.0,45484.0,23.575,18.125,22.57,1.4000000000000001
2022-05-31,146308.0,21568.0,40312.0,27.349999999999998,19.974999999999998,26.5275,0.225
2022-06-01,124684.0,22008.0,34056.0,26.799999999999997,20.4,26.95,0.025
2022-06-02,107560.0,21468.0,50120.0,25.675,19.799999999999997,23.1875,1.075
2022-06-03,120016.0,21304.0,37040.0,26.15,19.900000000000002,26.86,0.8
2022-06-04,125124.0,20360.0,25484.0,25.025,19.175,26.46,0.85
2022-06-05,143320.0,20324.0,24024.0,27.375,20.3,29.7025,0.0
2022-06-06,132540.0,20352.0,35580.0,29.425,21.950000000000003,27.937500000000004,0.0
2022-06-07,141924.0,19504.0,31384.0,30.475,22.9,29.052500000000002,0.0
2022-06-08,113436.0,19412.0,25536.0,28.049999999999997,22.45,23.7675,0.15
2022-06-09,145004.0,19032.0,34268.0,30.824999999999996,23.375000000000004,29.5675,0.0
2022-06-10,123724.0,19208.0,33216.0,34.15,25.900000000000002,28.75,0.75
2022-06-11,130160.0,19072.0,30172.0,35.175,27.25,28.3375,0.05
2022-06-12,121400.0,18516.0,30248.0,35.900000000000006,27.700000000000003,27.689999999999998,0.65
2022-06-13,104228.0,19124.0,62320.0,36.175,27.75,28.220000000000002,0.15
2022-06-14,111164.0,18724.0,47008.0,36.175000000000004,28.65,27.075,0.25
2022-06-15,91256.0,18804.0,54176.0,37.25,28.375,25.375,0.05
2022-06-16,97272.0,17352.0,25916.0,36.15,27.575000000000003,26.0375,0.225
2022-06-17,107548.0,17028.0,19840.0,37.025,28.325,24.415,0.1
2022-06-18,121652.0,16732.0,35740.0,33.775,26.55,28.092499999999998,0.475
2022-06-19,118704.0,16252.0,22648.0,26.85,21.425,26.0,0.15000000000000002
2022-06-20,111448.0,16316.0,38564.0,26.125000000000004,20.375,26.505,0.875
2022-06-21,100900.0,16416.0,30948.0,26.5,19.4,26.3525,2.75
2022-06-22,103140.0,16272.0,19048.0,22.825000000000003,17.775,22.12,3.2750000000000004
2022-06-23,104828.0,15516.0,17328.0,22.95,17.9,22.245,2.45
2022-06-24,141708.0,16608.0,23264.0,24.549999999999997,18.525,25.332500000000003,0.05
2022-06-25,140972.0,15760.0,31184.0,25.325,19.175,25.794999999999998,0.75
2022-06-26,143752.0,15376.0,26060.0,25.275000000000002,19.15,28.1025,2.625
2022-06-27,135976.0,15764.0,25924.0,25.625,18.7,26.2075,3.7
2022-06-28,141964.0,16968.0,30476.0,28.75,20.775000000000002,30.717499999999998,0.0
2022-06-29,148560.0,16052.0,23112.0,28.85,21.8,29.472500000000004,0.05
2022-06-30,140944.0,15884.0,29196.0,26.675,20.599999999999998,28.6575,2.2
2022-07-01,140940.0,15508.0,34128.0,30.425,22.049999999999997,30.595000000000002,0.0
2022-07-02,134716.0,14960.0,24772.0,32.975,24.825000000000003,28.857499999999998,0.0
2022-07-03,114572.0,14800.0,25064.0,30.25,24.125,27.4775,0.85
2022-07-04,137652.0,15500.0,20980.0,31.299999999999997,23.675,28.384999999999998,0.375
2022-07-05,124940.0,14852.0,21604.0,32.15,23.725,28.3,0.675
2022-07-06,122656.0,14716.0,22360.0,29.0,22.4,25.4225,4.1
2022-07-07,140800.0,14788.0,19628.0,31.150000000000002,23.5,29.9075,0.0
2022-07-08,142152.0,14628.0,26912.0,34.025,25.25,30.165,0.0
2022-07-09,141980.0,13792.0,24888.0,34.95,26.325,30.087500000000002,0.0
2022-07-10,134356.0,12968.0,18296.0,35.5,27.45,29.0775,0.0
2022-07-11,129616.0,14492.0,25668.0,36.175,28.375,27.8375,0.025
2022-07-12,113468.0,15476.0,37320.0,37.025,29.449999999999996,28.4575,0.0
2022-07-13,122708.0,15400.0,38424.0,38.150000000000006,30.125000000000004,29.075000000000003,0.0
2022-07-14,113048.0,15448.0,34088.0,38.95,30.825000000000003,28.872500000000002,0.0
2022-07-15,117780.0,14428.0,24992.0,38.45,30.5,28.474999999999998,0.0
2022-07-16,122020.0,13492.0,26772.0,38.225,29.85,27.09,0.05
2022-07-17,116108.0,12748.0,21748.0,38.5,30.175000000000004,28.015,0.0
2022-07-18,123112.0,13064.0,23732.0,35.95,28.575000000000003,27.9775,0.0
2022-07-19,138004.0,13616.0,29880.0,32.875,25.95,28.887500000000003,0.0
2022-07-20,139624.0,13808.0,30536.0,34.25,26.625,29.349999999999998,0.0
2022-07-21,136036.0,13932.0,30760.0,36.1,27.575,28.394999999999996,0.0
2022-07-22,131700.0,13928.0,33264.0,36.35,28.325000000000003,27.45,0.15
2022-07-23,134712.0,13292.0,24180.0,36.2,27.95,28.6825,0.0
2022-07-24,126684.0,12900.0,30652.0,37.224999999999994,29.174999999999997,28.0475,0.0
2022-07-25,126272.0,13668.0,26872.0,35.85,28.950000000000003,27.104999999999997,0.675
2022-07-26,134440.0,13756.0,29964.0,33.55,26.525,28.1925,0.0
2022-07-27,137420.0,13776.0,33532.0,31.375,24.875,28.65,0.0
2022-07-28,130316.0,13348.0,40740.0,31.974999999999998,24.675,26.2075,1.0
2022-07-29,130616.0,13932.0,35304.0,32.9,25.575000000000003,26.310000000000002,1.875
2022-07-30,118344.0,13508.0,21992.0,33.775,26.3,26.715000000000003,0.0
2022-07-31,129108.0,13048.0,22908.0,35.05,27.2,26.6825,0.3
2022-08-01,125600.0,13444.0,40368.0,35.425,27.8,26.3275,0.45
2022-08-02,125800.0,13172.0,39440.0,36.575,28.2,25.544999999999998,0.47500000000000003
2022-08-03,129036.0,13080.0,28956.0,36.125,28.424999999999997,26.435000000000002,0.025
2022-08-04,132364.0,13136.0,27204.0,34.975,27.25,26.825000000000003,0.175
2022-08-05,138988.0,13000.0,21528.0,34.275,26.550000000000004,26.442500000000003,0.0
2022-08-06,137012.0,13148.0,24584.0,33.2,25.95,26.342499999999998,0.025
2022-08-07,133416.0,12176.0,25728.0,32.75,25.45,24.9125,0.9
2022-08-08,131252.0,12980.0,26492.0,32.475,25.4,25.52,0.175
2022-08-09,116468.0,13452.0,25340.0,34.099999999999994,25.975,24.0025,0.925
2022-08-10,114192.0,13696.0,26728.0,33.35,26.5,23.215,0.075
2022-08-11,123536.0,13340.0,33744.0,34.074999999999996,26.450000000000003,25.265,0.0
2022-08-12,107396.0,14236.0,48208.0,35.199999999999996,27.225,24.555,0.0
2022-08-13,51328.0,13712.0,28452.0,31.275,25.500000000000004,16.810000000000002,5.025
2022-08-14,122944.0,13468.0,17864.0,29.975,23.65,26.215000000000003,0.0
2022-08-15,133176.0,13616.0,22456.0,28.299999999999997,21.874999999999996,25.567500000000003,0.275
2022-08-16,126320.0,13448.0,23280.0,27.2,21.2,23.015,0.425
2022-08-17,130492.0,14052.0,27092.0,27.175,20.35,24.2675,0.275
2022-08-18,136548.0,14248.0,29352.0,26.9,20.625,25.08,0.075
2022-08-19,139724.0,14300.0,36736.0,30.775,22.650000000000002,25.860000000000003,0.0
2022-08-20,134236.0,13612.0,36976.0,32.949999999999996,24.475,25.565,0.025
2022-08-21,138772.0,12852.0,30584.0,34.025,25.625,24.1575,0.0
2022-08-22,137656.0,13456.0,29092.0,32.8,25.175,24.742500000000003,0.0
2022-08-23,123604.0,13392.0,36616.0,33.275,25.200000000000003,23.22,0.0
2022-08-24,112920.0,13080.0,36896.0,33.5,25.35,22.685000000000002,0.05
2022-08-25,117292.0,13036.0,22932.0,31.2,23.974999999999998,22.832499999999996,3.8
2022-08-26,119212.0,13820.0,26244.0,31.25,23.924999999999997,23.3825,0.05
2022-08-27,123052.0,13020.0,29400.0,31.35,23.525,23.1975,0.05
2022-08-28,114152.0,13268.0,29244.0,32.525,24.849999999999998,22.2275,0.0
2022-08-29,88788.0,12716.0,39620.0,30.8,24.174999999999997,20.642500000000002,0.825
2022-08-30,92324.0,12964.0,52184.0,31.025,23.725,20.8275,0.175
2022-08-31,112304.0,12580.0,22776.0,29.424999999999997,22.625,21.957500000000003,0.875
2022-09-01,97936.0,12508.0,25828.0,28.825000000000003,21.775000000000002,20.630000000000003,0.0
2022-09-02,107268.0,11336.0,23024.0,28.275,21.700000000000003,22.7475,0.25
2022-09-03,118004.0,11100.0,17072.0,26.325,20.025000000000002,22.7,1.475
2022-09-04,131356.0,11040.0,23784.0,26.975,19.825,23.064999999999998,0.025
2022-09-05,129724.0,10868.0,27880.0,27.375,20.125,21.5375,0.675
2022-09-06,121856.0,11036.0,22040.0,27.349999999999998,20.875,22.4675,0.025
2022-09-07,101168.0,10660.0,34216.0,26.249999999999996,20.8,20.0325,0.0
2022-09-08,105480.0,10956.0,40108.0,27.3,20.9,19.4225,0.1
2022-09-09,118832.0,11100.0,54056.0,29.325,22.425,21.82,0.0
2022-09-10,122560.0,10908.0,36332.0,31.325000000000003,23.175,21.994999999999997,0.0
2022-09-11,111108.0,10544.0,27904.0,32.949999999999996,24.725,20.72,0.0
2022-09-12,43432.0,10996.0,24924.0,28.9,23.200000000000003,13.015,1.0
2022-09-13,43160.0,10956.0,32196.0,22.825,19.75,13.6275,10.125
2022-09-14,65372.0,12032.0,35884.0,23.300000000000004,18.475,15.947500000000002,4.125
2022-09-15,79756.0,11172.0,62556.0,24.099999999999998,18.7,17.174999999999997,1.4
2022-09-16,114188.0,10936.0,66744.0,25.525,19.325,19.295,0.25
2022-09-17,114260.0,9660.0,43300.0,26.775,19.550000000000004,20.61,0.0
2022-09-18,95668.0,9724.0,45420.0,28.4,20.725,19.292499999999997,0.0
2022-09-19,94652.0,9800.0,61292.0,27.8,21.150000000000002,17.96,1.2
2022-09-20,108604.0,9464.0,56748.0,26.900000000000002,20.425,18.995,3.4250000000000003
2022-09-21,76692.0,9268.0,68504.0,25.875,19.35,18.0725,1.7000000000000002
2022-09-22,108896.0,9684.0,57872.0,26.199999999999996,19.625,18.1275,0.0
2022-09-23,105544.0,9076.0,58708.0,26.6,19.825,17.529999999999998,3.35
2022-09-24,99092.0,10196.0,52316.0,23.7,17.95,17.259999999999998,2.0
2022-09-25,90456.0,9452.0,45716.0,21.575,15.600000000000001,17.6025,0.175
2022-09-26,101800.0,9340.0,47764.0,21.225,14.899999999999999,18.125,0.1
2022-09-27,117136.0,9380.0,22888.0,22.65,15.825,18.3875,0.0
2022-09-28,111960.0,9484.0,28788.0,22.999999999999996,16.175,17.455,0.125
2022-09-29,66044.0,10552.0,26132.0,19.3,13.65,11.855,6.449999999999999
2022-09-30,117984.0,11912.0,21836.0,19.025,13.075,18.4275,0.0
2022-10-01,118220.0,11756.0,25596.0,23.325000000000003,15.200000000000001,18.65,0.0
2022-10-02,107200.0,11140.0,22184.0,27.55,17.75,18.330000000000002,0.0
2022-10-03,73668.0,12020.0,34404.0,27.4,19.075000000000003,17.175,0.0
2022-10-04,89536.0,10404.0,30560.0,27.625,18.9,17.785000000000004,0.0
2022-10-05,87620.0,8828.0,21840.0,27.1,18.875,17.6975,0.0
2022-10-06,87172.0,8128.0,27804.0,25.45,18.35,15.9475,0.1
2022-10-07,88408.0,8496.0,28948.0,24.2,18.0,15.200000000000001,0.125
2022-10-08,94172.0,7832.0,15112.0,24.224999999999998,17.8,14.735,3.6
2022-10-09,83592.0,7932.0,17444.0,24.475,17.525000000000002,15.6425,0.55
2022-10-10,51596.0,8876.0,36684.0,20.95,16.3,10.9525,1.3
2022-10-11,61540.0,9112.0,29468.0,21.75,16.424999999999997,12.965,1.475
2022-10-12,92872.0,8204.0,19548.0,22.55,16.35,14.505,0.2
2022-10-13,97968.0,8764.0,24720.0,23.825,16.925,15.362499999999999,0.0
2022-10-14,103652.0,9044.0,24708.0,25.849999999999998,17.925,15.1325,0.0
2022-10-15,93456.0,8652.0,21324.0,25.4,17.75,15.6675,0.0
2022-10-16,55584.0,8784.0,18652.0,25.674999999999997,18.1,13.8775,1.1
2022-10-17,77440.0,10424.0,23500.0,25.4,18.625,13.175,1.025
2022-10-18,71180.0,9484.0,25424.0,26.325,19.05,14.1475,0.0
2022-10-19,32508.0,9672.0,27328.0,22.95,17.8,8.065,7.45
2022-10-20,18452.0,12336.0,26332.0,19.275,16.1,5.42,12.7
2022-10-21,28340.0,15640.0,29088.0,18.45,15.100000000000001,8.857499999999998,8.75
2022-10-22,52252.0,15760.0,17140.0,20.75,15.9,10.760000000000002,1.75
2022-10-23,39292.0,18712.0,15892.0,18.575,15.575,7.577500000000001,7.25
2022-10-24,50952.0,19180.0,48360.0,20.025000000000002,14.925,11.067499999999999,1.0
2022-10-25,46808.0,17916.0,24488.0,22.0,16.400000000000002,10.4725,1.25
2022-10-26,43860.0,17332.0,32040.0,24.174999999999997,17.4,11.2925,1.2
2022-10-27,59956.0,16200.0,21088.0,26.2,19.400000000000002,12.0,0.0
2022-10-28,59268.0,16804.0,25276.0,25.150000000000002,18.025000000000002,10.59,0.275
2022-10-29,66924.0,15796.0,28632.0,24.1,16.9,11.3975,1.525
2022-10-30,52624.0,18884.0,24872.0,21.1,15.349999999999998,10.697500000000002,2.25
2022-10-31,24144.0,18040.0,33556.0,18.9,14.275,5.970000000000001,5.8
2022-11-01,68952.0,17268.0,25036.0,19.375,13.5,11.265,0.025
2022-11-02,71396.0,16616.0,26636.0,19.125,13.075000000000001,11.3875,0.05
2022-11-03,32516.0,17428.0,32392.0,15.8,12.774999999999999,5.834999999999999,2.4000000000000004
2022-11-04,64620.0,17320.0,27164.0,16.325,11.275,10.51,0.25
2022-11-05,91136.0,16416.0,22380.0,17.65,9.95,12.650000000000002,0.05
2022-11-06,86232.0,15144.0,23476.0,18.525000000000002,11.175,11.9475,0.0
2022-11-07,76696.0,16168.0,33848.0,18.6,11.475,11.209999999999999,0.0
2022-11-08,43752.0,15496.0,32356.0,17.225,12.7,6.7875,3.35
2022-11-09,42468.0,16824.0,27780.0,15.674999999999999,11.975000000000001,7.352500000000001,5.75
2022-11-10,76896.0,16708.0,32372.0,16.799999999999997,10.625,11.3375,0.0
2022-11-11,58100.0,15492.0,24144.0,17.35,11.375,10.5175,0.05
2022-11-12,56968.0,13884.0,24912.0,19.75,12.975000000000001,10.6525,0.6
2022-11-13,72088.0,14072.0,26288.0,19.025,12.025,11.265,0.025
2022-11-14,38404.0,15388.0,27296.0,16.25,12.2,7.005000000000001,1.1
2022-11-15,26376.0,15760.0,28572.0,15.875000000000002,13.05,5.525,4.324999999999999
2022-11-16,16636.0,16604.0,33068.0,14.674999999999999,12.35,5.5525,1.25
2022-11-17,33304.0,17152.0,33280.0,15.874999999999998,13.025,5.9975000000000005,4.175
2022-11-18,38460.0,18884.0,47528.0,12.474999999999998,9.225,7.995,1.6249999999999998
2022-11-19,56508.0,18236.0,34392.0,10.775,7.175,8.23,0.1
2022-11-20,47864.0,19512.0,38544.0,14.2,9.175,8.1375,0.175
2022-11-21,20068.0,22228.0,37088.0,12.799999999999999,9.649999999999999,3.9899999999999998,7.8
2022-11-22,22520.0,24184.0,50648.0,11.65,8.15,4.3525,1.4249999999999998
2022-11-23,28680.0,24616.0,48320.0,15.2,11.775,6.0375000000000005,1.4249999999999998
2022-11-24,30256.0,26416.0,57320.0,14.424999999999999,10.575,4.895,3.95
2022-11-25,59420.0,27184.0,56248.0,14.049999999999999,9.649999999999999,9.04,0.275
2022-11-26,72136.0,26160.0,60444.0,14.774999999999999,7.85,9.805,0.0
2022-11-27,61012.0,23968.0,61116.0,15.35,7.8999999999999995,8.760000000000002,0.5750000000000001
2022-11-28,70204.0,23100.0,48108.0,11.675,7.674999999999999,8.905,1.35
2022-11-29,65684.0,23996.0,73420.0,11.075,6.2,8.02,0.875
2022-11-30,45980.0,24176.0,69632.0,9.825,5.025,7.145,0.3
2022-12-01,48500.0,23584.0,68124.0,11.375,6.1,8.515,0.375
2022-12-02,54236.0,22108.0,71240.0,9.549999999999999,3.9750000000000005,8.594999999999999,0.0
2022-12-03,46184.0,21104.0,82024.0,8.850000000000001,3.525,6.6325,0.625
2022-12-04,38552.0,21056.0,75128.0,8.875,4.75,6.842499999999999,1.5999999999999999
2022-12-05,14008.0,20492.0,75296.0,9.975,7.1,3.17,10.925
2022-12-06,23396.0,20532.0,72844.0,12.55,8.549999999999999,5.1375,1.2
2022-12-07,28420.0,20252.0,60760.0,11.6,7.900000000000001,4.475,1.85
2022-12-08,16560.0,20308.0,62672.0,12.0,9.25,3.4724999999999997,16.55
2022-12-09,15896.0,21660.0,61580.0,11.325000000000001,9.275,3.5700000000000003,17.0
2022-12-10,33924.0,20336.0,48536.0,11.299999999999999,7.7250000000000005,7.2875,0.32500000000000007
2022-12-11,17820.0,20928.0,52944.0,11.125,8.15,3.9025,12.725
2022-12-12,15372.0,22700.0,47224.0,13.75,10.700000000000001,4.3025,12.274999999999999
2022-12-13,10808.0,28184.0,64844.0,14.450000000000001,12.55,2.6675,16.650000000000002
2022-12-14,22980.0,27476.0,78532.0,14.174999999999999,10.9,5.4,6.575000000000001
2022-12-15,30296.0,26852.0,71056.0,11.15,8.55,5.710000000000001,5.9
2022-12-16,28764.0,26936.0,82920.0,11.125000000000002,7.3500000000000005,4.4675,2.725
2022-12-17,37676.0,26464.0,83760.0,11.2,6.55,6.46,0.35000000000000003
2022-12-18,56028.0,23384.0,53464.0,11.875,6.35,7.165000000000001,0.0
2022-12-19,49460.0,24536.0,62800.0,12.95,7.3500000000000005,7.9125,0.075
2022-12-20,25788.0,23712.0,68300.0,14.524999999999999,9.975,6.265,7.1000000000000005
2022-12-21,30220.0,26576.0,73044.0,13.05,10.275000000000002,5.34,0.22499999999999998
2022-12-22,32916.0,26980.0,82916.0,13.725,10.25,5.8475,0.125
2022-12-23,42272.0,25576.0,78460.0,14.399999999999999,9.799999999999999,7.7,0.0
2022-12-24,47756.0,24884.0,65312.0,14.675,9.450000000000001,7.3675,0.05
2022-12-25,45024.0,24800.0,44656.0,15.2,10.0,7.385000000000002,2.75
2022-12-26,59524.0,27040.0,78856.0,15.424999999999997,9.45,8.0025,0.475
2022-12-27,62292.0,27532.0,93468.0,14.45,8.5,8.129999999999999,0.025
2022-12-28,58316.0,26096.0,69424.0,13.725,7.8999999999999995,8.425,0.125
2022-12-29,31744.0,25844.0,69060.0,11.649999999999999,8.25,3.3275,2.525
2022-12-30,34984.0,25876.0,57920.0,13.649999999999999,9.700000000000001,6.4975,1.2000000000000002
2022-12-31,48400.0,24484.0,66112.0,15.274999999999999,8.850000000000001,9.0525,0.0
2023-01-01,30661.0,23262.0,60621.0,15.599999999999998,10.0,7.3625,2.4
2023-01-02,28335.0,27139.0,101566.0,11.15,8.225,4.9399999999999995,3.8
2023-01-03,52488.0,28089.0,114372.0,10.55,5.6000000000000005,7.75,0.05
2023-01-04,58221.0,28506.0,103693.0,10.75,5.1499999999999995,8.2025,0.0
2023-01-05,58748.0,26866.0,107075.0,9.549999999999999,4.8,7.5875,0.0
2023-01-06,53654.0,25979.0,97931.0,9.899999999999999,4.425,6.987500000000001,0.0
2023-01-07,33560.0,24025.0,63518.0,11.525,6.9,5.6575,3.25
2023-01-08,16105.0,24469.0,59183.0,12.025,10.100000000000001,3.9050000000000002,7.075
2023-01-09,46826.0,27766.0,80789.0,11.950000000000001,8.799999999999999,7.25,0.775
2023-01-10,45395.0,28791.0,117881.0,12.3,7.199999999999999,7.1049999999999995,0.025
2023-01-11,35626.0,27632.0,114583.0,11.650000000000002,7.575,6.2625,0.45
2023-01-12,59766.0,27752.0,116260.0,12.274999999999999,6.525,9.15,0.0
2023-01-13,54086.0,28888.0,120088.0,11.0,5.6000000000000005,7.715000000000001,0.0
2023-01-14,56921.0,29122.0,107356.0,12.125,6.175000000000001,8.6075,0.0
2023-01-15,41202.0,27737.0,65082.0,10.149999999999999,5.9750000000000005,6.7875,0.6000000000000001
2023-01-16,28994.0,30014.0,76137.0,8.55,5.625,4.66,4.425
2023-01-17,34494.0,30423.0,73060.0,9.275,6.2250000000000005,7.53,4.975
2023-01-18,55150.0,30208.0,78503.0,5.875,2.3249999999999997,10.18,0.275
2023-01-19,59755.0,30694.0,79533.0,7.3,2.95,8.3525,1.75
2023-01-20,52238.0,33048.0,94320.0,10.674999999999999,6.275,7.8175,0.4
2023-01-21,57669.0,32339.0,80194.0,8.049999999999999,4.275,6.215000000000001,0.45000000000000007
2023-01-22,76400.0,32059.0,74902.0,6.125,1.4499999999999995,11.3475,0.025
2023-01-23,75308.0,32439.0,97145.0,6.125000000000001,0.875,10.625,0.025
2023-01-24,63324.0,32116.0,112857.0,6.425000000000001,1.25,8.975,0.07500000000000001
2023-01-25,74203.0,31309.0,115242.0,7.325,1.2249999999999999,10.812499999999998,0.0
2023-01-26,52361.0,30576.0,111742.0,7.1,1.825,9.2675,0.075
2023-01-27,76813.0,30847.0,100696.0,7.324999999999999,1.9500000000000002,10.302499999999998,0.15
2023-01-28,85859.0,29091.0,80025.0,6.874999999999999,2.35,10.39,0.025
2023-01-29,82913.0,28074.0,80031.0,7.05,1.5,11.14,0.0
2023-01-30,81573.0,28876.0,104311.0,8.8,2.125,12.105,0.0
2023-01-31,86242.0,27134.0,101954.0,10.850000000000001,3.175,12.399999999999999,0.0
2023-02-01,86569.0,25576.0,96222.0,11.2,3.9999999999999996,11.490000000000002,0.025
2023-02-02,91424.0,25348.0,98230.0,12.049999999999999,3.7249999999999996,12.8325,0.0
2023-02-03,94339.0,25284.0,102134.0,13.850000000000001,4.6,13.0025,0.0
2023-02-04,96745.0,24531.0,73264.0,14.475000000000001,5.225,13.2825,0.0
2023-02-05,93054.0,22436.0,48494.0,14.825,6.15,13.147499999999999,0.0
2023-02-06,82509.0,23443.0,62986.0,11.05,4.6000000000000005,13.044999999999998,0.0
2023-02-07,42001.0,23163.0,86614.0,8.7,3.9250000000000003,8.705,1.4
2023-02-08,39677.0,22638.0,86552.0,9.9,4.85,8.245,4.125
2023-02-09,76189.0,21578.0,78675.0,10.274999999999999,4.3999999999999995,11.675,0.85
2023-02-10,76052.0,20823.0,79024.0,10.025,3.500000000000001,13.235,0.0
2023-02-11,75074.0,19593.0,58446.0,11.4,5.125,12.7575,0.0
2023-02-12,66931.0,19963.0,53710.0,12.900000000000002,6.2250000000000005,13.4575,0.0
2023-02-13,83366.0,20339.0,65287.0,14.125,6.9,14.16,0.0
2023-02-14,58726.0,19853.0,55164.0,14.350000000000001,7.324999999999999,12.540000000000001,0.025
2023-02-15,72587.0,20660.0,60829.0,14.200000000000001,7.499999999999999,13.1075,0.0
2023-02-16,91022.0,22105.0,63859.0,15.024999999999999,7.7,14.6875,0.0
2023-02-17,75575.0,21074.0,52944.0,16.674999999999997,8.825,14.085,0.0
2023-02-18,63599.0,21077.0,47397.0,17.599999999999998,10.225000000000001,13.200000000000001,0.25
2023-02-19,63651.0,19786.0,42210.0,19.05,11.075,14.0175,0.575
2023-02-20,61206.0,19899.0,48416.0,18.775,11.1,12.47,2.7
2023-02-21,67658.0,21339.0,57285.0,16.925,10.325000000000001,13.540000000000001,1.15
2023-02-22,80321.0,21199.0,57924.0,15.400000000000002,9.049999999999999,12.9925,1.55
2023-02-23,74917.0,21919.0,50897.0,9.5,6.15,9.745,9.1
2023-02-24,98545.0,23250.0,61255.0,9.425,3.1250000000000004,16.142500000000002,0.35
2023-02-25,68358.0,21625.0,53898.0,9.225,3.825,12.74,0.25
2023-02-26,81018.0,20001.0,32220.0,10.65,4.9,13.309999999999999,0.35000000000000003
2023-02-27,109067.0,19252.0,39174.0,7.525,2.175,15.745,0.05
2023-02-28,117789.0,19003.0,47243.0,8.799999999999999,2.375,15.647499999999999,0.0
2023-03-01,114943.0,20085.0,55646.0,8.525,2.4749999999999996,16.857499999999998,0.0
2023-03-02,117094.0,20082.0,56015.0,9.575,3.0250000000000004,16.3025,0.05
2023-03-03,126015.0,20191.0,54438.0,12.125,4.275,17.869999999999997,0.05
2023-03-04,113907.0,20621.0,58005.0,13.15,5.625000000000001,17.405,0.0
2023-03-05,49678.0,20376.0,61779.0,10.675,5.575,9.482500000000002,2.85
2023-03-06,48107.0,21085.0,56788.0,12.15,7.774999999999999,9.907499999999999,2.875
2023-03-07,67498.0,21959.0,33972.0,13.35,9.275,9.705,0.475
2023-03-08,55925.0,24610.0,34625.0,16.775,11.924999999999999,10.2675,2.65
2023-03-09,52534.0,29458.0,31192.0,14.425,11.175,8.752500000000001,2.975
2023-03-10,100235.0,28310.0,27226.0,16.950000000000003,11.225,16.02,0.0
2023-03-11,81351.0,28858.0,24601.0,18.9,12.799999999999999,14.3875,0.05
2023-03-12,116370.0,31888.0,37982.0,21.4,13.749999999999998,17.6725,0.0
2023-03-13,101039.0,32076.0,32602.0,19.575,13.125,17.845,2.9749999999999996
2023-03-14,126182.0,31780.0,38633.0,15.524999999999999,9.7,18.1025,0.0
2023-03-15,142179.0,29595.0,58958.0,20.075,11.225,19.7125,0.0
2023-03-16,124719.0,25111.0,45498.0,22.275000000000002,12.925,18.9375,0.525
2023-03-17,93882.0,26822.0,42243.0,15.924999999999999,11.774999999999999,15.232499999999998,1.25
2023-03-18,87048.0,27405.0,46917.0,14.700000000000001,10.049999999999999,14.1325,1.375
2023-03-19,129492.0,25477.0,43951.0,17.075,10.350000000000001,19.409999999999997,0.25
2023-03-20,140344.0,24728.0,54405.0,20.025000000000002,11.850000000000001,20.43,0.0
2023-03-21,137649.0,23422.0,55215.0,20.425,12.475,19.5825,0.0
2023-03-22,137160.0,22428.0,48371.0,20.95,12.900000000000002,19.6025,0.0
2023-03-23,126775.0,22949.0,41431.0,21.0,13.8,19.28,0.0
2023-03-24,93788.0,24581.0,40663.0,18.725,12.725,17.77,0.65
2023-03-25,125294.0,22570.0,34786.0,20.45,12.875000000000002,20.3,0.0
2023-03-26,108953.0,21610.0,23124.0,19.150000000000002,13.225000000000001,20.325000000000003,0.07500000000000001
2023-03-27,137792.0,23295.0,49370.0,19.724999999999998,11.925,20.635,0.0
2023-03-28,150932.0,22882.0,56492.0,23.05,13.975,21.7975,0.0
2023-03-29,135192.0,21326.0,44758.0,25.0,16.425,22.177500000000002,0.0
2023-03-30,117483.0,20912.0,44638.0,22.775000000000002,15.725000000000001,20.7525,0.025
2023-03-31,95724.0,21528.0,35467.0,19.925,14.525,19.75,0.0
2023-04-01,102785.0,19573.0,32088.0,18.65,12.675,16.402500000000003,0.4
2023-04-02,126104.0,19350.0,27517.0,17.575,11.549999999999999,21.9425,0.275
2023-04-03,142001.0,21209.0,45182.0,18.25,11.375,22.425,0.0
2023-04-04,126247.0,21191.0,35178.0,18.724999999999998,11.525,22.02,0.05
2023-04-05,157073.0,20066.0,50416.0,20.175,11.85,24.775,0.0
2023-04-06,151259.0,19736.0,43014.0,22.275,13.15,22.9825,0.0
2023-04-07,146035.0,18853.0,36309.0,23.4,14.05,24.127499999999998,0.1
2023-04-08,153995.0,17732.0,40149.0,24.700000000000003,15.5,24.6325,0.0
2023-04-09,131369.0,16703.0,33299.0,25.75,16.475,23.700000000000003,0.0
2023-04-10,127739.0,15666.0,31896.0,25.85,17.6,23.947499999999998,0.0
2023-04-11,158227.0,16885.0,44273.0,24.5,16.525000000000002,24.459999999999997,0.0
2023-04-12,119064.0,16440.0,27528.0,19.4,13.5,19.0925,0.35
2023-04-13,137714.0,16617.0,28238.0,16.3,10.5,21.4625,0.925
2023-04-14,128085.0,18179.0,30644.0,19.724999999999998,12.750000000000002,18.7475,0.175
2023-04-15,142642.0,17871.0,24086.0,21.874999999999996,14.250000000000002,23.545,0.0
2023-04-16,140843.0,16933.0,23310.0,21.9,15.1,24.837500000000002,0.0
2023-04-17,165467.0,18899.0,30618.0,23.4,15.125000000000002,26.0325,0.0
2023-04-18,164509.0,17351.0,32579.0,21.875,14.3,23.775,0.175
2023-04-19,153936.0,17080.0,30258.0,24.224999999999998,15.625,24.807499999999997,0.0
2023-04-20,155124.0,16401.0,34670.0,24.725,16.5,24.915,0.575
2023-04-21,123401.0,17494.0,37929.0,22.2,15.675,22.515,1.925
2023-04-22,115869.0,16093.0,30449.0,18.525,13.425,17.875,6.875
2023-04-23,135831.0,17962.0,20616.0,21.900000000000002,14.65,23.630000000000003,1.5
2023-04-24,167135.0,19817.0,29006.0,24.224999999999998,16.75,24.18,0.0
2023-04-25,165242.0,18797.0,30684.0,26.475,18.8,24.67,1.175
2023-04-26,168320.0,19550.0,34319.0,27.700000000000003,19.85,24.137500000000003,0.8
2023-04-27,144982.0,19806.0,35352.0,30.05,21.625,24.165,0.0
2023-04-28,121271.0,19852.0,38273.0,29.799999999999997,22.2,22.165,0.1
2023-04-29,114795.0,18339.0,31943.0,26.725,20.05,21.267500000000002,0.9750000000000001
2023-04-30,116911.0,18126.0,29798.0,23.625,18.0,21.5625,0.7
2023-05-01,148011.0,17079.0,23812.0,24.775000000000002,17.700000000000003,27.0075,0.0
2023-05-02,149265.0,16811.0,28959.0,28.575,19.85,26.310000000000002,0.0
2023-05-03,134183.0,17285.0,28083.0,28.275,20.474999999999998,23.654999999999998,0.075
2023-05-04,155183.0,16555.0,29162.0,24.1,17.925,24.3675,0.0
2023-05-05,179841.0,17632.0,31486.0,25.450000000000003,18.375,27.142500000000002,0.0
2023-05-06,165833.0,16632.0,25179.0,25.875,18.625,25.9925,1.3499999999999999
2023-05-07,169232.0,16717.0,25802.0,25.349999999999998,18.85,24.85,0.575
2023-05-08,164590.0,16097.0,31794.0,28.325,20.225,26.057499999999997,0.0
2023-05-09,161936.0,15930.0,29237.0,27.3,20.424999999999997,22.25,0.7
2023-05-10,179973.0,16658.0,29008.0,24.449999999999996,17.775,27.925,0.0
2023-05-11,169549.0,15216.0,31794.0,22.9,16.2,27.7425,0.1
2023-05-12,151729.0,16637.0,28150.0,20.049999999999997,14.4,24.635,1.275
2023-05-13,156131.0,17841.0,21256.0,20.25,14.25,25.04,0.175
2023-05-14,138603.0,17156.0,19281.0,21.275000000000002,14.875000000000002,23.5625,0.15
2023-05-15,161799.0,17086.0,20085.0,21.9,15.625,23.557499999999997,0.0
2023-05-16,171676.0,17087.0,22093.0,20.95,15.049999999999999,25.85,0.0
2023-05-17,130251.0,17013.0,20764.0,20.700000000000003,14.325000000000001,25.245000000000005,0.0
2023-05-18,134554.0,16150.0,23105.0,20.075,13.600000000000001,21.945,0.95
2023-05-19,141765.0,15777.0,27171.0,19.575,14.024999999999999,24.12,0.1
2023-05-20,116993.0,15998.0,23905.0,19.650000000000002,14.05,21.42,1.1
2023-05-21,100913.0,15353.0,26223.0,19.400000000000002,13.924999999999999,19.0625,3.675
2023-05-22,76347.0,15427.0,36136.0,20.475,15.024999999999999,19.9925,3.0
2023-05-23,78144.0,15313.0,29732.0,20.075,14.924999999999999,18.61,5.25
2023-05-24,120874.0,15927.0,29186.0,22.400000000000002,16.2,24.197499999999998,1.45
2023-05-25,138402.0,15195.0,26963.0,23.499999999999996,16.1,24.547500000000003,6.85
2023-05-26,100204.0,14931.0,22917.0,22.175,16.200000000000003,21.4375,5.275
2023-05-27,73110.0,15442.0,24411.0,21.1,16.125,20.63,3.2250000000000005
2023-05-28,86854.0,15134.0,23331.0,21.275,15.5,19.43,8.825
2023-05-29,112969.0,15114.0,25983.0,20.925,15.825000000000001,23.3375,2.225
2023-05-30,117428.0,15835.0,33867.0,21.6,15.9,23.72,2.8499999999999996
2023-05-31,146355.0,16566.0,32657.0,22.424999999999997,16.2,22.03,4.125
2023-06-01,110066.0,16675.0,39539.0,22.175,16.05,20.4875,7.375
2023-06-02,112235.0,16794.0,39565.0,22.200000000000003,16.224999999999998,23.637500000000003,3.2
2023-06-03,128448.0,16310.0,32834.0,22.775,16.775,24.805,6.75
2023-06-04,128350.0,17375.0,27910.0,24.125,17.625,25.51,5.699999999999999
2023-06-05,142268.0,17696.0,37118.0,25.224999999999998,18.349999999999998,25.415,1.55
2023-06-06,152847.0,17043.0,36471.0,26.425,19.874999999999996,25.225,4.425000000000001
2023-06-07,60727.0,16850.0,37771.0,22.75,18.175,13.462499999999999,5.675
2023-06-08,68056.0,17568.0,39888.0,21.575,17.425,16.5875,14.775
2023-06-09,126739.0,19050.0,33189.0,21.950000000000003,17.35,20.322499999999998,7.425
2023-06-10,146991.0,20838.0,33094.0,24.25,18.525,25.0025,1.025
2023-06-11,148454.0,19444.0,29864.0,25.349999999999998,18.925,25.669999999999998,2.9000000000000004
2023-06-12,138815.0,20281.0,39100.0,25.0,18.625,23.76,1.75
2023-06-13,139855.0,21917.0,40990.0,23.900000000000002,17.95,24.810000000000002,3.0500000000000003
2023-06-14,168217.0,22665.0,36361.0,26.2,19.650000000000002,25.79,0.05
2023-06-15,180500.0,22393.0,39410.0,29.15,21.85,28.587500000000002,0.0
2023-06-16,176108.0,21120.0,48493.0,31.5,23.85,28.1475,0.0
2023-06-17,165446.0,20177.0,37019.0,31.85,24.6,26.8525,0.425
2023-06-18,127164.0,20809.0,26936.0,28.35,22.875,24.917499999999997,1.475
2023-06-19,130371.0,22189.0,35353.0,26.675000000000004,21.625,22.810000000000002,2.75
2023-06-20,130860.0,23661.0,35534.0,26.3,21.15,23.792499999999997,1.325
2023-06-21,110739.0,23290.0,44620.0,26.275,20.525000000000002,22.034999999999997,5.2
2023-06-22,178648.0,23647.0,36944.0,28.450000000000003,21.625,27.607499999999998,0.7
2023-06-23,175565.0,23042.0,32530.0,32.4,24.299999999999997,28.985,0.0
2023-06-24,176674.0,22595.0,26585.0,34.15,26.325,29.6875,0.0
2023-06-25,160728.0,20849.0,25882.0,36.12499999999999,27.799999999999997,29.19,0.0
2023-06-26,173371.0,18834.0,31736.0,35.1,27.450000000000003,28.692500000000003,0.45
2023-06-27,157168.0,18509.0,34445.0,33.475,26.4,28.6075,1.3
2023-06-28,155110.0,18009.0,32646.0,33.125,25.575000000000003,28.302500000000002,1.25
2023-06-29,167463.0,17173.0,22885.0,31.324999999999996,24.45,26.8525,2.15
2023-06-30,180348.0,18269.0,22467.0,28.375,22.0,27.945,0.05
2023-07-01,171320.0,17752.0,20310.0,30.599999999999998,23.425,28.7775,0.05
2023-07-02,158947.0,18067.0,22613.0,32.474999999999994,25.150000000000002,27.752499999999998,0.25
2023-07-03,166735.0,17746.0,24660.0,32.075,25.475,27.9175,0.2
2023-07-04,176859.0,17576.0,24017.0,31.05,24.325000000000003,28.9525,0.35
2023-07-05,150207.0,17365.0,23360.0,30.424999999999997,23.599999999999998,24.155,1.525
2023-07-06,154212.0,17372.0,24041.0,30.424999999999997,23.6,27.074999999999996,1.7
2023-07-07,169085.0,17666.0,19837.0,31.375,23.724999999999998,27.77,6.55
2023-07-08,171254.0,17775.0,19935.0,30.625,23.950000000000003,27.805,0.0
2023-07-09,164704.0,17233.0,17617.0,32.85,25.6,29.44,0.0
2023-07-10,160315.0,16919.0,24807.0,36.4,27.85,28.185000000000002,0.0
2023-07-11,165510.0,17241.0,28318.0,35.7,28.05,28.967499999999998,1.025
2023-07-12,162697.0,16085.0,26735.0,33.175000000000004,26.475,28.935,0.0
2023-07-13,182121.0,16167.0,23382.0,33.075,26.025,28.9275,0.025
2023-07-14,187629.0,14812.0,24260.0,32.825,26.075,29.1875,0.0
2023-07-15,171190.0,14837.0,19471.0,29.65,24.1,28.285,0.05
2023-07-16,167258.0,14306.0,17677.0,31.375,24.1,28.250000000000004,0.975
2023-07-17,154361.0,14258.0,23481.0,36.625,27.374999999999996,28.99,0.25
2023-07-18,144792.0,14167.0,28729.0,36.1,28.9,27.225,0.0
2023-07-19,155983.0,14397.0,26362.0,35.3,28.125,27.96,0.125
2023-07-20,166748.0,13856.0,26265.0,32.65,26.075,29.180000000000003,0.0
2023-07-21,167457.0,13750.0,23022.0,29.95,23.799999999999997,28.139999999999997,0.175
2023-07-22,167327.0,12852.0,22369.0,31.025,24.025,27.8875,0.525
2023-07-23,154417.0,12359.0,18870.0,32.8,25.174999999999997,27.65,0.325
2023-07-24,168426.0,13022.0,19937.0,30.025,24.2,27.9375,0.025
2023-07-25,184281.0,13269.0,18928.0,29.15,21.975,28.285,0.0
2023-07-26,175641.0,13319.0,23494.0,31.225,22.775000000000002,28.847500000000004,0.0
2023-07-27,167150.0,13433.0,23739.0,30.5,23.450000000000003,27.335,0.45
2023-07-28,181503.0,13921.0,27171.0,31.65,23.925,28.2025,0.0
2023-07-29,178755.0,12209.0,19904.0,32.974999999999994,25.450000000000003,27.57,0.0
2023-07-30,173269.0,11621.0,16126.0,32.85,26.025,26.7875,1.05
2023-07-31,182608.0,12730.0,17616.0,33.425000000000004,25.85,28.4325,0.0
2023-08-01,185096.0,13034.0,16640.0,33.45,25.075,27.84,0.0
2023-08-02,188197.0,12784.0,18790.0,32.275,25.425,26.235,0.0
2023-08-03,180235.0,12512.0,16154.0,30.375,23.1,27.2325,0.0
2023-08-04,176822.0,12006.0,14801.0,27.099999999999998,21.0,27.0475,0.0
2023-08-05,164890.0,11785.0,15793.0,32.425000000000004,23.549999999999997,27.685,0.0
2023-08-06,157852.0,10522.0,14230.0,33.824999999999996,25.375,27.869999999999997,0.0
2023-08-07,173100.0,11840.0,18018.0,34.324999999999996,25.425,27.61,0.0
2023-08-08,154070.0,13492.0,25307.0,36.375,27.650000000000002,26.265,0.0
2023-08-09,122760.0,13015.0,26340.0,36.650000000000006,28.799999999999997,25.619999999999997,0.0
2023-08-10,164862.0,13559.0,22241.0,36.675000000000004,28.525,26.7125,0.0
2023-08-11,179918.0,13743.0,21874.0,37.1,28.250000000000004,26.875,0.0
2023-08-12,178737.0,13204.0,19976.0,35.225,27.575,25.8,0.0
2023-08-13,170077.0,12499.0,15585.0,33.800000000000004,26.7,25.862499999999997,0.0
2023-08-14,177523.0,12782.0,14694.0,32.55,25.375,25.9975,0.275
2023-08-15,161591.0,12839.0,16372.0,32.55,24.95,25.299999999999997,0.0
2023-08-16,167644.0,12919.0,15228.0,32.25,24.700000000000003,24.4875,0.2
2023-08-17,178562.0,12361.0,17250.0,32.925,25.200000000000003,25.6175,0.0
2023-08-18,158086.0,12690.0,17933.0,33.275,25.55,23.5075,0.0
2023-08-19,168858.0,12156.0,18661.0,34.7,27.074999999999996,25.2425,0.0
2023-08-20,168027.0,11758.0,18063.0,36.75,28.949999999999996,24.6525,0.1
2023-08-21,164998.0,12560.0,25843.0,37.475,29.025,23.57,1.225
2023-08-22,163257.0,12853.0,24966.0,38.075,29.35,23.110000000000003,3.475
2023-08-23,163217.0,12659.0,21521.0,37.574999999999996,29.75,24.299999999999997,0.0
2023-08-24,166446.0,11971.0,17688.0,37.0,29.599999999999998,24.1175,0.0
2023-08-25,148935.0,11939.0,15151.0,35.3,28.3,24.287499999999998,0.025
2023-08-26,90126.0,11290.0,16183.0,30.075,24.275000000000002,17.767500000000002,16.075
2023-08-27,129217.0,11550.0,13247.0,23.925,19.075000000000003,20.205000000000002,0.875
2023-08-28,160265.0,13870.0,19341.0,26.55,19.9,21.892500000000002,0.525
2023-08-29,155454.0,14665.0,13251.0,27.0,20.75,21.56,0.0
2023-08-30,156463.0,14960.0,17741.0,26.974999999999998,20.825000000000003,22.2575,0.0
2023-08-31,163047.0,13820.0,17695.0,28.85,21.425,23.1175,0.0
2023-09-01,150078.0,12865.0,16885.0,29.4,22.45,22.1125,0.075
2023-09-02,73728.0,13029.0,13636.0,23.625,19.225,15.06,4.5
2023-09-03,40284.0,13397.0,16713.0,22.725,17.95,12.145,29.075000000000003
2023-09-04,113288.0,12388.0,17630.0,25.125,19.675,21.05,0.925
2023-09-05,131770.0,12387.0,19845.0,25.900000000000002,19.950000000000003,20.3525,0.0
2023-09-06,133581.0,12291.0,22008.0,27.275000000000002,20.875,21.040000000000003,0.0
2023-09-07,110799.0,11302.0,24137.0,27.599999999999998,21.775,18.5575,0.1
2023-09-08,136524.0,10659.0,23904.0,28.0,21.375,21.0525,0.2
2023-09-09,114095.0,11224.0,16985.0,26.849999999999998,20.849999999999998,19.1075,0.6
2023-09-10,132531.0,10813.0,15772.0,27.525000000000002,20.75,19.68,0.625
2023-09-11,128365.0,10663.0,19753.0,25.275000000000002,19.975,19.459999999999997,1.25
2023-09-12,132949.0,10814.0,19660.0,24.3,18.95,18.0775,3.125
2023-09-13,142156.0,10328.0,16946.0,26.125,19.7,20.14,0.3
2023-09-14,122851.0,10453.0,14193.0,26.725,20.7,19.720000000000002,0.75
2023-09-15,86083.0,11069.0,16130.0,24.775,19.099999999999998,15.8025,8.175
2023-09-16,70555.0,12771.0,14670.0,23.0,17.95,13.5725,4.1000000000000005
2023-09-17,81513.0,10828.0,13431.0,21.400000000000002,17.075,13.837499999999999,10.0
2023-09-18,97876.0,11673.0,20291.0,21.150000000000002,16.3,16.2975,0.525
2023-09-19,126595.0,10570.0,21467.0,23.35,16.95,19.072499999999998,0.05
2023-09-20,149200.0,10730.0,21593.0,23.525,17.325,18.505,0.075
2023-09-21,78273.0,12196.0,17766.0,20.400000000000002,15.899999999999999,12.844999999999999,3.225
2023-09-22,139043.0,13467.0,22118.0,19.3,14.425,17.91,0.65
2023-09-23,143092.0,12298.0,17411.0,22.424999999999997,14.899999999999999,20.182499999999997,0.0
2023-09-24,140196.0,12188.0,17982.0,26.1,17.549999999999997,20.197499999999998,0.0
2023-09-25,146662.0,10885.0,26865.0,26.925,18.599999999999998,19.9925,0.0
2023-09-26,143068.0,9916.0,25641.0,27.475,19.400000000000002,19.0425,0.0
2023-09-27,139159.0,9688.0,30709.0,27.7,19.9,19.0775,0.0
2023-09-28,143755.0,9692.0,27841.0,28.975,20.525,19.057499999999997,0.0
2023-09-29,142447.0,9763.0,29188.0,29.900000000000002,21.625,18.7725,0.0
2023-09-30,140813.0,8975.0,21028.0,31.025,22.325,18.8675,0.0
2023-10-01,145988.0,8368.0,19444.0,31.224999999999998,22.449999999999996,18.7625,0.0
2023-10-02,139759.0,8839.0,20890.0,30.8,22.2,18.365,0.0
2023-10-03,131397.0,8910.0,18503.0,29.25,21.425,17.817500000000003,0.1
2023-10-04,128844.0,8981.0,18037.0,28.325000000000003,20.674999999999997,16.62,0.05
2023-10-05,127588.0,8899.0,24558.0,29.775000000000002,21.125,17.88,0.0
2023-10-06,125928.0,8629.0,25485.0,30.425,21.7,17.497500000000002,0.0
2023-10-07,121428.0,8856.0,18046.0,30.175,21.8,17.4875,0.0
2023-10-08,129360.0,8715.0,17348.0,29.6,21.075000000000003,17.04,0.0
2023-10-09,122989.0,8683.0,26748.0,28.625,20.325,17.195,0.0
2023-10-10,126751.0,8434.0,25977.0,27.5,19.424999999999997,17.2575,0.0
2023-10-11,130956.0,8347.0,30251.0,27.4,19.025,16.9725,0.0
2023-10-12,127500.0,8911.0,26633.0,27.900000000000002,19.4,16.682499999999997,0.0
2023-10-13,87027.0,10660.0,24442.0,25.400000000000002,19.4,12.8325,0.15
2023-10-14,67944.0,9086.0,25497.0,22.2,17.525000000000002,11.5475,2.175
2023-10-15,75358.0,9987.0,23629.0,20.925,16.45,10.4025,1.175
2023-10-16,59068.0,10286.0,37883.0,20.425,16.75,8.987499999999999,3.0
2023-10-17,61308.0,8520.0,29464.0,22.525000000000002,18.0,10.8225,2.575
2023-10-18,64304.0,11370.0,21700.0,19.95,16.75,9.5775,7.925
2023-10-19,21407.0,14451.0,24917.0,16.7,14.649999999999999,3.2325000000000004,36.575
2023-10-20,68317.0,19037.0,33333.0,15.175,11.924999999999999,11.092500000000001,1.375
2023-10-21,90403.0,20128.0,36106.0,15.1,10.825000000000001,11.3725,0.125
2023-10-22,34186.0,17350.0,39665.0,15.075,11.025,7.08,10.275
2023-10-23,47089.0,18263.0,50557.0,14.725000000000001,11.425,7.41,7.699999999999999
2023-10-24,76468.0,19914.0,34544.0,14.775,11.1,9.875,5.1000000000000005
2023-10-25,53688.0,19895.0,36860.0,17.65,14.075000000000001,8.865,1.2999999999999998
2023-10-26,36441.0,22438.0,42365.0,17.425,14.625,5.567500000000001,10.95
2023-10-27,64791.0,25942.0,49667.0,15.2,11.950000000000001,9.762500000000001,0.725
2023-10-28,68931.0,24331.0,46999.0,16.25,12.425,9.7375,1.4749999999999999
2023-10-29,49628.0,25575.0,56236.0,15.600000000000001,12.675,6.65,8.825
2023-10-30,70108.0,24772.0,57970.0,14.100000000000001,11.200000000000001,9.245,6.875
2023-10-31,36196.0,26865.0,78232.0,13.975000000000001,9.624999999999998,7.4825,0.025
2023-11-01,45719.0,24372.0,65778.0,15.1,11.4,6.93,3.225
2023-11-02,38854.0,25345.0,66568.0,15.275,11.575,6.677499999999999,14.6
2023-11-03,50527.0,29042.0,68546.0,12.0,8.725,7.0525,0.7
2023-11-04,40860.0,28196.0,66048.0,14.200000000000001,11.174999999999999,5.28,9.95
2023-11-05,65071.0,27040.0,67148.0,13.175,9.350000000000001,10.094999999999999,0.05
2023-11-06,87976.0,28757.0,77651.0,12.175,7.675,11.182500000000001,0.275
2023-11-07,82185.0,29323.0,84915.0,11.425,6.5,10.9925,0.7
2023-11-08,63154.0,28858.0,88775.0,12.724999999999998,8.075,8.8925,1.275
2023-11-09,67849.0,29812.0,87104.0,14.475,10.225000000000001,8.5575,1.675
2023-11-10,73934.0,29121.0,83468.0,14.450000000000001,9.95,7.2,1.075
2023-11-11,42314.0,27938.0,64805.0,17.2,12.975,7.869999999999999,0.45000000000000007
2023-11-12,58616.0,27842.0,68369.0,18.325000000000003,13.524999999999999,9.127500000000001,0.39999999999999997
2023-11-13,75489.0,28187.0,80958.0,19.1,13.924999999999999,9.795,0.1
2023-11-14,84022.0,27160.0,87603.0,19.7,13.024999999999999,10.39,0.025
2023-11-15,74677.0,27932.0,92921.0,18.5,12.774999999999999,9.3025,0.05
2023-11-16,60500.0,27731.0,94596.0,18.65,12.675,9.265,0.0
2023-11-17,72102.0,27143.0,106094.0,17.825,11.975,9.580000000000002,0.0
2023-11-18,85659.0,25090.0,103891.0,18.175,11.95,9.905000000000001,0.0
2023-11-19,89708.0,24092.0,83403.0,17.7,11.425,9.8025,0.0
2023-11-20,84069.0,23751.0,94271.0,16.325000000000003,10.475,8.6075,0.05
2023-11-21,73467.0,22628.0,68585.0,12.875,8.65,8.11,0.775
2023-11-22,85205.0,24495.0,59874.0,12.425,8.025,8.2225,0.45
2023-11-23,93405.0,26183.0,66076.0,13.4,7.375,10.6575,0.0
2023-11-24,96024.0,24264.0,75111.0,14.7,7.55,10.1725,0.0
2023-11-25,86234.0,23655.0,71076.0,13.625,6.825,9.39,0.0
2023-11-26,76229.0,23509.0,98178.0,13.175,6.824999999999999,8.870000000000001,0.0
2023-11-27,55832.0,23317.0,98003.0,12.825000000000001,7.500000000000001,8.2475,0.0
2023-11-28,28556.0,24795.0,97419.0,12.25,9.425,4.5975,0.875
2023-11-29,34561.0,26744.0,75215.0,13.75,11.0,3.745,3.7249999999999996
2023-11-30,25552.0,29008.0,89225.0,14.55,12.125,3.4124999999999996,19.975
2023-12-01,46901.0,32159.0,88718.0,11.5,8.075,4.7625,16.0
2023-12-02,72759.0,31351.0,87443.0,9.05,4.7,7.772499999999999,0.025
2023-12-03,65368.0,30740.0,94301.0,9.325000000000001,3.8750000000000004,8.305,0.6
2023-12-04,32192.0,31284.0,100915.0,9.025000000000002,5.9,4.1674999999999995,5.2
2023-12-05,38151.0,32097.0,119694.0,8.0,4.675,5.155,2.0999999999999996
2023-12-06,39262.0,31314.0,113492.0,8.95,5.625000000000001,6.2325,0.775
2023-12-07,32535.0,30309.0,96808.0,12.575,8.825000000000001,4.984999999999999,4.725
2023-12-08,49778.0,30690.0,70408.0,11.55,8.575,7.025,0.75
2023-12-09,41283.0,30878.0,70749.0,13.250000000000002,9.349999999999998,5.6225000000000005,0.175
2023-12-10,46107.0,30914.0,79480.0,14.975,10.3,6.5649999999999995,0.0
2023-12-11,58241.0,31462.0,88843.0,15.15,10.275,7.53,0.0
2023-12-12,47356.0,30045.0,93042.0,15.7,10.625,7.1325,1.9500000000000002
2023-12-13,47420.0,30645.0,89058.0,11.075,8.100000000000001,6.1925,1.425
2023-12-14,82026.0,30332.0,92241.0,9.350000000000001,4.8500000000000005,7.77,1.55
2023-12-15,83554.0,30286.0,94662.0,10.725000000000001,5.6,8.73,0.0
2023-12-16,85270.0,31128.0,100296.0,11.549999999999999,4.8,8.915000000000001,0.0
2023-12-17,81832.0,29306.0,101734.0,10.575000000000001,3.9999999999999996,8.1775,0.0
2023-12-18,82137.0,29452.0,114561.0,10.075,3.7250000000000005,8.2675,0.0
2023-12-19,81837.0,28571.0,110305.0,10.399999999999999,3.6999999999999997,8.7125,0.0
2023-12-20,46381.0,28761.0,72945.0,8.825,3.625,5.6274999999999995,1.0750000000000002
2023-12-21,79997.0,28386.0,83071.0,11.0,4.875,7.4475,0.0
2023-12-22,82505.0,28043.0,73914.0,11.424999999999999,5.300000000000001,7.795,0.0
2023-12-23,81946.0,27101.0,71622.0,11.8,5.3999999999999995,8.09,0.0
2023-12-24,80712.0,27265.0,83834.0,11.05,4.7,7.702500000000001,0.0
2023-12-25,72904.0,26562.0,77079.0,9.075,3.75,6.66,0.0
2023-12-26,59660.0,25508.0,97212.0,7.775,2.5,7.145,0.0
2023-12-27,61455.0,24540.0,99386.0,8.7,2.675,8.035,0.0
2023-12-28,44011.0,25987.0,99769.0,10.625,4.8,6.487500000000001,0.625
2023-12-29,27103.0,26829.0,101738.0,9.725,5.625000000000001,3.7725,0.5249999999999999
2023-12-30,71506.0,24054.0,68695.0,11.275,5.75,7.695,0.3
2023-12-31,35183.0,21989.0,50935.0,9.875,6.2749999999999995,4.9875,0.1
2024-01-01,63999.0,21189.0,43589.0,10.1,5.75,7.835000000000001,0.0
2024-01-02,48723.0,21224.0,49777.0,12.475,7.375,6.2475,1.2
2024-01-03,34626.0,23811.0,64597.0,12.075000000000001,8.475,3.985,3.175
2024-01-04,24219.0,24600.0,96757.0,11.399999999999999,8.15,3.925,5.575
2024-01-05,60757.0,24776.0,55587.0,8.5,5.7,6.994999999999999,1.9
2024-01-06,76995.0,23604.0,56728.0,8.0,3.5250000000000004,8.1875,0.3
2024-01-07,84308.0,24758.0,60833.0,7.074999999999999,1.975,8.4625,0.775
2024-01-08,63305.0,25533.0,95854.0,5.9,1.025,8.165,0.7750000000000001
2024-01-09,36454.0,25314.0,118827.0,6.9,3.6750000000000003,6.0525,2.5749999999999997
2024-01-10,32508.0,26090.0,109972.0,7.375,4.75,4.1625000000000005,1.4
2024-01-11,62804.0,26973.0,104159.0,7.55,3.4,7.5625,0.05
2024-01-12,74629.0,26360.0,86570.0,10.150000000000002,3.3000000000000007,9.935,0.0
2024-01-13,43257.0,25121.0,97198.0,11.225000000000001,5.05,6.9925,0.075
2024-01-14,43868.0,26669.0,73412.0,15.150000000000002,8.725000000000001,7.33,3.15
2024-01-15,21670.0,29517.0,91406.0,13.675,10.174999999999999,4.567500000000001,5.25
2024-01-16,31499.0,31190.0,77319.0,15.049999999999999,10.875,7.07,4.8500000000000005
2024-01-17,43599.0,31621.0,73225.0,12.525000000000002,10.6,5.335,13.55
2024-01-18,42987.0,33383.0,87867.0,12.475,9.75,6.33,7.6499999999999995
2024-01-19,21451.0,32913.0,97211.0,9.575,7.325,4.425,10.475
2024-01-20,73958.0,31819.0,104742.0,8.174999999999999,3.275,10.365,0.05
2024-01-21,83883.0,27738.0,108632.0,11.15,5.15,9.98,0.0
2024-01-22,82897.0,29307.0,110497.0,13.625,7.499999999999999,9.334999999999999,0.0
2024-01-23,94356.0,29664.0,109907.0,16.05,9.25,9.4475,0.0
2024-01-24,98273.0,28816.0,103875.0,16.475,10.025,9.504999999999999,0.0
2024-01-25,98482.0,27780.0,115109.0,16.975,9.9,9.7675,0.0
2024-01-26,90535.0,27640.0,119354.0,16.35,9.225,9.7575,0.0
2024-01-27,89773.0,27118.0,92178.0,16.325,9.125,10.49,0.0
2024-01-28,80008.0,25026.0,81977.0,15.024999999999999,8.5,9.675,0.0
2024-01-29,57775.0,25290.0,90538.0,14.200000000000001,8.075000000000001,9.6875,0.0
2024-01-30,77827.0,24584.0,114068.0,13.325,7.3500000000000005,9.795,0.0
2024-01-31,90354.0,23755.0,114137.0,13.75,7.65,10.56,0.0
2024-02-01,107958.0,22814.0,103443.0,14.75,7.525,10.8975,0.0
2024-02-02,112338.0,22699.0,83492.0,15.3,8.25,12.1875,0.0
2024-02-03,110775.0,20555.0,75961.0,15.075,8.174999999999999,12.0375,0.0
2024-02-04,111923.0,19315.0,73349.0,15.3,8.35,12.305000000000001,0.0
2024-02-05,85992.0,20497.0,101152.0,14.349999999999998,7.65,10.712499999999999,0.0
2024-02-06,84816.0,21013.0,98075.0,15.325000000000001,8.6,10.922500000000001,0.0
2024-02-07,60615.0,20064.0,79172.0,13.424999999999999,8.775,7.7975,0.42500000000000004
2024-02-08,36074.0,21935.0,75291.0,12.750000000000002,9.0,7.16,7.375
2024-02-09,27712.0,24360.0,76540.0,11.724999999999998,8.924999999999999,4.28,22.45
2024-02-10,74289.0,25897.0,49754.0,9.5,6.525,9.8775,2.975
2024-02-11,37989.0,25136.0,51022.0,9.55,5.2250000000000005,4.137499999999999,4.324999999999999
2024-02-12,84738.0,25578.0,64413.0,14.75,10.149999999999999,10.35,1.225
2024-02-13,78453.0,26027.0,94841.0,16.425,10.775,8.965,0.07500000000000001
2024-02-14,72193.0,24306.0,92074.0,18.125,12.15,11.415000000000001,0.0
2024-02-15,39336.0,25243.0,85814.0,16.45,11.425,8.355,3.05
2024-02-16,94641.0,27959.0,78944.0,13.225,8.85,8.807500000000001,3.475
2024-02-17,133507.0,26596.0,63321.0,15.175,8.275,14.692499999999999,0.325
2024-02-18,124614.0,26013.0,65028.0,16.6,9.45,13.6525,0.0
2024-02-19,134706.0,23539.0,59037.0,16.625,9.625,14.165000000000001,0.25
2024-02-20,134245.0,23901.0,93357.0,17.125,9.225000000000001,15.442500000000003,0.0
2024-02-21,110412.0,22491.0,98650.0,17.15,10.05,12.4525,0.025
2024-02-22,68573.0,23809.0,59994.0,14.45,10.175,10.67,1.975
2024-02-23,98090.0,24451.0,41296.0,8.975,5.425,12.6225,0.825
2024-02-24,97738.0,25103.0,43664.0,9.55,5.450000000000001,12.9325,1.05
2024-02-25,49558.0,26475.0,42341.0,11.475,8.075000000000001,6.487500000000001,6.6
2024-02-26,84191.0,28818.0,67650.0,9.8,7.324999999999999,12.827499999999999,5.45
2024-02-27,106422.0,27470.0,80322.0,10.049999999999999,5.475,12.2925,1.45
2024-02-28,135068.0,26796.0,88802.0,11.424999999999999,5.05,15.625,0.15
2024-02-29,125427.0,28025.0,87959.0,12.825,6.174999999999999,15.91,0.175
2024-03-01,132374.0,28211.0,90016.0,10.975000000000001,5.7250000000000005,15.5,0.225
2024-03-02,57244.0,30348.0,88827.0,8.75,5.85,6.2925,15.85
2024-03-03,99695.0,29826.0,86361.0,8.65,4.75,12.962499999999999,3.05
2024-03-04,72164.0,30699.0,94375.0,12.125,7.1000000000000005,11.959999999999999,0.35
2024-03-05,151723.0,32439.0,106227.0,11.625000000000002,5.975,17.314999999999998,0.0
2024-03-06,151293.0,33227.0,120275.0,13.55,6.125,17.8125,0.0
2024-03-07,71598.0,32417.0,112312.0,10.625,6.1,9.8825,5.95
2024-03-08,81586.0,33186.0,107558.0,9.35,5.925,11.089999999999998,10.95
2024-03-09,47412.0,30910.0,111019.0,7.7250000000000005,5.55,7.300000000000001,17.2
2024-03-10,70542.0,29768.0,105595.0,10.525,6.375,13.3675,0.925
2024-03-11,128660.0,30843.0,116300.0,11.85,6.7,15.3125,0.07500000000000001
2024-03-12,160200.0,33602.0,124541.0,15.075,7.55,19.2975,0.0
2024-03-13,151269.0,34489.0,127512.0,17.575,9.05,18.625,0.0
2024-03-14,121240.0,35470.0,128978.0,16.224999999999998,10.775,14.1475,0.24999999999999997
2024-03-15,128285.0,36914.0,133774.0,17.1,10.950000000000001,15.5,0.475
2024-03-16,139246.0,37040.0,121240.0,19.525,12.25,17.017500000000002,0.075
2024-03-17,130410.0,36803.0,118454.0,21.400000000000002,13.974999999999998,17.512500000000003,0.0
2024-03-18,103143.0,38573.0,133323.0,21.625,13.925,16.555,0.075
2024-03-19,124521.0,39913.0,138043.0,21.925,14.174999999999999,18.950000000000003,0.275
2024-03-20,104521.0,38074.0,127590.0,19.45,13.225,16.0625,1.6500000000000001
2024-03-21,99009.0,35946.0,119294.0,22.400000000000002,14.774999999999999,17.55,0.925
2024-03-22,109777.0,35347.0,124874.0,24.55,16.275,19.2925,0.075
2024-03-23,84831.0,33012.0,93375.0,21.849999999999998,15.225,17.447499999999998,0.0
2024-03-24,69090.0,33239.0,85800.0,20.825,13.075,19.0475,2.1999999999999997
2024-03-25,51118.0,35280.0,127827.0,13.350000000000001,9.774999999999999,9.405,11.075000000000001
2024-03-26,97947.0,34194.0,120865.0,8.725,5.925000000000001,13.875,8.65
2024-03-27,71445.0,33891.0,84697.0,12.125,7.6499999999999995,12.809999999999999,8.075
2024-03-28,72233.0,34164.0,87134.0,12.45,9.475000000000001,10.33,22.5
2024-03-29,70787.0,36517.0,99435.0,11.775,8.525,10.3125,15.625
2024-03-30,73127.0,35770.0,102514.0,11.05,6.999999999999999,12.802499999999998,11.475
2024-03-31,56770.0,32738.0,99443.0,8.674999999999999,6.35,8.405,15.15
2024-04-01,113099.0,31074.0,96886.0,11.3,6.85,18.995,1.475
2024-04-02,101131.0,33156.0,110672.0,13.825000000000001,8.275,16.4625,0.5750000000000001
2024-04-03,133242.0,35101.0,114081.0,16.35,10.975,16.4975,0.175
2024-04-04,144426.0,35392.0,113447.0,20.2,12.675,22.745,0.0
2024-04-05,139856.0,34134.0,108546.0,23.275,15.675,22.93,0.0
2024-04-06,67685.0,33797.0,112669.0,22.4,16.725,16.2225,0.225
2024-04-07,91945.0,34897.0,113821.0,20.3,15.149999999999999,16.815,2.3499999999999996
2024-04-08,108711.0,35014.0,112435.0,16.45,12.05,16.86,4.05
2024-04-09,153960.0,35407.0,114208.0,14.099999999999998,8.6,24.3775,0.1
2024-04-10,152553.0,34005.0,118148.0,17.775,10.475,24.2175,0.0
2024-04-11,161614.0,32958.0,105248.0,21.7,13.8,24.72,0.0
2024-04-12,167909.0,32817.0,114137.0,23.125,15.200000000000001,25.18,0.0
2024-04-13,149269.0,31646.0,103978.0,24.825000000000003,16.55,25.1,0.0
2024-04-14,134327.0,30518.0,94478.0,25.175,17.249999999999996,25.035000000000004,0.0
2024-04-15,156493.0,29827.0,91753.0,24.8,17.325,22.885,1.9
2024-04-16,163858.0,29295.0,80832.0,23.625000000000004,15.924999999999999,25.4375,0.0
2024-04-17,156624.0,29225.0,81668.0,20.650000000000002,13.825000000000001,24.794999999999998,0.0
2024-04-18,160640.0,27804.0,83479.0,18.95,12.5,23.2175,0.0
2024-04-19,167020.0,28613.0,93519.0,20.975,13.549999999999999,24.5525,0.325
2024-04-20,144157.0,24956.0,74586.0,21.4,14.2,24.525000000000002,0.025
2024-04-21,146376.0,23813.0,57020.0,20.775,13.475000000000001,25.39,0.125
2024-04-22,160953.0,23426.0,59875.0,17.05,11.2,25.5075,0.0
2024-04-23,179439.0,23942.0,63836.0,15.425,9.625,25.2125,0.0
2024-04-24,198371.0,25350.0,69954.0,17.175,10.725,26.0375,0.0
2024-04-25,154253.0,26575.0,102730.0,17.5,11.5,19.43,0.9750000000000001
2024-04-26,133723.0,27119.0,120761.0,15.125,10.5,17.65,3.675
2024-04-27,114689.0,27271.0,68731.0,13.424999999999999,9.850000000000001,13.8625,19.549999999999997
2024-04-28,149319.0,27407.0,68627.0,15.125,9.825000000000001,23.715,0.9249999999999999
2024-04-29,142709.0,28508.0,89557.0,15.875,10.575,19.1375,4.45
2024-04-30,136717.0,26780.0,58865.0,15.524999999999999,10.4,18.009999999999998,2.625
2024-05-01,116799.0,24839.0,40406.0,13.124999999999998,9.15,20.58,3.5749999999999997
2024-05-02,175660.0,25741.0,43152.0,14.075,8.65,23.200000000000003,0.275
2024-05-03,198965.0,27730.0,55694.0,17.025,10.799999999999999,22.775,0.025
2024-05-04,181938.0,29651.0,52442.0,21.325,14.399999999999999,24.967499999999998,0.6749999999999999
2024-05-05,126770.0,31423.0,54905.0,19.700000000000003,14.5,19.82,5.425000000000001
2024-05-06,158881.0,35509.0,76532.0,20.125,14.325000000000001,22.94,1.125
2024-05-07,197655.0,33864.0,62670.0,20.775,14.2,27.505,0.375
2024-05-08,201350.0,30227.0,58137.0,23.025000000000002,15.45,27.2325,0.0
2024-05-09,185550.0,30922.0,64791.0,24.9,16.825,26.1,0.0
2024-05-10,193938.0,30636.0,65760.0,26.6,18.65,27.6575,0.0
2024-05-11,161207.0,28404.0,52669.0,26.049999999999997,18.95,26.8375,0.525
2024-05-12,148479.0,27706.0,53447.0,25.225,18.175,25.192500000000003,0.35
2024-05-13,178483.0,28967.0,59242.0,24.375,17.674999999999997,23.020000000000003,1.75
2024-05-14,166229.0,31903.0,48720.0,17.5,13.75,23.145,4.35
2024-05-15,183907.0,32750.0,59610.0,17.475,11.875,24.8475,1.275
2024-05-16,165571.0,33259.0,70075.0,16.475,11.6,19.815,2.675
2024-05-17,156521.0,33492.0,82816.0,18.425,13.324999999999998,22.06,3.425
2024-05-18,196810.0,33040.0,59248.0,20.175,13.675,27.08,1.825
2024-05-19,160179.0,33510.0,49053.0,18.95,13.375,21.0,5.175
2024-05-20,181125.0,33072.0,59745.0,19.55,13.35,25.147499999999997,0.775
2024-05-21,177157.0,32133.0,66235.0,19.25,13.749999999999998,24.37,1.05
2024-05-22,200443.0,32870.0,64089.0,20.025000000000002,14.350000000000001,24.894999999999996,0.275
2024-05-23,200851.0,33285.0,65424.0,22.0,15.675,27.0275,0.0
2024-05-24,221643.0,32441.0,63902.0,24.174999999999997,16.849999999999998,26.8875,1.875
2024-05-25,206632.0,30850.0,55397.0,26.424999999999997,18.75,28.292499999999997,0.0
2024-05-26,164735.0,29574.0,50626.0,26.55,19.875,28.029999999999998,0.55
2024-05-27,204323.0,29966.0,59602.0,25.875,19.425,26.722499999999997,1.525
2024-05-28,209338.0,30018.0,66901.0,28.125,20.375,28.8975,0.25
2024-05-29,217461.0,29426.0,69715.0,30.1,22.525000000000002,28.4425,0.025
2024-05-30,203463.0,29215.0,60494.0,30.650000000000002,22.575,26.2475,2.3249999999999997
2024-05-31,182447.0,26511.0,48735.0,27.924999999999997,20.325,28.595,0.0
2024-06-01,170351.0,25134.0,32133.0,25.8,19.075000000000003,28.385,0.025
2024-06-02,173320.0,24515.0,28113.0,25.974999999999998,19.224999999999998,26.9625,0.0
2024-06-03,196759.0,25581.0,46787.0,27.125,19.799999999999997,27.125,1.075
2024-06-04,213985.0,27798.0,68162.0,27.599999999999998,20.7,27.32,0.25
2024-06-05,207834.0,26375.0,76111.0,30.3,22.875,28.58,0.0
2024-06-06,174245.0,26516.0,68499.0,32.075,24.4,26.634999999999998,0.125
2024-06-07,135023.0,25772.0,70318.0,30.0,23.45,23.9075,0.42500000000000004
2024-06-08,127426.0,25665.0,53073.0,25.450000000000003,20.075,22.8075,4.175
2024-06-09,116948.0,24273.0,35224.0,22.05,17.95,18.525,1.925
2024-06-10,128191.0,25059.0,45998.0,22.125,17.0,21.4825,6.775
2024-06-11,169126.0,24765.0,46807.0,22.35,16.95,24.9825,2.375
2024-06-12,169645.0,24880.0,39449.0,22.025,16.6,23.91,2.35
2024-06-13,195971.0,23851.0,48527.0,26.150000000000002,18.400000000000002,30.327499999999997,0.0
2024-06-14,208290.0,22948.0,41328.0,27.85,20.8,28.199999999999996,0.05
2024-06-15,176358.0,20640.0,25465.0,25.6,19.675,29.635,0.5
2024-06-16,163371.0,20127.0,25547.0,26.425000000000004,19.675,29.375,0.0
2024-06-17,217535.0,23455.0,38085.0,28.474999999999994,20.875,28.515,0.07500000000000001
2024-06-18,154771.0,25540.0,49618.0,24.075,18.724999999999998,21.475,5.15
2024-06-19,146866.0,25918.0,66655.0,22.225,17.025,23.8525,10.1
2024-06-20,166223.0,27712.0,52577.0,20.425,15.925,19.495,12.3
2024-06-21,222749.0,26700.0,53282.0,25.775,18.5,28.442500000000003,0.0
2024-06-22,197607.0,23990.0,40078.0,28.5,21.225,26.59,0.0
2024-06-23,170870.0,21886.0,28833.0,29.2,22.225,28.2675,0.0
2024-06-24,213297.0,22618.0,39029.0,30.699999999999996,23.325,28.135000000000005,0.2
2024-06-25,214770.0,23453.0,50426.0,31.575,24.45,27.562500000000004,0.0
2024-06-26,165074.0,24514.0,60832.0,28.525,22.275000000000002,21.84,0.825
2024-06-27,150021.0,22648.0,60071.0,29.85,22.775,23.4275,1.2
2024-06-28,126826.0,23123.0,57123.0,26.700000000000003,21.0,23.457500000000003,1.8
2024-06-29,108345.0,21468.0,45143.0,22.525,18.775000000000002,16.302500000000002,4.9750000000000005
2024-06-30,166099.0,21125.0,45057.0,24.8,19.474999999999998,23.4675,0.8250000000000001
2024-07-01,195781.0,21246.0,37243.0,27.699999999999996,20.975,27.34,0.125
2024-07-02,220150.0,21220.0,43907.0,30.575,22.574999999999996,29.354999999999997,0.0
2024-07-03,226278.0,21233.0,45897.0,32.525,24.375,29.235,0.0
2024-07-04,220894.0,20366.0,43977.0,34.475,26.275000000000002,29.88,0.0
2024-07-05,218779.0,19809.0,44415.0,33.35,26.175,28.9475,0.175
2024-07-06,171184.0,18934.0,28739.0,28.15,22.175,25.795,3.9
2024-07-07,180888.0,20162.0,28395.0,26.874999999999996,20.575,29.0275,0.25
2024-07-08,216062.0,21295.0,36281.0,29.599999999999998,22.125,28.967499999999998,0.05
2024-07-09,216747.0,19603.0,42829.0,29.4,22.7,26.09,0.275
2024-07-10,228748.0,20387.0,51324.0,32.225,25.025000000000002,28.0975,0.0
2024-07-11,228036.0,21027.0,52253.0,32.8,26.3,28.377499999999998,0.25
2024-07-12,234514.0,19241.0,41194.0,30.725,24.425000000000004,28.970000000000002,0.45
2024-07-13,211237.0,18205.0,37371.0,29.2,22.5,26.722499999999997,0.075
2024-07-14,194124.0,17237.0,31502.0,30.075000000000003,23.075000000000003,28.93,0.0
2024-07-15,207422.0,17619.0,31514.0,29.475,22.9,27.8325,1.6
2024-07-16,228208.0,16737.0,42531.0,30.15,23.1,28.8175,0.125
2024-07-17,219217.0,16445.0,47242.0,33.0,24.675,28.7625,0.075
2024-07-18,161586.0,16528.0,58337.0,33.650000000000006,26.25,24.732499999999998,0.0
2024-07-19,209635.0,15952.0,51402.0,35.550000000000004,27.575000000000003,28.3775,0.025
2024-07-20,209359.0,15010.0,37707.0,32.574999999999996,26.349999999999998,27.792500000000004,0.0
2024-07-21,200200.0,14003.0,23824.0,29.725,23.125,28.634999999999998,0.075
2024-07-22,223170.0,15851.0,32909.0,33.275,24.575000000000003,29.084999999999997,0.0
2024-07-23,223766.0,15867.0,44674.0,36.0,27.575000000000003,28.73,0.0
2024-07-24,222014.0,15855.0,49895.0,37.3,28.75,28.1,0.0
2024-07-25,218094.0,16112.0,41210.0,35.35,27.575000000000003,28.159999999999997,0.0
2024-07-26,212283.0,16799.0,38705.0,33.6,26.549999999999997,27.85,0.05
2024-07-27,211635.0,16144.0,40429.0,34.475,26.85,27.875,0.0
2024-07-28,183579.0,15163.0,31535.0,35.675,27.824999999999996,26.2325,0.0
2024-07-29,128276.0,16793.0,49006.0,35.525,28.35,23.105,0.275
2024-07-30,185492.0,15949.0,45303.0,35.175000000000004,27.674999999999997,26.5325,1.875
2024-07-31,214574.0,16097.0,51953.0,35.35,27.6,28.1325,0.0
2024-08-01,217169.0,14917.0,41321.0,34.95,27.324999999999996,27.6625,0.0
2024-08-02,208033.0,15073.0,30930.0,32.12499999999999,25.475,26.102500000000003,0.525
2024-08-03,213828.0,14675.0,34265.0,33.800000000000004,25.950000000000003,27.325,0.0
2024-08-04,210756.0,13972.0,31511.0,34.724999999999994,26.75,27.5875,0.0
2024-08-05,211122.0,14904.0,41247.0,34.85,27.2,27.0325,0.0
2024-08-06,209078.0,14927.0,37837.0,33.95,26.425,26.2625,0.025
2024-08-07,211832.0,14004.0,37719.0,34.4,26.475,26.470000000000002,0.0
2024-08-08,212406.0,13973.0,41057.0,34.475,26.875,26.1725,0.025
2024-08-09,213283.0,13767.0,43626.0,36.0,27.924999999999997,25.795,0.0
2024-08-10,198434.0,13313.0,38246.0,36.625,28.974999999999998,24.6375,0.025
2024-08-11,189542.0,13799.0,34817.0,35.5,28.374999999999996,25.2425,0.025
2024-08-12,209515.0,14628.0,45709.0,33.85,26.550000000000004,25.0525,0.025
2024-08-13,164633.0,15133.0,47478.0,28.625,23.474999999999998,19.4125,2.225
2024-08-14,185233.0,15302.0,42254.0,29.0,23.0,21.845000000000002,0.05
2024-08-15,195902.0,13623.0,19619.0,29.875,22.775000000000002,23.9575,0.7
2024-08-16,209906.0,13913.0,26457.0,31.999999999999996,24.125,25.082500000000003,0.15
2024-08-17,204842.0,13078.0,29074.0,33.45,25.349999999999998,24.740000000000002,0.25
2024-08-18,195327.0,12683.0,23931.0,33.300000000000004,25.875,25.1475,0.55
2024-08-19,208718.0,14433.0,27895.0,32.6,25.349999999999998,25.5625,0.0
2024-08-20,199322.0,14639.0,41313.0,32.85,25.4,25.0075,0.0
2024-08-21,183244.0,14235.0,31838.0,32.675,25.1,24.11,0.0
2024-08-22,188633.0,14275.0,42155.0,32.75,25.575,23.8525,0.0
2024-08-23,191794.0,14269.0,41529.0,33.125,24.924999999999997,23.5225,0.275
2024-08-24,181976.0,12666.0,24840.0,32.199999999999996,25.4,24.0625,1.25
2024-08-25,153764.0,12187.0,15608.0,30.375000000000004,23.85,22.247500000000002,1.875
2024-08-26,184006.0,14430.0,34967.0,30.7,23.575000000000003,23.255,0.425
2024-08-27,186562.0,13405.0,52847.0,32.550000000000004,24.85,23.9025,0.0
2024-08-28,181817.0,13165.0,48264.0,31.85,24.7,22.134999999999998,0.625
2024-08-29,141584.0,13844.0,45253.0,29.125,23.45,17.482499999999998,1.85
2024-08-30,153319.0,14718.0,36953.0,30.5,23.9,20.865000000000002,3.875
2024-08-31,131238.0,13868.0,31983.0,28.55,23.275,17.3525,1.75
2024-09-01,153886.0,14420.0,29071.0,28.85,22.7,20.05,2.675
2024-09-02,174301.0,14817.0,33825.0,29.099999999999994,22.65,22.03,0.15
2024-09-03,171972.0,15452.0,32102.0,26.599999999999998,20.825,18.412499999999998,2.1999999999999997
2024-09-04,173924.0,16561.0,26059.0,25.549999999999997,19.5,18.1925,7.75
2024-09-05,171292.0,16956.0,37062.0,25.25,19.075,19.6125,0.075
2024-09-06,192128.0,17613.0,35940.0,23.5,18.275,17.36,8.85
2024-09-07,163698.0,16829.0,40749.0,24.375,17.925,18.2075,2.6500000000000004
2024-09-08,166416.0,16352.0,28613.0,24.675000000000004,18.775000000000002,21.5925,2.4
2024-09-09,199551.0,16472.0,34516.0,26.0,18.525,22.25,0.0
2024-09-10,192657.0,14897.0,33908.0,27.475,19.424999999999997,22.4675,0.0
2024-09-11,180477.0,15076.0,30912.0,26.375,19.425,20.5375,0.15
2024-09-12,165885.0,15321.0,32939.0,25.299999999999997,19.025000000000002,18.7675,0.65
2024-09-13,168312.0,14998.0,25183.0,23.875,17.549999999999997,21.4925,0.0
2024-09-14,171664.0,14640.0,24650.0,26.325,18.3,21.169999999999998,0.0
2024-09-15,152343.0,13584.0,19244.0,28.225,19.675,21.765,0.0
2024-09-16,176691.0,13000.0,22677.0,28.45,19.924999999999997,21.285,0.0
2024-09-17,156645.0,12491.0,21946.0,25.25,18.525,20.2975,1.425
2024-09-18,141270.0,13448.0,37796.0,24.575,18.275,16.6925,2.6
2024-09-19,98731.0,12389.0,59263.0,23.025,17.5,16.1125,4.725
2024-09-20,105220.0,13439.0,62349.0,22.525,17.099999999999998,13.8225,7.025
2024-09-21,102914.0,15255.0,50868.0,20.8,16.75,11.605,11.674999999999999
2024-09-22,127539.0,16719.0,50738.0,21.849999999999998,16.974999999999998,16.0625,2.025
2024-09-23,152445.0,18036.0,47588.0,22.15,16.200000000000003,19.122500000000002,0.05
2024-09-24,95726.0,17741.0,50160.0,19.775,15.299999999999999,12.0825,0.8
2024-09-25,87130.0,16935.0,36609.0,22.0,17.675,9.3575,0.6
2024-09-26,103390.0,18816.0,20961.0,22.525,18.425,13.055,2.4
2024-09-27,142657.0,18620.0,25034.0,19.25,14.825,18.185000000000002,0.025
2024-09-28,155872.0,17220.0,29391.0,20.25,13.650000000000002,18.9525,0.0
2024-09-29,147283.0,16067.0,26170.0,23.775,15.824999999999998,18.947499999999998,0.0
2024-09-30,176113.0,16826.0,43172.0,26.2,17.925,18.7075,0.0
2024-10-01,145107.0,16677.0,45436.0,25.35,18.625,14.5925,0.075
2024-10-02,97682.0,19396.0,42009.0,22.499999999999996,18.625,9.92,7.3999999999999995
2024-10-03,134157.0,21683.0,46807.0,21.975,17.525000000000002,14.6925,0.425
2024-10-04,145857.0,21409.0,56697.0,23.75,16.525000000000002,15.670000000000002,0.0
2024-10-05,123209.0,19735.0,49420.0,23.8,17.35,13.454999999999998,0.075
2024-10-06,95091.0,20221.0,28923.0,23.7,18.475,12.110000000000001,7.225
2024-10-07,60030.0,21473.0,41171.0,22.275,16.474999999999998,11.43,23.125
2024-10-08,84360.0,22886.0,33596.0,18.95,14.9,12.235,2.125
2024-10-09,56637.0,23835.0,35208.0,18.55,15.674999999999999,6.4475,5.7
2024-10-10,123004.0,26942.0,58302.0,18.5,13.625,13.479999999999999,0.125
2024-10-11,78769.0,28356.0,79487.0,18.45,13.700000000000001,9.5025,3.25
2024-10-12,42650.0,27906.0,70313.0,18.0,15.125000000000002,5.87,37.2
2024-10-13,86314.0,25506.0,61164.0,21.025,16.0,12.8875,3.1750000000000003
2024-10-14,65108.0,24807.0,84194.0,21.75,16.575,11.2,5.175
2024-10-15,49360.0,23848.0,72800.0,18.625,15.65,7.119999999999999,19.575000000000003
2024-10-16,83486.0,24479.0,59828.0,18.924999999999997,15.7,8.6175,15.2
2024-10-17,94023.0,27116.0,56547.0,16.225,12.725,10.8375,9.075
2024-10-18,109365.0,27930.0,59737.0,15.750000000000002,11.55,10.395,0.35000000000000003
2024-10-19,99696.0,28947.0,54019.0,18.65,13.974999999999998,10.715,0.19999999999999998
2024-10-20,104623.0,27370.0,49854.0,20.75,14.825,13.170000000000002,0.0
2024-10-21,140588.0,27219.0,71155.0,21.325,14.95,13.8125,0.0
2024-10-22,120477.0,25932.0,72002.0,19.925000000000004,14.925,10.535,3.425
2024-10-23,123292.0,25427.0,73931.0,19.725,14.524999999999999,12.2825,0.425
2024-10-24,112227.0,25185.0,67971.0,20.425,14.625,12.5075,1.05
2024-10-25,68372.0,25897.0,77192.0,16.224999999999998,12.875000000000002,8.4375,4.675000000000001
2024-10-26,74223.0,25763.0,73169.0,11.6,8.625,6.43,17.224999999999998
2024-10-27,77954.0,27785.0,68042.0,12.55,8.35,9.662500000000001,1.175
2024-10-28,98758.0,28140.0,64090.0,17.0,11.275,9.9025,0.375
2024-10-29,34228.0,27988.0,77985.0,17.625,12.8,8.3025,11.4
2024-10-30,56803.0,27233.0,71271.0,17.35,12.525,7.3175,10.375
2024-10-31,54765.0,27029.0,75452.0,17.950000000000003,13.05,9.145,4.8
2024-11-01,76078.0,26514.0,65646.0,18.45,12.875,10.98,1.825
2024-11-02,102491.0,25887.0,64473.0,18.549999999999997,12.65,10.8,0.8250000000000001
2024-11-03,96307.0,24901.0,58856.0,19.0,12.725000000000001,11.135,0.0
2024-11-04,83411.0,24516.0,73269.0,18.275,12.85,10.4275,0.15
2024-11-05,95538.0,24993.0,80841.0,17.85,13.075,9.545000000000002,1.025
2024-11-06,116666.0,24486.0,75035.0,19.2,12.975,11.899999999999999,0.45
2024-11-07,105002.0,23721.0,77639.0,18.05,12.35,11.225000000000001,0.1
2024-11-08,50867.0,23023.0,87060.0,17.0,11.75,7.5600000000000005,0.3
2024-11-09,78702.0,22589.0,59348.0,17.075,12.7,9.2225,0.425
2024-11-10,101645.0,22079.0,50393.0,17.675,12.100000000000001,9.8875,0.35
2024-11-11,107105.0,22336.0,50721.0,16.75,11.424999999999999,11.03,0.05
2024-11-12,102846.0,20563.0,45126.0,14.049999999999999,9.475000000000001,10.614999999999998,0.05
2024-11-13,43905.0,22625.0,58549.0,10.775,7.3,5.64,5.65
2024-11-14,42010.0,21955.0,60319.0,16.375,10.775000000000002,8.844999999999999,4.625
2024-11-15,63899.0,21376.0,56275.0,16.775,11.5,8.98,3.325
2024-11-16,68115.0,20180.0,49919.0,17.275000000000002,11.424999999999999,9.28,0.275
2024-11-17,67842.0,19639.0,49017.0,17.099999999999998,11.225,8.8425,1.125
2024-11-18,91342.0,19410.0,60053.0,16.85,10.75,10.209999999999999,0.24999999999999997
2024-11-19,76078.0,18868.0,55148.0,16.05,10.7,9.655000000000001,0.05
2024-11-20,86995.0,17980.0,41647.0,13.674999999999999,9.95,8.0975,0.175
2024-11-21,42879.0,19048.0,38770.0,12.475,10.05,5.005,0.675
2024-11-22,58960.0,24294.0,48670.0,12.4,9.45,7.095,1.2
2024-11-23,83024.0,23241.0,32614.0,15.675,10.55,9.41,0.025
2024-11-24,52905.0,20373.0,29714.0,17.475,12.35,6.5025,0.2
2024-11-25,56000.0,25289.0,45288.0,15.2,12.075,5.237500000000001,18.724999999999998
2024-11-26,64571.0,27602.0,57582.0,12.325,7.4750000000000005,7.425,0.0
2024-11-27,96486.0,24807.0,53594.0,13.25,7.275,9.837499999999999,0.0
2024-11-28,89440.0,22752.0,53882.0,14.55,8.225,9.087499999999999,0.0
2024-11-29,69814.0,21605.0,52325.0,18.275,10.3,8.375,0.0
2024-11-30,81890.0,20888.0,45393.0,17.0,10.425,9.182500000000001,0.0
2024-12-01,50497.0,21261.0,51587.0,16.725,10.575000000000001,7.38,0.05
2024-12-02,57513.0,21834.0,57223.0,14.925,10.0,7.465,0.325
2024-12-03,60822.0,21849.0,53922.0,13.1,8.5,7.405,0.325
2024-12-04,77063.0,22696.0,52506.0,13.675,8.625,8.8225,0.0
2024-12-05,87724.0,22692.0,49692.0,14.549999999999999,8.725,8.907499999999999,0.0
2024-12-06,82150.0,23117.0,40020.0,15.450000000000003,9.825000000000001,7.102500000000001,0.175
2024-12-07,72448.0,21700.0,27318.0,14.049999999999999,8.674999999999999,7.6775,1.35
2024-12-08,83420.0,21238.0,25986.0,9.05,5.374999999999999,7.565,3.05
2024-12-09,92343.0,23732.0,41190.0,8.275,3.8249999999999997,7.9425,0.5499999999999999
2024-12-10,95854.0,25744.0,65904.0,7.150000000000001,2.5999999999999996,8.3025,0.0
2024-12-11,66228.0,24680.0,81781.0,6.875000000000001,2.225,7.35,0.125
2024-12-12,48891.0,23550.0,84112.0,7.9,3.1250000000000004,6.7875000000000005,2.2
2024-12-13,71121.0,24015.0,81418.0,9.025,4.15,6.8999999999999995,0.1
2024-12-14,77446.0,24085.0,58685.0,8.799999999999999,2.9,8.4625,0.0
2024-12-15,85123.0,21533.0,35258.0,8.15,2.7,8.72,0.0
2024-12-16,97345.0,21614.0,53780.0,10.175,3.95,8.84,0.0
2024-12-17,74435.0,22026.0,57116.0,10.224999999999998,4.5,8.227500000000001,0.1
2024-12-18,69589.0,24725.0,53582.0,13.875000000000002,8.125,7.9125,0.125
2024-12-19,47605.0,26840.0,45932.0,12.799999999999999,8.6,5.885,0.975
2024-12-20,89719.0,27812.0,50839.0,8.65,4.0,8.5525,0.125
2024-12-21,99391.0,26217.0,42231.0,9.6,3.45,8.16,0.0
2024-12-22,99365.0,24459.0,35156.0,11.725,4.975,8.75,0.425
2024-12-23,94921.0,23280.0,32721.0,9.5,4.8500000000000005,7.8125,1.05
2024-12-24,97807.0,22927.0,30137.0,11.0,5.925000000000001,7.414999999999999,0.625
2024-12-25,99300.0,24350.0,36365.0,13.525,6.875,8.127500000000001,0.025
2024-12-26,84929.0,25650.0,49346.0,11.375,6.050000000000001,7.279999999999999,0.0
2024-12-27,88828.0,24281.0,51194.0,10.549999999999999,5.925000000000001,7.275,0.0
2024-12-28,90010.0,23617.0,53764.0,10.149999999999999,5.4,7.387499999999999,0.0
2024-12-29,87510.0,23067.0,50962.0,9.225,4.2,7.93,0.0
2024-12-30,88346.0,22507.0,60616.0,9.125,3.6499999999999995,8.46,0.0
2024-12-31,78342.0,21863.0,53607.0,7.575000000000001,2.975,7.505,0.0
