,country,year,month,total_generation_cv_mean_extreme,traiding_share_mean_extreme,renew_share_mean_extreme,solar_share_mean_extreme,wind_share_mean_extreme,water_share_mean_extreme,days_extreme,total_generation_cv_mean_normal,traiding_share_mean_normal,renew_share_mean_normal,solar_share_mean_normal,wind_share_mean_normal,water_share_mean_normal,days_normal,event_type,total_generation_cv_mean_delta,traiding_share_delta,renew_share,solar_share,wind_share,water_share
0,CZ,2019,1,6.892609869993101,4.130855349913222,26.48425400103252,10.583376355188435,1.7552916881775944,9.91223541559112,19,6.0114095249902215,3.603924183623226,26.48425400103252,10.583376355188435,1.755291688177594,9.91223541559112,12,low_soil,0.8812003450028794,0.5269311662899963,26.48425400103252,10.583376355188435,1.7552916881775944,9.91223541559112
1,CZ,2019,2,7.745619322463818,4.327560986695671,26.48425400103252,10.583376355188436,1.7552916881775942,9.91223541559112,15,6.621124185447136,3.301515172044768,26.48425400103252,10.583376355188433,1.7552916881775942,9.91223541559112,13,low_soil,1.124495137016682,1.026045814650903,26.48425400103252,10.583376355188436,1.7552916881775942,9.91223541559112
2,CZ,2019,3,8.173519563114144,4.8576938859300585,26.484254001032518,10.583376355188435,1.7552916881775942,9.91223541559112,10,7.921814113345394,4.72833558319773,26.48425400103252,10.583376355188435,1.7552916881775942,9.91223541559112,21,low_soil,0.25170544976875053,0.12935830273232884,26.484254001032518,10.583376355188435,1.7552916881775942,9.91223541559112
3,CZ,2019,4,7.891419604462708,5.942604820025105,26.48425400103252,10.583376355188433,1.7552916881775942,9.91223541559112,13,8.526644648805387,4.8515052490711055,26.48425400103252,10.583376355188435,1.7552916881775942,9.91223541559112,17,low_soil,-0.635225044342679,1.0910995709539995,26.48425400103252,10.583376355188433,1.7552916881775942,9.91223541559112
4,CZ,2019,6,9.113613391100499,5.109566199138372,26.48425400103252,10.583376355188435,1.755291688177594,9.91223541559112,6,8.188537208414404,5.647561036785206,26.48425400103252,10.583376355188435,1.755291688177594,9.91223541559112,24,low_soil,0.9250761826860945,-0.537994837646834,26.48425400103252,10.583376355188435,1.755291688177594,9.91223541559112
5,CZ,2019,7,8.033805794123486,5.867957789503178,26.48425400103252,10.583376355188435,1.7552916881775942,9.912235415591121,7,8.465205030444814,5.496301728657229,26.48425400103252,10.583376355188435,1.755291688177594,9.91223541559112,24,low_soil,-0.4313992363213277,0.3716560608459494,26.48425400103252,10.583376355188435,1.7552916881775942,9.912235415591121
6,CZ,2019,8,7.854266262639243,5.251584843014423,26.48425400103252,10.583376355188435,1.7552916881775942,9.912235415591121,14,7.313655981702787,4.522918897436294,26.48425400103252,10.583376355188435,1.7552916881775942,9.91223541559112,17,low_soil,0.5406102809364555,0.728665945578129,26.48425400103252,10.583376355188435,1.7552916881775942,9.912235415591121
7,CZ,2019,9,6.442427273234951,4.132258807035303,26.48425400103252,10.583376355188435,1.7552916881775942,9.91223541559112,8,6.748213655178804,3.901821810772037,26.48425400103252,10.583376355188435,1.7552916881775942,9.91223541559112,22,low_soil,-0.30578638194385377,0.23043699626326575,26.48425400103252,10.583376355188435,1.7552916881775942,9.91223541559112
8,CZ,2019,10,7.798620353317526,4.381200298452254,26.484254001032518,10.583376355188435,1.7552916881775942,9.91223541559112,10,7.428762160664457,4.577917087237618,26.48425400103252,10.583376355188435,1.7552916881775942,9.91223541559112,21,low_soil,0.3698581926530693,-0.19671678878536447,26.484254001032518,10.583376355188435,1.7552916881775942,9.91223541559112
9,CZ,2019,11,7.574960029547548,4.882449994883879,26.48425400103252,10.583376355188433,1.7552916881775942,9.91223541559112,13,8.792397158893609,4.623388420510239,26.48425400103252,10.583376355188435,1.7552916881775942,9.91223541559112,17,low_soil,-1.2174371293460604,0.2590615743736393,26.48425400103252,10.583376355188433,1.7552916881775942,9.91223541559112
10,CZ,2020,4,12.029208718581527,10.557073031115761,27.099841521394612,10.829371368198627,1.7960908610670894,10.142630744849445,3,10.549493287281884,9.70572547424908,27.099841521394612,10.829371368198625,1.7960908610670894,10.142630744849445,27,low_soil,1.4797154312996437,0.8513475568666813,27.099841521394612,10.829371368198627,1.7960908610670894,10.142630744849445
11,CZ,2020,5,6.394767308406017,8.349798509201571,27.099841521394616,10.829371368198625,1.7960908610670896,10.142630744849445,5,9.592286928458371,8.922529306361627,27.099841521394612,10.829371368198625,1.7960908610670894,10.142630744849445,26,low_soil,-3.197519620052354,-0.5727307971600553,27.099841521394616,10.829371368198625,1.7960908610670896,10.142630744849445
12,CZ,2021,10,7.41951336949071,4.414710925968936,27.4219163578613,11.011116993118051,1.7998941238750663,10.26998411858126,5,6.708525184255408,4.43896541957415,27.4219163578613,11.01111699311805,1.7998941238750663,10.26998411858126,26,low_soil,0.7109881852353022,-0.024254493605214478,27.4219163578613,11.011116993118051,1.7998941238750663,10.26998411858126
13,CZ,2021,11,7.856880412813894,5.059544970678998,27.421916357861296,11.011116993118051,1.799894123875066,10.26998411858126,3,6.973994319786133,3.7864740798616707,27.4219163578613,11.011116993118051,1.7998941238750663,10.26998411858126,27,low_soil,0.8828860930277607,1.2730708908173276,27.421916357861296,11.011116993118051,1.799894123875066,10.26998411858126
14,CZ,2021,12,7.825970026567113,4.07257052301592,27.4219163578613,11.011116993118051,1.7998941238750663,10.26998411858126,17,5.950085964568832,4.251372589036516,27.4219163578613,11.011116993118051,1.7998941238750663,10.26998411858126,14,low_soil,1.8758840619982804,-0.17880206602059623,27.4219163578613,11.011116993118051,1.7998941238750663,10.26998411858126
15,CZ,2022,3,7.1085909392999005,4.478630099569216,32.76283618581907,17.359413202933986,1.6625916870415651,9.486552567237164,9,6.914690443254796,4.577667938986379,32.76283618581907,17.359413202933986,1.6625916870415651,9.486552567237164,22,low_soil,0.19390049604510473,-0.09903783941716338,32.76283618581907,17.359413202933986,1.6625916870415651,9.486552567237164
16,CZ,2022,6,5.96163912449542,5.0118650501617985,32.76283618581907,17.359413202933986,1.6625916870415651,9.486552567237164,8,6.708381534988427,6.3044122986061675,32.76283618581907,17.359413202933986,1.6625916870415651,9.486552567237164,22,low_soil,-0.7467424104930069,-1.292547248444369,32.76283618581907,17.359413202933986,1.6625916870415651,9.486552567237164
17,CZ,2022,7,7.375588606407775,7.357988547756613,32.76283618581907,17.359413202933986,1.6625916870415651,9.486552567237164,11,5.775841410748052,7.904061367936895,32.76283618581907,17.359413202933986,1.6625916870415651,9.486552567237164,20,low_soil,1.599747195659723,-0.5460728201802816,32.76283618581907,17.359413202933986,1.6625916870415651,9.486552567237164
18,CZ,2022,8,6.077955311273781,7.714478014457069,32.76283618581907,17.359413202933986,1.6625916870415651,9.486552567237164,4,6.6836700125838675,6.318076749845861,32.76283618581907,17.359413202933986,1.6625916870415651,9.486552567237164,27,low_soil,-0.6057147013100863,1.3964012646112076,32.76283618581907,17.359413202933986,1.6625916870415651,9.486552567237164
19,CZ,2023,10,9.481226606718874,8.758683978011398,35.53062178588126,20.66386161757831,1.729780271154745,9.069658719027581,4,8.342858569368572,6.964454674581022,35.53062178588126,20.66386161757831,1.729780271154745,9.069658719027581,27,low_soil,1.1383680373503022,1.7942293034303756,35.53062178588126,20.66386161757831,1.729780271154745,9.069658719027581
20,CZ,2024,5,10.290621774239634,12.009854245463876,39.24458774758177,24.550898203592812,1.7503454629203132,8.935974205435283,14,9.738125488679488,10.243804807723203,39.24458774758177,24.550898203592812,1.7503454629203132,8.935974205435283,17,low_soil,0.5524962855601459,1.7660494377406728,39.24458774758177,24.550898203592812,1.7503454629203132,8.935974205435283
21,CZ,2024,9,8.777406404912833,7.007700918877933,39.24458774758177,24.550898203592812,1.7503454629203135,8.935974205435283,10,8.138152166928036,8.340481442191487,39.24458774758177,24.550898203592812,1.7503454629203135,8.935974205435283,20,low_soil,0.6392542379847974,-1.3327805233135548,39.24458774758177,24.550898203592812,1.7503454629203135,8.935974205435283
22,DE,2019,1,7.802198501464124,2.3553249011772626,62.359075919583546,23.154700800348845,28.292922227168255,6.9787512377699255,17,6.693390217477945,3.316001621157291,62.35907591958355,23.154700800348845,28.292922227168255,6.9787512377699255,14,low_soil,1.1088082839861793,-0.9606767199800283,62.359075919583546,23.154700800348845,28.292922227168255,6.9787512377699255
23,DE,2019,2,8.713888320754606,3.9677053820367263,62.359075919583546,23.154700800348845,28.292922227168255,6.9787512377699255,17,8.122709038220751,3.806746131380473,62.35907591958355,23.154700800348845,28.292922227168255,6.978751237769926,11,low_soil,0.5911792825338544,0.16095925065625316,62.359075919583546,23.154700800348845,28.292922227168255,6.9787512377699255
24,DE,2019,3,9.20370261113107,3.564776662244849,62.359075919583546,23.154700800348845,28.292922227168255,6.9787512377699255,9,11.031932823223194,4.674489189506136,62.35907591958355,23.154700800348845,28.292922227168255,6.978751237769926,22,low_soil,-1.8282302120921248,-1.1097125272612867,62.359075919583546,23.154700800348845,28.292922227168255,6.9787512377699255
25,DE,2019,7,12.796216709095228,5.946341132511566,62.35907591958355,23.154700800348845,28.29292222716826,6.978751237769925,3,16.994058389042802,6.632781467649576,62.35907591958355,23.154700800348845,28.292922227168255,6.9787512377699255,28,low_soil,-4.197841679947574,-0.6864403351380108,62.35907591958355,23.154700800348845,28.29292222716826,6.978751237769925
26,DE,2019,9,16.96539230232518,6.925286253228973,62.35907591958355,23.154700800348845,28.29292222716826,6.978751237769925,3,13.767890065436719,5.771134964393527,62.359075919583546,23.154700800348845,28.29292222716825,6.9787512377699255,27,low_soil,3.1975022368884627,1.154151288835446,62.35907591958355,23.154700800348845,28.29292222716826,6.978751237769925
27,DE,2019,10,11.515090471987666,6.114311879553094,62.35907591958355,23.154700800348845,28.292922227168255,6.9787512377699255,7,10.223245371842802,4.103302577182826,62.35907591958355,23.154700800348845,28.29292222716826,6.978751237769925,24,low_soil,1.2918451001448634,2.011009302370268,62.35907591958355,23.154700800348845,28.292922227168255,6.9787512377699255
28,DE,2020,4,19.042118195213906,7.3360199514362225,64.69207289702848,25.19166891103331,28.691983122362874,6.866415297603018,14,18.34419537970679,7.42184420121731,64.69207289702848,25.19166891103331,28.691983122362874,6.866415297603018,16,low_soil,0.6979228155071162,-0.08582424978108705,64.69207289702848,25.19166891103331,28.691983122362874,6.866415297603018
29,DE,2020,5,20.611160844165063,7.238688703121387,64.69207289702848,25.19166891103331,28.691983122362874,6.866415297603018,19,18.540890055754605,6.586923358137027,64.69207289702848,25.191668911033315,28.691983122362874,6.866415297603017,12,low_soil,2.0702707884104576,0.6517653449843595,64.69207289702848,25.19166891103331,28.691983122362874,6.866415297603018
30,DE,2020,6,19.109430004867537,7.8503551814669175,64.69207289702848,25.191668911033315,28.691983122362874,6.866415297603017,12,16.876433894350235,6.3938411520498155,64.69207289702848,25.19166891103331,28.691983122362874,6.866415297603018,18,low_soil,2.232996110517302,1.456514029417102,64.69207289702848,25.191668911033315,28.691983122362874,6.866415297603017
31,DE,2020,10,12.34631170438202,4.763981952903439,64.69207289702848,25.19166891103331,28.691983122362874,6.866415297603018,11,10.039929152641914,3.4503821458315818,64.69207289702848,25.19166891103331,28.691983122362878,6.866415297603018,20,low_soil,2.3063825517401053,1.3135998070718573,64.69207289702848,25.19166891103331,28.691983122362874,6.866415297603018
32,DE,2020,12,7.7372137401030905,2.6275074126465925,64.69207289702848,25.19166891103331,28.691983122362874,6.866415297603018,11,8.474097679606672,4.213676689231461,64.69207289702848,25.19166891103331,28.691983122362878,6.866415297603018,20,low_soil,-0.7368839395035813,-1.5861692765848683,64.69207289702848,25.19166891103331,28.691983122362874,6.866415297603018
33,DE,2022,3,13.36784898310602,5.38177818569233,68.48119950902922,30.865376130155393,27.872219236107217,6.182060312392199,9,11.322902696197644,5.159815283444417,68.48119950902922,30.8653761301554,27.872219236107217,6.182060312392199,22,low_soil,2.0449462869083757,0.22196290224791237,68.48119950902922,30.865376130155393,27.872219236107217,6.182060312392199
34,DE,2022,6,15.744679138928705,4.812979944931322,68.48119950902922,30.865376130155397,27.872219236107217,6.182060312392199,4,19.69503685243549,8.424388704785919,68.48119950902922,30.865376130155393,27.872219236107217,6.182060312392199,26,low_soil,-3.9503577135067847,-3.611408759854597,68.48119950902922,30.865376130155397,27.872219236107217,6.182060312392199
35,DE,2022,7,17.87642933358752,6.26937955861642,68.48119950902922,30.865376130155397,27.872219236107217,6.1820603123922,14,18.21518337095191,6.289669356723812,68.48119950902922,30.865376130155397,27.872219236107217,6.182060312392199,17,low_soil,-0.3387540373643887,-0.02028979810739262,68.48119950902922,30.865376130155397,27.872219236107217,6.1820603123922
36,DE,2022,8,16.754258409188953,7.38072076632348,68.48119950902922,30.865376130155397,27.872219236107213,6.182060312392199,19,19.848550088107054,8.207409528750018,68.48119950902922,30.865376130155397,27.872219236107217,6.182060312392199,12,low_soil,-3.0942916789181005,-0.8266887624265378,68.48119950902922,30.865376130155397,27.872219236107213,6.182060312392199
37,DE,2022,9,13.676840639724395,5.395320736982908,68.48119950902922,30.8653761301554,27.872219236107217,6.182060312392199,15,13.007948907048014,4.881122747685739,68.48119950902922,30.8653761301554,27.872219236107217,6.182060312392199,15,low_soil,0.6688917326763804,0.5141979892971698,68.48119950902922,30.8653761301554,27.872219236107217,6.182060312392199
38,DE,2022,11,10.294620493976169,4.633780254093611,68.48119950902922,30.865376130155397,27.872219236107217,6.1820603123922,7,8.972725902814142,3.740376594730941,68.48119950902922,30.865376130155397,27.872219236107213,6.182060312392199,23,low_soil,1.3218945911620263,0.89340365936267,68.48119950902922,30.865376130155397,27.872219236107217,6.1820603123922
39,DE,2024,11,11.356439930787879,4.65822667508996,72.61189437364733,37.26447383887763,26.936932576422837,5.2954924182184016,11,11.660925994420372,5.04048417169008,72.61189437364733,37.26447383887763,26.936932576422834,5.2954924182184016,19,low_soil,-0.30448606363249375,-0.3822574966001202,72.61189437364733,37.26447383887763,26.936932576422837,5.2954924182184016
40,DE,2024,12,12.930430929526407,4.320212520153861,72.61189437364733,37.26447383887763,26.936932576422834,5.2954924182184016,8,10.219590792185121,4.821311243594931,72.61189437364733,37.26447383887763,26.936932576422834,5.2954924182184016,23,low_soil,2.710840137341286,-0.5010987234410695,72.61189437364733,37.26447383887763,26.936932576422834,5.2954924182184016
41,FI,2019,9,10.002463794724546,7.875516466041122,38.481012658227854,0.08438818565400844,20.42194092827004,0.0,15,10.405524974177899,4.931151458954547,38.481012658227854,0.08438818565400844,20.42194092827004,0.0,15,low_soil,-0.40306117945335274,2.9443650070865752,38.481012658227854,0.08438818565400844,20.42194092827004,0.0
42,FI,2019,10,9.10592692323875,4.936938130719104,38.481012658227854,0.08438818565400844,20.42194092827004,0.0,8,9.041762273784062,6.138886672542798,38.481012658227854,0.08438818565400844,20.42194092827004,0.0,23,low_soil,0.06416464945468725,-1.2019485418236941,38.481012658227854,0.08438818565400844,20.42194092827004,0.0
43,FI,2020,5,4.750695084215661,4.491080155918616,42.73301737756714,0.07898894154818326,25.118483412322274,0.0,17,3.3237912052360414,5.879999889138914,42.73301737756714,0.07898894154818326,25.118483412322274,0.0,14,low_soil,1.4269038789796191,-1.3889197332202983,42.73301737756714,0.07898894154818326,25.118483412322274,0.0
44,FI,2020,6,6.457321775178993,5.42636407965042,42.73301737756714,0.07898894154818326,25.118483412322274,0.0,9,3.803940724403642,7.948007410576066,42.73301737756714,0.07898894154818326,25.118483412322274,0.0,21,low_soil,2.6533810507753515,-2.521643330925646,42.73301737756714,0.07898894154818326,25.118483412322274,0.0
45,FI,2021,7,5.755921918273113,5.253251010075076,51.43256464011182,0.13976240391334735,35.77917540181692,0.0,12,6.325147350075005,5.321483236593544,51.43256464011182,0.13976240391334735,35.77917540181692,0.0,19,low_soil,-0.5692254318018914,-0.06823222651846717,51.43256464011182,0.13976240391334735,35.77917540181692,0.0
46,FI,2021,8,6.479034775645238,9.27513734929453,51.43256464011182,0.13976240391334735,35.77917540181692,0.0,16,7.641522410529384,6.1843816321276845,51.43256464011181,0.13976240391334735,35.77917540181692,0.0,15,low_soil,-1.1624876348841457,3.0907557171668456,51.43256464011182,0.13976240391334735,35.77917540181692,0.0
47,FI,2021,10,6.614098634521906,4.984280044083844,51.43256464011182,0.13976240391334735,35.77917540181692,0.0,5,6.762403028169913,4.15447733971783,51.43256464011183,0.13976240391334735,35.77917540181692,0.0,26,low_soil,-0.14830439364800618,0.8298027043660143,51.43256464011182,0.13976240391334735,35.77917540181692,0.0
48,FI,2022,4,6.000371853068068,4.91422268238173,50.87310826542492,0.17462165308498254,38.53317811408615,0.0,11,4.932591409523153,5.5095171781357,50.87310826542492,0.17462165308498254,38.53317811408615,0.0,19,low_soil,1.0677804435449154,-0.5952944957539694,50.87310826542492,0.17462165308498254,38.53317811408615,0.0
49,FI,2022,6,5.716818797994922,6.24739021724726,50.87310826542492,0.17462165308498254,38.53317811408615,0.0,3,6.514167048395505,5.550928012009819,50.87310826542492,0.17462165308498254,38.53317811408615,0.0,27,low_soil,-0.7973482504005833,0.6964622052374416,50.87310826542492,0.17462165308498254,38.53317811408615,0.0
50,FI,2022,7,6.607885265866279,4.7248101770361135,50.873108265424925,0.17462165308498254,38.53317811408615,0.0,7,6.193704122621722,4.439010490921278,50.87310826542492,0.17462165308498254,38.53317811408615,0.0,24,low_soil,0.4141811432445568,0.2857996861148351,50.873108265424925,0.17462165308498254,38.53317811408615,0.0
51,FI,2022,10,6.009327536537591,5.193381405934637,50.87310826542492,0.17462165308498254,38.53317811408615,0.0,6,7.595699199949686,5.495911780292002,50.87310826542492,0.17462165308498254,38.53317811408615,0.0,25,low_soil,-1.5863716634120948,-0.3025303743573655,50.87310826542492,0.17462165308498254,38.53317811408615,0.0
52,FI,2023,6,6.896597939088323,6.530194787156533,57.352143244709715,0.2712967986977754,44.60119370591428,0.0,6,5.9650974560766175,7.732448342062753,57.352143244709715,0.2712967986977754,44.60119370591428,0.0,24,low_soil,0.931500483011706,-1.2022535549062203,57.352143244709715,0.2712967986977754,44.60119370591428,0.0
53,FI,2023,11,8.316468163002066,6.521568852049796,57.352143244709715,0.2712967986977754,44.60119370591428,0.0,3,6.204548651746398,4.7632791566197135,57.35214324470972,0.2712967986977754,44.60119370591428,0.0,27,low_soil,2.1119195112556675,1.7582896954300828,57.352143244709715,0.2712967986977754,44.60119370591428,0.0
54,FI,2023,12,7.859013156051263,4.917638378546948,57.352143244709715,0.2712967986977754,44.60119370591428,0.0,19,4.963458536135379,2.7164705198171784,57.352143244709715,0.2712967986977754,44.60119370591428,0.0,12,low_soil,2.8955546199158837,2.2011678587297694,57.352143244709715,0.2712967986977754,44.60119370591428,0.0
55,FI,2024,1,7.270032782458546,5.764575662699441,63.039309683604976,7.238734419942474,44.72674976030681,0.0,19,5.761853914704691,4.24101154745649,63.03930968360498,7.238734419942474,44.72674976030681,0.0,12,low_soil,1.5081788677538546,1.5235641152429507,63.039309683604976,7.238734419942474,44.72674976030681,0.0
56,FI,2024,2,7.933459417543541,6.583372245303873,63.03930968360498,7.238734419942473,44.72674976030681,0.0,18,6.842037041007776,4.083978402769727,63.03930968360498,7.238734419942474,44.72674976030681,0.0,11,low_soil,1.091422376535765,2.499393842534146,63.03930968360498,7.238734419942473,44.72674976030681,0.0
57,FI,2024,3,8.346489754403871,6.259307517032852,63.039309683604976,7.238734419942474,44.72674976030681,0.0,19,7.963383434354637,8.417437538441115,63.03930968360498,7.238734419942474,44.72674976030681,0.0,12,low_soil,0.38310632004923395,-2.1581300214082635,63.039309683604976,7.238734419942474,44.72674976030681,0.0
58,FI,2024,4,8.149976966456661,7.461084589437442,63.03930968360498,7.238734419942474,44.72674976030681,0.0,7,7.26973237989281,8.757385877654137,63.039309683604976,7.238734419942474,44.72674976030681,0.0,23,low_soil,0.8802445865638511,-1.2963012882166955,63.03930968360498,7.238734419942474,44.72674976030681,0.0
59,FI,2024,11,7.503686171682129,5.69288297042536,63.03930968360498,7.238734419942474,44.72674976030681,0.0,15,8.074244631925625,5.776628419341969,63.03930968360498,7.238734419942474,44.72674976030681,0.0,15,low_soil,-0.5705584602434959,-0.08374544891660918,63.03930968360498,7.238734419942474,44.72674976030681,0.0
60,PL,2019,1,9.2137689788776,3.8315859844620923,29.450800915331815,7.940503432494281,15.034324942791764,4.462242562929062,14,8.26743214045396,4.679806536176778,29.450800915331815,7.940503432494281,15.034324942791763,4.462242562929062,17,low_soil,0.9463368384236386,-0.8482205517146855,29.450800915331815,7.940503432494281,15.034324942791764,4.462242562929062
61,PL,2019,2,7.020850423914155,4.539118306305484,29.450800915331815,7.94050343249428,15.034324942791761,4.462242562929062,10,8.717876375335994,4.282829466305503,29.450800915331815,7.94050343249428,15.034324942791763,4.462242562929062,18,low_soil,-1.697025951421839,0.2562888399999812,29.450800915331815,7.94050343249428,15.034324942791761,4.462242562929062
62,PL,2019,3,8.523149900618524,4.212227591392115,29.450800915331815,7.940503432494281,15.034324942791764,4.462242562929062,7,7.678535107227848,4.137364986507611,29.450800915331815,7.940503432494281,15.034324942791763,4.462242562929062,24,low_soil,0.8446147933906758,0.0748626048845038,29.450800915331815,7.940503432494281,15.034324942791764,4.462242562929062
63,PL,2019,4,8.66664756871413,3.619845431141567,29.45080091533181,7.940503432494281,15.034324942791763,4.462242562929062,11,8.190976150012428,3.8783105954808983,29.450800915331815,7.940503432494281,15.034324942791763,4.462242562929062,19,low_soil,0.47567141870170104,-0.2584651643393312,29.45080091533181,7.940503432494281,15.034324942791763,4.462242562929062
64,PL,2019,7,9.946025795959732,4.477027492361254,29.450800915331815,7.940503432494281,15.034324942791764,4.462242562929062,7,10.108322746152039,3.984514112456829,29.450800915331815,7.940503432494281,15.034324942791763,4.462242562929062,24,low_soil,-0.1622969501923066,0.49251337990442456,29.450800915331815,7.940503432494281,15.034324942791764,4.462242562929062
65,PL,2019,8,10.399171939737032,3.1441343149981975,29.450800915331815,7.940503432494281,15.034324942791763,4.462242562929062,17,10.173298061155778,2.642066312416497,29.450800915331815,7.940503432494281,15.034324942791764,4.462242562929062,14,low_soil,0.22587387858125396,0.5020680025817006,29.450800915331815,7.940503432494281,15.034324942791763,4.462242562929062
66,PL,2019,9,9.90040121284624,4.717765878421245,29.450800915331815,7.94050343249428,15.034324942791763,4.462242562929062,9,10.248358992356167,3.482066820050557,29.450800915331815,7.940503432494281,15.034324942791763,4.462242562929062,21,low_soil,-0.347957779509926,1.2356990583706882,29.450800915331815,7.94050343249428,15.034324942791763,4.462242562929062
67,PL,2020,1,7.728527581210633,5.856036532152819,35.11868533171029,13.511868533171025,16.129032258064516,4.159058632582674,5,9.972536589941116,3.53784900361655,35.11868533171029,13.511868533171025,16.129032258064516,4.159058632582674,26,low_soil,-2.244009008730483,2.318187528536269,35.11868533171029,13.511868533171025,16.129032258064516,4.159058632582674
68,PL,2020,2,8.880041669824262,3.650970525455417,35.11868533171029,13.511868533171025,16.129032258064516,4.159058632582674,4,8.674947052855662,3.620334093785069,35.11868533171029,13.511868533171025,16.129032258064516,4.159058632582674,25,low_soil,0.20509461696859965,0.030636431670347797,35.11868533171029,13.511868533171025,16.129032258064516,4.159058632582674
69,PL,2020,3,7.994133857281994,4.353925783007662,35.11868533171029,13.511868533171025,16.129032258064516,4.159058632582674,3,7.547130724274726,5.216105845828357,35.11868533171029,13.511868533171025,16.129032258064516,4.159058632582674,28,low_soil,0.4470031330072688,-0.8621800628206957,35.11868533171029,13.511868533171025,16.129032258064516,4.159058632582674
70,PL,2020,4,8.282729912738407,5.307026637744842,35.11868533171029,13.511868533171025,16.129032258064516,4.159058632582674,7,7.602315956168674,4.857501090855821,35.11868533171029,13.511868533171025,16.129032258064516,4.159058632582674,23,low_soil,0.6804139565697334,0.4495255468890216,35.11868533171029,13.511868533171025,16.129032258064516,4.159058632582674
71,PL,2020,5,8.548025630291557,5.676802641016424,35.11868533171029,13.511868533171025,16.129032258064516,4.159058632582674,10,9.059490605549554,5.405194490266671,35.11868533171029,13.511868533171025,16.129032258064516,4.159058632582674,21,low_soil,-0.5114649752579972,0.27160815074975364,35.11868533171029,13.511868533171025,16.129032258064516,4.159058632582674
72,PL,2022,3,6.621021143871075,3.9128280397568225,44.77537437603994,24.30948419301165,15.940099833610649,3.427620632279534,9,7.638306494646399,2.8739214306148146,44.77537437603994,24.309484193011652,15.940099833610647,3.427620632279534,22,low_soil,-1.0172853507753246,1.0389066091420078,44.77537437603994,24.30948419301165,15.940099833610649,3.427620632279534
73,PL,2022,5,8.35162828269398,5.625888677807416,44.77537437603994,24.30948419301165,15.940099833610649,3.427620632279534,4,8.770564655972722,3.46186341934331,44.775374376039935,24.30948419301165,15.940099833610649,3.427620632279534,27,low_soil,-0.41893637327874167,2.164025258464106,44.77537437603994,24.30948419301165,15.940099833610649,3.427620632279534
74,PL,2022,6,9.737707301246544,3.9445762681238006,44.77537437603995,24.30948419301165,15.940099833610649,3.427620632279534,13,9.268817289500591,3.7580454827628715,44.77537437603994,24.30948419301165,15.940099833610649,3.427620632279534,17,low_soil,0.46889001174595357,0.18653078536092904,44.77537437603995,24.30948419301165,15.940099833610649,3.427620632279534
75,PL,2022,12,10.301208043191114,1.8544443098232528,44.77537437603994,24.30948419301165,15.940099833610649,3.4276206322795337,5,10.049708725567244,2.5463802944588654,44.77537437603995,24.30948419301165,15.940099833610649,3.427620632279534,26,low_soil,0.25149931762386935,-0.6919359846356126,44.77537437603994,24.30948419301165,15.940099833610649,3.4276206322795337
76,PL,2023,7,17.072360352811668,6.467652334666515,48.3947119924457,28.045325779036823,16.210261252754172,3.1318854265029903,5,16.364157637280066,5.653386141225605,48.3947119924457,28.045325779036823,16.210261252754172,3.1318854265029903,26,low_soil,0.708202715531602,0.8142661934409103,48.3947119924457,28.045325779036823,16.210261252754172,3.1318854265029903
77,PL,2023,10,12.433518825641489,4.383859653957504,48.3947119924457,28.045325779036823,16.210261252754172,3.1318854265029903,18,11.215865035358702,3.9549694437140124,48.3947119924457,28.045325779036823,16.210261252754172,3.1318854265029903,13,low_soil,1.217653790282787,0.42889021024349194,48.3947119924457,28.045325779036823,16.210261252754172,3.1318854265029903
78,PL,2024,5,17.106698289115506,6.687395190514616,50.75115275918489,30.83444890673806,15.915513907481776,2.9599881005503494,5,15.282440015248708,5.263475295582672,50.75115275918488,30.834448906738064,15.915513907481776,2.9599881005503494,26,low_soil,1.824258273866798,1.4239198949319443,50.75115275918489,30.83444890673806,15.915513907481776,2.9599881005503494
79,PL,2024,6,15.833883068544663,8.490090735148296,50.75115275918489,30.83444890673806,15.915513907481776,2.9599881005503494,3,16.247627136451097,6.439809435119339,50.75115275918489,30.83444890673806,15.915513907481776,2.9599881005503494,27,low_soil,-0.4137440679064337,2.0502813000289573,50.75115275918489,30.83444890673806,15.915513907481776,2.9599881005503494
80,PL,2024,7,17.399767817028817,7.7330125617584216,50.75115275918489,30.83444890673806,15.915513907481776,2.9599881005503494,5,16.328601674008457,7.024298050294099,50.75115275918488,30.834448906738064,15.915513907481776,2.9599881005503494,26,low_soil,1.0711661430203598,0.708714511464323,50.75115275918489,30.83444890673806,15.915513907481776,2.9599881005503494
81,PL,2024,9,13.802473508456885,6.590914064395726,50.75115275918489,30.834448906738064,15.915513907481776,2.9599881005503494,9,14.358240835028798,6.92398150316269,50.75115275918489,30.83444890673806,15.915513907481776,2.9599881005503494,21,low_soil,-0.5557673265719139,-0.3330674387669639,50.75115275918489,30.834448906738064,15.915513907481776,2.9599881005503494
82,PL,2024,11,10.720518527066002,4.7666592223203805,50.75115275918489,30.83444890673806,15.915513907481776,2.9599881005503494,17,9.942139790698715,4.304987254214582,50.75115275918488,30.834448906738064,15.915513907481776,2.9599881005503494,13,low_soil,0.7783787363672872,0.46167196810579814,50.75115275918489,30.83444890673806,15.915513907481776,2.9599881005503494
83,PL,2024,12,10.473393529318793,3.5011029105641747,50.75115275918489,30.83444890673806,15.915513907481776,2.95998810055035,14,9.294513745747892,4.0068050227211955,50.75115275918489,30.83444890673806,15.915513907481776,2.9599881005503494,17,low_soil,1.1788797835709008,-0.5057021121570209,50.75115275918489,30.83444890673806,15.915513907481776,2.95998810055035
0,CZ,2019,4,10.143340934713747,5.753653975265588,26.48425400103252,10.583376355188435,1.755291688177594,9.91223541559112,3,8.041162632724651,5.276610739582903,26.48425400103252,10.583376355188435,1.7552916881775942,9.91223541559112,27,high_heat,2.1021783019890954,0.47704323568268503,26.48425400103252,10.583376355188435,1.755291688177594,9.91223541559112
1,CZ,2019,7,9.723949416249903,5.233503455750488,26.48425400103252,10.583376355188435,1.755291688177594,9.91223541559112,3,8.222489751456793,5.617372701680152,26.48425400103252,10.583376355188435,1.7552916881775942,9.912235415591121,28,high_heat,1.50145966479311,-0.383869245929664,26.48425400103252,10.583376355188435,1.755291688177594,9.91223541559112
2,CZ,2019,12,9.882836004187578,5.4666804367236494,26.48425400103252,10.583376355188435,1.7552916881775942,9.91223541559112,4,7.870784021697913,5.1222066325455735,26.48425400103252,10.583376355188435,1.7552916881775942,9.91223541559112,27,high_heat,2.0120519824896643,0.34447380417807594,26.48425400103252,10.583376355188435,1.7552916881775942,9.91223541559112
3,CZ,2020,9,7.551758518954254,4.269671197639487,27.099841521394612,10.829371368198627,1.7960908610670894,10.142630744849445,3,6.343158792930262,5.628117091442554,27.099841521394612,10.829371368198625,1.7960908610670894,10.142630744849445,27,high_heat,1.2085997260239925,-1.3584458938030668,27.099841521394612,10.829371368198627,1.7960908610670894,10.142630744849445
4,CZ,2020,11,9.639745610023239,5.60814004778402,27.099841521394612,10.829371368198627,1.7960908610670894,10.142630744849445,3,7.9604187450777495,4.590332090766315,27.099841521394612,10.829371368198625,1.7960908610670894,10.142630744849445,27,high_heat,1.679326864945489,1.0178079570177045,27.099841521394612,10.829371368198627,1.7960908610670894,10.142630744849445
5,CZ,2020,12,10.242664391925603,7.356648144288383,27.099841521394612,10.829371368198627,1.7960908610670894,10.142630744849445,3,8.18016487626954,5.145786538641896,27.099841521394612,10.829371368198625,1.7960908610670894,10.142630744849445,28,high_heat,2.0624995156560626,2.210861605646487,27.099841521394612,10.829371368198627,1.7960908610670894,10.142630744849445
6,CZ,2021,2,10.876339922674692,7.259697624938838,27.4219163578613,11.011116993118051,1.7998941238750663,10.26998411858126,4,9.383327834581886,6.294071449991324,27.421916357861296,11.011116993118051,1.799894123875066,10.26998411858126,24,high_heat,1.4930120880928062,0.9656261749475137,27.4219163578613,11.011116993118051,1.7998941238750663,10.26998411858126
7,CZ,2021,3,10.609302635280056,7.494129115618257,27.4219163578613,11.011116993118051,1.7998941238750663,10.26998411858126,2,9.042641504366717,5.802644506990742,27.4219163578613,11.011116993118051,1.7998941238750663,10.26998411858126,29,high_heat,1.5666611309133387,1.6914846086275155,27.4219163578613,11.011116993118051,1.7998941238750663,10.26998411858126
8,CZ,2021,4,14.597017739802284,7.385020946515467,27.4219163578613,11.011116993118051,1.7998941238750663,10.26998411858126,1,8.006745273414097,6.732308128155113,27.4219163578613,11.011116993118051,1.7998941238750663,10.26998411858126,29,high_heat,6.590272466388187,0.6527128183603539,27.4219163578613,11.011116993118051,1.7998941238750663,10.26998411858126
9,CZ,2021,6,9.760245990297392,6.914139582817106,27.4219163578613,11.011116993118051,1.7998941238750663,10.26998411858126,4,8.886532538501692,4.8274699582319975,27.4219163578613,11.01111699311805,1.7998941238750663,10.26998411858126,26,high_heat,0.8737134517956999,2.0866696245851086,27.4219163578613,11.011116993118051,1.7998941238750663,10.26998411858126
10,CZ,2021,12,6.187218557364276,4.925954790257279,27.4219163578613,11.011116993118051,1.7998941238750663,10.26998411858126,2,7.033388166926759,4.100034674388528,27.4219163578613,11.011116993118051,1.7998941238750663,10.26998411858126,29,high_heat,-0.8461696095624829,0.825920115868751,27.4219163578613,11.011116993118051,1.7998941238750663,10.26998411858126
11,CZ,2022,1,8.58492826387077,5.610698198560033,32.76283618581907,17.359413202933986,1.6625916870415651,9.486552567237164,4,7.190219874463206,4.44542891472264,32.76283618581907,17.359413202933986,1.6625916870415651,9.486552567237164,27,high_heat,1.3947083894075645,1.165269283837393,32.76283618581907,17.359413202933986,1.6625916870415651,9.486552567237164
12,CZ,2022,5,6.78552626618206,7.601453149116222,32.76283618581907,17.359413202933986,1.6625916870415651,9.486552567237164,3,7.798314533866569,6.610910446241151,32.76283618581907,17.359413202933986,1.6625916870415651,9.486552567237164,28,high_heat,-1.0127882676845088,0.9905427028750706,32.76283618581907,17.359413202933986,1.6625916870415651,9.486552567237164
13,CZ,2022,7,8.810047931297639,6.432891620039268,32.76283618581907,17.359413202933986,1.6625916870415651,9.486552567237164,4,5.978078191120594,7.899538329774206,32.76283618581907,17.359413202933986,1.6625916870415651,9.486552567237164,27,high_heat,2.831969740177045,-1.4666467097349383,32.76283618581907,17.359413202933986,1.6625916870415651,9.486552567237164
14,CZ,2022,11,9.911732207206319,5.919106908183919,32.76283618581907,17.359413202933986,1.6625916870415651,9.486552567237164,3,6.3888925530528144,4.173762494757316,32.76283618581907,17.359413202933986,1.6625916870415651,9.486552567237164,27,high_heat,3.522839654153504,1.7453444134266034,32.76283618581907,17.359413202933986,1.6625916870415651,9.486552567237164
15,CZ,2022,12,3.2164641186882323,4.248191922675866,32.76283618581907,17.359413202933986,1.6625916870415651,9.486552567237164,1,5.531184436184632,3.7013927223353624,32.76283618581907,17.359413202933986,1.6625916870415651,9.486552567237164,30,high_heat,-2.3147203174963997,0.5467992003405033,32.76283618581907,17.359413202933986,1.6625916870415651,9.486552567237164
16,CZ,2023,1,6.628879372421804,4.832895980500114,35.53062178588126,20.66386161757831,1.729780271154745,9.069658719027581,11,6.557572338627528,4.213188836873361,35.53062178588126,20.66386161757831,1.7297802711547452,9.069658719027581,20,high_heat,0.07130703379427583,0.6197071436267523,35.53062178588126,20.66386161757831,1.729780271154745,9.069658719027581
17,CZ,2023,3,6.52799243743997,5.794988696004423,35.53062178588126,20.66386161757831,1.729780271154745,9.069658719027581,3,7.930379572184727,6.339106211817947,35.53062178588126,20.66386161757831,1.729780271154745,9.069658719027581,28,high_heat,-1.4023871347447576,-0.5441175158135243,35.53062178588126,20.66386161757831,1.729780271154745,9.069658719027581
18,CZ,2023,6,8.507956539049468,7.886286034615538,35.53062178588126,20.66386161757831,1.729780271154745,9.069658719027581,3,9.267771472139387,10.624823672586174,35.53062178588126,20.66386161757831,1.729780271154745,9.069658719027581,27,high_heat,-0.7598149330899187,-2.7385376379706363,35.53062178588126,20.66386161757831,1.729780271154745,9.069658719027581
19,CZ,2023,7,8.04937279039031,12.123957489859825,35.53062178588126,20.66386161757831,1.729780271154745,9.069658719027581,3,7.838017562346592,9.441098142549974,35.53062178588126,20.66386161757831,1.729780271154745,9.069658719027581,28,high_heat,0.21135522804371742,2.6828593473098508,35.53062178588126,20.66386161757831,1.729780271154745,9.069658719027581
20,CZ,2023,8,9.586054963445479,11.13196857551531,35.53062178588126,20.66386161757831,1.729780271154745,9.069658719027581,3,8.160505710009557,10.033562057161706,35.53062178588126,20.66386161757831,1.729780271154745,9.069658719027581,28,high_heat,1.4255492534359213,1.0984065183536043,35.53062178588126,20.66386161757831,1.729780271154745,9.069658719027581
21,CZ,2023,9,9.171042469002899,10.79241966777618,35.53062178588126,20.66386161757831,1.7297802711547452,9.069658719027581,5,9.25385251310605,10.739716722046554,35.53062178588126,20.66386161757831,1.729780271154745,9.069658719027581,25,high_heat,-0.08281004410315163,0.052702945729626194,35.53062178588126,20.66386161757831,1.7297802711547452,9.069658719027581
22,CZ,2023,10,8.037116813630071,8.789735167283574,35.53062178588126,20.66386161757831,1.729780271154745,9.069658719027581,7,8.621761254350684,6.7311194147811735,35.53062178588126,20.66386161757831,1.729780271154745,9.069658719027581,24,high_heat,-0.5846444407206128,2.0586157525024005,35.53062178588126,20.66386161757831,1.729780271154745,9.069658719027581
23,CZ,2024,3,9.717243915095507,7.376172186303742,39.24458774758177,24.550898203592812,1.7503454629203132,8.935974205435283,3,8.648501987127586,8.09712586439106,39.24458774758177,24.550898203592812,1.7503454629203132,8.935974205435283,28,high_heat,1.0687419279679204,-0.7209536780873185,39.24458774758177,24.550898203592812,1.7503454629203132,8.935974205435283
24,CZ,2024,4,10.793590959927165,6.9116231660989955,39.24458774758177,24.550898203592812,1.7503454629203132,8.935974205435283,8,9.951258177317227,8.920544307253305,39.24458774758177,24.55089820359281,1.7503454629203132,8.935974205435283,22,high_heat,0.8423327826099385,-2.0089211411543095,39.24458774758177,24.550898203592812,1.7503454629203132,8.935974205435283
25,CZ,2024,8,9.943541618366813,8.157985948241352,39.24458774758177,24.550898203592812,1.7503454629203132,8.935974205435283,7,8.987882686040605,10.933881757558096,39.24458774758177,24.550898203592812,1.7503454629203132,8.935974205435283,24,high_heat,0.9556589323262088,-2.7758958093167436,39.24458774758177,24.550898203592812,1.7503454629203132,8.935974205435283
26,CZ,2024,9,9.589335481249767,6.891137857459808,39.24458774758177,24.550898203592812,1.7503454629203132,8.935974205435283,8,7.9010192517132225,8.261706144224119,39.24458774758177,24.55089820359281,1.7503454629203132,8.935974205435283,22,high_heat,1.6883162295365448,-1.3705682867643114,39.24458774758177,24.550898203592812,1.7503454629203132,8.935974205435283
27,DE,2019,2,10.234344968710124,5.604548494852254,62.35907591958355,23.154700800348845,28.292922227168255,6.9787512377699255,7,7.897404099632651,3.337779022659227,62.35907591958355,23.154700800348845,28.29292222716826,6.9787512377699255,21,high_heat,2.3369408690774724,2.2667694721930265,62.35907591958355,23.154700800348845,28.292922227168255,6.9787512377699255
28,DE,2019,4,14.601104609188038,6.140802440400809,62.35907591958355,23.154700800348845,28.292922227168255,6.9787512377699255,7,11.494523241859751,4.361496670653611,62.35907591958355,23.154700800348845,28.292922227168255,6.978751237769926,23,high_heat,3.106581367328287,1.7793057697471983,62.35907591958355,23.154700800348845,28.292922227168255,6.9787512377699255
29,DE,2019,6,18.460995843576836,6.748836597802051,62.35907591958355,23.154700800348845,28.29292222716826,6.978751237769925,3,17.605738187855437,7.614059298254364,62.359075919583546,23.154700800348845,28.29292222716825,6.9787512377699255,27,high_heat,0.8552576557213989,-0.8652227004523123,62.35907591958355,23.154700800348845,28.29292222716826,6.978751237769925
30,DE,2019,7,15.638288393652285,7.335522300606511,62.35907591958355,23.154700800348845,28.292922227168255,6.9787512377699255,4,16.728486349847223,6.452400566270251,62.359075919583546,23.154700800348845,28.29292222716825,6.9787512377699255,27,high_heat,-1.0901979561949382,0.8831217343362603,62.35907591958355,23.154700800348845,28.292922227168255,6.9787512377699255
31,DE,2019,8,17.010066069710735,6.312431611899264,62.35907591958355,23.154700800348845,28.29292222716826,6.978751237769925,3,16.070512599197578,6.36432628925123,62.35907591958355,23.154700800348845,28.292922227168255,6.9787512377699255,28,high_heat,0.9395534705131574,-0.0518946773519664,62.35907591958355,23.154700800348845,28.29292222716826,6.978751237769925
32,DE,2019,10,11.740311742843385,5.495773649396911,62.35907591958355,23.154700800348845,28.292922227168255,6.9787512377699255,4,10.333417602102497,4.418383348580439,62.359075919583546,23.154700800348845,28.29292222716825,6.9787512377699255,27,high_heat,1.4068941407408886,1.0773903008164725,62.35907591958355,23.154700800348845,28.292922227168255,6.9787512377699255
33,DE,2019,12,9.707909535124069,3.331595340474502,62.35907591958355,23.154700800348845,28.292922227168255,6.9787512377699255,4,8.44942883512035,3.4041495871872094,62.359075919583546,23.154700800348845,28.29292222716825,6.9787512377699255,27,high_heat,1.2584807000037177,-0.07255424671270738,62.35907591958355,23.154700800348845,28.292922227168255,6.9787512377699255
34,DE,2020,1,6.302631199866068,2.737846979957181,64.69207289702848,25.191668911033315,28.691983122362874,6.866415297603017,3,8.164338163521316,3.148669376653136,64.69207289702848,25.19166891103331,28.691983122362874,6.866415297603018,28,high_heat,-1.8617069636552488,-0.4108223966959552,64.69207289702848,25.191668911033315,28.691983122362874,6.866415297603017
35,DE,2020,8,16.866890198089326,5.9872631789440725,64.69207289702848,25.191668911033315,28.691983122362874,6.866415297603017,6,15.5008827644825,5.808959326111003,64.69207289702848,25.19166891103331,28.691983122362878,6.866415297603018,25,high_heat,1.3660074336068266,0.1783038528330696,64.69207289702848,25.191668911033315,28.691983122362874,6.866415297603017
36,DE,2020,9,17.063511244467254,7.445172925829355,64.69207289702848,25.191668911033315,28.691983122362874,6.866415297603017,3,14.970350187721571,5.99522364831196,64.69207289702848,25.191668911033307,28.691983122362874,6.866415297603019,27,high_heat,2.093161056745682,1.449949277517395,64.69207289702848,25.191668911033315,28.691983122362874,6.866415297603017
37,DE,2020,11,10.218895650729436,4.0826459138511355,64.69207289702848,25.191668911033315,28.691983122362874,6.866415297603017,3,8.512999749874151,3.2264580867832016,64.69207289702848,25.191668911033307,28.691983122362874,6.866415297603019,27,high_heat,1.7058959008552854,0.856187827067934,64.69207289702848,25.191668911033315,28.691983122362874,6.866415297603017
38,DE,2021,2,11.428223976411545,5.341043972954091,66.54148054989376,27.303439004293335,28.721974066525004,6.683290689101869,6,9.323848273832347,3.949542783712471,66.54148054989376,27.303439004293338,28.721974066525004,6.6832906891018675,22,high_heat,2.1043757025791976,1.3915011892416196,66.54148054989376,27.303439004293335,28.721974066525004,6.683290689101869
39,DE,2021,3,17.531480705768185,7.645203121617616,66.54148054989376,27.303439004293335,28.721974066525004,6.683290689101869,3,11.484216497021738,4.6833810442281765,66.54148054989376,27.303439004293335,28.721974066525004,6.683290689101868,28,high_heat,6.047264208746448,2.9618220773894395,66.54148054989376,27.303439004293335,28.721974066525004,6.683290689101869
40,DE,2021,6,17.99891118976123,8.698101525728251,66.54148054989376,27.303439004293335,28.721974066525004,6.683290689101868,4,18.577062179077938,7.6887595310684995,66.54148054989376,27.303439004293335,28.721974066525004,6.683290689101868,26,high_heat,-0.5781509893167076,1.009341994659752,66.54148054989376,27.303439004293335,28.721974066525004,6.683290689101868
41,DE,2021,12,9.20878918231262,2.460155963921418,66.54148054989376,27.303439004293335,28.721974066525004,6.683290689101868,2,7.9008290711594595,3.6166289029008323,66.54148054989376,27.303439004293335,28.721974066525004,6.683290689101868,29,high_heat,1.30796011115316,-1.1564729389794142,66.54148054989376,27.303439004293335,28.721974066525004,6.683290689101868
42,DE,2022,1,9.6568647002938,5.674122626117043,68.48119950902922,30.865376130155397,27.872219236107217,6.182060312392199,2,8.201782341820975,3.649411020845113,68.48119950902922,30.865376130155397,27.872219236107217,6.182060312392199,29,high_heat,1.4550823584728256,2.0247116052719303,68.48119950902922,30.865376130155397,27.872219236107217,6.182060312392199
43,DE,2022,3,14.780121853199347,6.949438132525022,68.48119950902922,30.865376130155397,27.872219236107217,6.182060312392199,4,11.492370842648333,4.968673606552151,68.48119950902922,30.865376130155397,27.872219236107217,6.182060312392199,27,high_heat,3.2877510105510144,1.9807645259728712,68.48119950902922,30.865376130155397,27.872219236107217,6.182060312392199
44,DE,2022,5,15.10681111234985,7.29066505800377,68.48119950902922,30.865376130155397,27.872219236107217,6.182060312392199,3,18.15434046612027,7.940734259766467,68.48119950902922,30.865376130155397,27.872219236107217,6.1820603123922,28,high_heat,-3.04752935377042,-0.6500692017626966,68.48119950902922,30.865376130155397,27.872219236107217,6.182060312392199
45,DE,2022,7,18.87700994523868,6.217739793766074,68.48119950902922,30.865376130155397,27.872219236107217,6.182060312392199,3,17.974896362167563,6.287231196558444,68.48119950902922,30.865376130155397,27.872219236107217,6.1820603123922,28,high_heat,0.9021135830711167,-0.06949140279237032,68.48119950902922,30.865376130155397,27.872219236107217,6.182060312392199
46,DE,2022,10,11.94059335943311,7.472356271121767,68.48119950902922,30.865376130155397,27.872219236107217,6.182060312392199,4,12.992390314387412,5.186354048100911,68.48119950902922,30.865376130155397,27.872219236107217,6.182060312392199,27,high_heat,-1.0517969549543018,2.286002223020856,68.48119950902922,30.865376130155397,27.872219236107217,6.182060312392199
47,DE,2022,11,11.131582447234242,4.003727387853206,68.48119950902922,30.865376130155397,27.872219236107217,6.1820603123922,7,8.717998351822555,3.932131814891065,68.48119950902922,30.865376130155397,27.872219236107213,6.182060312392199,23,high_heat,2.4135840954116876,0.07159557296214114,68.48119950902922,30.865376130155397,27.872219236107217,6.1820603123922
48,DE,2022,12,9.828691136394562,3.3311212146099227,68.48119950902922,30.865376130155397,27.872219236107217,6.182060312392199,3,8.106829065613653,3.6270229690250178,68.48119950902922,30.865376130155397,27.872219236107217,6.1820603123922,28,high_heat,1.7218620707809098,-0.29590175441509503,68.48119950902922,30.865376130155397,27.872219236107217,6.182060312392199
49,DE,2023,1,12.291317946309272,8.502979712399986,71.36006745007114,34.81470050211158,27.403096982060998,5.765249663126039,6,8.643685505033893,4.193047123397312,71.36006745007114,34.81470050211158,27.403096982060994,5.765249663126039,25,high_heat,3.6476324412753787,4.309932589002674,71.36006745007114,34.81470050211158,27.403096982060998,5.765249663126039
50,DE,2023,9,22.915254814075933,10.366831409167666,71.36006745007114,34.81470050211158,27.403096982060994,5.76524966312604,8,20.571092659444446,9.213785128744162,71.36006745007114,34.81470050211158,27.403096982060994,5.76524966312604,22,high_heat,2.344162154631487,1.1530462804235047,71.36006745007114,34.81470050211158,27.403096982060994,5.76524966312604
51,DE,2023,10,21.628462152951226,11.021213804474103,71.36006745007114,34.81470050211158,27.403096982060998,5.765249663126039,3,13.377598698225087,5.878089589062793,71.36006745007114,34.81470050211158,27.403096982060994,5.76524966312604,28,high_heat,8.250863454726138,5.1431242154113095,71.36006745007114,34.81470050211158,27.403096982060998,5.765249663126039
52,DE,2024,4,17.58449840722371,10.063988465089002,72.61189437364733,37.26447383887763,26.936932576422834,5.2954924182184016,4,18.811822674152953,8.777375947305453,72.61189437364733,37.26447383887763,26.93693257642283,5.2954924182184016,26,high_heat,-1.2273242669292443,1.2866125177835492,72.61189437364733,37.26447383887763,26.936932576422834,5.2954924182184016
53,DE,2024,5,19.66903275296372,11.010601755462172,72.61189437364733,37.26447383887763,26.936932576422834,5.2954924182184016,5,21.843457868541044,8.439135350636567,72.61189437364733,37.26447383887763,26.93693257642283,5.2954924182184016,26,high_heat,-2.174425115577325,2.571466404825605,72.61189437364733,37.26447383887763,26.936932576422834,5.2954924182184016
54,DE,2024,9,20.972254306933763,9.753357323813292,72.61189437364733,37.26447383887763,26.936932576422834,5.2954924182184016,7,18.028112463478227,7.526605478910956,72.61189437364733,37.26447383887763,26.936932576422834,5.2954924182184016,23,high_heat,2.9441418434555366,2.226751844902336,72.61189437364733,37.26447383887763,26.936932576422834,5.2954924182184016
55,FI,2019,2,6.7588202971657525,5.229808536035716,38.481012658227854,0.08438818565400845,20.42194092827004,0.0,6,7.052572397339972,5.432933817760796,38.481012658227854,0.08438818565400844,20.42194092827004,0.0,22,high_heat,-0.2937521001742196,-0.2031252817250806,38.481012658227854,0.08438818565400845,20.42194092827004,0.0
56,FI,2019,4,4.531604489988033,8.732768033355585,38.481012658227854,0.08438818565400845,20.42194092827004,0.0,6,4.783248805878144,7.189932263799726,38.481012658227854,0.08438818565400845,20.42194092827004,0.0,24,high_heat,-0.25164431589011116,1.5428357695558592,38.481012658227854,0.08438818565400845,20.42194092827004,0.0
57,FI,2019,7,9.753088323859652,5.002626373847012,38.481012658227854,0.08438818565400845,20.42194092827004,0.0,3,7.960745327151632,4.557617328242641,38.48101265822785,0.08438818565400844,20.42194092827004,0.0,28,high_heat,1.7923429967080198,0.4450090456043716,38.481012658227854,0.08438818565400845,20.42194092827004,0.0
58,FI,2020,1,5.986305637196751,6.263254083925308,42.73301737756714,0.07898894154818326,25.118483412322274,0.0,3,6.31595635478466,6.588606122770705,42.73301737756714,0.07898894154818326,25.118483412322274,0.0,28,high_heat,-0.3296507175879091,-0.32535203884539676,42.73301737756714,0.07898894154818326,25.118483412322274,0.0
59,FI,2020,3,3.6621144973965394,2.834163657057685,42.73301737756714,0.07898894154818326,25.118483412322274,0.0,4,4.9866882252205915,3.811840435120934,42.73301737756714,0.07898894154818326,25.118483412322274,0.0,27,high_heat,-1.3245737278240521,-0.9776767780632492,42.73301737756714,0.07898894154818326,25.118483412322274,0.0
60,FI,2020,6,7.844069108087801,5.601172318462215,42.73301737756714,0.07898894154818326,25.118483412322274,0.0,3,4.239497920919408,7.368219088280167,42.73301737756714,0.07898894154818326,25.118483412322274,0.0,27,high_heat,3.6045711871683928,-1.7670467698179522,42.73301737756714,0.07898894154818326,25.118483412322274,0.0
61,FI,2020,10,9.385840677299472,5.138687987096308,42.73301737756714,0.07898894154818326,25.118483412322274,0.0,9,8.667025069112901,5.530411615263572,42.73301737756714,0.07898894154818326,25.118483412322277,0.0,22,high_heat,0.7188156081865706,-0.3917236281672638,42.73301737756714,0.07898894154818326,25.118483412322274,0.0
62,FI,2020,11,4.79962336097613,5.064460665350951,42.73301737756714,0.07898894154818326,25.118483412322274,0.0,7,7.310743426441651,4.1502771740536835,42.73301737756714,0.07898894154818326,25.118483412322274,0.0,23,high_heat,-2.511120065465521,0.9141834912972673,42.73301737756714,0.07898894154818326,25.118483412322274,0.0
63,FI,2020,12,5.156129658073052,5.055854029600435,42.73301737756714,0.07898894154818326,25.118483412322274,0.0,6,8.171326521547726,4.672656396593001,42.73301737756714,0.07898894154818326,25.118483412322277,0.0,25,high_heat,-3.0151968634746744,0.38319763300743404,42.73301737756714,0.07898894154818326,25.118483412322274,0.0
64,FI,2021,3,6.394469267792697,6.098884874637567,51.43256464011182,0.13976240391334735,35.77917540181692,0.0,3,5.510131019314066,4.982829505290934,51.43256464011182,0.13976240391334735,35.77917540181692,0.0,28,high_heat,0.8843382484786311,1.1160553693466326,51.43256464011182,0.13976240391334735,35.77917540181692,0.0
65,FI,2021,4,3.662979678000986,5.799966741695413,51.43256464011182,0.13976240391334735,35.77917540181692,0.0,4,5.409685356571387,5.182382300209647,51.43256464011183,0.13976240391334735,35.77917540181692,0.0,26,high_heat,-1.7467056785704012,0.6175844414857661,51.43256464011182,0.13976240391334735,35.77917540181692,0.0
66,FI,2021,7,7.485149393805537,4.2080609004036,51.43256464011182,0.13976240391334735,35.77917540181692,0.0,8,5.624681196532963,5.673161148389107,51.43256464011182,0.13976240391334735,35.77917540181692,0.0,23,high_heat,1.8604681972725743,-1.4651002479855064,51.43256464011182,0.13976240391334735,35.77917540181692,0.0
67,FI,2021,10,6.614098634521906,4.984280044083844,51.43256464011182,0.13976240391334735,35.77917540181692,0.0,5,6.762403028169913,4.15447733971783,51.43256464011183,0.13976240391334735,35.77917540181692,0.0,26,high_heat,-0.14830439364800618,0.8298027043660143,51.43256464011182,0.13976240391334735,35.77917540181692,0.0
68,FI,2021,11,6.503235429507306,4.862530133676293,51.43256464011182,0.13976240391334735,35.77917540181692,0.0,4,7.160911098341287,4.381099072526031,51.43256464011183,0.13976240391334735,35.77917540181692,0.0,26,high_heat,-0.6576756688339804,0.48143106115026146,51.43256464011182,0.13976240391334735,35.77917540181692,0.0
69,FI,2022,3,8.165504243808027,3.8332837557668724,50.87310826542492,0.17462165308498254,38.53317811408615,0.0,5,6.261883840206843,3.155908551275898,50.87310826542492,0.17462165308498254,38.53317811408615,0.0,26,high_heat,1.9036204036011837,0.6773752044909744,50.87310826542492,0.17462165308498254,38.53317811408615,0.0
70,FI,2022,4,4.292607828843775,3.1527678718095102,50.87310826542492,0.17462165308498254,38.53317811408615,0.0,3,5.4387223584502715,5.528850825012918,50.87310826542492,0.17462165308498254,38.53317811408615,0.0,27,high_heat,-1.1461145296064963,-2.3760829532034076,50.87310826542492,0.17462165308498254,38.53317811408615,0.0
71,FI,2022,6,6.156456747795226,6.128142410968585,50.87310826542492,0.17462165308498254,38.53317811408615,0.0,6,6.503926092245501,5.493682187924808,50.87310826542492,0.17462165308498254,38.53317811408615,0.0,24,high_heat,-0.3474693444502748,0.634460223043777,50.87310826542492,0.17462165308498254,38.53317811408615,0.0
72,FI,2022,7,6.217944291322302,4.057581534254757,50.87310826542492,0.17462165308498254,38.53317811408615,0.0,2,6.292007145563471,4.534302067339792,50.87310826542492,0.1746216530849825,38.53317811408615,0.0,29,high_heat,-0.07406285424116898,-0.47672053308503504,50.87310826542492,0.17462165308498254,38.53317811408615,0.0
73,FI,2022,8,5.728610093066281,5.484909226588492,50.87310826542492,0.17462165308498254,38.53317811408615,0.0,6,6.746052825866901,5.433762455733587,50.87310826542492,0.17462165308498254,38.53317811408615,0.0,25,high_heat,-1.0174427328006201,0.05114677085490538,50.87310826542492,0.17462165308498254,38.53317811408615,0.0
74,FI,2023,6,6.300274084631123,6.819956491046752,57.352143244709715,0.2712967986977754,44.60119370591428,0.0,3,6.134855715795386,7.566668868863149,57.35214324470972,0.2712967986977754,44.60119370591428,0.0,27,high_heat,0.1654183688357378,-0.7467123778163973,57.352143244709715,0.2712967986977754,44.60119370591428,0.0
75,FI,2024,5,5.830484585633239,8.446882088954611,63.03930968360498,7.238734419942474,44.72674976030681,0.0,6,7.634935395987054,8.440953529145474,63.03930968360499,7.238734419942474,44.72674976030681,0.0,25,high_heat,-1.8044508103538153,0.0059285598091367575,63.03930968360498,7.238734419942474,44.72674976030681,0.0
76,FI,2024,6,5.4556654896668455,2.7994467328848907,63.03930968360498,7.238734419942474,44.72674976030681,0.0,1,4.9000451471927455,4.020182844084601,63.03930968360499,7.238734419942474,44.72674976030681,0.0,29,high_heat,0.5556203424741,-1.22073611119971,63.03930968360498,7.238734419942474,44.72674976030681,0.0
77,FI,2024,8,6.597212475147096,7.638409053701466,63.03930968360498,7.238734419942474,44.72674976030681,0.0,3,5.972017388380332,8.348231081898298,63.03930968360498,7.238734419942474,44.72674976030681,0.0,28,high_heat,0.6251950867667642,-0.7098220281968324,63.03930968360498,7.238734419942474,44.72674976030681,0.0
78,FI,2024,9,6.832366896154902,7.989076433771155,63.03930968360498,7.238734419942473,44.72674976030681,0.0,10,6.895775333432494,6.975511885425564,63.03930968360498,7.238734419942473,44.72674976030681,0.0,20,high_heat,-0.06340843727759182,1.0135645483455908,63.03930968360498,7.238734419942473,44.72674976030681,0.0
79,PL,2019,4,8.416279599627428,3.6610005805903145,29.450800915331815,7.940503432494281,15.034324942791763,4.462242562929062,3,8.359734492859603,3.797155530182346,29.450800915331815,7.940503432494281,15.034324942791763,4.462242562929062,27,high_heat,0.05654510676782465,-0.13615494959203156,29.450800915331815,7.940503432494281,15.034324942791763,4.462242562929062
80,PL,2019,7,9.316841030405675,5.2526703301556905,29.450800915331815,7.940503432494281,15.034324942791763,4.462242562929062,3,10.152550121005358,3.9717685769652,29.450800915331815,7.940503432494281,15.034324942791764,4.462242562929062,28,high_heat,-0.8357090905996838,1.2809017531904905,29.450800915331815,7.940503432494281,15.034324942791763,4.462242562929062
81,PL,2019,8,10.931566127140451,2.9329507171115323,29.450800915331815,7.940503432494281,15.034324942791763,4.462242562929062,3,10.229192766081754,2.915727127766633,29.450800915331815,7.940503432494281,15.034324942791764,4.462242562929062,28,high_heat,0.7023733610586973,0.017223589344899537,29.450800915331815,7.940503432494281,15.034324942791763,4.462242562929062
82,PL,2019,10,10.436482690646562,4.030342213093931,29.450800915331815,7.940503432494281,15.034324942791763,4.462242562929062,6,11.020776217071816,3.432290922069435,29.450800915331815,7.940503432494281,15.034324942791763,4.462242562929062,25,high_heat,-0.5842935264252542,0.598051291024496,29.450800915331815,7.940503432494281,15.034324942791763,4.462242562929062
83,PL,2019,11,9.989263343342053,4.994688400704822,29.450800915331815,7.940503432494281,15.034324942791763,4.462242562929062,6,10.419265145758127,4.391402293637687,29.450800915331815,7.940503432494281,15.034324942791763,4.462242562929062,24,high_heat,-0.4300018024160739,0.6032861070671354,29.450800915331815,7.940503432494281,15.034324942791763,4.462242562929062
84,PL,2020,8,10.751149231522348,3.0932724815692416,35.11868533171029,13.511868533171025,16.129032258064516,4.159058632582674,3,11.475055845212202,4.508290239125957,35.11868533171029,13.511868533171025,16.129032258064516,4.159058632582674,28,high_heat,-0.723906613689854,-1.4150177575567153,35.11868533171029,13.511868533171025,16.129032258064516,4.159058632582674
85,PL,2020,10,8.495251763132703,5.144021953702616,35.11868533171029,13.511868533171025,16.129032258064516,4.159058632582674,3,10.5143659612429,3.955092307679402,35.11868533171029,13.511868533171025,16.129032258064516,4.159058632582674,28,high_heat,-2.0191141981101968,1.188929646023214,35.11868533171029,13.511868533171025,16.129032258064516,4.159058632582674
86,PL,2021,2,7.5648404928429756,4.869795482365213,41.19491056610731,19.620136455836253,16.559100129079845,3.7986354416374692,3,9.507437672572514,3.9593639937310665,41.19491056610731,19.620136455836253,16.559100129079845,3.7986354416374697,25,high_heat,-1.942597179729539,0.9104314886341469,41.19491056610731,19.620136455836253,16.559100129079845,3.7986354416374692
87,PL,2021,5,10.965596183673085,3.1632734628495967,41.19491056610731,19.620136455836253,16.559100129079845,3.7986354416374692,3,9.612135399223964,4.222885280273318,41.19491056610731,19.620136455836253,16.559100129079845,3.7986354416374692,28,high_heat,1.3534607844491209,-1.0596118174237215,41.19491056610731,19.620136455836253,16.559100129079845,3.7986354416374692
88,PL,2021,6,11.414442128333366,5.10963993806916,41.19491056610731,19.620136455836253,16.559100129079845,3.7986354416374697,5,11.32540316817448,4.098340225805611,41.19491056610731,19.620136455836253,16.559100129079845,3.7986354416374697,25,high_heat,0.08903896015888613,1.0112997122635488,41.19491056610731,19.620136455836253,16.559100129079845,3.7986354416374697
89,PL,2021,12,11.497654762664196,2.3835869258412354,41.19491056610731,19.620136455836253,16.559100129079845,3.7986354416374692,1,9.193456601938518,3.596449684044319,41.19491056610731,19.620136455836253,16.559100129079845,3.7986354416374692,30,high_heat,2.3041981607256776,-1.2128627582030838,41.19491056610731,19.620136455836253,16.559100129079845,3.7986354416374692
90,PL,2022,1,10.081646741538982,2.9783952512570897,44.77537437603994,24.30948419301165,15.940099833610649,3.427620632279534,4,8.86214877284161,3.1806677511547368,44.775374376039935,24.30948419301165,15.940099833610649,3.427620632279534,27,high_heat,1.2194979686973717,-0.20227249989764706,44.77537437603994,24.30948419301165,15.940099833610649,3.427620632279534
91,PL,2022,7,12.60812051952373,1.9907203138332374,44.77537437603994,24.309484193011645,15.94009983361065,3.427620632279534,3,10.862471446163315,2.4018465278931838,44.77537437603994,24.30948419301165,15.940099833610649,3.427620632279534,28,high_heat,1.7456490733604149,-0.4111262140599463,44.77537437603994,24.309484193011645,15.94009983361065,3.427620632279534
92,PL,2022,11,11.233169532055198,1.6740833015198564,44.77537437603994,24.309484193011645,15.94009983361065,3.427620632279534,3,10.929281202707486,1.6025211624797013,44.775374376039935,24.30948419301165,15.940099833610649,3.427620632279534,27,high_heat,0.30388832934771237,0.07156213904015507,44.77537437603994,24.309484193011645,15.94009983361065,3.427620632279534
93,PL,2022,12,7.943350995508196,1.0502486643959323,44.77537437603994,24.30948419301165,15.940099833610649,3.427620632279534,1,10.161837202839855,2.4809286846883607,44.77537437603994,24.30948419301165,15.940099833610649,3.427620632279534,30,high_heat,-2.21848620733166,-1.4306800202924284,44.77537437603994,24.30948419301165,15.940099833610649,3.427620632279534
94,PL,2023,1,10.469872368845408,2.312256293184119,48.3947119924457,28.045325779036823,16.210261252754172,3.1318854265029903,9,10.589313326499104,2.956697639980897,48.3947119924457,28.045325779036826,16.210261252754172,3.1318854265029903,22,high_heat,-0.11944095765369589,-0.644441346796778,48.3947119924457,28.045325779036823,16.210261252754172,3.1318854265029903
95,PL,2023,7,14.703749417454029,4.914759617823158,48.3947119924457,28.04532577903682,16.210261252754172,3.1318854265029903,3,16.66852328860636,5.877929374704601,48.3947119924457,28.045325779036823,16.210261252754172,3.1318854265029903,28,high_heat,-1.96477387115233,-0.9631697568814426,48.3947119924457,28.04532577903682,16.210261252754172,3.1318854265029903
96,PL,2023,9,15.708614357209884,5.978585961362131,48.3947119924457,28.04532577903682,16.210261252754172,3.1318854265029903,6,14.52851392868059,5.211379027079656,48.3947119924457,28.04532577903682,16.210261252754172,3.1318854265029903,24,high_heat,1.1801004285292933,0.7672069342824752,48.3947119924457,28.04532577903682,16.210261252754172,3.1318854265029903
97,PL,2024,2,12.61777173982197,5.64492132818521,50.75115275918489,30.83444890673806,15.915513907481776,2.9599881005503494,4,10.02890283397527,3.829712858583984,50.75115275918489,30.83444890673806,15.915513907481774,2.9599881005503494,25,high_heat,2.5888689058467005,1.8152084696012256,50.75115275918489,30.83444890673806,15.915513907481776,2.9599881005503494
98,PL,2024,3,13.748649211334378,5.212050994119909,50.75115275918489,30.83444890673806,15.915513907481776,2.9599881005503494,5,12.166039668627697,4.793302124944141,50.75115275918488,30.834448906738064,15.915513907481776,2.9599881005503494,26,high_heat,1.582609542706681,0.4187488691757677,50.75115275918489,30.83444890673806,15.915513907481776,2.9599881005503494
99,PL,2024,4,13.467559451971157,3.7803399697757505,50.75115275918489,30.83444890673806,15.915513907481776,2.95998810055035,7,13.488825631648588,4.663116568172302,50.75115275918489,30.83444890673806,15.915513907481776,2.9599881005503494,23,high_heat,-0.02126617967743094,-0.8827765983965512,50.75115275918489,30.83444890673806,15.915513907481776,2.95998810055035
100,PL,2024,5,15.079358609878561,5.726135846680798,50.75115275918489,30.83444890673806,15.915513907481776,2.9599881005503494,8,15.749654911435453,5.412097689751138,50.75115275918489,30.83444890673806,15.915513907481776,2.9599881005503494,23,high_heat,-0.6702963015568919,0.31403815692965953,50.75115275918489,30.83444890673806,15.915513907481776,2.9599881005503494
101,PL,2024,7,16.22801147091254,5.688128928519263,50.75115275918489,30.83444890673806,15.915513907481776,2.9599881005503494,3,16.530658864165225,7.2940151903886035,50.75115275918489,30.83444890673806,15.915513907481776,2.95998810055035,28,high_heat,-0.3026473932526841,-1.6058862618693404,50.75115275918489,30.83444890673806,15.915513907481776,2.9599881005503494
102,PL,2024,9,13.928106751315074,6.541378940300931,50.75115275918489,30.83444890673806,15.915513907481776,2.95998810055035,7,14.271677037065704,6.910095024516152,50.75115275918489,30.83444890673806,15.915513907481776,2.9599881005503494,23,high_heat,-0.34357028575063,-0.3687160842152206,50.75115275918489,30.83444890673806,15.915513907481776,2.95998810055035
103,PL,2024,12,10.350515867607756,3.420240386844987,50.75115275918489,30.83444890673806,15.915513907481776,2.9599881005503494,4,9.749339985842452,3.8314875772881045,50.75115275918489,30.83444890673806,15.915513907481776,2.9599881005503494,27,high_heat,0.6011758817653039,-0.41124719044311764,50.75115275918489,30.83444890673806,15.915513907481776,2.9599881005503494
0,CZ,2019,3,6.830173886265506,3.630894395957687,26.48425400103252,10.583376355188435,1.755291688177594,9.91223541559112,3,8.12867036973565,4.892117961377851,26.48425400103252,10.583376355188435,1.7552916881775942,9.912235415591121,28,low_solar,-1.298496483470144,-1.2612235654201638,26.48425400103252,10.583376355188435,1.755291688177594,9.91223541559112
1,CZ,2020,6,5.860971852980013,7.4883694111528225,27.099841521394616,10.829371368198625,1.7960908610670896,10.142630744849445,10,7.44009438043734,5.870669250607078,27.099841521394616,10.829371368198625,1.7960908610670896,10.142630744849445,20,low_solar,-1.5791225274573266,1.6177001605457448,27.099841521394616,10.829371368198625,1.7960908610670896,10.142630744849445
2,CZ,2020,10,9.56552515568952,5.996514964768814,27.099841521394612,10.829371368198627,1.7960908610670894,10.142630744849445,3,6.7142666510924665,5.112964381200185,27.099841521394612,10.829371368198625,1.7960908610670894,10.142630744849445,28,low_solar,2.8512585045970544,0.8835505835686286,27.099841521394612,10.829371368198627,1.7960908610670894,10.142630744849445
3,CZ,2021,1,10.345649628707582,5.354769844520426,27.4219163578613,11.011116993118051,1.7998941238750663,10.26998411858126,4,9.219239845417293,5.521183242740459,27.4219163578613,11.011116993118051,1.7998941238750663,10.26998411858126,27,low_solar,1.1264097832902884,-0.16641339822003243,27.4219163578613,11.011116993118051,1.7998941238750663,10.26998411858126
4,CZ,2022,3,6.710029551520461,5.134193178154329,32.76283618581907,17.359413202933986,1.6625916870415651,9.486552567237164,1,6.979682621792805,4.529405745855631,32.76283618581907,17.359413202933986,1.6625916870415651,9.486552567237164,30,low_solar,-0.2696530702723443,0.6047874322986981,32.76283618581907,17.359413202933986,1.6625916870415651,9.486552567237164
5,CZ,2022,4,5.0856278511532125,5.426425512787128,32.76283618581907,17.359413202933986,1.6625916870415651,9.486552567237164,2,6.766452374511853,5.961001714774743,32.76283618581907,17.359413202933986,1.6625916870415651,9.486552567237164,28,low_solar,-1.6808245233586403,-0.5345762019876146,32.76283618581907,17.359413202933986,1.6625916870415651,9.486552567237164
6,CZ,2023,4,7.771368312440146,12.521716864912348,35.53062178588126,20.66386161757831,1.729780271154745,9.069658719027581,3,6.632664288047984,8.373699488444682,35.53062178588126,20.66386161757831,1.729780271154745,9.069658719027581,27,low_solar,1.1387040243921618,4.148017376467665,35.53062178588126,20.66386161757831,1.729780271154745,9.069658719027581
7,CZ,2023,8,7.898349129580302,8.8097630666076,35.53062178588126,20.66386161757831,1.729780271154745,9.069658719027581,4,8.357738083417884,10.336910780023826,35.53062178588126,20.66386161757831,1.729780271154745,9.069658719027581,27,low_solar,-0.45938895383758194,-1.5271477134162268,35.53062178588126,20.66386161757831,1.729780271154745,9.069658719027581
8,CZ,2023,12,5.162588271589322,6.822955763474929,35.53062178588126,20.66386161757831,1.729780271154745,9.069658719027581,3,6.676188111249134,4.4175665655187135,35.53062178588126,20.66386161757831,1.729780271154745,9.069658719027581,28,low_solar,-1.513599839659812,2.4053891979562154,35.53062178588126,20.66386161757831,1.729780271154745,9.069658719027581
9,CZ,2024,2,8.566614098368857,7.80805790039388,39.24458774758177,24.550898203592812,1.7503454629203132,8.935974205435283,4,8.13710660991517,5.607617232105554,39.24458774758177,24.55089820359281,1.7503454629203135,8.935974205435283,25,low_solar,0.42950748845368736,2.2004406682883264,39.24458774758177,24.550898203592812,1.7503454629203132,8.935974205435283
10,CZ,2024,9,6.431662631602181,11.272233013529625,39.24458774758177,24.550898203592812,1.7503454629203135,8.935974205435283,5,8.735151769187125,7.221018918598438,39.24458774758177,24.55089820359281,1.7503454629203135,8.935974205435283,25,low_solar,-2.3034891375849433,4.051214094931187,39.24458774758177,24.550898203592812,1.7503454629203135,8.935974205435283
11,DE,2019,1,7.767191872955099,2.163480016306919,62.35907591958355,23.154700800348845,28.292922227168255,6.9787512377699255,8,7.139447938519154,3.006813299380877,62.35907591958355,23.154700800348845,28.292922227168255,6.978751237769926,23,low_solar,0.6277439344359452,-0.8433332830739579,62.35907591958355,23.154700800348845,28.292922227168255,6.9787512377699255
12,DE,2019,3,7.282135690097719,3.1456415837696596,62.35907591958355,23.154700800348845,28.29292222716826,6.978751237769925,6,11.273721258820142,4.641916105068827,62.35907591958355,23.154700800348845,28.292922227168255,6.978751237769925,25,low_solar,-3.9915855687224235,-1.496274521299167,62.35907591958355,23.154700800348845,28.29292222716826,6.978751237769925
13,DE,2019,9,10.429658294362815,3.9755586712208544,62.35907591958355,23.154700800348845,28.29292222716826,6.978751237769925,3,14.494082732988092,6.09888247350554,62.359075919583546,23.154700800348845,28.29292222716825,6.9787512377699255,27,low_solar,-4.064424438625277,-2.123323802284686,62.35907591958355,23.154700800348845,28.29292222716826,6.978751237769925
14,DE,2020,6,12.96609687303326,4.171977803823711,64.69207289702848,25.191668911033315,28.691983122362874,6.866415297603017,3,18.303358501393145,7.288054426038094,64.69207289702848,25.191668911033307,28.691983122362874,6.866415297603019,27,low_solar,-5.337261628359885,-3.1160766222143836,64.69207289702848,25.191668911033315,28.691983122362874,6.866415297603017
15,DE,2020,9,11.480888980941343,5.860427829189309,64.69207289702848,25.191668911033315,28.691983122362874,6.866415297603017,3,15.590641550335564,6.17130643682752,64.69207289702848,25.191668911033307,28.691983122362874,6.866415297603019,27,low_solar,-4.109752569394221,-0.3108786076382115,64.69207289702848,25.191668911033315,28.691983122362874,6.866415297603017
16,DE,2020,10,9.657739474867666,1.7075654833657727,64.69207289702848,25.191668911033315,28.691983122362874,6.866415297603017,3,10.98695690630134,4.153169569588291,64.69207289702848,25.19166891103331,28.691983122362874,6.866415297603018,28,low_solar,-1.3292174314336744,-2.4456040862225183,64.69207289702848,25.191668911033315,28.691983122362874,6.866415297603017
17,DE,2021,5,13.84290940496985,4.006704759830989,66.54148054989376,27.303439004293335,28.721974066525004,6.683290689101869,3,16.97818038854861,7.58163417238684,66.54148054989376,27.303439004293335,28.721974066525004,6.683290689101868,28,low_solar,-3.135270983578758,-3.574929412555851,66.54148054989376,27.303439004293335,28.721974066525004,6.683290689101869
18,DE,2021,8,12.313953535371624,4.298081675504509,66.54148054989376,27.303439004293335,28.721974066525,6.683290689101868,5,17.229715925566225,6.940650443947766,66.54148054989376,27.303439004293335,28.721974066525004,6.683290689101868,26,low_solar,-4.915762390194601,-2.6425687684432573,66.54148054989376,27.303439004293335,28.721974066525,6.683290689101868
19,DE,2022,4,9.820133990758821,2.4195447783583366,68.48119950902922,30.865376130155397,27.872219236107217,6.182060312392199,4,14.343773012310011,6.045470329239657,68.48119950902922,30.865376130155393,27.872219236107217,6.182060312392199,26,low_solar,-4.52363902155119,-3.62592555088132,68.48119950902922,30.865376130155397,27.872219236107217,6.182060312392199
20,DE,2022,11,8.802676806710904,4.22961151314129,68.48119950902922,30.865376130155397,27.872219236107217,6.182060312392199,3,9.3343336593491,3.9176403302978913,68.48119950902922,30.865376130155397,27.872219236107217,6.182060312392199,27,low_solar,-0.5316568526381964,0.3119711828433984,68.48119950902922,30.865376130155397,27.872219236107217,6.182060312392199
21,DE,2023,3,8.75302010024034,3.9292896594243714,71.36006745007114,34.81470050211158,27.403096982060998,5.765249663126039,3,11.93495618410437,5.375745563613181,71.36006745007114,34.81470050211158,27.403096982060994,5.76524966312604,28,low_solar,-3.1819360838640307,-1.4464559041888099,71.36006745007114,34.81470050211158,27.403096982060998,5.765249663126039
22,DE,2023,8,16.269940986786782,5.064062860147775,71.36006745007114,34.81470050211158,27.403096982060998,5.765249663126039,3,23.25895203207197,9.651761507878945,71.36006745007114,34.81470050211158,27.403096982060994,5.76524966312604,28,low_solar,-6.989011045285189,-4.58769864773117,71.36006745007114,34.81470050211158,27.403096982060998,5.765249663126039
23,FI,2019,2,6.751478322405739,4.251946329893453,38.481012658227854,0.08438818565400844,20.42194092827004,0.0,8,7.0848843972613995,5.84439122839021,38.481012658227854,0.08438818565400844,20.42194092827004,0.0,20,low_solar,-0.33340607485566043,-1.5924448984967565,38.481012658227854,0.08438818565400844,20.42194092827004,0.0
24,FI,2019,3,5.722014135922046,6.350388543878755,38.481012658227854,0.08438818565400844,20.42194092827004,0.0,4,5.844173836962716,5.871097438401391,38.481012658227854,0.08438818565400842,20.42194092827004,0.0,27,low_solar,-0.12215970104066987,0.47929110547736364,38.481012658227854,0.08438818565400844,20.42194092827004,0.0
25,FI,2019,5,4.197035955616493,8.93560739232818,38.481012658227854,0.08438818565400845,20.42194092827004,0.0,3,3.985539475861168,9.164940392299895,38.48101265822785,0.08438818565400844,20.42194092827004,0.0,28,low_solar,0.21149647975532515,-0.22933299997171552,38.481012658227854,0.08438818565400845,20.42194092827004,0.0
26,FI,2019,11,9.597258453411332,6.080256667275728,38.481012658227854,0.08438818565400844,20.42194092827004,0.0,5,7.4827809241058105,6.191578675413183,38.481012658227854,0.08438818565400844,20.42194092827004,0.0,25,low_solar,2.114477529305521,-0.11132200813745463,38.481012658227854,0.08438818565400844,20.42194092827004,0.0
27,FI,2019,12,6.867745440151346,4.441097205913042,38.481012658227854,0.08438818565400845,20.42194092827004,0.0,3,6.543660060212033,6.8561910836326145,38.48101265822785,0.08438818565400844,20.42194092827004,0.0,28,low_solar,0.3240853799393131,-2.4150938777195723,38.481012658227854,0.08438818565400845,20.42194092827004,0.0
28,FI,2020,3,5.662434727756493,4.7141690808496595,42.73301737756714,0.07898894154818326,25.118483412322274,0.0,4,4.6903444873894875,3.5333211130776787,42.73301737756714,0.07898894154818326,25.118483412322274,0.0,27,low_solar,0.9720902403670051,1.1808479677719808,42.73301737756714,0.07898894154818326,25.118483412322274,0.0
29,FI,2020,7,5.284964520655674,4.521811004121036,42.73301737756714,0.07898894154818326,25.118483412322274,0.0,4,6.245603770809747,3.674093366276475,42.73301737756714,0.07898894154818326,25.118483412322274,0.0,27,low_solar,-0.960639250154073,0.8477176378445614,42.73301737756714,0.07898894154818326,25.118483412322274,0.0
30,FI,2021,5,4.745279570150355,10.81553882457183,51.43256464011182,0.13976240391334735,35.77917540181692,0.0,4,4.143354424259997,10.13032109691725,51.43256464011182,0.13976240391334735,35.77917540181692,0.0,27,low_solar,0.6019251458903581,0.6852177276545799,51.43256464011182,0.13976240391334735,35.77917540181692,0.0
31,FI,2021,8,6.1978045994691096,7.68964719358479,51.43256464011182,0.13976240391334735,35.77917540181692,0.0,6,7.244022598857996,7.801201556364759,51.43256464011182,0.13976240391334735,35.77917540181692,0.0,25,low_solar,-1.0462179993888867,-0.11155436277996955,51.43256464011182,0.13976240391334735,35.77917540181692,0.0
32,FI,2021,9,8.827597641696338,7.286627176494115,51.43256464011182,0.13976240391334735,35.77917540181692,0.0,3,9.497844191515044,4.061485022051449,51.43256464011182,0.13976240391334735,35.77917540181692,0.0,27,low_solar,-0.6702465498187067,3.2251421544426657,51.43256464011182,0.13976240391334735,35.77917540181692,0.0
33,FI,2021,10,6.857031207790989,3.2418189694759967,51.43256464011182,0.13976240391334735,35.77917540181692,0.0,3,6.725781367201939,4.400441219451958,51.43256464011182,0.13976240391334735,35.77917540181692,0.0,28,low_solar,0.13124984058905032,-1.158622249975961,51.43256464011182,0.13976240391334735,35.77917540181692,0.0
34,FI,2022,1,8.65895165343173,3.6786351693683934,50.87310826542492,0.17462165308498254,38.53317811408615,0.0,3,7.435125344690577,4.063788431636274,50.873108265424925,0.17462165308498254,38.53317811408615,0.0,28,low_solar,1.2238263087411534,-0.3851532622678806,50.87310826542492,0.17462165308498254,38.53317811408615,0.0
35,FI,2022,6,6.885437106739026,3.687279846363869,50.87310826542492,0.17462165308498254,38.53317811408615,0.0,4,6.365046856681049,5.918004138098131,50.87310826542492,0.17462165308498254,38.53317811408615,0.0,26,low_solar,0.5203902500579769,-2.230724291734262,50.87310826542492,0.17462165308498254,38.53317811408615,0.0
36,FI,2022,9,6.910524036733646,2.9224236814398012,50.87310826542492,0.17462165308498254,38.53317811408615,0.0,4,7.2178478156890895,5.500557640701472,50.87310826542492,0.17462165308498254,38.53317811408615,0.0,26,low_solar,-0.3073237789554435,-2.5781339592616708,50.87310826542492,0.17462165308498254,38.53317811408615,0.0
37,FI,2022,10,9.081747826963912,4.090196039509264,50.87310826542492,0.17462165308498254,38.53317811408615,0.0,4,7.023016811485632,5.636936992032252,50.87310826542492,0.17462165308498254,38.53317811408615,0.0,27,low_solar,2.0587310154782807,-1.5467409525229883,50.87310826542492,0.17462165308498254,38.53317811408615,0.0
38,FI,2022,11,6.697411605550384,2.44440968680059,50.87310826542492,0.17462165308498254,38.53317811408615,0.0,5,7.023151436692259,2.7544852699358517,50.87310826542492,0.17462165308498254,38.53317811408615,0.0,25,low_solar,-0.3257398311418749,-0.31007558313526173,50.87310826542492,0.17462165308498254,38.53317811408615,0.0
39,FI,2023,1,8.249572700124391,6.26615114724783,57.35214324470972,0.2712967986977754,44.60119370591428,0.0,4,6.299662193570985,4.97014899663588,57.35214324470972,0.2712967986977754,44.60119370591428,0.0,27,low_solar,1.9499105065534064,1.2960021506119501,57.35214324470972,0.2712967986977754,44.60119370591428,0.0
40,FI,2024,3,7.420273900864121,8.294010881284136,63.03930968360498,7.238734419942474,44.72674976030681,0.0,3,8.281538744404887,6.966216451466614,63.03930968360498,7.238734419942474,44.72674976030681,0.0,28,low_solar,-0.8612648435407664,1.327794429817522,63.03930968360498,7.238734419942474,44.72674976030681,0.0
41,FI,2024,7,5.071184238771016,6.103566081516977,63.03930968360498,7.238734419942474,44.72674976030681,0.0,2,5.163851580582951,6.958369365312047,63.03930968360499,7.238734419942474,44.72674976030681,0.0,29,low_solar,-0.09266734181193481,-0.8548032837950696,63.03930968360498,7.238734419942474,44.72674976030681,0.0
42,FI,2024,8,6.938762240040876,3.8924755876186357,63.03930968360498,7.238734419942474,44.72674976030681,0.0,1,6.0023120686683225,8.42577406222127,63.03930968360498,7.238734419942474,44.72674976030681,0.0,30,low_solar,0.9364501713725533,-4.533298474602635,63.03930968360498,7.238734419942474,44.72674976030681,0.0
43,PL,2019,5,10.713016881960247,2.604502264121978,29.450800915331815,7.940503432494281,15.034324942791763,4.462242562929062,4,9.213703196399548,3.3526632189008287,29.450800915331815,7.940503432494281,15.034324942791763,4.462242562929062,27,low_solar,1.4993136855606988,-0.7481609547788506,29.450800915331815,7.940503432494281,15.034324942791763,4.462242562929062
44,PL,2020,1,10.27759096877388,2.9783353152371057,35.11868533171029,13.511868533171025,16.129032258064516,4.159058632582674,3,9.539136297792878,4.0117589574672525,35.11868533171029,13.511868533171025,16.129032258064516,4.159058632582674,28,low_solar,0.7384546709810031,-1.0334236422301468,35.11868533171029,13.511868533171025,16.129032258064516,4.159058632582674
45,PL,2020,6,11.005421990205322,4.814710768758006,35.11868533171029,13.511868533171025,16.129032258064516,4.159058632582674,7,10.883099614728714,5.153474359445075,35.11868533171029,13.511868533171025,16.129032258064516,4.159058632582674,23,low_solar,0.12232237547660851,-0.3387635906870683,35.11868533171029,13.511868533171025,16.129032258064516,4.159058632582674
46,PL,2020,10,11.689317050722591,3.4250440592132847,35.11868533171029,13.511868533171025,16.129032258064516,4.159058632582674,6,9.990083995994551,4.224975444834056,35.11868533171029,13.511868533171025,16.129032258064516,4.159058632582674,25,low_solar,1.6992330547280403,-0.7999313856207717,35.11868533171029,13.511868533171025,16.129032258064516,4.159058632582674
47,PL,2021,4,9.70023796175483,4.300027153531671,41.19491056610731,19.620136455836253,16.559100129079845,3.7986354416374692,4,9.043769022527412,3.6610849119053026,41.19491056610731,19.620136455836253,16.559100129079845,3.7986354416374692,26,low_solar,0.6564689392274179,0.6389422416263684,41.19491056610731,19.620136455836253,16.559100129079845,3.7986354416374692
48,PL,2021,8,11.229464069865818,4.543052241779189,41.19491056610731,19.620136455836253,16.559100129079845,3.7986354416374692,3,10.171535890235264,4.558310734710076,41.19491056610731,19.620136455836253,16.559100129079845,3.7986354416374692,28,low_solar,1.0579281796305544,-0.015258492930887435,41.19491056610731,19.620136455836253,16.559100129079845,3.7986354416374692
49,PL,2021,9,9.01166623011857,3.9178048791520994,41.19491056610731,19.620136455836253,16.559100129079845,3.7986354416374697,5,7.777438033218643,4.706443808244687,41.19491056610731,19.620136455836253,16.559100129079845,3.7986354416374697,25,low_solar,1.2342281968999265,-0.7886389290925879,41.19491056610731,19.620136455836253,16.559100129079845,3.7986354416374697
50,PL,2022,1,9.396563499735374,2.9568618067872188,44.77537437603994,24.309484193011645,15.94009983361065,3.427620632279534,3,8.979104047631191,3.175750888065878,44.77537437603994,24.30948419301165,15.940099833610649,3.427620632279534,28,low_solar,0.41745945210418256,-0.21888908127865925,44.77537437603994,24.309484193011645,15.94009983361065,3.427620632279534
51,PL,2023,3,9.33869072751561,4.666486037392433,48.3947119924457,28.04532577903682,16.210261252754172,3.1318854265029903,3,10.843619587076391,4.6055220541640045,48.3947119924457,28.045325779036823,16.210261252754172,3.1318854265029903,28,low_solar,-1.5049288595607813,0.06096398322842855,48.3947119924457,28.04532577903682,16.210261252754172,3.1318854265029903
52,PL,2023,10,10.461948175589603,3.527746564564401,48.3947119924457,28.045325779036823,16.210261252754172,3.1318854265029903,4,12.13932561551302,4.304188528935542,48.3947119924457,28.045325779036823,16.210261252754172,3.1318854265029903,27,low_solar,-1.6773774399234167,-0.7764419643711413,48.3947119924457,28.045325779036823,16.210261252754172,3.1318854265029903
53,PL,2023,11,10.91655909791866,3.8163468721575966,48.3947119924457,28.04532577903682,16.210261252754172,3.1318854265029903,3,10.5512851890679,4.311746243297189,48.3947119924457,28.045325779036823,16.210261252754172,3.1318854265029903,27,low_solar,0.36527390885076017,-0.4953993711395923,48.3947119924457,28.04532577903682,16.210261252754172,3.1318854265029903
54,PL,2024,2,11.347013617334186,3.603793896541783,50.75115275918489,30.83444890673806,15.915513907481776,2.9599881005503494,3,10.275100652179503,4.135043272604427,50.75115275918488,30.834448906738064,15.915513907481776,2.9599881005503494,26,low_solar,1.0719129651546826,-0.5312493760626436,50.75115275918489,30.83444890673806,15.915513907481776,2.9599881005503494
55,PL,2024,10,10.921955091819664,4.9288694792658525,50.75115275918489,30.83444890673806,15.915513907481776,2.9599881005503494,3,12.634114488390138,5.838645723066572,50.75115275918489,30.83444890673806,15.915513907481776,2.95998810055035,28,low_solar,-1.712159396570474,-0.9097762438007191,50.75115275918489,30.83444890673806,15.915513907481776,2.9599881005503494
0,CZ,2019,1,6.225987982334665,2.8652148188793536,26.48425400103252,10.583376355188435,1.755291688177594,9.91223541559112,3,6.586376352955271,4.0406320498282815,26.48425400103252,10.583376355188435,1.7552916881775942,9.912235415591121,28,low_wind,-0.3603883706206057,-1.175417230948928,26.48425400103252,10.583376355188435,1.755291688177594,9.91223541559112
1,CZ,2019,2,6.335456912089342,3.56155463665208,26.48425400103252,10.583376355188435,1.755291688177594,9.91223541559112,3,7.3301013404600806,3.885937925082432,26.48425400103252,10.583376355188435,1.7552916881775942,9.91223541559112,25,low_wind,-0.994644428370739,-0.32438328843035213,26.48425400103252,10.583376355188435,1.755291688177594,9.91223541559112
2,CZ,2020,11,7.647866588195671,4.3877409842508,27.099841521394612,10.829371368198627,1.7960908610670894,10.142630744849445,3,8.181738636391925,4.725931986714451,27.099841521394612,10.829371368198625,1.7960908610670894,10.142630744849445,27,low_wind,-0.5338720481962538,-0.33819100246365075,27.099841521394612,10.829371368198627,1.7960908610670894,10.142630744849445
3,CZ,2021,2,7.005705115903539,6.9703663652464956,27.4219163578613,11.011116993118051,1.7998941238750663,10.26998411858126,1,9.692574911287425,6.412079219788912,27.4219163578613,11.011116993118051,1.7998941238750663,10.26998411858126,27,low_wind,-2.6868697953838856,0.5582871454575837,27.4219163578613,11.011116993118051,1.7998941238750663,10.26998411858126
4,CZ,2021,3,10.168928578377308,6.025733300346688,27.4219163578613,11.011116993118051,1.7998941238750663,10.26998411858126,2,9.0730121289807,5.903913183906022,27.4219163578613,11.011116993118051,1.7998941238750663,10.26998411858126,29,low_wind,1.0959164493966078,0.1218201164406656,27.4219163578613,11.011116993118051,1.7998941238750663,10.26998411858126
5,CZ,2021,10,4.295306723892966,4.1145957128933555,27.421916357861296,11.011116993118051,1.799894123875066,10.26998411858126,3,7.094046480943402,4.469388157146161,27.4219163578613,11.011116993118051,1.7998941238750663,10.26998411858126,28,low_wind,-2.798739757050436,-0.35479244425280587,27.421916357861296,11.011116993118051,1.799894123875066,10.26998411858126
6,CZ,2022,5,7.673972586995349,6.506622871898507,32.76283618581907,17.359413202933986,1.6625916870415651,9.486552567237164,4,7.704203533289954,6.736420757574329,32.76283618581907,17.359413202933986,1.6625916870415651,9.486552567237164,27,low_wind,-0.030230946294604877,-0.22979788567582204,32.76283618581907,17.359413202933986,1.6625916870415651,9.486552567237164
7,CZ,2023,8,9.781662689130858,10.614924031788398,35.53062178588126,20.66386161757831,1.729780271154745,9.069658719027581,4,8.078728667188171,10.069479525922967,35.53062178588126,20.66386161757831,1.729780271154745,9.069658719027581,27,low_wind,1.7029340219426867,0.5454445058654311,35.53062178588126,20.66386161757831,1.729780271154745,9.069658719027581
8,CZ,2023,9,9.0982041736863,10.1496017002476,35.53062178588126,20.66386161757831,1.729780271154745,9.069658719027581,3,9.255811579689142,10.815044862566738,35.53062178588126,20.66386161757831,1.729780271154745,9.069658719027581,27,low_wind,-0.1576074060028425,-0.6654431623191392,35.53062178588126,20.66386161757831,1.729780271154745,9.069658719027581
9,CZ,2024,7,10.787023906283864,10.655801323354439,39.24458774758177,24.550898203592812,1.7503454629203132,8.935974205435283,2,10.179037194023506,9.680091858240832,39.24458774758177,24.550898203592812,1.7503454629203132,8.935974205435283,29,low_wind,0.6079867122603577,0.9757094651136065,39.24458774758177,24.550898203592812,1.7503454629203132,8.935974205435283
10,CZ,2024,8,9.841796694554365,6.46395697491117,39.24458774758177,24.550898203592812,1.7503454629203132,8.935974205435283,1,9.182405969966261,10.435170228139087,39.24458774758177,24.550898203592812,1.7503454629203132,8.935974205435283,30,low_wind,0.6593907245881034,-3.9712132532279174,39.24458774758177,24.550898203592812,1.7503454629203132,8.935974205435283
11,CZ,2024,10,8.048901253115197,6.358570430089749,39.24458774758177,24.550898203592812,1.7503454629203132,8.935974205435283,3,10.144336526650088,8.30128786269362,39.24458774758177,24.550898203592812,1.7503454629203132,8.935974205435283,28,low_wind,-2.095435273534891,-1.942717432603871,39.24458774758177,24.550898203592812,1.7503454629203132,8.935974205435283
12,CZ,2024,11,8.849854183839511,4.48797854694641,39.24458774758177,24.550898203592812,1.7503454629203132,8.935974205435283,4,9.843409153768953,4.893357203379656,39.24458774758177,24.550898203592812,1.7503454629203132,8.935974205435283,26,low_wind,-0.9935549699294413,-0.4053786564332462,39.24458774758177,24.550898203592812,1.7503454629203132,8.935974205435283
13,CZ,2024,12,6.062240690913976,4.495318071834847,39.24458774758177,24.550898203592812,1.7503454629203135,8.935974205435283,5,8.965525051484162,4.255862377501303,39.24458774758177,24.550898203592812,1.7503454629203132,8.935974205435283,26,low_wind,-2.9032843605701864,0.23945569433354397,39.24458774758177,24.550898203592812,1.7503454629203135,8.935974205435283
14,DE,2019,1,6.977195501624375,3.3804667257481786,62.35907591958355,23.154700800348845,28.29292222716826,6.978751237769925,3,7.3361875380252926,2.725826637106107,62.35907591958355,23.154700800348845,28.292922227168255,6.9787512377699255,28,low_wind,-0.3589920364009176,0.6546400886420716,62.35907591958355,23.154700800348845,28.29292222716826,6.978751237769925
15,DE,2019,2,10.994059012777887,6.550156236004628,62.35907591958355,23.154700800348845,28.292922227168255,6.9787512377699255,4,8.062902700922708,3.4635239164912934,62.35907591958355,23.154700800348845,28.29292222716826,6.978751237769925,24,low_wind,2.9311563118551796,3.0866323195133343,62.35907591958355,23.154700800348845,28.292922227168255,6.9787512377699255
16,DE,2021,4,10.945814884806758,3.311197791918792,66.54148054989376,27.303439004293335,28.721974066525004,6.683290689101869,3,13.76043317994727,5.276948269835376,66.54148054989376,27.303439004293335,28.721974066525004,6.683290689101868,27,low_wind,-2.8146182951405123,-1.9657504779165844,66.54148054989376,27.303439004293335,28.721974066525004,6.683290689101869
17,DE,2021,6,19.077949675717434,7.663150831082821,66.54148054989376,27.303439004293335,28.721974066525004,6.683290689101868,7,18.324070160219534,7.872091221439749,66.54148054989376,27.303439004293335,28.721974066525007,6.683290689101868,23,low_wind,0.7538795154978999,-0.20894039035692824,66.54148054989376,27.303439004293335,28.721974066525004,6.683290689101868
18,DE,2022,3,14.825272812246405,7.440574907456945,68.48119950902922,30.865376130155397,27.872219236107217,6.182060312392199,3,11.604952918841539,4.986793399451332,68.48119950902922,30.865376130155397,27.872219236107217,6.1820603123922,28,low_wind,3.2203198934048665,2.453781508005613,68.48119950902922,30.865376130155397,27.872219236107217,6.182060312392199
19,DE,2022,5,19.16946378962206,7.799852518864415,68.48119950902922,30.865376130155397,27.872219236107217,6.182060312392199,3,17.719056250698248,7.886178460388542,68.48119950902922,30.865376130155397,27.872219236107217,6.1820603123922,28,low_wind,1.4504075389238125,-0.08632594152412665,68.48119950902922,30.865376130155397,27.872219236107217,6.182060312392199
20,DE,2022,10,11.37448388647315,8.53698037048973,68.48119950902922,30.865376130155397,27.872219236107217,6.182060312392199,3,13.015480723813326,5.153930116847945,68.48119950902922,30.865376130155397,27.872219236107217,6.1820603123922,28,low_wind,-1.6409968373401753,3.383050253641784,68.48119950902922,30.865376130155397,27.872219236107217,6.182060312392199
21,DE,2022,12,7.929456996687387,1.8078622976472012,68.48119950902922,30.865376130155397,27.872219236107217,6.182060312392199,4,8.32442441702283,3.863650280960795,68.48119950902922,30.865376130155397,27.872219236107217,6.182060312392199,27,low_wind,-0.3949674203354423,-2.0557879833135937,68.48119950902922,30.865376130155397,27.872219236107217,6.182060312392199
22,DE,2023,2,9.971558755068688,3.831665263454121,71.36006745007114,34.81470050211158,27.403096982060994,5.76524966312604,4,10.019932972653516,4.246413950920358,71.36006745007114,34.81470050211158,27.403096982060998,5.765249663126039,24,low_wind,-0.048374217584827406,-0.41474868746623716,71.36006745007114,34.81470050211158,27.403096982060994,5.76524966312604
23,DE,2023,9,24.427300132716017,11.145049216608477,71.36006745007114,34.81470050211158,27.403096982060994,5.76524966312604,4,20.699110634212353,9.271451047664575,71.36006745007114,34.81470050211158,27.403096982060994,5.76524966312604,26,low_wind,3.7281894985036637,1.8735981689439019,71.36006745007114,34.81470050211158,27.403096982060994,5.76524966312604
24,DE,2024,12,10.658125673906556,4.916558959514436,72.61189437364733,37.26447383887763,26.936932576422834,5.2954924182184016,4,10.957834554105288,4.658726775031724,72.61189437364733,37.26447383887763,26.936932576422834,5.2954924182184016,27,low_wind,-0.29970888019873243,0.2578321844827123,72.61189437364733,37.26447383887763,26.936932576422834,5.2954924182184016
25,FI,2019,4,6.156260639447868,8.079750708889266,38.481012658227854,0.08438818565400845,20.42194092827004,0.0,3,4.574770976394817,7.433915940913301,38.481012658227854,0.08438818565400842,20.42194092827004,0.0,27,low_wind,1.581489663053051,0.6458347679759653,38.481012658227854,0.08438818565400845,20.42194092827004,0.0
26,FI,2019,8,8.812799008701516,11.8457651974198,38.481012658227854,0.08438818565400845,20.42194092827004,0.0,3,7.684861221218953,10.144577780452071,38.48101265822785,0.08438818565400844,20.42194092827004,0.0,28,low_wind,1.127937787482563,1.7011874169677288,38.481012658227854,0.08438818565400845,20.42194092827004,0.0
27,FI,2019,12,5.83055958083348,8.954684999699865,38.481012658227854,0.08438818565400845,20.42194092827004,0.0,3,6.654787116567518,6.372592391441168,38.48101265822785,0.08438818565400844,20.42194092827004,0.0,28,low_wind,-0.8242275357340381,2.582092608258696,38.481012658227854,0.08438818565400845,20.42194092827004,0.0
28,FI,2021,1,4.3004348588624834,3.202566035533171,51.43256464011182,0.13976240391334735,35.77917540181692,0.0,1,5.932100688123431,4.950546705838322,51.43256464011181,0.13976240391334735,35.77917540181692,0.0,30,low_wind,-1.6316658292609478,-1.747980670305151,51.43256464011182,0.13976240391334735,35.77917540181692,0.0
29,FI,2021,2,5.437198053875127,5.0660236975911435,51.43256464011182,0.13976240391334735,35.77917540181692,0.0,5,6.2767472287222175,5.1875421104890895,51.43256464011182,0.13976240391334735,35.77917540181692,0.0,23,low_wind,-0.8395491748470905,-0.12151841289794607,51.43256464011182,0.13976240391334735,35.77917540181692,0.0
30,FI,2022,2,5.46028379429749,3.3882305282784966,50.87310826542492,0.17462165308498254,38.53317811408615,0.0,3,7.286078326423727,4.604001460986005,50.87310826542492,0.17462165308498254,38.53317811408615,0.0,25,low_wind,-1.8257945321262374,-1.2157709327075086,50.87310826542492,0.17462165308498254,38.53317811408615,0.0
31,FI,2022,3,7.506530940718333,3.4300181539614387,50.87310826542492,0.17462165308498254,38.53317811408615,0.0,4,6.430013974131286,3.2407395739319247,50.87310826542492,0.17462165308498254,38.53317811408615,0.0,27,low_wind,1.0765169665870475,0.18927858002951403,50.87310826542492,0.17462165308498254,38.53317811408615,0.0
32,FI,2022,4,4.570334068168033,4.081913095724862,50.87310826542492,0.17462165308498254,38.53317811408615,0.0,3,5.407863887414243,5.425612466800102,50.87310826542492,0.17462165308498254,38.53317811408615,0.0,27,low_wind,-0.8375298192462104,-1.3436993710752398,50.87310826542492,0.17462165308498254,38.53317811408615,0.0
33,FI,2022,11,7.297353318268761,3.4615479204845236,50.87310826542492,0.17462165308498254,38.53317811408615,0.0,1,6.95753415954447,2.6766424917901626,50.87310826542492,0.1746216530849825,38.53317811408615,0.0,29,low_wind,0.3398191587242909,0.7849054286943611,50.87310826542492,0.17462165308498254,38.53317811408615,0.0
34,FI,2022,12,6.28000385487941,2.241242849611949,50.87310826542492,0.17462165308498254,38.53317811408615,0.0,4,7.944134112104034,5.309851465681633,50.87310826542492,0.17462165308498254,38.53317811408615,0.0,27,low_wind,-1.664130257224624,-3.068608616069684,50.87310826542492,0.17462165308498254,38.53317811408615,0.0
35,FI,2023,4,7.887485984307792,7.341234144042333,57.352143244709715,0.2712967986977754,44.60119370591428,0.0,3,6.447162983096848,7.116141532041003,57.35214324470972,0.2712967986977754,44.60119370591428,0.0,27,low_wind,1.4403230012109436,0.22509261200132968,57.352143244709715,0.2712967986977754,44.60119370591428,0.0
36,FI,2023,6,6.780560397463772,6.577794485826101,57.35214324470972,0.2712967986977754,44.60119370591428,0.0,5,6.025564983721997,7.674838260132591,57.35214324470972,0.2712967986977754,44.60119370591428,0.0,25,low_wind,0.7549954137417743,-1.0970437743064902,57.35214324470972,0.2712967986977754,44.60119370591428,0.0
37,FI,2023,8,3.493447874690151,5.988802196211803,57.352143244709715,0.2712967986977754,44.60119370591428,0.0,3,5.328847381349538,5.665630948667759,57.35214324470972,0.2712967986977754,44.60119370591428,0.0,28,low_wind,-1.8353995066593871,0.32317124754404425,57.352143244709715,0.2712967986977754,44.60119370591428,0.0
38,FI,2023,10,4.762475444507864,3.4738976459769813,57.352143244709715,0.2712967986977754,44.60119370591428,0.0,6,6.484972799298838,6.260426273880939,57.35214324470972,0.2712967986977754,44.60119370591428,0.0,25,low_wind,-1.722497354790974,-2.786528627903958,57.352143244709715,0.2712967986977754,44.60119370591428,0.0
39,FI,2023,11,5.564803276261603,4.3441695584259605,57.352143244709715,0.2712967986977754,44.60119370591428,0.0,3,6.510289194717561,5.005212411466807,57.35214324470972,0.2712967986977754,44.60119370591428,0.0,27,low_wind,-0.9454859184559581,-0.6610428530408461,57.352143244709715,0.2712967986977754,44.60119370591428,0.0
40,FI,2023,12,6.057200737651379,2.5318957095836594,57.35214324470972,0.2712967986977754,44.60119370591428,0.0,7,6.936764468126621,4.512896060963022,57.352143244709715,0.2712967986977754,44.60119370591428,0.0,24,low_wind,-0.8795637304752422,-1.9810003513793624,57.35214324470972,0.2712967986977754,44.60119370591428,0.0
41,FI,2024,3,6.015194281570539,1.7635045196882553,63.03930968360498,7.238734419942474,44.72674976030681,0.0,4,8.521597385912854,7.88452130393202,63.039309683604976,7.238734419942474,44.72674976030681,0.0,27,low_wind,-2.506403104342315,-6.121016784243765,63.03930968360498,7.238734419942474,44.72674976030681,0.0
42,FI,2024,5,4.993283461190255,6.192507694934062,63.03930968360498,7.238734419942474,44.72674976030681,0.0,6,7.835863665853371,8.982003383710405,63.03930968360499,7.238734419942474,44.72674976030681,0.0,25,low_wind,-2.8425802046631166,-2.7894956887763422,63.03930968360498,7.238734419942474,44.72674976030681,0.0
43,FI,2024,6,5.54164277499784,5.459232325222689,63.03930968360498,7.238734419942474,44.72674976030681,0.0,3,4.849335053083814,3.815076008728528,63.039309683604976,7.238734419942474,44.72674976030681,0.0,27,low_wind,0.6923077219140259,1.6441563164941608,63.03930968360498,7.238734419942474,44.72674976030681,0.0
44,FI,2024,8,4.830534687413724,8.222016248664664,63.03930968360498,7.238734419942474,44.72674976030681,0.0,3,6.1613042942089065,8.285701739580812,63.03930968360498,7.238734419942474,44.72674976030681,0.0,28,low_wind,-1.3307696067951822,-0.06368549091614817,63.03930968360498,7.238734419942474,44.72674976030681,0.0
45,PL,2019,10,13.543030950133945,1.7954711994561119,29.450800915331815,7.940503432494281,15.034324942791763,4.462242562929062,3,10.62532888286689,3.735818311854683,29.450800915331815,7.940503432494281,15.034324942791764,4.462242562929062,28,low_wind,2.9177020672670544,-1.9403471123985712,29.450800915331815,7.940503432494281,15.034324942791763,4.462242562929062
46,PL,2020,12,7.197517501148027,4.607969283614313,35.11868533171029,13.511868533171025,16.129032258064516,4.159058632582674,1,10.069983263504193,3.9640154022312077,35.11868533171029,13.511868533171025,16.129032258064516,4.159058632582674,30,low_wind,-2.8724657623561667,0.6439538813831054,35.11868533171029,13.511868533171025,16.129032258064516,4.159058632582674
47,PL,2021,1,8.917786352029506,2.647235416054852,41.19491056610731,19.620136455836253,16.559100129079845,3.7986354416374692,2,10.597469408377155,2.681082355380066,41.19491056610731,19.620136455836253,16.559100129079845,3.7986354416374692,29,low_wind,-1.679683056347649,-0.033846939325213654,41.19491056610731,19.620136455836253,16.559100129079845,3.7986354416374692
48,PL,2021,3,9.467161668767043,3.7716423116416897,41.19491056610731,19.620136455836253,16.559100129079845,3.7986354416374692,3,9.51485059699988,3.8657458208341873,41.19491056610731,19.620136455836253,16.559100129079845,3.7986354416374692,28,low_wind,-0.04768892823283721,-0.09410350919249755,41.19491056610731,19.620136455836253,16.559100129079845,3.7986354416374692
49,PL,2021,8,10.841655003244144,3.5501190938180684,41.19491056610731,19.620136455836253,16.559100129079845,3.7986354416374692,3,10.213086861659013,4.664696429134482,41.19491056610731,19.620136455836253,16.559100129079845,3.7986354416374692,28,low_wind,0.6285681415851307,-1.1145773353164135,41.19491056610731,19.620136455836253,16.559100129079845,3.7986354416374692
50,PL,2021,12,7.697214265381429,5.075501435106935,41.19491056610731,19.620136455836253,16.559100129079845,3.7986354416374692,3,9.436061072309839,3.3946633264946433,41.19491056610731,19.620136455836253,16.559100129079845,3.7986354416374692,28,low_wind,-1.73884680692841,1.680838108612292,41.19491056610731,19.620136455836253,16.559100129079845,3.7986354416374692
51,PL,2022,4,6.046616438370258,4.3031196870215584,44.77537437603994,24.30948419301165,15.940099833610649,3.4276206322795337,5,9.265178989370623,3.05174919154922,44.77537437603994,24.30948419301165,15.94009983361065,3.427620632279534,25,low_wind,-3.2185625510003657,1.2513704954723384,44.77537437603994,24.30948419301165,15.940099833610649,3.4276206322795337
52,PL,2022,5,7.633159744765527,3.810454123042441,44.77537437603994,24.30948419301165,15.940099833610649,3.427620632279534,2,8.79122204663822,3.736308923703936,44.77537437603994,24.30948419301165,15.940099833610649,3.427620632279534,29,low_wind,-1.1580623018726932,0.07414519933850494,44.77537437603994,24.30948419301165,15.940099833610649,3.427620632279534
53,PL,2022,9,10.283447032523851,0.24850544143957484,44.77537437603994,24.309484193011645,15.94009983361065,3.427620632279534,3,11.537534899980507,1.2937770500056536,44.775374376039935,24.30948419301165,15.940099833610649,3.427620632279534,27,low_wind,-1.254087867456656,-1.0452716085660787,44.77537437603994,24.309484193011645,15.94009983361065,3.427620632279534
54,PL,2022,11,10.624223350787183,1.4305286275385787,44.77537437603994,24.30948419301165,15.940099833610649,3.427620632279534,4,11.011277217927653,1.6372387223598923,44.77537437603995,24.30948419301165,15.940099833610649,3.427620632279534,26,low_wind,-0.3870538671404695,-0.20671009482131364,44.77537437603994,24.30948419301165,15.940099833610649,3.427620632279534
55,PL,2023,1,13.017836262327073,1.7795323221291561,48.3947119924457,28.045325779036823,16.210261252754172,3.1318854265029903,4,10.189718498269654,2.9162787196192657,48.3947119924457,28.045325779036823,16.210261252754172,3.1318854265029903,27,low_wind,2.828117764057419,-1.1367463974901095,48.3947119924457,28.045325779036823,16.210261252754172,3.1318854265029903
56,PL,2023,2,10.365537227314658,4.408007501320496,48.3947119924457,28.045325779036823,16.210261252754172,3.1318854265029903,5,9.575565190707264,3.106833314269194,48.39471199244571,28.045325779036826,16.210261252754172,3.1318854265029903,23,low_wind,0.7899720366073932,1.3011741870513016,48.3947119924457,28.045325779036823,16.210261252754172,3.1318854265029903
57,PL,2023,3,11.216295294039814,3.5776518220112155,48.3947119924457,28.045325779036823,16.210261252754172,3.1318854265029903,2,10.66223551836573,4.682716275336103,48.3947119924457,28.045325779036823,16.210261252754172,3.1318854265029903,29,low_wind,0.5540597756740837,-1.105064453324888,48.3947119924457,28.045325779036823,16.210261252754172,3.1318854265029903
58,PL,2023,6,16.543164849388607,6.596480191767135,48.3947119924457,28.04532577903682,16.210261252754172,3.1318854265029903,3,15.893247589857575,5.983809023794362,48.3947119924457,28.045325779036823,16.210261252754172,3.1318854265029903,27,low_wind,0.6499172595310316,0.6126711679727732,48.3947119924457,28.04532577903682,16.210261252754172,3.1318854265029903
59,PL,2023,9,15.603596748725938,6.124378859491468,48.3947119924457,28.045325779036823,16.210261252754172,3.1318854265029903,5,14.596721467518552,5.212908724825087,48.3947119924457,28.04532577903682,16.210261252754172,3.1318854265029903,25,low_wind,1.0068752812073853,0.9114701346663816,48.3947119924457,28.045325779036823,16.210261252754172,3.1318854265029903
60,PL,2024,11,12.582092584244258,3.7036113912845523,50.75115275918489,30.83444890673806,15.915513907481776,2.9599881005503494,6,9.833503197239157,4.782348864022031,50.75115275918489,30.83444890673806,15.915513907481776,2.9599881005503494,24,low_wind,2.748589387005101,-1.0787374727374783,50.75115275918489,30.83444890673806,15.915513907481776,2.9599881005503494
61,PL,2024,12,9.63240987904371,5.081854252963624,50.75115275918489,30.83444890673806,15.915513907481776,2.9599881005503494,5,9.864315142036874,3.527763648820794,50.75115275918488,30.834448906738064,15.915513907481776,2.9599881005503494,26,low_wind,-0.23190526299316438,1.55409060414283,50.75115275918489,30.83444890673806,15.915513907481776,2.9599881005503494
