,country,year,month,total_generation_cv_mean_extreme,wind_generation_cv_mean_extreme,solar_generation_cv_mean_extreme,water_generation_cv_mean_extreme,traiding_share_mean_extreme,renew_share_mean_extreme,solar_share_mean_extreme,wind_share_mean_extreme,water_share_mean_extreme,days_extreme,total_generation_cv_mean_normal,wind_generation_cv_mean_normal,solar_generation_cv_mean_normal,water_generation_cv_mean_normal,traiding_share_mean_normal,renew_share_mean_normal,solar_share_mean_normal,wind_share_mean_normal,water_share_mean_normal,days_normal,event_type,solar_generation_cv_mean_delta,wind_generation_cv_mean_delta,water_generation_cv_mean_delta,total_generation_cv_mean_delta,traiding_share_delta,renew_share,solar_share,wind_share,water_share
0,CZ,2019,1,6.892609869993101,0.3071857116969802,0.9376788548053043,2.3577684771781757,4.130855349913222,26.48425400103252,10.583376355188435,1.7552916881775944,9.91223541559112,19,6.0114095249902215,0.2002388776407188,1.5539837290861571,2.96500349990549,3.603924183623226,26.48425400103252,10.583376355188435,1.755291688177594,9.91223541559112,12,low_soil,-0.6163048742808528,0.10694683405626143,-0.6072350227273144,0.8812003450028794,0.5269311662899963,26.48425400103252,10.583376355188435,1.7552916881775944,9.91223541559112
1,CZ,2019,2,7.745619322463818,0.22305159181220527,2.138256797361229,2.7053066960995666,4.327560986695671,26.48425400103252,10.583376355188436,1.7552916881775942,9.91223541559112,15,6.621124185447136,0.2685900804365146,3.8898288700500347,2.5490621993162987,3.301515172044768,26.48425400103252,10.583376355188433,1.7552916881775942,9.91223541559112,13,low_soil,-1.7515720726888055,-0.04553848862430934,0.1562444967832679,1.124495137016682,1.026045814650903,26.48425400103252,10.583376355188436,1.7552916881775942,9.91223541559112
2,CZ,2019,3,8.173519563114144,0.3225212557492843,3.8464711982625617,3.5659451365970134,4.8576938859300585,26.484254001032518,10.583376355188435,1.7552916881775942,9.91223541559112,10,7.921814113345394,0.3455225757890182,3.8755744996369166,3.3493408723369513,4.72833558319773,26.48425400103252,10.583376355188435,1.7552916881775942,9.91223541559112,21,low_soil,-0.029103301374354906,-0.023001320039733875,0.21660426426006207,0.25170544976875053,0.12935830273232884,26.484254001032518,10.583376355188435,1.7552916881775942,9.91223541559112
3,CZ,2019,4,7.891419604462708,0.39655177662436,6.049307763392614,3.7710011401012022,5.942604820025105,26.48425400103252,10.583376355188433,1.7552916881775942,9.91223541559112,13,8.526644648805387,0.2315881114902779,5.2075657880213715,3.0616232691524825,4.8515052490711055,26.48425400103252,10.583376355188435,1.7552916881775942,9.91223541559112,17,low_soil,0.8417419753712423,0.1649636651340821,0.7093778709487197,-0.635225044342679,1.0910995709539995,26.48425400103252,10.583376355188433,1.7552916881775942,9.91223541559112
4,CZ,2019,6,9.113613391100499,0.2051955653453912,7.655592345538931,3.1275511725202523,5.109566199138372,26.48425400103252,10.583376355188435,1.755291688177594,9.91223541559112,6,8.188537208414404,0.27897323645846733,6.071599872111527,2.451123195205377,5.647561036785206,26.48425400103252,10.583376355188435,1.755291688177594,9.91223541559112,24,low_soil,1.5839924734274042,-0.07377767111307612,0.6764279773148751,0.9250761826860945,-0.537994837646834,26.48425400103252,10.583376355188435,1.755291688177594,9.91223541559112
5,CZ,2019,7,8.033805794123486,0.24683865460829837,5.430830812447492,3.326567257996877,5.867957789503178,26.48425400103252,10.583376355188435,1.7552916881775942,9.912235415591121,7,8.465205030444814,0.2456804006143706,6.2721591048111565,3.0797609923981426,5.496301728657229,26.48425400103252,10.583376355188435,1.755291688177594,9.91223541559112,24,low_soil,-0.8413282923636647,0.0011582539939277714,0.24680626559873442,-0.4313992363213277,0.3716560608459494,26.48425400103252,10.583376355188435,1.7552916881775942,9.912235415591121
6,CZ,2019,8,7.854266262639243,0.17707050344873226,5.606678139414664,2.5867570069906214,5.251584843014423,26.48425400103252,10.583376355188435,1.7552916881775942,9.912235415591121,14,7.313655981702787,0.23302061567990823,5.165071984584414,3.0982232854580882,4.522918897436294,26.48425400103252,10.583376355188435,1.7552916881775942,9.91223541559112,17,low_soil,0.4416061548302501,-0.055950112231175964,-0.5114662784674668,0.5406102809364555,0.728665945578129,26.48425400103252,10.583376355188435,1.7552916881775942,9.912235415591121
7,CZ,2019,9,6.442427273234951,0.2215134326888937,4.2785014217972,3.0026318017806646,4.132258807035303,26.48425400103252,10.583376355188435,1.7552916881775942,9.91223541559112,8,6.748213655178804,0.3153872365447698,4.53221148820935,2.982123089168854,3.901821810772037,26.48425400103252,10.583376355188435,1.7552916881775942,9.91223541559112,22,low_soil,-0.25371006641214944,-0.0938738038558761,0.02050871261181042,-0.30578638194385377,0.23043699626326575,26.48425400103252,10.583376355188435,1.7552916881775942,9.91223541559112
8,CZ,2019,10,7.798620353317526,0.30844763203661124,2.62081035413057,2.659921820538845,4.381200298452254,26.484254001032518,10.583376355188435,1.7552916881775942,9.91223541559112,10,7.428762160664457,0.24069365017967853,3.60143077883222,3.0831752518212006,4.577917087237618,26.48425400103252,10.583376355188435,1.7552916881775942,9.91223541559112,21,low_soil,-0.9806204247016503,0.06775398185693271,-0.4232534312823555,0.3698581926530693,-0.19671678878536447,26.484254001032518,10.583376355188435,1.7552916881775942,9.91223541559112
9,CZ,2019,11,7.574960029547548,0.22738312380179143,1.417385611546999,2.8460631885679666,4.882449994883879,26.48425400103252,10.583376355188433,1.7552916881775942,9.91223541559112,13,8.792397158893609,0.36021666754965603,1.2490751811731884,2.411919911517585,4.623388420510239,26.48425400103252,10.583376355188435,1.7552916881775942,9.91223541559112,17,low_soil,0.16831043037381055,-0.1328335437478646,0.43414327705038147,-1.2174371293460604,0.2590615743736393,26.48425400103252,10.583376355188433,1.7552916881775942,9.91223541559112
10,CZ,2020,4,12.029208718581527,0.2618782291709479,5.6992913694627125,5.335620831538367,10.557073031115761,27.099841521394612,10.829371368198627,1.7960908610670894,10.142630744849445,3,10.549493287281884,0.3559370816257275,7.800809734844199,5.458227811178616,9.70572547424908,27.099841521394612,10.829371368198625,1.7960908610670894,10.142630744849445,27,low_soil,-2.1015183653814864,-0.09405885245477963,-0.12260697964024914,1.4797154312996437,0.8513475568666813,27.099841521394612,10.829371368198627,1.7960908610670894,10.142630744849445
11,CZ,2020,5,6.394767308406017,0.3327402367169351,5.4001243916499915,3.860138072742603,8.349798509201571,27.099841521394616,10.829371368198625,1.7960908610670896,10.142630744849445,5,9.592286928458371,0.32211969210264263,5.830878048403003,4.471272050309353,8.922529306361627,27.099841521394612,10.829371368198625,1.7960908610670894,10.142630744849445,26,low_soil,-0.43075365675301125,0.01062054461429246,-0.6111339775667499,-3.197519620052354,-0.5727307971600553,27.099841521394616,10.829371368198625,1.7960908610670896,10.142630744849445
12,CZ,2021,10,7.41951336949071,0.2821551409993675,3.3984413887343536,2.7984856164985454,4.414710925968936,27.4219163578613,11.011116993118051,1.7998941238750663,10.26998411858126,5,6.708525184255408,0.2677539093448415,4.27408580415641,3.3942907766002643,4.43896541957415,27.4219163578613,11.01111699311805,1.7998941238750663,10.26998411858126,26,low_soil,-0.8756444154220566,0.014401231654526003,-0.5958051601017189,0.7109881852353022,-0.024254493605214478,27.4219163578613,11.011116993118051,1.7998941238750663,10.26998411858126
13,CZ,2021,11,7.856880412813894,0.32102086306362465,1.9439384661276335,2.7602926995723798,5.059544970678998,27.421916357861296,11.011116993118051,1.799894123875066,10.26998411858126,3,6.973994319786133,0.2790581706608791,1.3038614950716256,2.6887852863682054,3.7864740798616707,27.4219163578613,11.011116993118051,1.7998941238750663,10.26998411858126,27,low_soil,0.6400769710560079,0.04196269240274553,0.07150741320417442,0.8828860930277607,1.2730708908173276,27.421916357861296,11.011116993118051,1.799894123875066,10.26998411858126
14,CZ,2021,12,7.825970026567113,0.2506519749246735,0.8642905133542118,2.9232516203197823,4.07257052301592,27.4219163578613,11.011116993118051,1.7998941238750663,10.26998411858126,17,5.950085964568832,0.2828451946110087,0.942075633248728,2.506857950391989,4.251372589036516,27.4219163578613,11.011116993118051,1.7998941238750663,10.26998411858126,14,low_soil,-0.0777851198945162,-0.032193219686335206,0.41639366992779303,1.8758840619982804,-0.17880206602059623,27.4219163578613,11.011116993118051,1.7998941238750663,10.26998411858126
15,CZ,2022,3,7.1085909392999005,0.19554405898759195,5.131075278610501,2.549059908640416,4.478630099569216,32.76283618581907,17.359413202933986,1.6625916870415651,9.486552567237164,9,6.914690443254796,0.25199470026953696,4.9771026381263574,2.585315538517607,4.577667938986379,32.76283618581907,17.359413202933986,1.6625916870415651,9.486552567237164,22,low_soil,0.1539726404841435,-0.05645064128194502,-0.036255629877191,0.19390049604510473,-0.09903783941716338,32.76283618581907,17.359413202933986,1.6625916870415651,9.486552567237164
16,CZ,2022,6,5.96163912449542,0.2659346103644504,5.473971504504538,2.1550820078680704,5.0118650501617985,32.76283618581907,17.359413202933986,1.6625916870415651,9.486552567237164,8,6.708381534988427,0.24668514309889955,6.396557655919657,1.7559558725157347,6.3044122986061675,32.76283618581907,17.359413202933986,1.6625916870415651,9.486552567237164,22,low_soil,-0.9225861514151186,0.019249467265550824,0.39912613535233565,-0.7467424104930069,-1.292547248444369,32.76283618581907,17.359413202933986,1.6625916870415651,9.486552567237164
17,CZ,2022,7,7.375588606407775,0.27917638981166165,6.081715940955832,3.0609128669266004,7.357988547756613,32.76283618581907,17.359413202933986,1.6625916870415651,9.486552567237164,11,5.775841410748052,0.2799017424994482,5.5875961575482895,2.953019548334103,7.904061367936895,32.76283618581907,17.359413202933986,1.6625916870415651,9.486552567237164,20,low_soil,0.4941197834075428,-0.0007253526877865624,0.10789331859249751,1.599747195659723,-0.5460728201802816,32.76283618581907,17.359413202933986,1.6625916870415651,9.486552567237164
18,CZ,2022,8,6.077955311273781,0.4119397702700944,7.215743457740517,3.7053191751961854,7.714478014457069,32.76283618581907,17.359413202933986,1.6625916870415651,9.486552567237164,4,6.6836700125838675,0.1558128993877468,5.028598341014607,2.7184518361961856,6.318076749845861,32.76283618581907,17.359413202933986,1.6625916870415651,9.486552567237164,27,low_soil,2.18714511672591,0.25612687088234753,0.9868673389999998,-0.6057147013100863,1.3964012646112076,32.76283618581907,17.359413202933986,1.6625916870415651,9.486552567237164
19,CZ,2023,10,9.481226606718874,0.39004311915762935,9.89136274538125,4.172518620936075,8.758683978011398,35.53062178588126,20.66386161757831,1.729780271154745,9.069658719027581,4,8.342858569368572,0.43401886668134954,5.211027455196619,3.1846730671510137,6.964454674581022,35.53062178588126,20.66386161757831,1.729780271154745,9.069658719027581,27,low_soil,4.6803352901846305,-0.04397574752372019,0.9878455537850614,1.1383680373503022,1.7942293034303756,35.53062178588126,20.66386161757831,1.729780271154745,9.069658719027581
20,CZ,2024,5,10.290621774239634,0.31270651745897166,11.208193833243566,3.823621882475902,12.009854245463876,39.24458774758177,24.550898203592812,1.7503454629203132,8.935974205435283,14,9.738125488679488,0.259673676928425,11.61236153562949,3.239320079676465,10.243804807723203,39.24458774758177,24.550898203592812,1.7503454629203132,8.935974205435283,17,low_soil,-0.4041677023859229,0.05303284053054663,0.5843018027994367,0.5524962855601459,1.7660494377406728,39.24458774758177,24.550898203592812,1.7503454629203132,8.935974205435283
21,CZ,2024,9,8.777406404912833,0.26835161773513116,9.419344900828472,2.7952539899222173,7.007700918877933,39.24458774758177,24.550898203592812,1.7503454629203135,8.935974205435283,10,8.138152166928036,0.33778062323800484,8.635421333186766,2.955499755116984,8.340481442191487,39.24458774758177,24.550898203592812,1.7503454629203135,8.935974205435283,20,low_soil,0.7839235676417058,-0.06942900550287368,-0.16024576519476685,0.6392542379847974,-1.3327805233135548,39.24458774758177,24.550898203592812,1.7503454629203135,8.935974205435283
22,DE,2019,1,7.802198501464124,6.230434701569876,1.638271166086051,1.4710244002939206,2.3553249011772626,62.359075919583546,23.154700800348845,28.292922227168255,6.9787512377699255,17,6.693390217477945,3.9577541103157174,3.893489438915927,1.9380395978149927,3.316001621157291,62.35907591958355,23.154700800348845,28.292922227168255,6.9787512377699255,14,low_soil,-2.255218272829876,2.2726805912541583,-0.4670151975210721,1.1088082839861793,-0.9606767199800283,62.359075919583546,23.154700800348845,28.292922227168255,6.9787512377699255
23,DE,2019,2,8.713888320754606,5.239943458733316,6.694314532611432,1.758200568627556,3.9677053820367263,62.359075919583546,23.154700800348845,28.292922227168255,6.9787512377699255,17,8.122709038220751,5.022725452977827,7.938737145685531,1.807608280715956,3.806746131380473,62.35907591958355,23.154700800348845,28.292922227168255,6.978751237769926,11,low_soil,-1.2444226130740992,0.21721800575548844,-0.0494077120884,0.5911792825338544,0.16095925065625316,62.359075919583546,23.154700800348845,28.292922227168255,6.9787512377699255
24,DE,2019,3,9.20370261113107,6.844939216715158,5.27460626934013,1.7983026846142554,3.564776662244849,62.359075919583546,23.154700800348845,28.292922227168255,6.9787512377699255,9,11.031932823223194,5.380519686936984,10.053447920759151,2.1266308363698205,4.674489189506136,62.35907591958355,23.154700800348845,28.292922227168255,6.978751237769926,22,low_soil,-4.778841651419021,1.4644195297781737,-0.3283281517555652,-1.8282302120921248,-1.1097125272612867,62.359075919583546,23.154700800348845,28.292922227168255,6.9787512377699255
25,DE,2019,7,12.796216709095228,5.091121932198992,15.467776947513238,1.5265730779260673,5.946341132511566,62.35907591958355,23.154700800348845,28.29292222716826,6.978751237769925,3,16.994058389042802,4.527876419845291,15.708651001536039,2.132620258849052,6.632781467649576,62.35907591958355,23.154700800348845,28.292922227168255,6.9787512377699255,28,low_soil,-0.24087405402280027,0.563245512353701,-0.6060471809229848,-4.197841679947574,-0.6864403351380108,62.35907591958355,23.154700800348845,28.29292222716826,6.978751237769925
26,DE,2019,9,16.96539230232518,3.9363983053794374,14.413179572487964,1.8463467407402263,6.925286253228973,62.35907591958355,23.154700800348845,28.29292222716826,6.978751237769925,3,13.767890065436719,5.674753729521841,12.53388497272455,2.253062809698375,5.771134964393527,62.359075919583546,23.154700800348845,28.29292222716825,6.9787512377699255,27,low_soil,1.8792945997634138,-1.7383554241424037,-0.4067160689581486,3.1975022368884627,1.154151288835446,62.35907591958355,23.154700800348845,28.29292222716826,6.978751237769925
27,DE,2019,10,11.515090471987666,7.857462421333873,7.699537034821132,2.178217224639273,6.114311879553094,62.35907591958355,23.154700800348845,28.292922227168255,6.9787512377699255,7,10.223245371842802,6.44948911531381,7.97893147833364,1.6490345553096393,4.103302577182826,62.35907591958355,23.154700800348845,28.29292222716826,6.978751237769925,24,low_soil,-0.27939444351250753,1.4079733060200628,0.5291826693296338,1.2918451001448634,2.011009302370268,62.35907591958355,23.154700800348845,28.292922227168255,6.9787512377699255
28,DE,2020,4,19.042118195213906,7.362708661508899,21.181504313907794,1.9734958211873235,7.3360199514362225,64.69207289702848,25.19166891103331,28.691983122362874,6.866415297603018,14,18.34419537970679,7.459347898848976,22.27216319485682,1.9548593126768954,7.42184420121731,64.69207289702848,25.19166891103331,28.691983122362874,6.866415297603018,16,low_soil,-1.0906588809490252,-0.09663923734007707,0.018636508510428085,0.6979228155071162,-0.08582424978108705,64.69207289702848,25.19166891103331,28.691983122362874,6.866415297603018
29,DE,2020,5,20.611160844165063,6.971291992198233,20.130049539939453,1.9314028832087335,7.238688703121387,64.69207289702848,25.19166891103331,28.691983122362874,6.866415297603018,19,18.540890055754605,5.845150195409243,19.660025241602185,1.862711632472168,6.586923358137027,64.69207289702848,25.191668911033315,28.691983122362874,6.866415297603017,12,low_soil,0.4700242983372682,1.12614179678899,0.06869125073656557,2.0702707884104576,0.6517653449843595,64.69207289702848,25.19166891103331,28.691983122362874,6.866415297603018
30,DE,2020,6,19.109430004867537,6.928544670073315,18.265005004779812,1.6516156838234801,7.8503551814669175,64.69207289702848,25.191668911033315,28.691983122362874,6.866415297603017,12,16.876433894350235,4.9149588040284975,16.688608738216406,1.5689996442111198,6.3938411520498155,64.69207289702848,25.19166891103331,28.691983122362874,6.866415297603018,18,low_soil,1.5763962665634068,2.013585866044817,0.0826160396123603,2.232996110517302,1.456514029417102,64.69207289702848,25.191668911033315,28.691983122362874,6.866415297603017
31,DE,2020,10,12.34631170438202,6.806629119731159,8.516668217742549,1.508602849623969,4.763981952903439,64.69207289702848,25.19166891103331,28.691983122362874,6.866415297603018,11,10.039929152641914,7.311356165960999,6.136778120882019,1.4500893720583006,3.4503821458315818,64.69207289702848,25.19166891103331,28.691983122362878,6.866415297603018,20,low_soil,2.37989009686053,-0.5047270462298394,0.05851347756566838,2.3063825517401053,1.3135998070718573,64.69207289702848,25.19166891103331,28.691983122362874,6.866415297603018
32,DE,2020,12,7.7372137401030905,4.6987792343675965,2.0336897358391925,1.0514975443278431,2.6275074126465925,64.69207289702848,25.19166891103331,28.691983122362874,6.866415297603018,11,8.474097679606672,8.37001814010466,3.532151644155145,1.3471319139361344,4.213676689231461,64.69207289702848,25.19166891103331,28.691983122362878,6.866415297603018,20,low_soil,-1.4984619083159525,-3.671238905737064,-0.29563436960829126,-0.7368839395035813,-1.5861692765848683,64.69207289702848,25.19166891103331,28.691983122362874,6.866415297603018
33,DE,2022,3,13.36784898310602,4.325405662051444,16.939286938091218,2.557156378036639,5.38177818569233,68.48119950902922,30.865376130155393,27.872219236107217,6.182060312392199,9,11.322902696197644,6.677451467362147,15.765074932380672,2.4417630323024877,5.159815283444417,68.48119950902922,30.8653761301554,27.872219236107217,6.182060312392199,22,low_soil,1.1742120057105456,-2.352045805310703,0.11539334573415116,2.0449462869083757,0.22196290224791237,68.48119950902922,30.865376130155393,27.872219236107217,6.182060312392199
34,DE,2022,6,15.744679138928705,5.108727924437031,19.325394112239742,3.528385132744229,4.812979944931322,68.48119950902922,30.865376130155397,27.872219236107217,6.182060312392199,4,19.69503685243549,5.912045358198512,22.973751913799312,3.37884664563285,8.424388704785919,68.48119950902922,30.865376130155393,27.872219236107217,6.182060312392199,26,low_soil,-3.6483578015595697,-0.8033174337614808,0.14953848711137896,-3.9503577135067847,-3.611408759854597,68.48119950902922,30.865376130155397,27.872219236107217,6.182060312392199
35,DE,2022,7,17.87642933358752,5.226695487914201,21.712719643872536,3.720456382290577,6.26937955861642,68.48119950902922,30.865376130155397,27.872219236107217,6.1820603123922,14,18.21518337095191,5.6163737388206005,20.88030041397978,3.3872513292909012,6.289669356723812,68.48119950902922,30.865376130155397,27.872219236107217,6.182060312392199,17,low_soil,0.8324192298927571,-0.3896782509063996,0.33320505299967573,-0.3387540373643887,-0.02028979810739262,68.48119950902922,30.865376130155397,27.872219236107217,6.1820603123922
36,DE,2022,8,16.754258409188953,3.957234694180212,19.54689461720087,2.9503267354701417,7.38072076632348,68.48119950902922,30.865376130155397,27.872219236107213,6.182060312392199,19,19.848550088107054,4.9781395298348015,24.379030589085747,3.8618798233025893,8.207409528750018,68.48119950902922,30.865376130155397,27.872219236107217,6.182060312392199,12,low_soil,-4.8321359718848775,-1.0209048356545893,-0.9115530878324476,-3.0942916789181005,-0.8266887624265378,68.48119950902922,30.865376130155397,27.872219236107213,6.182060312392199
37,DE,2022,9,13.676840639724395,5.033503515022787,16.571005480188322,3.1680678717097033,5.395320736982908,68.48119950902922,30.8653761301554,27.872219236107217,6.182060312392199,15,13.007948907048014,4.89667427337181,14.045384953306604,3.3382132774592796,4.881122747685739,68.48119950902922,30.8653761301554,27.872219236107217,6.182060312392199,15,low_soil,2.5256205268817187,0.1368292416509771,-0.17014540574957637,0.6688917326763804,0.5141979892971698,68.48119950902922,30.8653761301554,27.872219236107217,6.182060312392199
38,DE,2022,11,10.294620493976169,7.349221751049242,8.831719297908025,3.01997416012689,4.633780254093611,68.48119950902922,30.865376130155397,27.872219236107217,6.1820603123922,7,8.972725902814142,5.52662249405001,6.069069901770414,3.1583109357986436,3.740376594730941,68.48119950902922,30.865376130155397,27.872219236107213,6.182060312392199,23,low_soil,2.7626493961376113,1.822599256999232,-0.13833677567175373,1.3218945911620263,0.89340365936267,68.48119950902922,30.865376130155397,27.872219236107217,6.1820603123922
39,DE,2024,11,11.356439930787879,7.195442951426367,4.8919748707327075,2.5087258529347665,4.65822667508996,72.61189437364733,37.26447383887763,26.936932576422837,5.2954924182184016,11,11.660925994420372,6.687828883693421,8.314241171973217,3.1426962674017935,5.04048417169008,72.61189437364733,37.26447383887763,26.936932576422834,5.2954924182184016,19,low_soil,-3.4222663012405095,0.5076140677329457,-0.6339704144670271,-0.30448606363249375,-0.3822574966001202,72.61189437364733,37.26447383887763,26.936932576422837,5.2954924182184016
40,DE,2024,12,12.930430929526407,10.541619755947577,5.547321024440213,2.6577405792950617,4.320212520153861,72.61189437364733,37.26447383887763,26.936932576422834,5.2954924182184016,8,10.219590792185121,6.164626476534002,4.911336838954588,2.892385581021912,4.821311243594931,72.61189437364733,37.26447383887763,26.936932576422834,5.2954924182184016,23,low_soil,0.6359841854856247,4.3769932794135755,-0.2346450017268502,2.710840137341286,-0.5010987234410695,72.61189437364733,37.26447383887763,26.936932576422834,5.2954924182184016
41,FI,2019,9,10.002463794724546,4.237750382792995,0.0,9.482156079400433,7.875516466041122,38.481012658227854,0.08438818565400844,20.42194092827004,0.0,15,10.405524974177899,2.353791356731151,0.0,7.792029852486028,4.931151458954547,38.481012658227854,0.08438818565400844,20.42194092827004,0.0,15,low_soil,0.0,1.8839590260618437,1.6901262269144048,-0.40306117945335274,2.9443650070865752,38.481012658227854,0.08438818565400844,20.42194092827004,0.0
42,FI,2019,10,9.10592692323875,1.858979014762172,0.0,6.411647978226173,4.936938130719104,38.481012658227854,0.08438818565400844,20.42194092827004,0.0,8,9.041762273784062,2.702546801069893,0.0,6.441443766088721,6.138886672542798,38.481012658227854,0.08438818565400844,20.42194092827004,0.0,23,low_soil,0.0,-0.8435677863077209,-0.029795787862547662,0.06416464945468725,-1.2019485418236941,38.481012658227854,0.08438818565400844,20.42194092827004,0.0
43,FI,2020,5,4.750695084215661,2.8864712475012575,0.0,3.419277265892017,4.491080155918616,42.73301737756714,0.07898894154818326,25.118483412322274,0.0,17,3.3237912052360414,3.3143823307488165,0.0,2.6414684044598906,5.879999889138914,42.73301737756714,0.07898894154818326,25.118483412322274,0.0,14,low_soil,0.0,-0.427911083247559,0.7778088614321264,1.4269038789796191,-1.3889197332202983,42.73301737756714,0.07898894154818326,25.118483412322274,0.0
44,FI,2020,6,6.457321775178993,3.7363873508072434,0.0,6.1050093551236655,5.42636407965042,42.73301737756714,0.07898894154818326,25.118483412322274,0.0,9,3.803940724403642,4.139324690152579,0.0,3.1190678886471224,7.948007410576066,42.73301737756714,0.07898894154818326,25.118483412322274,0.0,21,low_soil,0.0,-0.4029373393453355,2.985941466476543,2.6533810507753515,-2.521643330925646,42.73301737756714,0.07898894154818326,25.118483412322274,0.0
45,FI,2021,7,5.755921918273113,3.8072743881497764,0.0,6.108331721951958,5.253251010075076,51.43256464011182,0.13976240391334735,35.77917540181692,0.0,12,6.325147350075005,3.341277115220086,0.0,7.313431399541048,5.321483236593544,51.43256464011182,0.13976240391334735,35.77917540181692,0.0,19,low_soil,0.0,0.4659972729296902,-1.2050996775890894,-0.5692254318018914,-0.06823222651846717,51.43256464011182,0.13976240391334735,35.77917540181692,0.0
46,FI,2021,8,6.479034775645238,4.118574507943909,0.0,6.123339030201265,9.27513734929453,51.43256464011182,0.13976240391334735,35.77917540181692,0.0,16,7.641522410529384,4.62380764892872,0.0,7.524861480428532,6.1843816321276845,51.43256464011181,0.13976240391334735,35.77917540181692,0.0,15,low_soil,0.0,-0.505233140984811,-1.401522450227267,-1.1624876348841457,3.0907557171668456,51.43256464011182,0.13976240391334735,35.77917540181692,0.0
47,FI,2021,10,6.614098634521906,3.263404829807068,0.0,5.154201964677556,4.984280044083844,51.43256464011182,0.13976240391334735,35.77917540181692,0.0,5,6.762403028169913,4.335011756615392,0.0,3.9356583895119033,4.15447733971783,51.43256464011183,0.13976240391334735,35.77917540181692,0.0,26,low_soil,0.0,-1.0716069268083244,1.2185435751656528,-0.14830439364800618,0.8298027043660143,51.43256464011182,0.13976240391334735,35.77917540181692,0.0
48,FI,2022,4,6.000371853068068,4.612285719938043,0.0,5.129649049467987,4.91422268238173,50.87310826542492,0.17462165308498254,38.53317811408615,0.0,11,4.932591409523153,4.868763553382178,0.0,4.074966682723326,5.5095171781357,50.87310826542492,0.17462165308498254,38.53317811408615,0.0,19,low_soil,0.0,-0.25647783344413444,1.054682366744661,1.0677804435449154,-0.5952944957539694,50.87310826542492,0.17462165308498254,38.53317811408615,0.0
49,FI,2022,6,5.716818797994922,8.665402004457064,0.0,9.854918131494635,6.24739021724726,50.87310826542492,0.17462165308498254,38.53317811408615,0.0,3,6.514167048395505,5.921721008385773,0.0,5.522776084837407,5.550928012009819,50.87310826542492,0.17462165308498254,38.53317811408615,0.0,27,low_soil,0.0,2.7436809960712916,4.3321420466572285,-0.7973482504005833,0.6964622052374416,50.87310826542492,0.17462165308498254,38.53317811408615,0.0
50,FI,2022,7,6.607885265866279,3.4939689224523356,0.0,7.552327879100986,4.7248101770361135,50.873108265424925,0.17462165308498254,38.53317811408615,0.0,7,6.193704122621722,5.2517514773774385,0.0,6.8430813151407826,4.439010490921278,50.87310826542492,0.17462165308498254,38.53317811408615,0.0,24,low_soil,0.0,-1.757782554925103,0.7092465639602032,0.4141811432445568,0.2857996861148351,50.873108265424925,0.17462165308498254,38.53317811408615,0.0
51,FI,2022,10,6.009327536537591,5.295469165691428,0.0,5.045084144605195,5.193381405934637,50.87310826542492,0.17462165308498254,38.53317811408615,0.0,6,7.595699199949686,6.785003258688683,0.0,4.073191047947493,5.495911780292002,50.87310826542492,0.17462165308498254,38.53317811408615,0.0,25,low_soil,0.0,-1.4895340929972543,0.971893096657702,-1.5863716634120948,-0.3025303743573655,50.87310826542492,0.17462165308498254,38.53317811408615,0.0
52,FI,2023,6,6.896597939088323,3.1575078728810673,3.4488037858832334,5.452975324914809,6.530194787156533,57.352143244709715,0.2712967986977754,44.60119370591428,0.0,6,5.9650974560766175,7.736793484376581,2.7556111736419404,4.291545192943466,7.732448342062753,57.352143244709715,0.2712967986977754,44.60119370591428,0.0,24,low_soil,0.693192612241293,-4.579285611495514,1.1614301319713434,0.931500483011706,-1.2022535549062203,57.352143244709715,0.2712967986977754,44.60119370591428,0.0
53,FI,2023,11,8.316468163002066,7.483387884459266,0.10821405490069003,3.0364622173472013,6.521568852049796,57.352143244709715,0.2712967986977754,44.60119370591428,0.0,3,6.204548651746398,5.398383314707085,0.2516644853772398,3.0809073723107354,4.7632791566197135,57.35214324470972,0.2712967986977754,44.60119370591428,0.0,27,low_soil,-0.14345043047654976,2.085004569752181,-0.04444515496353407,2.1119195112556675,1.7582896954300828,57.352143244709715,0.2712967986977754,44.60119370591428,0.0
54,FI,2023,12,7.859013156051263,5.908366896354932,0.06652210472957301,3.565693708336264,4.917638378546948,57.352143244709715,0.2712967986977754,44.60119370591428,0.0,19,4.963458536135379,2.7339874611003125,0.08004410799088048,2.8382843822025645,2.7164705198171784,57.352143244709715,0.2712967986977754,44.60119370591428,0.0,12,low_soil,-0.013522003261307466,3.174379435254619,0.7274093261336994,2.8955546199158837,2.2011678587297694,57.352143244709715,0.2712967986977754,44.60119370591428,0.0
55,FI,2024,1,7.270032782458546,7.163212398733914,0.167523462292959,2.822709178598887,5.764575662699441,63.039309683604976,7.238734419942474,44.72674976030681,0.0,19,5.761853914704691,6.374292175289795,0.12929372288702118,2.80061316580019,4.24101154745649,63.03930968360498,7.238734419942474,44.72674976030681,0.0,12,low_soil,0.038229739405937824,0.7889202234441193,0.022096012798697107,1.5081788677538546,1.5235641152429507,63.039309683604976,7.238734419942474,44.72674976030681,0.0
56,FI,2024,2,7.933459417543541,8.277887900377555,0.4951262427313943,2.5510342006739424,6.583372245303873,63.03930968360498,7.238734419942473,44.72674976030681,0.0,18,6.842037041007776,6.340319392949261,0.45691004896732523,2.5614690233033146,4.083978402769727,63.03930968360498,7.238734419942474,44.72674976030681,0.0,11,low_soil,0.03821619376406904,1.9375685074282947,-0.010434822629372231,1.091422376535765,2.499393842534146,63.03930968360498,7.238734419942473,44.72674976030681,0.0
57,FI,2024,3,8.346489754403871,7.757652947774596,1.2999058128088408,3.4838994894031483,6.259307517032852,63.039309683604976,7.238734419942474,44.72674976030681,0.0,19,7.963383434354637,7.8966499347207835,1.7466178327811142,3.5735244376063506,8.417437538441115,63.03930968360498,7.238734419942474,44.72674976030681,0.0,12,low_soil,-0.4467120199722734,-0.13899698694618756,-0.08962494820320233,0.38310632004923395,-2.1581300214082635,63.039309683604976,7.238734419942474,44.72674976030681,0.0
58,FI,2024,4,8.149976966456661,9.049538722400225,1.8651854542444695,3.3350702069865563,7.461084589437442,63.03930968360498,7.238734419942474,44.72674976030681,0.0,7,7.26973237989281,8.396892455224576,2.429056653210433,3.1802525743580246,8.757385877654137,63.039309683604976,7.238734419942474,44.72674976030681,0.0,23,low_soil,-0.5638711989659635,0.6526462671756494,0.15481763262853176,0.8802445865638511,-1.2963012882166955,63.03930968360498,7.238734419942474,44.72674976030681,0.0
59,FI,2024,11,7.503686171682129,8.310673752492166,0.255714216657413,2.6796762254539943,5.69288297042536,63.03930968360498,7.238734419942474,44.72674976030681,0.0,15,8.074244631925625,8.352762090436176,0.34140434041046813,3.164130350661659,5.776628419341969,63.03930968360498,7.238734419942474,44.72674976030681,0.0,15,low_soil,-0.08569012375305513,-0.042088337944010235,-0.4844541252076646,-0.5705584602434959,-0.08374544891660918,63.03930968360498,7.238734419942474,44.72674976030681,0.0
60,PL,2019,1,9.2137689788776,2.682949105323401,0.0,0.8546468639119945,3.8315859844620923,29.450800915331815,7.940503432494281,15.034324942791764,4.462242562929062,14,8.26743214045396,1.993654137007743,0.0,0.6410414131128352,4.679806536176778,29.450800915331815,7.940503432494281,15.034324942791763,4.462242562929062,17,low_soil,0.0,0.689294968315658,0.21360545079915927,0.9463368384236386,-0.8482205517146855,29.450800915331815,7.940503432494281,15.034324942791764,4.462242562929062
61,PL,2019,2,7.020850423914155,2.705652456902204,0.0,0.8740054999170495,4.539118306305484,29.450800915331815,7.94050343249428,15.034324942791761,4.462242562929062,10,8.717876375335994,4.023483480943086,0.0,0.9075974109239167,4.282829466305503,29.450800915331815,7.94050343249428,15.034324942791763,4.462242562929062,18,low_soil,0.0,-1.3178310240408821,-0.0335919110068672,-1.697025951421839,0.2562888399999812,29.450800915331815,7.94050343249428,15.034324942791761,4.462242562929062
62,PL,2019,3,8.523149900618524,3.3041773720244394,0.0,1.2889812815808293,4.212227591392115,29.450800915331815,7.940503432494281,15.034324942791764,4.462242562929062,7,7.678535107227848,4.068527551457145,0.0,1.3257258583528129,4.137364986507611,29.450800915331815,7.940503432494281,15.034324942791763,4.462242562929062,24,low_soil,0.0,-0.7643501794327059,-0.03674457677198362,0.8446147933906758,0.0748626048845038,29.450800915331815,7.940503432494281,15.034324942791764,4.462242562929062
63,PL,2019,4,8.66664756871413,3.4087782372124975,0.0,1.1592442022655203,3.619845431141567,29.45080091533181,7.940503432494281,15.034324942791763,4.462242562929062,11,8.190976150012428,2.8223948543445934,0.0,1.1488825085677585,3.8783105954808983,29.450800915331815,7.940503432494281,15.034324942791763,4.462242562929062,19,low_soil,0.0,0.5863833828679041,0.010361693697761742,0.47567141870170104,-0.2584651643393312,29.45080091533181,7.940503432494281,15.034324942791763,4.462242562929062
64,PL,2019,7,9.946025795959732,2.7072155656996797,0.0,0.9845418516286216,4.477027492361254,29.450800915331815,7.940503432494281,15.034324942791764,4.462242562929062,7,10.108322746152039,2.384378236677943,0.0,0.7442847605436249,3.984514112456829,29.450800915331815,7.940503432494281,15.034324942791763,4.462242562929062,24,low_soil,0.0,0.3228373290217368,0.2402570910849967,-0.1622969501923066,0.49251337990442456,29.450800915331815,7.940503432494281,15.034324942791764,4.462242562929062
65,PL,2019,8,10.399171939737032,2.746692527581613,0.0,0.8652713181536436,3.1441343149981975,29.450800915331815,7.940503432494281,15.034324942791763,4.462242562929062,17,10.173298061155778,2.0249715379576454,0.0,0.7288329444008311,2.642066312416497,29.450800915331815,7.940503432494281,15.034324942791764,4.462242562929062,14,low_soil,0.0,0.7217209896239676,0.13643837375281243,0.22587387858125396,0.5020680025817006,29.450800915331815,7.940503432494281,15.034324942791763,4.462242562929062
66,PL,2019,9,9.90040121284624,2.7847366805094547,0.0,0.763486133720847,4.717765878421245,29.450800915331815,7.94050343249428,15.034324942791763,4.462242562929062,9,10.248358992356167,2.972413879951567,0.0,0.9140640042818579,3.482066820050557,29.450800915331815,7.940503432494281,15.034324942791763,4.462242562929062,21,low_soil,0.0,-0.18767719944211247,-0.1505778705610109,-0.347957779509926,1.2356990583706882,29.450800915331815,7.94050343249428,15.034324942791763,4.462242562929062
67,PL,2020,1,7.728527581210633,2.899346747512198,0.0,1.3116355437343628,5.856036532152819,35.11868533171029,13.511868533171025,16.129032258064516,4.159058632582674,5,9.972536589941116,3.1130029108265087,0.0,1.1095173409568806,3.53784900361655,35.11868533171029,13.511868533171025,16.129032258064516,4.159058632582674,26,low_soil,0.0,-0.2136561633143108,0.20211820277748216,-2.244009008730483,2.318187528536269,35.11868533171029,13.511868533171025,16.129032258064516,4.159058632582674
68,PL,2020,2,8.880041669824262,3.8794524250782567,0.0,1.4702872246608976,3.650970525455417,35.11868533171029,13.511868533171025,16.129032258064516,4.159058632582674,4,8.674947052855662,4.0415932943928246,0.0,1.302078850068487,3.620334093785069,35.11868533171029,13.511868533171025,16.129032258064516,4.159058632582674,25,low_soil,0.0,-0.16214086931456784,0.16820837459241056,0.20509461696859965,0.030636431670347797,35.11868533171029,13.511868533171025,16.129032258064516,4.159058632582674
69,PL,2020,3,7.994133857281994,4.026503585593703,0.0,1.266187479544402,4.353925783007662,35.11868533171029,13.511868533171025,16.129032258064516,4.159058632582674,3,7.547130724274726,3.7070948209809935,0.0,1.1983176454831987,5.216105845828357,35.11868533171029,13.511868533171025,16.129032258064516,4.159058632582674,28,low_soil,0.0,0.31940876461270973,0.06786983406120317,0.4470031330072688,-0.8621800628206957,35.11868533171029,13.511868533171025,16.129032258064516,4.159058632582674
70,PL,2020,4,8.282729912738407,2.996334518849012,2.456721367172745,1.0764007737442582,5.307026637744842,35.11868533171029,13.511868533171025,16.129032258064516,4.159058632582674,7,7.602315956168674,4.1923159292519925,1.7710555572460986,1.0262253826678478,4.857501090855821,35.11868533171029,13.511868533171025,16.129032258064516,4.159058632582674,23,low_soil,0.6856658099266464,-1.1959814104029807,0.05017539107641045,0.6804139565697334,0.4495255468890216,35.11868533171029,13.511868533171025,16.129032258064516,4.159058632582674
71,PL,2020,5,8.548025630291557,2.8542540749952137,2.411565072000253,1.1104147363589667,5.676802641016424,35.11868533171029,13.511868533171025,16.129032258064516,4.159058632582674,10,9.059490605549554,3.3384260921327833,2.5689882874171843,1.2004543127143172,5.405194490266671,35.11868533171029,13.511868533171025,16.129032258064516,4.159058632582674,21,low_soil,-0.1574232154169315,-0.48417201713756963,-0.09003957635535054,-0.5114649752579972,0.27160815074975364,35.11868533171029,13.511868533171025,16.129032258064516,4.159058632582674
72,PL,2022,3,6.621021143871075,4.251458737610492,7.71246944108692,1.1852987802966246,3.9128280397568225,44.77537437603994,24.30948419301165,15.940099833610649,3.427620632279534,9,7.638306494646399,2.6503070851520487,6.87793616127832,1.2290645055207792,2.8739214306148146,44.77537437603994,24.309484193011652,15.940099833610647,3.427620632279534,22,low_soil,0.8345332798086007,1.6011516524584435,-0.04376572522415456,-1.0172853507753246,1.0389066091420078,44.77537437603994,24.30948419301165,15.940099833610649,3.427620632279534
73,PL,2022,5,8.35162828269398,6.750521192891325,9.417628180945497,1.4087360411115706,5.625888677807416,44.77537437603994,24.30948419301165,15.940099833610649,3.427620632279534,4,8.770564655972722,4.478387474140036,9.998726985229114,1.4283953474893631,3.46186341934331,44.775374376039935,24.30948419301165,15.940099833610649,3.427620632279534,27,low_soil,-0.5810988042836165,2.272133718751289,-0.019659306377792563,-0.41893637327874167,2.164025258464106,44.77537437603994,24.30948419301165,15.940099833610649,3.427620632279534
74,PL,2022,6,9.737707301246544,4.1727067599402865,11.677405296021412,1.6777398509324624,3.9445762681238006,44.77537437603995,24.30948419301165,15.940099833610649,3.427620632279534,13,9.268817289500591,3.0094109216572216,10.944891685293483,1.5530684466759501,3.7580454827628715,44.77537437603994,24.30948419301165,15.940099833610649,3.427620632279534,17,low_soil,0.7325136107279295,1.163295838283065,0.12467140425651224,0.46889001174595357,0.18653078536092904,44.77537437603995,24.30948419301165,15.940099833610649,3.427620632279534
75,PL,2022,12,10.301208043191114,2.011464651743323,1.154603480379471,0.8560012683711247,1.8544443098232528,44.77537437603994,24.30948419301165,15.940099833610649,3.4276206322795337,5,10.049708725567244,3.115533750024668,1.983741016799975,1.3186093000946693,2.5463802944588654,44.77537437603995,24.30948419301165,15.940099833610649,3.427620632279534,26,low_soil,-0.829137536420504,-1.1040690982813448,-0.4626080317235446,0.25149931762386935,-0.6919359846356126,44.77537437603994,24.30948419301165,15.940099833610649,3.4276206322795337
76,PL,2023,7,17.072360352811668,5.282752572262465,17.17063988026318,1.8905796382790512,6.467652334666515,48.3947119924457,28.045325779036823,16.210261252754172,3.1318854265029903,5,16.364157637280066,4.245726222988612,17.838581519697165,2.170934173685226,5.653386141225605,48.3947119924457,28.045325779036823,16.210261252754172,3.1318854265029903,26,low_soil,-0.6679416394339839,1.0370263492738534,-0.28035453540617494,0.708202715531602,0.8142661934409103,48.3947119924457,28.045325779036823,16.210261252754172,3.1318854265029903
77,PL,2023,10,12.433518825641489,6.912708596160446,10.996382605523687,1.613981856887124,4.383859653957504,48.3947119924457,28.045325779036823,16.210261252754172,3.1318854265029903,18,11.215865035358702,4.538313703443662,5.805144520495156,1.5371862239330716,3.9549694437140124,48.3947119924457,28.045325779036823,16.210261252754172,3.1318854265029903,13,low_soil,5.191238085028531,2.3743948927167837,0.07679563295405245,1.217653790282787,0.42889021024349194,48.3947119924457,28.045325779036823,16.210261252754172,3.1318854265029903
78,PL,2024,5,17.106698289115506,3.629553554085182,23.508693104504154,1.5972925003648188,6.687395190514616,50.75115275918489,30.83444890673806,15.915513907481776,2.9599881005503494,5,15.282440015248708,4.911215179704774,22.206836042675533,1.7705573515653437,5.263475295582672,50.75115275918488,30.834448906738064,15.915513907481776,2.9599881005503494,26,low_soil,1.3018570618286205,-1.2816616256195918,-0.17326485120052482,1.824258273866798,1.4239198949319443,50.75115275918489,30.83444890673806,15.915513907481776,2.9599881005503494
79,PL,2024,6,15.833883068544663,5.284360369178394,20.72350340554522,1.030416184388417,8.490090735148296,50.75115275918489,30.83444890673806,15.915513907481776,2.9599881005503494,3,16.247627136451097,3.826806052439904,19.682896471692356,1.380219180769072,6.439809435119339,50.75115275918489,30.83444890673806,15.915513907481776,2.9599881005503494,27,low_soil,1.0406069338528638,1.4575543167384901,-0.34980299638065504,-0.4137440679064337,2.0502813000289573,50.75115275918489,30.83444890673806,15.915513907481776,2.9599881005503494
80,PL,2024,7,17.399767817028817,3.4569734860590153,22.579501412635047,1.4000914570064087,7.7330125617584216,50.75115275918489,30.83444890673806,15.915513907481776,2.9599881005503494,5,16.328601674008457,4.001304975499284,20.397807558446445,1.3313960722427551,7.024298050294099,50.75115275918488,30.834448906738064,15.915513907481776,2.9599881005503494,26,low_soil,2.1816938541886017,-0.5443314894402689,0.06869538476365356,1.0711661430203598,0.708714511464323,50.75115275918489,30.83444890673806,15.915513907481776,2.9599881005503494
81,PL,2024,9,13.802473508456885,6.7596385842189965,20.474554010627173,1.3431510419688872,6.590914064395726,50.75115275918489,30.834448906738064,15.915513907481776,2.9599881005503494,9,14.358240835028798,5.294976412620727,16.19292457636982,1.1258155337030877,6.92398150316269,50.75115275918489,30.83444890673806,15.915513907481776,2.9599881005503494,21,low_soil,4.281629434257354,1.4646621715982695,0.2173355082657995,-0.5557673265719139,-0.3330674387669639,50.75115275918489,30.834448906738064,15.915513907481776,2.9599881005503494
82,PL,2024,11,10.720518527066002,3.1103894674477983,6.010979971440673,1.0070052802416183,4.7666592223203805,50.75115275918489,30.83444890673806,15.915513907481776,2.9599881005503494,17,9.942139790698715,4.696385251554351,3.9648435284040535,0.9932232189957849,4.304987254214582,50.75115275918488,30.834448906738064,15.915513907481776,2.9599881005503494,13,low_soil,2.046136443036619,-1.5859957841065526,0.013782061245833366,0.7783787363672872,0.46167196810579814,50.75115275918489,30.83444890673806,15.915513907481776,2.9599881005503494
83,PL,2024,12,10.473393529318793,4.729847968731397,3.1881172490057197,1.1023903929897996,3.5011029105641747,50.75115275918489,30.83444890673806,15.915513907481776,2.95998810055035,14,9.294513745747892,3.72717930957276,3.8203539898468697,1.1415985048527593,4.0068050227211955,50.75115275918489,30.83444890673806,15.915513907481776,2.9599881005503494,17,low_soil,-0.63223674084115,1.002668659158637,-0.039208111862959694,1.1788797835709008,-0.5057021121570209,50.75115275918489,30.83444890673806,15.915513907481776,2.95998810055035
0,CZ,2019,4,10.143340934713747,0.46861511364231306,5.985964726853997,3.574500720676524,5.753653975265588,26.48425400103252,10.583376355188435,1.755291688177594,9.91223541559112,3,8.041162632724651,0.2846787277972024,5.526360190366863,3.34618919388438,5.276610739582903,26.48425400103252,10.583376355188435,1.7552916881775942,9.91223541559112,27,high_heat,0.4596045364871335,0.18393638584511068,0.22831152679214384,2.1021783019890954,0.47704323568268503,26.48425400103252,10.583376355188435,1.755291688177594,9.91223541559112
1,CZ,2019,7,9.723949416249903,0.26502236034849797,7.5076169167348645,3.0162114794762735,5.233503455750488,26.48425400103252,10.583376355188435,1.755291688177594,9.91223541559112,3,8.222489751456793,0.24389761128419604,5.929456551871271,3.1482714351823122,5.617372701680152,26.48425400103252,10.583376355188435,1.7552916881775942,9.912235415591121,28,high_heat,1.5781603648635931,0.021124749064301923,-0.13205995570603868,1.50145966479311,-0.383869245929664,26.48425400103252,10.583376355188435,1.755291688177594,9.91223541559112
2,CZ,2019,12,9.882836004187578,0.33099218074202436,1.1410042598023002,2.9788166812958625,5.4666804367236494,26.48425400103252,10.583376355188435,1.7552916881775942,9.91223541559112,4,7.870784021697913,0.35854811429575895,1.3436293384418732,3.1812036366213636,5.1222066325455735,26.48425400103252,10.583376355188435,1.7552916881775942,9.91223541559112,27,high_heat,-0.2026250786395729,-0.02755593355373459,-0.2023869553255011,2.0120519824896643,0.34447380417807594,26.48425400103252,10.583376355188435,1.7552916881775942,9.91223541559112
3,CZ,2020,9,7.551758518954254,0.32274359870228814,6.022990496793338,3.4619699518802336,4.269671197639487,27.099841521394612,10.829371368198627,1.7960908610670894,10.142630744849445,3,6.343158792930262,0.20000861174147289,4.541872835909821,3.499041799315141,5.628117091442554,27.099841521394612,10.829371368198625,1.7960908610670894,10.142630744849445,27,high_heat,1.481117660883517,0.12273498696081525,-0.03707184743490721,1.2085997260239925,-1.3584458938030668,27.099841521394612,10.829371368198627,1.7960908610670894,10.142630744849445
4,CZ,2020,11,9.639745610023239,0.22228353509838558,0.7965559556291192,3.0587313221160186,5.60814004778402,27.099841521394612,10.829371368198627,1.7960908610670894,10.142630744849445,3,7.9604187450777495,0.2435375628538377,1.4233094344569512,2.6128597828109936,4.590332090766315,27.099841521394612,10.829371368198625,1.7960908610670894,10.142630744849445,27,high_heat,-0.6267534788278321,-0.021254027755452126,0.445871539305025,1.679326864945489,1.0178079570177045,27.099841521394612,10.829371368198627,1.7960908610670894,10.142630744849445
5,CZ,2020,12,10.242664391925603,0.5722264635883249,0.5130013887184824,2.9491316920700155,7.356648144288383,27.099841521394612,10.829371368198627,1.7960908610670894,10.142630744849445,3,8.18016487626954,0.21086077614765442,0.9185708018690877,2.8702599584310913,5.145786538641896,27.099841521394612,10.829371368198625,1.7960908610670894,10.142630744849445,28,high_heat,-0.40556941315060524,0.36136568744067044,0.07887173363892419,2.0624995156560626,2.210861605646487,27.099841521394612,10.829371368198627,1.7960908610670894,10.142630744849445
6,CZ,2021,2,10.876339922674692,0.19510313783450695,3.778175562462464,3.74619282813846,7.259697624938838,27.4219163578613,11.011116993118051,1.7998941238750663,10.26998411858126,4,9.383327834581886,0.2968133626374793,1.5914533689602237,3.3550145121679193,6.294071449991324,27.421916357861296,11.011116993118051,1.799894123875066,10.26998411858126,24,high_heat,2.1867221935022405,-0.10171022480297237,0.39117831597054087,1.4930120880928062,0.9656261749475137,27.4219163578613,11.011116993118051,1.7998941238750663,10.26998411858126
7,CZ,2021,3,10.609302635280056,0.2687983292360013,7.456438972763405,4.583390756793229,7.494129115618257,27.4219163578613,11.011116993118051,1.7998941238750663,10.26998411858126,2,9.042641504366717,0.2693330426141063,3.483524293035215,3.4249448342263715,5.802644506990742,27.4219163578613,11.011116993118051,1.7998941238750663,10.26998411858126,29,high_heat,3.9729146797281905,-0.0005347133781050117,1.158445922566857,1.5666611309133387,1.6914846086275155,27.4219163578613,11.011116993118051,1.7998941238750663,10.26998411858126
8,CZ,2021,4,14.597017739802284,0.4508946030113317,6.786337183670203,4.723672429699129,7.385020946515467,27.4219163578613,11.011116993118051,1.7998941238750663,10.26998411858126,1,8.006745273414097,0.30789250206083196,5.023674740173419,3.7120329803404752,6.732308128155113,27.4219163578613,11.011116993118051,1.7998941238750663,10.26998411858126,29,high_heat,1.762662443496784,0.14300210095049976,1.011639449358654,6.590272466388187,0.6527128183603539,27.4219163578613,11.011116993118051,1.7998941238750663,10.26998411858126
9,CZ,2021,6,9.760245990297392,0.24240611095136083,7.656540378096715,2.775583543617452,6.914139582817106,27.4219163578613,11.011116993118051,1.7998941238750663,10.26998411858126,4,8.886532538501692,0.2329852093174448,6.514129944448891,2.110177935307073,4.8274699582319975,27.4219163578613,11.01111699311805,1.7998941238750663,10.26998411858126,26,high_heat,1.1424104336478242,0.00942090163391604,0.6654056083103792,0.8737134517956999,2.0866696245851086,27.4219163578613,11.011116993118051,1.7998941238750663,10.26998411858126
10,CZ,2021,12,6.187218557364276,0.372410132454017,1.1860495051465925,2.924884423346806,4.925954790257279,27.4219163578613,11.011116993118051,1.7998941238750663,10.26998411858126,2,7.033388166926759,0.25779641494363925,0.8796516752486416,2.7221213794562256,4.100034674388528,27.4219163578613,11.011116993118051,1.7998941238750663,10.26998411858126,29,high_heat,0.30639782989795084,0.11461371751037774,0.20276304389058053,-0.8461696095624829,0.825920115868751,27.4219163578613,11.011116993118051,1.7998941238750663,10.26998411858126
11,CZ,2022,1,8.58492826387077,0.6198063247471484,1.5540565381165181,4.17021763350733,5.610698198560033,32.76283618581907,17.359413202933986,1.6625916870415651,9.486552567237164,4,7.190219874463206,0.318699500373223,1.5406484505665774,2.6099359539141407,4.44542891472264,32.76283618581907,17.359413202933986,1.6625916870415651,9.486552567237164,27,high_heat,0.013408087549940717,0.3011068243739254,1.5602816795931895,1.3947083894075645,1.165269283837393,32.76283618581907,17.359413202933986,1.6625916870415651,9.486552567237164
12,CZ,2022,5,6.78552626618206,0.6596305688725335,7.168429564598532,3.2826253637751264,7.601453149116222,32.76283618581907,17.359413202933986,1.6625916870415651,9.486552567237164,3,7.798314533866569,0.27154968023034365,6.58531968463487,2.9334088421604814,6.610910446241151,32.76283618581907,17.359413202933986,1.6625916870415651,9.486552567237164,28,high_heat,0.5831098799636623,0.3880808886421898,0.349216521614645,-1.0127882676845088,0.9905427028750706,32.76283618581907,17.359413202933986,1.6625916870415651,9.486552567237164
13,CZ,2022,7,8.810047931297639,0.17678822406581818,6.494266784628115,3.0299502806979604,6.432891620039268,32.76283618581907,17.359413202933986,1.6625916870415651,9.486552567237164,4,5.978078191120594,0.2948823052464433,5.65458264307287,2.9855789400030677,7.899538329774206,32.76283618581907,17.359413202933986,1.6625916870415651,9.486552567237164,27,high_heat,0.839684141555245,-0.11809408118062514,0.04437134069489268,2.831969740177045,-1.4666467097349383,32.76283618581907,17.359413202933986,1.6625916870415651,9.486552567237164
14,CZ,2022,11,9.911732207206319,0.37678142202203296,2.9881636409888954,2.9533304519896824,5.919106908183919,32.76283618581907,17.359413202933986,1.6625916870415651,9.486552567237164,3,6.3888925530528144,0.2405868211996456,1.6004550806260371,2.6720780101173043,4.173762494757316,32.76283618581907,17.359413202933986,1.6625916870415651,9.486552567237164,27,high_heat,1.3877085603628583,0.13619460082238735,0.2812524418723781,3.522839654153504,1.7453444134266034,32.76283618581907,17.359413202933986,1.6625916870415651,9.486552567237164
15,CZ,2022,12,3.2164641186882323,0.1775972224809342,1.463893655475422,0.9678306894021509,4.248191922675866,32.76283618581907,17.359413202933986,1.6625916870415651,9.486552567237164,1,5.531184436184632,0.24045314067942508,0.7789817813727513,2.4577605900010386,3.7013927223353624,32.76283618581907,17.359413202933986,1.6625916870415651,9.486552567237164,30,high_heat,0.6849118741026707,-0.06285591819849087,-1.4899299005988877,-2.3147203174963997,0.5467992003405033,32.76283618581907,17.359413202933986,1.6625916870415651,9.486552567237164
16,CZ,2023,1,6.628879372421804,0.45905728368319476,1.6589143056976112,2.7688481186205163,4.832895980500114,35.53062178588126,20.66386161757831,1.729780271154745,9.069658719027581,11,6.557572338627528,0.2276034490378449,0.9301527042487194,1.8781362199686797,4.213188836873361,35.53062178588126,20.66386161757831,1.7297802711547452,9.069658719027581,20,high_heat,0.7287616014488918,0.23145383464534985,0.8907118986518365,0.07130703379427583,0.6197071436267523,35.53062178588126,20.66386161757831,1.729780271154745,9.069658719027581
17,CZ,2023,3,6.52799243743997,0.3736707858461858,4.560397598451668,3.8339764472234505,5.794988696004423,35.53062178588126,20.66386161757831,1.729780271154745,9.069658719027581,3,7.930379572184727,0.3684978888757632,3.888805436311628,3.346645592247448,6.339106211817947,35.53062178588126,20.66386161757831,1.729780271154745,9.069658719027581,28,high_heat,0.67159216214004,0.0051728969704226135,0.4873308549760025,-1.4023871347447576,-0.5441175158135243,35.53062178588126,20.66386161757831,1.729780271154745,9.069658719027581
18,CZ,2023,6,8.507956539049468,0.3507183369102635,8.844730348587623,2.5900442614958497,7.886286034615538,35.53062178588126,20.66386161757831,1.729780271154745,9.069658719027581,3,9.267771472139387,0.30248216342980777,9.342610856351211,3.158905041336957,10.624823672586174,35.53062178588126,20.66386161757831,1.729780271154745,9.069658719027581,27,high_heat,-0.49788050776358794,0.048236173480455724,-0.5688607798411072,-0.7598149330899187,-2.7385376379706363,35.53062178588126,20.66386161757831,1.729780271154745,9.069658719027581
19,CZ,2023,7,8.04937279039031,0.3262430886796112,10.55779821620784,4.125781810865765,12.123957489859825,35.53062178588126,20.66386161757831,1.729780271154745,9.069658719027581,3,7.838017562346592,0.3857007545164644,8.931691947712197,3.440477109775911,9.441098142549974,35.53062178588126,20.66386161757831,1.729780271154745,9.069658719027581,28,high_heat,1.6261062684956418,-0.05945766583685319,0.6853047010898536,0.21135522804371742,2.6828593473098508,35.53062178588126,20.66386161757831,1.729780271154745,9.069658719027581
20,CZ,2023,8,9.586054963445479,0.13762111771397254,9.373492364178148,4.172418277284478,11.13196857551531,35.53062178588126,20.66386161757831,1.729780271154745,9.069658719027581,3,8.160505710009557,0.2918712590447327,7.292931461739407,3.302886472596087,10.033562057161706,35.53062178588126,20.66386161757831,1.729780271154745,9.069658719027581,28,high_heat,2.080560902438741,-0.15425014133076018,0.8695318046883904,1.4255492534359213,1.0984065183536043,35.53062178588126,20.66386161757831,1.729780271154745,9.069658719027581
21,CZ,2023,9,9.171042469002899,0.13243577446585922,10.884584356814852,4.005156963438081,10.79241966777618,35.53062178588126,20.66386161757831,1.7297802711547452,9.069658719027581,5,9.25385251310605,0.28663954495998906,8.747124594887659,4.1319582750718515,10.739716722046554,35.53062178588126,20.66386161757831,1.729780271154745,9.069658719027581,25,high_heat,2.137459761927193,-0.15420377049412984,-0.12680131163377073,-0.08281004410315163,0.052702945729626194,35.53062178588126,20.66386161757831,1.7297802711547452,9.069658719027581
22,CZ,2023,10,8.037116813630071,0.4341747184960874,7.463725442230157,3.674939747287017,8.789735167283574,35.53062178588126,20.66386161757831,1.729780271154745,9.069658719027581,7,8.621761254350684,0.42664411864809765,5.3340464240092755,3.2063195444088564,6.7311194147811735,35.53062178588126,20.66386161757831,1.729780271154745,9.069658719027581,24,high_heat,2.129679018220881,0.007530599847989761,0.46862020287816053,-0.5846444407206128,2.0586157525024005,35.53062178588126,20.66386161757831,1.729780271154745,9.069658719027581
23,CZ,2024,3,9.717243915095507,0.2851139465763218,10.976108843456757,4.563662222807858,7.376172186303742,39.24458774758177,24.550898203592812,1.7503454629203132,8.935974205435283,3,8.648501987127586,0.31811062250312006,7.172168370597549,3.7513120101776747,8.09712586439106,39.24458774758177,24.550898203592812,1.7503454629203132,8.935974205435283,28,high_heat,3.8039404728592077,-0.03299667592679828,0.8123502126301836,1.0687419279679204,-0.7209536780873185,39.24458774758177,24.550898203592812,1.7503454629203132,8.935974205435283
24,CZ,2024,4,10.793590959927165,0.3887301953570745,13.567666628336767,3.870489473151751,6.9116231660989955,39.24458774758177,24.550898203592812,1.7503454629203132,8.935974205435283,8,9.951258177317227,0.4502421605112875,9.441989893496382,3.2197096932474976,8.920544307253305,39.24458774758177,24.55089820359281,1.7503454629203132,8.935974205435283,22,high_heat,4.125676734840384,-0.06151196515421303,0.6507797799042536,0.8423327826099385,-2.0089211411543095,39.24458774758177,24.550898203592812,1.7503454629203132,8.935974205435283
25,CZ,2024,8,9.943541618366813,0.26290714718594926,13.194162822474832,4.004634673252501,8.157985948241352,39.24458774758177,24.550898203592812,1.7503454629203132,8.935974205435283,7,8.987882686040605,0.316661561057952,12.05995603711539,3.274199659455291,10.933881757558096,39.24458774758177,24.550898203592812,1.7503454629203132,8.935974205435283,24,high_heat,1.1342067853594422,-0.05375441387200275,0.73043501379721,0.9556589323262088,-2.7758958093167436,39.24458774758177,24.550898203592812,1.7503454629203132,8.935974205435283
26,CZ,2024,9,9.589335481249767,0.21188497881351345,12.133837763017178,2.5312391326533996,6.891137857459808,39.24458774758177,24.550898203592812,1.7503454629203132,8.935974205435283,8,7.9010192517132225,0.3520022187092409,7.719598798540119,3.0369373609243024,8.261706144224119,39.24458774758177,24.55089820359281,1.7503454629203132,8.935974205435283,22,high_heat,4.414238964477059,-0.14011723989572747,-0.5056982282709028,1.6883162295365448,-1.3705682867643114,39.24458774758177,24.550898203592812,1.7503454629203132,8.935974205435283
27,DE,2019,2,10.234344968710124,6.827994133123413,12.156554340880875,2.293177258111734,5.604548494852254,62.35907591958355,23.154700800348845,28.292922227168255,6.9787512377699255,7,7.897404099632651,4.59681237377898,5.525408346227098,1.6057552356077063,3.337779022659227,62.35907591958355,23.154700800348845,28.29292222716826,6.9787512377699255,21,high_heat,6.631145994653777,2.231181759344433,0.6874220225040275,2.3369408690774724,2.2667694721930265,62.35907591958355,23.154700800348845,28.292922227168255,6.9787512377699255
28,DE,2019,4,14.601104609188038,8.236348647727668,20.77748489786803,2.3995649737636637,6.140802440400809,62.35907591958355,23.154700800348845,28.292922227168255,6.9787512377699255,7,11.494523241859751,4.775671018146395,12.883992986054206,2.336844848123036,4.361496670653611,62.35907591958355,23.154700800348845,28.292922227168255,6.978751237769926,23,high_heat,7.893491911813825,3.460677629581274,0.06272012564062779,3.106581367328287,1.7793057697471983,62.35907591958355,23.154700800348845,28.292922227168255,6.9787512377699255
29,DE,2019,6,18.460995843576836,7.292021935909349,19.183986210534115,3.0210398821804834,6.748836597802051,62.35907591958355,23.154700800348845,28.29292222716826,6.978751237769925,3,17.605738187855437,6.641007407022158,18.92276993714009,2.58482541070527,7.614059298254364,62.359075919583546,23.154700800348845,28.29292222716825,6.9787512377699255,27,high_heat,0.26121627339402664,0.6510145288871909,0.4362144714752132,0.8552576557213989,-0.8652227004523123,62.35907591958355,23.154700800348845,28.29292222716826,6.978751237769925
30,DE,2019,7,15.638288393652285,6.082380320790129,18.530988749744687,2.410168925702246,7.335522300606511,62.35907591958355,23.154700800348845,28.292922227168255,6.9787512377699255,4,16.728486349847223,4.360162380337208,15.263763106910002,2.0241633621756545,6.452400566270251,62.359075919583546,23.154700800348845,28.29292222716825,6.9787512377699255,27,high_heat,3.267225642834685,1.7222179404529214,0.38600556352659154,-1.0901979561949382,0.8831217343362603,62.35907591958355,23.154700800348845,28.292922227168255,6.9787512377699255
31,DE,2019,8,17.010066069710735,2.801301573488633,16.54211797346269,2.9194866773809642,6.312431611899264,62.35907591958355,23.154700800348845,28.29292222716826,6.978751237769925,3,16.070512599197578,5.019553748649781,16.02608619867178,2.298552208059877,6.36432628925123,62.35907591958355,23.154700800348845,28.292922227168255,6.9787512377699255,28,high_heat,0.5160317747909104,-2.2182521751611484,0.6209344693210874,0.9395534705131574,-0.0518946773519664,62.35907591958355,23.154700800348845,28.29292222716826,6.978751237769925
32,DE,2019,10,11.740311742843385,12.33362325985198,11.948240717873059,2.197283719971094,5.495773649396911,62.35907591958355,23.154700800348845,28.292922227168255,6.9787512377699255,4,10.333417602102497,5.942795654720764,7.318450068602335,1.7050079637045141,4.418383348580439,62.359075919583546,23.154700800348845,28.29292222716825,6.9787512377699255,27,high_heat,4.629790649270724,6.390827605131215,0.4922757562665798,1.4068941407408886,1.0773903008164725,62.35907591958355,23.154700800348845,28.292922227168255,6.9787512377699255
33,DE,2019,12,9.707909535124069,7.113213227188352,3.8085049923357395,1.6232413564760275,3.331595340474502,62.35907591958355,23.154700800348845,28.292922227168255,6.9787512377699255,4,8.44942883512035,6.599486121292021,3.6543770652369463,1.9925837258607713,3.4041495871872094,62.359075919583546,23.154700800348845,28.29292222716825,6.9787512377699255,27,high_heat,0.1541279270987932,0.5137271058963311,-0.36934236938474374,1.2584807000037177,-0.07255424671270738,62.35907591958355,23.154700800348845,28.292922227168255,6.9787512377699255
34,DE,2020,1,6.302631199866068,5.18886387637805,5.6010171978682,1.4063676099846842,2.737846979957181,64.69207289702848,25.191668911033315,28.691983122362874,6.866415297603017,3,8.164338163521316,5.902223482857983,3.6232962720930018,1.229822665265354,3.148669376653136,64.69207289702848,25.19166891103331,28.691983122362874,6.866415297603018,28,high_heat,1.977720925775198,-0.7133596064799335,0.17654494471933013,-1.8617069636552488,-0.4108223966959552,64.69207289702848,25.191668911033315,28.691983122362874,6.866415297603017
35,DE,2020,8,16.866890198089326,5.10576797910261,20.542066387147738,1.7067286709466984,5.9872631789440725,64.69207289702848,25.191668911033315,28.691983122362874,6.866415297603017,6,15.5008827644825,6.1395172651454395,15.420695659582835,1.785836900822693,5.808959326111003,64.69207289702848,25.19166891103331,28.691983122362878,6.866415297603018,25,high_heat,5.121370727564903,-1.0337492860428297,-0.07910822987599464,1.3660074336068266,0.1783038528330696,64.69207289702848,25.191668911033315,28.691983122362874,6.866415297603017
36,DE,2020,9,17.063511244467254,6.009752689482709,17.691376083702,2.0292852286187317,7.445172925829355,64.69207289702848,25.191668911033315,28.691983122362874,6.866415297603017,3,14.970350187721571,6.169395467288835,14.878384342558096,1.6314747471410793,5.99522364831196,64.69207289702848,25.191668911033307,28.691983122362874,6.866415297603019,27,high_heat,2.812991741143904,-0.159642777806126,0.3978104814776524,2.093161056745682,1.449949277517395,64.69207289702848,25.191668911033315,28.691983122362874,6.866415297603017
37,DE,2020,11,10.218895650729436,8.206977961465054,4.714715670191336,1.2499099880780251,4.0826459138511355,64.69207289702848,25.191668911033315,28.691983122362874,6.866415297603017,3,8.512999749874151,5.245273754058466,5.698432701701162,1.32975878388509,3.2264580867832016,64.69207289702848,25.191668911033307,28.691983122362874,6.866415297603019,27,high_heat,-0.9837170315098254,2.961704207406587,-0.07984879580706483,1.7058959008552854,0.856187827067934,64.69207289702848,25.191668911033315,28.691983122362874,6.866415297603017
38,DE,2021,2,11.428223976411545,8.624388870332021,14.733494515897275,1.9550344008897795,5.341043972954091,66.54148054989376,27.303439004293335,28.721974066525004,6.683290689101869,6,9.323848273832347,6.214622286927679,5.317568003396829,1.665005196237113,3.949542783712471,66.54148054989376,27.303439004293338,28.721974066525004,6.6832906891018675,22,high_heat,9.415926512500446,2.409766583404342,0.29002920465266646,2.1043757025791976,1.3915011892416196,66.54148054989376,27.303439004293335,28.721974066525004,6.683290689101869
39,DE,2021,3,17.531480705768185,5.328334342022128,21.217688140833562,2.7914461941226816,7.645203121617616,66.54148054989376,27.303439004293335,28.721974066525004,6.683290689101869,3,11.484216497021738,5.312751354540223,11.078936479299214,2.0706330687044447,4.6833810442281765,66.54148054989376,27.303439004293335,28.721974066525004,6.683290689101868,28,high_heat,10.138751661534348,0.015582987481904453,0.7208131254182368,6.047264208746448,2.9618220773894395,66.54148054989376,27.303439004293335,28.721974066525004,6.683290689101869
40,DE,2021,6,17.99891118976123,6.488123339562575,21.363811798581487,2.6842628915223083,8.698101525728251,66.54148054989376,27.303439004293335,28.721974066525004,6.683290689101868,4,18.577062179077938,3.959849822996889,19.667184701552824,2.4011802767965844,7.6887595310684995,66.54148054989376,27.303439004293335,28.721974066525004,6.683290689101868,26,high_heat,1.6966270970286637,2.528273516565686,0.28308261472572394,-0.5781509893167076,1.009341994659752,66.54148054989376,27.303439004293335,28.721974066525004,6.683290689101868
41,DE,2021,12,9.20878918231262,6.010208514025975,4.01851013308998,1.358134791421958,2.460155963921418,66.54148054989376,27.303439004293335,28.721974066525004,6.683290689101868,2,7.9008290711594595,6.435407568753368,3.031078768445795,1.594919453575761,3.6166289029008323,66.54148054989376,27.303439004293335,28.721974066525004,6.683290689101868,29,high_heat,0.987431364644185,-0.4251990547273925,-0.236784662153803,1.30796011115316,-1.1564729389794142,66.54148054989376,27.303439004293335,28.721974066525004,6.683290689101868
42,DE,2022,1,9.6568647002938,10.857195002300505,5.199483060979873,1.7945238420955527,5.674122626117043,68.48119950902922,30.865376130155397,27.872219236107217,6.182060312392199,2,8.201782341820975,6.814798943502106,4.147277824132039,1.7460174722231243,3.649411020845113,68.48119950902922,30.865376130155397,27.872219236107217,6.182060312392199,29,high_heat,1.0522052368478336,4.042396058798399,0.0485063698724284,1.4550823584728256,2.0247116052719303,68.48119950902922,30.865376130155397,27.872219236107217,6.182060312392199
43,DE,2022,3,14.780121853199347,4.049499494183939,21.104279539926868,2.6875551254962047,6.949438132525022,68.48119950902922,30.865376130155397,27.872219236107217,6.182060312392199,4,11.492370842648333,6.28276241717387,15.365485659092156,2.4438138374444316,4.968673606552151,68.48119950902922,30.865376130155397,27.872219236107217,6.182060312392199,27,high_heat,5.738793880834711,-2.2332629229899306,0.2437412880517731,3.2877510105510144,1.9807645259728712,68.48119950902922,30.865376130155397,27.872219236107217,6.182060312392199
44,DE,2022,5,15.10681111234985,10.195549715780317,23.741680147944155,3.0221041301659137,7.29066505800377,68.48119950902922,30.865376130155397,27.872219236107217,6.182060312392199,3,18.15434046612027,6.081151067651004,21.220763121349915,2.789420672963509,7.940734259766467,68.48119950902922,30.865376130155397,27.872219236107217,6.1820603123922,28,high_heat,2.5209170265942404,4.114398648129312,0.23268345720240458,-3.04752935377042,-0.6500692017626966,68.48119950902922,30.865376130155397,27.872219236107217,6.182060312392199
45,DE,2022,7,18.87700994523868,7.591102792291946,24.493263316403226,4.230941477315714,6.217739793766074,68.48119950902922,30.865376130155397,27.872219236107217,6.182060312392199,3,17.974896362167563,5.209956500495471,20.909406860809362,3.4634584827880803,6.287231196558444,68.48119950902922,30.865376130155397,27.872219236107217,6.1820603123922,28,high_heat,3.583856455593864,2.381146291796475,0.7674829945276334,0.9021135830711167,-0.06949140279237032,68.48119950902922,30.865376130155397,27.872219236107217,6.182060312392199
46,DE,2022,10,11.94059335943311,8.354294039738292,15.681340070411586,3.46474646499196,7.472356271121767,68.48119950902922,30.865376130155397,27.872219236107217,6.182060312392199,4,12.992390314387412,7.794742083489156,12.50354770826846,3.450816455470962,5.186354048100911,68.48119950902922,30.865376130155397,27.872219236107217,6.182060312392199,27,high_heat,3.1777923621431263,0.5595519562491358,0.013930009520997988,-1.0517969549543018,2.286002223020856,68.48119950902922,30.865376130155397,27.872219236107217,6.182060312392199
47,DE,2022,11,11.131582447234242,4.625938751583878,8.810399434606513,3.166158591450426,4.003727387853206,68.48119950902922,30.865376130155397,27.872219236107217,6.1820603123922,7,8.717998351822555,6.3554477547568595,6.0755585558186995,3.113820021917568,3.932131814891065,68.48119950902922,30.865376130155397,27.872219236107213,6.182060312392199,23,high_heat,2.7348408787878133,-1.7295090031729812,0.052338569532858426,2.4135840954116876,0.07159557296214114,68.48119950902922,30.865376130155397,27.872219236107217,6.1820603123922
48,DE,2022,12,9.828691136394562,6.43453834160093,5.450249577311222,2.501311380144865,3.3311212146099227,68.48119950902922,30.865376130155397,27.872219236107217,6.182060312392199,3,8.106829065613653,4.80216721043911,2.6456470470766127,2.858549113517814,3.6270229690250178,68.48119950902922,30.865376130155397,27.872219236107217,6.1820603123922,28,high_heat,2.8046025302346096,1.6323711311618192,-0.3572377333729486,1.7218620707809098,-0.29590175441509503,68.48119950902922,30.865376130155397,27.872219236107217,6.182060312392199
49,DE,2023,1,12.291317946309272,9.69414486560509,4.39004304773724,2.6839339645918106,8.502979712399986,71.36006745007114,34.81470050211158,27.403096982060998,5.765249663126039,6,8.643685505033893,6.387912333942478,3.1424177533858404,2.6632286356351305,4.193047123397312,71.36006745007114,34.81470050211158,27.403096982060994,5.765249663126039,25,high_heat,1.2476252943514,3.3062325316626113,0.02070532895668009,3.6476324412753787,4.309932589002674,71.36006745007114,34.81470050211158,27.403096982060998,5.765249663126039
50,DE,2023,9,22.915254814075933,6.7991403574010025,33.084427759294755,4.2679756400015485,10.366831409167666,71.36006745007114,34.81470050211158,27.403096982060994,5.76524966312604,8,20.571092659444446,8.440486367238401,25.708913690518592,3.9623809860257877,9.213785128744162,71.36006745007114,34.81470050211158,27.403096982060994,5.76524966312604,22,high_heat,7.3755140687761624,-1.6413460098373989,0.3055946539757608,2.344162154631487,1.1530462804235047,71.36006745007114,34.81470050211158,27.403096982060994,5.76524966312604
51,DE,2023,10,21.628462152951226,6.570594837696419,23.24431156863697,3.3922042240725703,11.021213804474103,71.36006745007114,34.81470050211158,27.403096982060998,5.765249663126039,3,13.377598698225087,9.541909870370501,12.235152484856842,3.4163042000404564,5.878089589062793,71.36006745007114,34.81470050211158,27.403096982060994,5.76524966312604,28,high_heat,11.009159083780128,-2.9713150326740827,-0.024099975967886156,8.250863454726138,5.1431242154113095,71.36006745007114,34.81470050211158,27.403096982060998,5.765249663126039
52,DE,2024,4,17.58449840722371,13.198801569389705,30.006355527745587,4.40448008422891,10.063988465089002,72.61189437364733,37.26447383887763,26.936932576422834,5.2954924182184016,4,18.811822674152953,10.714831135050657,21.1915869774066,3.600474793468993,8.777375947305453,72.61189437364733,37.26447383887763,26.93693257642283,5.2954924182184016,26,high_heat,8.814768550338986,2.4839704343390476,0.8040052907599167,-1.2273242669292443,1.2866125177835492,72.61189437364733,37.26447383887763,26.936932576422834,5.2954924182184016
53,DE,2024,5,19.66903275296372,10.21061855800231,29.39204909854688,3.4348274879281084,11.010601755462172,72.61189437364733,37.26447383887763,26.936932576422834,5.2954924182184016,5,21.843457868541044,7.145666802167456,28.984419469648948,4.322479039076146,8.439135350636567,72.61189437364733,37.26447383887763,26.93693257642283,5.2954924182184016,26,high_heat,0.40762962889793286,3.064951755834853,-0.8876515511480378,-2.174425115577325,2.571466404825605,72.61189437364733,37.26447383887763,26.936932576422834,5.2954924182184016
54,DE,2024,9,20.972254306933763,7.579125983536151,29.818389751658962,3.8615244999306104,9.753357323813292,72.61189437364733,37.26447383887763,26.936932576422834,5.2954924182184016,7,18.028112463478227,8.729879152560406,22.520877989350534,4.009759812711883,7.526605478910956,72.61189437364733,37.26447383887763,26.936932576422834,5.2954924182184016,23,high_heat,7.297511762308428,-1.150753169024255,-0.148235312781273,2.9441418434555366,2.226751844902336,72.61189437364733,37.26447383887763,26.936932576422834,5.2954924182184016
55,FI,2019,2,6.7588202971657525,4.421369480234387,0.0,3.940410016469777,5.229808536035716,38.481012658227854,0.08438818565400845,20.42194092827004,0.0,6,7.052572397339972,2.75720146013878,0.0,4.9758586611138815,5.432933817760796,38.481012658227854,0.08438818565400844,20.42194092827004,0.0,22,high_heat,0.0,1.6641680200956066,-1.0354486446441045,-0.2937521001742196,-0.2031252817250806,38.481012658227854,0.08438818565400845,20.42194092827004,0.0
56,FI,2019,4,4.531604489988033,3.729716995709818,0.0,4.965520613540296,8.732768033355585,38.481012658227854,0.08438818565400845,20.42194092827004,0.0,6,4.783248805878144,3.0991053033351665,0.0,4.3941817939916925,7.189932263799726,38.481012658227854,0.08438818565400845,20.42194092827004,0.0,24,high_heat,0.0,0.6306116923746514,0.5713388195486031,-0.25164431589011116,1.5428357695558592,38.481012658227854,0.08438818565400845,20.42194092827004,0.0
57,FI,2019,7,9.753088323859652,3.006255898177001,0.0,10.125666024637967,5.002626373847012,38.481012658227854,0.08438818565400845,20.42194092827004,0.0,3,7.960745327151632,2.603374782709171,0.0,7.632902441625545,4.557617328242641,38.48101265822785,0.08438818565400844,20.42194092827004,0.0,28,high_heat,0.0,0.40288111546783023,2.4927635830124224,1.7923429967080198,0.4450090456043716,38.481012658227854,0.08438818565400845,20.42194092827004,0.0
58,FI,2020,1,5.986305637196751,1.5104666721768627,0.0,4.606298995294833,6.263254083925308,42.73301737756714,0.07898894154818326,25.118483412322274,0.0,3,6.31595635478466,2.30583951573989,0.0,4.5919613575558085,6.588606122770705,42.73301737756714,0.07898894154818326,25.118483412322274,0.0,28,high_heat,0.0,-0.7953728435630274,0.014337637739024522,-0.3296507175879091,-0.32535203884539676,42.73301737756714,0.07898894154818326,25.118483412322274,0.0
59,FI,2020,3,3.6621144973965394,2.575425560258062,0.0,3.171838486337239,2.834163657057685,42.73301737756714,0.07898894154818326,25.118483412322274,0.0,4,4.9866882252205915,2.8390185245884916,0.0,3.5869816950604467,3.811840435120934,42.73301737756714,0.07898894154818326,25.118483412322274,0.0,27,high_heat,0.0,-0.2635929643304298,-0.41514320872320765,-1.3245737278240521,-0.9776767780632492,42.73301737756714,0.07898894154818326,25.118483412322274,0.0
60,FI,2020,6,7.844069108087801,3.314128587544564,0.0,5.676893319883216,5.601172318462215,42.73301737756714,0.07898894154818326,25.118483412322274,0.0,3,4.239497920919408,4.096700699549468,0.0,3.830178885113071,7.368219088280167,42.73301737756714,0.07898894154818326,25.118483412322274,0.0,27,high_heat,0.0,-0.7825721120049045,1.8467144347701447,3.6045711871683928,-1.7670467698179522,42.73301737756714,0.07898894154818326,25.118483412322274,0.0
61,FI,2020,10,9.385840677299472,4.096349525576349,0.0,7.393381568309525,5.138687987096308,42.73301737756714,0.07898894154818326,25.118483412322274,0.0,9,8.667025069112901,3.3837263543555305,0.0,5.17098661153971,5.530411615263572,42.73301737756714,0.07898894154818326,25.118483412322277,0.0,22,high_heat,0.0,0.7126231712208182,2.222394956769816,0.7188156081865706,-0.3917236281672638,42.73301737756714,0.07898894154818326,25.118483412322274,0.0
62,FI,2020,11,4.79962336097613,1.8097153187350337,0.0,4.030858916650939,5.064460665350951,42.73301737756714,0.07898894154818326,25.118483412322274,0.0,7,7.310743426441651,2.661124104762191,0.0,3.494697985006841,4.1502771740536835,42.73301737756714,0.07898894154818326,25.118483412322274,0.0,23,high_heat,0.0,-0.8514087860271573,0.5361609316440985,-2.511120065465521,0.9141834912972673,42.73301737756714,0.07898894154818326,25.118483412322274,0.0
63,FI,2020,12,5.156129658073052,1.6483702269883154,0.0,2.640151190766904,5.055854029600435,42.73301737756714,0.07898894154818326,25.118483412322274,0.0,6,8.171326521547726,2.7431300168148325,0.0,3.816033977587507,4.672656396593001,42.73301737756714,0.07898894154818326,25.118483412322277,0.0,25,high_heat,0.0,-1.0947597898265171,-1.175882786820603,-3.0151968634746744,0.38319763300743404,42.73301737756714,0.07898894154818326,25.118483412322274,0.0
64,FI,2021,3,6.394469267792697,6.265095404254812,0.0,3.8145716764743938,6.098884874637567,51.43256464011182,0.13976240391334735,35.77917540181692,0.0,3,5.510131019314066,3.3135477835461318,0.0,4.14818946501778,4.982829505290934,51.43256464011182,0.13976240391334735,35.77917540181692,0.0,28,high_heat,0.0,2.9515476207086806,-0.3336177885433864,0.8843382484786311,1.1160553693466326,51.43256464011182,0.13976240391334735,35.77917540181692,0.0
65,FI,2021,4,3.662979678000986,4.4374827963664085,0.0,3.6736775979585934,5.799966741695413,51.43256464011182,0.13976240391334735,35.77917540181692,0.0,4,5.409685356571387,3.2177315868343523,0.0,3.577064227366773,5.182382300209647,51.43256464011183,0.13976240391334735,35.77917540181692,0.0,26,high_heat,0.0,1.2197512095320562,0.0966133705918204,-1.7467056785704012,0.6175844414857661,51.43256464011182,0.13976240391334735,35.77917540181692,0.0
66,FI,2021,7,7.485149393805537,3.2282140885157133,0.0,8.601759129944975,4.2080609004036,51.43256464011182,0.13976240391334735,35.77917540181692,0.0,8,5.624681196532963,3.6237323973414455,0.0,6.236569748484504,5.673161148389107,51.43256464011182,0.13976240391334735,35.77917540181692,0.0,23,high_heat,0.0,-0.39551830882573213,2.365189381460471,1.8604681972725743,-1.4651002479855064,51.43256464011182,0.13976240391334735,35.77917540181692,0.0
67,FI,2021,10,6.614098634521906,3.263404829807068,0.0,5.154201964677556,4.984280044083844,51.43256464011182,0.13976240391334735,35.77917540181692,0.0,5,6.762403028169913,4.335011756615392,0.0,3.9356583895119033,4.15447733971783,51.43256464011183,0.13976240391334735,35.77917540181692,0.0,26,high_heat,0.0,-1.0716069268083244,1.2185435751656528,-0.14830439364800618,0.8298027043660143,51.43256464011182,0.13976240391334735,35.77917540181692,0.0
68,FI,2021,11,6.503235429507306,4.171196157317814,0.0,3.1376309705329524,4.862530133676293,51.43256464011182,0.13976240391334735,35.77917540181692,0.0,4,7.160911098341287,4.2807985121096825,0.0,4.150633723490895,4.381099072526031,51.43256464011183,0.13976240391334735,35.77917540181692,0.0,26,high_heat,0.0,-0.10960235479186853,-1.0130027529579424,-0.6576756688339804,0.48143106115026146,51.43256464011182,0.13976240391334735,35.77917540181692,0.0
69,FI,2022,3,8.165504243808027,7.989191215380714,0.0,4.994550701977947,3.8332837557668724,50.87310826542492,0.17462165308498254,38.53317811408615,0.0,5,6.261883840206843,5.741560535984652,0.0,5.048906739637048,3.155908551275898,50.87310826542492,0.17462165308498254,38.53317811408615,0.0,26,high_heat,0.0,2.247630679396062,-0.05435603765910102,1.9036204036011837,0.6773752044909744,50.87310826542492,0.17462165308498254,38.53317811408615,0.0
70,FI,2022,4,4.292607828843775,2.596843151964075,0.0,4.3974259923645,3.1527678718095102,50.87310826542492,0.17462165308498254,38.53317811408615,0.0,3,5.4387223584502715,5.0167081843588015,0.0,4.468823279214725,5.528850825012918,50.87310826542492,0.17462165308498254,38.53317811408615,0.0,27,high_heat,0.0,-2.4198650323947266,-0.07139728685022462,-1.1461145296064963,-2.3760829532034076,50.87310826542492,0.17462165308498254,38.53317811408615,0.0
71,FI,2022,6,6.156456747795226,7.669341119979919,0.0,8.432294020032232,6.128142410968585,50.87310826542492,0.17462165308498254,38.53317811408615,0.0,6,6.503926092245501,5.827776104996148,0.0,5.336914356870853,5.493682187924808,50.87310826542492,0.17462165308498254,38.53317811408615,0.0,24,high_heat,0.0,1.8415650149837708,3.0953796631613795,-0.3474693444502748,0.634460223043777,50.87310826542492,0.17462165308498254,38.53317811408615,0.0
72,FI,2022,7,6.217944291322302,5.872355805610633,0.0,7.454063207336162,4.057581534254757,50.87310826542492,0.17462165308498254,38.53317811408615,0.0,2,6.292007145563471,4.784658838034608,0.0,6.9721420793935645,4.534302067339792,50.87310826542492,0.1746216530849825,38.53317811408615,0.0,29,high_heat,0.0,1.0876969675760249,0.48192112794259767,-0.07406285424116898,-0.47672053308503504,50.87310826542492,0.17462165308498254,38.53317811408615,0.0
73,FI,2022,8,5.728610093066281,8.932979306336659,0.0,6.5291258835582875,5.484909226588492,50.87310826542492,0.17462165308498254,38.53317811408615,0.0,6,6.746052825866901,6.60976681753482,0.0,6.580695670218107,5.433762455733587,50.87310826542492,0.17462165308498254,38.53317811408615,0.0,25,high_heat,0.0,2.323212488801839,-0.051569786659819705,-1.0174427328006201,0.05114677085490538,50.87310826542492,0.17462165308498254,38.53317811408615,0.0
74,FI,2023,6,6.300274084631123,6.1491517413658885,3.3425821388247363,5.5582731681476645,6.819956491046752,57.352143244709715,0.2712967986977754,44.60119370591428,0.0,3,6.134855715795386,6.895579097712099,2.844434980230806,4.408893225025521,7.566668868863149,57.35214324470972,0.2712967986977754,44.60119370591428,0.0,27,high_heat,0.49814715859393033,-0.7464273563462109,1.1493799431221436,0.1654183688357378,-0.7467123778163973,57.352143244709715,0.2712967986977754,44.60119370591428,0.0
75,FI,2024,5,5.830484585633239,6.427907870138369,4.2618694148595875,3.076712835482113,8.446882088954611,63.03930968360498,7.238734419942474,44.72674976030681,0.0,6,7.634935395987054,8.73701524693413,4.130830370640211,2.633789349553682,8.440953529145474,63.03930968360499,7.238734419942474,44.72674976030681,0.0,25,high_heat,0.13103904421937607,-2.309107376795761,0.4429234859284308,-1.8044508103538153,0.0059285598091367575,63.03930968360498,7.238734419942474,44.72674976030681,0.0
76,FI,2024,6,5.4556654896668455,3.188560106449318,4.443855377380021,1.9466434846585228,2.7994467328848907,63.03930968360498,7.238734419942474,44.72674976030681,0.0,1,4.9000451471927455,5.138202405540144,3.8285754959731717,2.895971384749083,4.020182844084601,63.03930968360499,7.238734419942474,44.72674976030681,0.0,29,high_heat,0.615279881406849,-1.9496422990908262,-0.9493279000905603,0.5556203424741,-1.22073611119971,63.03930968360498,7.238734419942474,44.72674976030681,0.0
77,FI,2024,8,6.597212475147096,5.905793273994715,3.892326419402654,4.037227304250995,7.638409053701466,63.03930968360498,7.238734419942474,44.72674976030681,0.0,3,5.972017388380332,7.086578770801926,3.2611144968531716,2.908613988163772,8.348231081898298,63.03930968360498,7.238734419942474,44.72674976030681,0.0,28,high_heat,0.6312119225494826,-1.1807854968072107,1.1286133160872227,0.6251950867667642,-0.7098220281968324,63.03930968360498,7.238734419942474,44.72674976030681,0.0
78,FI,2024,9,6.832366896154902,9.543725847056049,2.7821658357332906,5.022263491883775,7.989076433771155,63.03930968360498,7.238734419942473,44.72674976030681,0.0,10,6.895775333432494,9.432298622243653,2.033984874922047,4.42494430297843,6.975511885425564,63.03930968360498,7.238734419942473,44.72674976030681,0.0,20,high_heat,0.7481809608112435,0.11142722481239531,0.5973191889053453,-0.06340843727759182,1.0135645483455908,63.03930968360498,7.238734419942473,44.72674976030681,0.0
79,PL,2019,4,8.416279599627428,3.352047376791244,0.0,1.0425569992422823,3.6610005805903145,29.450800915331815,7.940503432494281,15.034324942791763,4.462242562929062,3,8.359734492859603,3.002441507833742,0.0,1.1649178848141217,3.797155530182346,29.450800915331815,7.940503432494281,15.034324942791763,4.462242562929062,27,high_heat,0.0,0.34960586895750234,-0.12236088557183944,0.05654510676782465,-0.13615494959203156,29.450800915331815,7.940503432494281,15.034324942791763,4.462242562929062
80,PL,2019,7,9.316841030405675,2.7471109356602565,0.0,0.8628855882573582,5.2526703301556905,29.450800915331815,7.940503432494281,15.034324942791763,4.462242562929062,3,10.152550121005358,2.426223351185272,0.0,0.7916418017741169,3.9717685769652,29.450800915331815,7.940503432494281,15.034324942791764,4.462242562929062,28,high_heat,0.0,0.32088758447498433,0.07124378648324126,-0.8357090905996838,1.2809017531904905,29.450800915331815,7.940503432494281,15.034324942791763,4.462242562929062
81,PL,2019,8,10.931566127140451,2.3134805507414034,0.0,0.8015692691881856,2.9329507171115323,29.450800915331815,7.940503432494281,15.034324942791763,4.462242562929062,3,10.229192766081754,2.4322476017167944,0.0,0.8038773508092507,2.915727127766633,29.450800915331815,7.940503432494281,15.034324942791764,4.462242562929062,28,high_heat,0.0,-0.11876705097539109,-0.0023080816210651056,0.7023733610586973,0.017223589344899537,29.450800915331815,7.940503432494281,15.034324942791763,4.462242562929062
82,PL,2019,10,10.436482690646562,3.9840473150663622,0.0,0.9730523850942029,4.030342213093931,29.450800915331815,7.940503432494281,15.034324942791763,4.462242562929062,6,11.020776217071816,2.7810400037275143,0.0,0.9261326458481789,3.432290922069435,29.450800915331815,7.940503432494281,15.034324942791763,4.462242562929062,25,high_heat,0.0,1.203007311338848,0.046919739246023995,-0.5842935264252542,0.598051291024496,29.450800915331815,7.940503432494281,15.034324942791763,4.462242562929062
83,PL,2019,11,9.989263343342053,3.657109883539354,0.0,1.0145724141824,4.994688400704822,29.450800915331815,7.940503432494281,15.034324942791763,4.462242562929062,6,10.419265145758127,2.8398611632924227,0.0,1.129166680240923,4.391402293637687,29.450800915331815,7.940503432494281,15.034324942791763,4.462242562929062,24,high_heat,0.0,0.8172487202469312,-0.11459426605852308,-0.4300018024160739,0.6032861070671354,29.450800915331815,7.940503432494281,15.034324942791763,4.462242562929062
84,PL,2020,8,10.751149231522348,2.965220261925243,4.074285286586915,1.0007964040481474,3.0932724815692416,35.11868533171029,13.511868533171025,16.129032258064516,4.159058632582674,3,11.475055845212202,2.7067351818542633,2.980590153546146,0.8584748985798669,4.508290239125957,35.11868533171029,13.511868533171025,16.129032258064516,4.159058632582674,28,high_heat,1.093695133040769,0.2584850800709795,0.14232150546828048,-0.723906613689854,-1.4150177575567153,35.11868533171029,13.511868533171025,16.129032258064516,4.159058632582674
85,PL,2020,10,8.495251763132703,3.068461223044243,2.561875248114826,1.0380851926825254,5.144021953702616,35.11868533171029,13.511868533171025,16.129032258064516,4.159058632582674,3,10.5143659612429,3.4991797241875524,1.765401458646329,1.1201083222260435,3.955092307679402,35.11868533171029,13.511868533171025,16.129032258064516,4.159058632582674,28,high_heat,0.7964737894684972,-0.43071850114330923,-0.08202312954351809,-2.0191141981101968,1.188929646023214,35.11868533171029,13.511868533171025,16.129032258064516,4.159058632582674
86,PL,2021,2,7.5648404928429756,4.700676822313224,2.514259877005881,1.1850220387010755,4.869795482365213,41.19491056610731,19.620136455836253,16.559100129079845,3.7986354416374692,3,9.507437672572514,3.4478803934882496,1.6931814886556509,1.0666316164349765,3.9593639937310665,41.19491056610731,19.620136455836253,16.559100129079845,3.7986354416374697,25,high_heat,0.82107838835023,1.2527964288249747,0.11839042226609897,-1.942597179729539,0.9104314886341469,41.19491056610731,19.620136455836253,16.559100129079845,3.7986354416374692
87,PL,2021,5,10.965596183673085,3.5610763559932206,6.860842236257521,1.3986610578502932,3.1632734628495967,41.19491056610731,19.620136455836253,16.559100129079845,3.7986354416374692,3,9.612135399223964,3.295413645688381,5.018563266164267,1.3614588981288254,4.222885280273318,41.19491056610731,19.620136455836253,16.559100129079845,3.7986354416374692,28,high_heat,1.842278970093254,0.2656627103048397,0.03720215972146779,1.3534607844491209,-1.0596118174237215,41.19491056610731,19.620136455836253,16.559100129079845,3.7986354416374692
88,PL,2021,6,11.414442128333366,3.1217316228399783,6.453727536046651,0.9130668255839225,5.10963993806916,41.19491056610731,19.620136455836253,16.559100129079845,3.7986354416374697,5,11.32540316817448,2.274584432199003,6.272667092815742,0.9380510633762364,4.098340225805611,41.19491056610731,19.620136455836253,16.559100129079845,3.7986354416374697,25,high_heat,0.1810604432309093,0.8471471906409751,-0.024984237792313957,0.08903896015888613,1.0112997122635488,41.19491056610731,19.620136455836253,16.559100129079845,3.7986354416374697
89,PL,2021,12,11.497654762664196,3.1038920788154076,0.6128217637004126,1.1975185850215908,2.3835869258412354,41.19491056610731,19.620136455836253,16.559100129079845,3.7986354416374692,1,9.193456601938518,3.0190146656808294,1.141532205593164,0.9207838932421765,3.596449684044319,41.19491056610731,19.620136455836253,16.559100129079845,3.7986354416374692,30,high_heat,-0.5287104418927514,0.0848774131345782,0.27673469177941434,2.3041981607256776,-1.2128627582030838,41.19491056610731,19.620136455836253,16.559100129079845,3.7986354416374692
90,PL,2022,1,10.081646741538982,6.205608893206838,0.9773578884194845,1.6527667293691781,2.9783952512570897,44.77537437603994,24.30948419301165,15.940099833610649,3.427620632279534,4,8.86214877284161,3.764897737846075,1.605417985278812,1.0687421000262713,3.1806677511547368,44.775374376039935,24.30948419301165,15.940099833610649,3.427620632279534,27,high_heat,-0.6280600968593275,2.440711155360763,0.5840246293429068,1.2194979686973717,-0.20227249989764706,44.77537437603994,24.30948419301165,15.940099833610649,3.427620632279534
91,PL,2022,7,12.60812051952373,3.960209889144684,13.333540894438556,1.4964759925412476,1.9907203138332374,44.77537437603994,24.309484193011645,15.94009983361065,3.427620632279534,3,10.862471446163315,3.8484079030149663,10.842166060111007,1.4657062454591772,2.4018465278931838,44.77537437603994,24.30948419301165,15.940099833610649,3.427620632279534,28,high_heat,2.4913748343275497,0.1118019861297177,0.030769747082070475,1.7456490733604149,-0.4111262140599463,44.77537437603994,24.309484193011645,15.94009983361065,3.427620632279534
92,PL,2022,11,11.233169532055198,5.329740907907791,7.508009177748266,1.4492985949401251,1.6740833015198564,44.77537437603994,24.309484193011645,15.94009983361065,3.427620632279534,3,10.929281202707486,2.8030494810215845,3.152247782447399,1.2284639976947156,1.6025211624797013,44.775374376039935,24.30948419301165,15.940099833610649,3.427620632279534,27,high_heat,4.355761395300867,2.5266914268862064,0.22083459724540955,0.30388832934771237,0.07156213904015507,44.77537437603994,24.309484193011645,15.94009983361065,3.427620632279534
93,PL,2022,12,7.943350995508196,3.0043260850390774,3.141370446946846,1.9163287083395881,1.0502486643959323,44.77537437603994,24.30948419301165,15.940099833610649,3.427620632279534,1,10.161837202839855,2.9352291558106303,1.8069637797249951,1.221583981199248,2.4809286846883607,44.77537437603994,24.30948419301165,15.940099833610649,3.427620632279534,30,high_heat,1.3344066672218509,0.06909692922844712,0.6947447271403402,-2.21848620733166,-1.4306800202924284,44.77537437603994,24.30948419301165,15.940099833610649,3.427620632279534
94,PL,2023,1,10.469872368845408,6.715799154119989,3.4988137446267817,1.6894776871118569,2.312256293184119,48.3947119924457,28.045325779036823,16.210261252754172,3.1318854265029903,9,10.589313326499104,3.263051653683165,2.1541403442352465,1.3885354951962443,2.956697639980897,48.3947119924457,28.045325779036826,16.210261252754172,3.1318854265029903,22,high_heat,1.3446734003915353,3.4527475004368244,0.30094219191561256,-0.11944095765369589,-0.644441346796778,48.3947119924457,28.045325779036823,16.210261252754172,3.1318854265029903
95,PL,2023,7,14.703749417454029,7.488037930267698,19.377184426104844,2.228195003979565,4.914759617823158,48.3947119924457,28.04532577903682,16.210261252754172,3.1318854265029903,3,16.66852328860636,4.083518959579041,17.554455915540274,2.1147357748311584,5.877929374704601,48.3947119924457,28.045325779036823,16.210261252754172,3.1318854265029903,28,high_heat,1.8227285105645699,3.404518970688657,0.11345922914840667,-1.96477387115233,-0.9631697568814426,48.3947119924457,28.04532577903682,16.210261252754172,3.1318854265029903
96,PL,2023,9,15.708614357209884,2.8166837765528783,20.10313736603381,1.9723256425946525,5.978585961362131,48.3947119924457,28.04532577903682,16.210261252754172,3.1318854265029903,6,14.52851392868059,4.580073127296387,17.405407385583,1.8616471280741047,5.211379027079656,48.3947119924457,28.04532577903682,16.210261252754172,3.1318854265029903,24,high_heat,2.6977299804508093,-1.763389350743509,0.11067851452054778,1.1801004285292933,0.7672069342824752,48.3947119924457,28.04532577903682,16.210261252754172,3.1318854265029903
97,PL,2024,2,12.61777173982197,3.7865984339476975,13.336223005970481,2.054362736384344,5.64492132818521,50.75115275918489,30.83444890673806,15.915513907481776,2.9599881005503494,4,10.02890283397527,4.7146858829281735,5.417254196844974,1.6097409685084905,3.829712858583984,50.75115275918489,30.83444890673806,15.915513907481774,2.9599881005503494,25,high_heat,7.9189688091255075,-0.928087448980476,0.4446217678758535,2.5888689058467005,1.8152084696012256,50.75115275918489,30.83444890673806,15.915513907481776,2.9599881005503494
98,PL,2024,3,13.748649211334378,5.340922856325699,18.568633317964032,2.202490394854781,5.212050994119909,50.75115275918489,30.83444890673806,15.915513907481776,2.9599881005503494,5,12.166039668627697,4.719417475995302,11.421670612535072,1.8926378693931682,4.793302124944141,50.75115275918488,30.834448906738064,15.915513907481776,2.9599881005503494,26,high_heat,7.14696270542896,0.6215053803303974,0.3098525254616127,1.582609542706681,0.4187488691757677,50.75115275918489,30.83444890673806,15.915513907481776,2.9599881005503494
99,PL,2024,4,13.467559451971157,6.942025276232948,20.298450472915924,2.2230166698096365,3.7803399697757505,50.75115275918489,30.83444890673806,15.915513907481776,2.95998810055035,7,13.488825631648588,5.519901996519071,14.520278071365771,1.9383597333197355,4.663116568172302,50.75115275918489,30.83444890673806,15.915513907481776,2.9599881005503494,23,high_heat,5.778172401550153,1.422123279713877,0.284656936489901,-0.02126617967743094,-0.8827765983965512,50.75115275918489,30.83444890673806,15.915513907481776,2.95998810055035
100,PL,2024,5,15.079358609878561,5.493963727937384,23.855149955181428,1.8255204594919765,5.726135846680798,50.75115275918489,30.83444890673806,15.915513907481776,2.9599881005503494,8,15.749654911435453,4.429897939967433,21.916521869157968,1.7137734768081396,5.412097689751138,50.75115275918489,30.83444890673806,15.915513907481776,2.9599881005503494,23,high_heat,1.93862808602346,1.0640657879699509,0.11174698268383687,-0.6702963015568919,0.31403815692965953,50.75115275918489,30.83444890673806,15.915513907481776,2.9599881005503494
101,PL,2024,7,16.22801147091254,5.066095063606849,19.9290815560702,1.2703948063251893,5.688128928519263,50.75115275918489,30.83444890673806,15.915513907481776,2.9599881005503494,3,16.530658864165225,3.7900182715162836,20.83761638980615,1.350198955156004,7.2940151903886035,50.75115275918489,30.83444890673806,15.915513907481776,2.95998810055035,28,high_heat,-0.9085348337359491,1.2760767920905658,-0.07980414883081477,-0.3026473932526841,-1.6058862618693404,50.75115275918489,30.83444890673806,15.915513907481776,2.9599881005503494
102,PL,2024,9,13.928106751315074,7.229579893779741,21.77924491919333,1.3689673809864982,6.541378940300931,50.75115275918489,30.83444890673806,15.915513907481776,2.95998810055035,7,14.271677037065704,5.279312724632524,16.168160337611194,1.136857126894754,6.910095024516152,50.75115275918489,30.83444890673806,15.915513907481776,2.9599881005503494,23,high_heat,5.611084581582137,1.9502671691472173,0.23211025409174413,-0.34357028575063,-0.3687160842152206,50.75115275918489,30.83444890673806,15.915513907481776,2.95998810055035
103,PL,2024,12,10.350515867607756,4.511990082967391,2.4533426904137565,0.898625179960397,3.420240386844987,50.75115275918489,30.83444890673806,15.915513907481776,2.9599881005503494,4,9.749339985842452,4.130813314559515,3.695047724141549,1.1572644209078708,3.8314875772881045,50.75115275918489,30.83444890673806,15.915513907481776,2.9599881005503494,27,high_heat,-1.2417050337277926,0.38117676840787595,-0.2586392409474738,0.6011758817653039,-0.41124719044311764,50.75115275918489,30.83444890673806,15.915513907481776,2.9599881005503494
0,CZ,2019,3,6.830173886265506,0.2598631537975886,1.9270433698250418,2.611064422030521,3.630894395957687,26.48425400103252,10.583376355188435,1.755291688177594,9.91223541559112,3,8.12867036973565,0.34648561384533777,4.0739516559116336,3.505800586391234,4.892117961377851,26.48425400103252,10.583376355188435,1.7552916881775942,9.912235415591121,28,low_solar,-2.1469082860865916,-0.08662246004774915,-0.894736164360713,-1.298496483470144,-1.2612235654201638,26.48425400103252,10.583376355188435,1.755291688177594,9.91223541559112
1,CZ,2020,6,5.860971852980013,0.3028707899200393,2.9016293467303447,2.437786373215812,7.4883694111528225,27.099841521394616,10.829371368198625,1.7960908610670896,10.142630744849445,10,7.44009438043734,0.1688247041227266,5.578900729587632,2.876669073658697,5.870669250607078,27.099841521394616,10.829371368198625,1.7960908610670896,10.142630744849445,20,low_solar,-2.6772713828572874,0.1340460857973127,-0.438882700442885,-1.5791225274573266,1.6177001605457448,27.099841521394616,10.829371368198625,1.7960908610670896,10.142630744849445
2,CZ,2020,10,9.56552515568952,0.47584455350625454,0.9125507515607264,2.953246979631946,5.996514964768814,27.099841521394612,10.829371368198627,1.7960908610670894,10.142630744849445,3,6.7142666510924665,0.2958685889653762,2.565853362511394,2.923514130365885,5.112964381200185,27.099841521394612,10.829371368198625,1.7960908610670894,10.142630744849445,28,low_solar,-1.6533026109506674,0.17997596454087833,0.02973284926606068,2.8512585045970544,0.8835505835686286,27.099841521394612,10.829371368198627,1.7960908610670894,10.142630744849445
3,CZ,2021,1,10.345649628707582,0.14791190059520368,0.2452208750137579,3.010824996429903,5.354769844520426,27.4219163578613,11.011116993118051,1.7998941238750663,10.26998411858126,4,9.219239845417293,0.2777503753245552,1.07339224003218,2.834139322047605,5.521183242740459,27.4219163578613,11.011116993118051,1.7998941238750663,10.26998411858126,27,low_solar,-0.8281713650184221,-0.12983847472935153,0.17668567438229799,1.1264097832902884,-0.16641339822003243,27.4219163578613,11.011116993118051,1.7998941238750663,10.26998411858126
4,CZ,2022,3,6.710029551520461,0.286191931797432,0.9057760969407772,3.7328561499624846,5.134193178154329,32.76283618581907,17.359413202933986,1.6625916870415651,9.486552567237164,1,6.979682621792805,0.23391960016735697,5.159005314977787,2.5361874958396204,4.529405745855631,32.76283618581907,17.359413202933986,1.6625916870415651,9.486552567237164,30,low_solar,-4.253229218037009,0.05227233163007505,1.1966686541228642,-0.2696530702723443,0.6047874322986981,32.76283618581907,17.359413202933986,1.6625916870415651,9.486552567237164
5,CZ,2022,4,5.0856278511532125,0.1828373255451452,1.516750190472546,3.057160434004987,5.426425512787128,32.76283618581907,17.359413202933986,1.6625916870415651,9.486552567237164,2,6.766452374511853,0.32709330333836323,5.396264350098031,3.189332990447273,5.961001714774743,32.76283618581907,17.359413202933986,1.6625916870415651,9.486552567237164,28,low_solar,-3.8795141596254847,-0.14425597779321803,-0.13217255644228576,-1.6808245233586403,-0.5345762019876146,32.76283618581907,17.359413202933986,1.6625916870415651,9.486552567237164
6,CZ,2023,4,7.771368312440146,0.37788782927540526,2.0817396782669957,3.2454740758275875,12.521716864912348,35.53062178588126,20.66386161757831,1.729780271154745,9.069658719027581,3,6.632664288047984,0.30590680285927646,4.716020557878326,3.5163677200296957,8.373699488444682,35.53062178588126,20.66386161757831,1.729780271154745,9.069658719027581,27,low_solar,-2.6342808796113304,0.0719810264161288,-0.27089364420210815,1.1387040243921618,4.148017376467665,35.53062178588126,20.66386161757831,1.729780271154745,9.069658719027581
7,CZ,2023,8,7.898349129580302,0.3170135218885205,3.569333248030716,2.458041169588581,8.8097630666076,35.53062178588126,20.66386161757831,1.729780271154745,9.069658719027581,4,8.357738083417884,0.2710075747718649,8.075749075152407,3.524663384673687,10.336910780023826,35.53062178588126,20.66386161757831,1.729780271154745,9.069658719027581,27,low_solar,-4.506415827121691,0.04600594711665562,-1.066622215085106,-0.45938895383758194,-1.5271477134162268,35.53062178588126,20.66386161757831,1.729780271154745,9.069658719027581
8,CZ,2023,12,5.162588271589322,0.3882864739138408,1.015793231934669,2.7009258137767653,6.822955763474929,35.53062178588126,20.66386161757831,1.729780271154745,9.069658719027581,3,6.676188111249134,0.30395322239114775,2.165163943422787,2.9023571482545125,4.4175665655187135,35.53062178588126,20.66386161757831,1.729780271154745,9.069658719027581,28,low_solar,-1.1493707114881182,0.08433325152269305,-0.2014313344777472,-1.513599839659812,2.4053891979562154,35.53062178588126,20.66386161757831,1.729780271154745,9.069658719027581
9,CZ,2024,2,8.566614098368857,0.39370200295261454,2.327653913364544,3.8904640558361736,7.80805790039388,39.24458774758177,24.550898203592812,1.7503454629203132,8.935974205435283,4,8.13710660991517,0.39154546271275537,4.027444791228078,3.660546081483224,5.607617232105554,39.24458774758177,24.55089820359281,1.7503454629203135,8.935974205435283,25,low_solar,-1.6997908778635336,0.0021565402398591726,0.2299179743529498,0.42950748845368736,2.2004406682883264,39.24458774758177,24.550898203592812,1.7503454629203132,8.935974205435283
10,CZ,2024,9,6.431662631602181,0.4352597293261031,2.3818567202306506,2.662855688872381,11.272233013529625,39.24458774758177,24.550898203592812,1.7503454629203135,8.935974205435283,5,8.735151769187125,0.2905131998192357,10.199703682834672,2.949930262287998,7.221018918598438,39.24458774758177,24.55089820359281,1.7503454629203135,8.935974205435283,25,low_solar,-7.817846962604021,0.1447465295068674,-0.28707457341561726,-2.3034891375849433,4.051214094931187,39.24458774758177,24.550898203592812,1.7503454629203135,8.935974205435283
11,DE,2019,1,7.767191872955099,7.537679842704161,1.023667620582121,1.376975415367045,2.163480016306919,62.35907591958355,23.154700800348845,28.292922227168255,6.9787512377699255,8,7.139447938519154,4.392369944759767,3.2247878697229946,1.7880072109334864,3.006813299380877,62.35907591958355,23.154700800348845,28.292922227168255,6.978751237769926,23,low_solar,-2.2011202491408737,3.1453098979443945,-0.4110317955664413,0.6277439344359452,-0.8433332830739579,62.35907591958355,23.154700800348845,28.292922227168255,6.9787512377699255
12,DE,2019,3,7.282135690097719,6.12108181527647,3.526244689147688,1.9019508487946082,3.1456415837696596,62.35907591958355,23.154700800348845,28.29292222716826,6.978751237769925,6,11.273721258820142,5.72997580685565,9.899593701835055,2.0623558987558677,4.641916105068827,62.35907591958355,23.154700800348845,28.292922227168255,6.978751237769925,25,low_solar,-6.373349012687367,0.39110600842081933,-0.16040504996125948,-3.9915855687224235,-1.496274521299167,62.35907591958355,23.154700800348845,28.29292222716826,6.978751237769925
13,DE,2019,9,10.429658294362815,4.411235114839035,7.0746365202885,2.198416057866537,3.9755586712208544,62.35907591958355,23.154700800348845,28.29292222716826,6.978751237769925,3,14.494082732988092,5.62199408402633,13.349278645191157,2.2139439966843404,6.09888247350554,62.359075919583546,23.154700800348845,28.29292222716825,6.9787512377699255,27,low_solar,-6.274642124902657,-1.210758969187295,-0.015527938817803566,-4.064424438625277,-2.123323802284686,62.35907591958355,23.154700800348845,28.29292222716826,6.978751237769925
14,DE,2020,6,12.96609687303326,3.11267767856013,11.505356580571396,1.3406108426947743,4.171977803823711,64.69207289702848,25.191668911033315,28.691983122362874,6.866415297603017,3,18.303358501393145,6.010139313989346,17.965146207538478,1.6310944175406519,7.288054426038094,64.69207289702848,25.191668911033307,28.691983122362874,6.866415297603019,27,low_solar,-6.459789626967082,-2.897461635429216,-0.2904835748458776,-5.337261628359885,-3.1160766222143836,64.69207289702848,25.191668911033315,28.691983122362874,6.866415297603017
15,DE,2020,9,11.480888980941343,11.012284952995172,7.849531928074128,1.3824335716494927,5.860427829189309,64.69207289702848,25.191668911033315,28.691983122362874,6.866415297603017,3,15.590641550335564,5.613558549120783,15.971922582072306,1.7033471534709947,6.17130643682752,64.69207289702848,25.191668911033307,28.691983122362874,6.866415297603019,27,low_solar,-8.122390653998178,5.398726403874389,-0.3209135818215021,-4.109752569394221,-0.3108786076382115,64.69207289702848,25.191668911033315,28.691983122362874,6.866415297603017
16,DE,2020,10,9.657739474867666,4.728490103810084,3.974887166152513,1.299325671497736,1.7075654833657727,64.69207289702848,25.191668911033315,28.691983122362874,6.866415297603017,3,10.98695690630134,7.389806190172588,7.303366118369674,1.4892300633048736,4.153169569588291,64.69207289702848,25.19166891103331,28.691983122362874,6.866415297603018,28,low_solar,-3.3284789522171607,-2.661316086362504,-0.1899043918071377,-1.3292174314336744,-2.4456040862225183,64.69207289702848,25.191668911033315,28.691983122362874,6.866415297603017
17,DE,2021,5,13.84290940496985,3.042724743401603,12.9223590044261,2.1780602794363055,4.006704759830989,66.54148054989376,27.303439004293335,28.721974066525004,6.683290689101869,3,16.97818038854861,6.284311173771017,17.281186739139688,1.9914224623300405,7.58163417238684,66.54148054989376,27.303439004293335,28.721974066525004,6.683290689101868,28,low_solar,-4.3588277347135875,-3.2415864303694137,0.18663781710626504,-3.135270983578758,-3.574929412555851,66.54148054989376,27.303439004293335,28.721974066525004,6.683290689101869
18,DE,2021,8,12.313953535371624,2.4647166945732475,10.66176624835287,2.1635874937031025,4.298081675504509,66.54148054989376,27.303439004293335,28.721974066525,6.683290689101868,5,17.229715925566225,5.202432472775812,16.956481697431308,2.2501274986503392,6.940650443947766,66.54148054989376,27.303439004293335,28.721974066525004,6.683290689101868,26,low_solar,-6.294715449078437,-2.7377157782025647,-0.08654000494723668,-4.915762390194601,-2.6425687684432573,66.54148054989376,27.303439004293335,28.721974066525,6.683290689101868
19,DE,2022,4,9.820133990758821,6.336255081788149,8.111529412139426,1.6638589127556165,2.4195447783583366,68.48119950902922,30.865376130155397,27.872219236107217,6.182060312392199,4,14.343773012310011,5.768975332185454,18.46444615011547,2.4897936519530974,6.045470329239657,68.48119950902922,30.865376130155393,27.872219236107217,6.182060312392199,26,low_solar,-10.352916737976045,0.5672797496026947,-0.825934739197481,-4.52363902155119,-3.62592555088132,68.48119950902922,30.865376130155397,27.872219236107217,6.182060312392199
20,DE,2022,11,8.802676806710904,4.306557549526911,2.137736867978424,3.267983896576093,4.22961151314129,68.48119950902922,30.865376130155397,27.872219236107217,6.182060312392199,3,9.3343336593491,6.134710998959785,7.222127119338534,3.110259961278843,3.9176403302978913,68.48119950902922,30.865376130155397,27.872219236107217,6.182060312392199,27,low_solar,-5.0843902513601105,-1.8281534494328744,0.15772393529725015,-0.5316568526381964,0.3119711828433984,68.48119950902922,30.865376130155397,27.872219236107217,6.182060312392199
21,DE,2023,3,8.75302010024034,5.36138849992732,6.2621459843887495,2.7068974014276947,3.9292896594243714,71.36006745007114,34.81470050211158,27.403096982060998,5.765249663126039,3,11.93495618410437,8.05359635856178,12.421017910902444,3.3675963037810974,5.375745563613181,71.36006745007114,34.81470050211158,27.403096982060994,5.76524966312604,28,low_solar,-6.158871926513695,-2.69220785863446,-0.6606989023534027,-3.1819360838640307,-1.4464559041888099,71.36006745007114,34.81470050211158,27.403096982060998,5.765249663126039
22,DE,2023,8,16.269940986786782,7.812050876795411,16.413308533444134,3.041430385109038,5.064062860147775,71.36006745007114,34.81470050211158,27.403096982060998,5.765249663126039,3,23.25895203207197,6.154508977833141,26.602966970942106,3.9530199404590225,9.651761507878945,71.36006745007114,34.81470050211158,27.403096982060994,5.76524966312604,28,low_solar,-10.189658437497972,1.6575418989622692,-0.9115895553499844,-6.989011045285189,-4.58769864773117,71.36006745007114,34.81470050211158,27.403096982060998,5.765249663126039
23,FI,2019,2,6.751478322405739,2.3197596457545653,0.0,4.304406082406997,4.251946329893453,38.481012658227854,0.08438818565400844,20.42194092827004,0.0,8,7.0848843972613995,3.431428591921148,0.0,4.933805099203404,5.84439122839021,38.481012658227854,0.08438818565400844,20.42194092827004,0.0,20,low_solar,0.0,-1.1116689461665827,-0.6293990167964072,-0.33340607485566043,-1.5924448984967565,38.481012658227854,0.08438818565400844,20.42194092827004,0.0
24,FI,2019,3,5.722014135922046,3.875001476060195,0.0,4.2266575343143105,6.350388543878755,38.481012658227854,0.08438818565400844,20.42194092827004,0.0,4,5.844173836962716,3.2028669904583187,0.0,4.6275123656613575,5.871097438401391,38.481012658227854,0.08438818565400842,20.42194092827004,0.0,27,low_solar,0.0,0.6721344856018763,-0.400854831347047,-0.12215970104066987,0.47929110547736364,38.481012658227854,0.08438818565400844,20.42194092827004,0.0
25,FI,2019,5,4.197035955616493,1.4814770406627484,0.0,3.0006550122308617,8.93560739232818,38.481012658227854,0.08438818565400845,20.42194092827004,0.0,3,3.985539475861168,3.5030834450044357,0.0,3.111376526638888,9.164940392299895,38.48101265822785,0.08438818565400844,20.42194092827004,0.0,28,low_solar,0.0,-2.0216064043416875,-0.11072151440802624,0.21149647975532515,-0.22933299997171552,38.481012658227854,0.08438818565400845,20.42194092827004,0.0
26,FI,2019,11,9.597258453411332,1.616255894783921,0.0,6.6093979603888915,6.080256667275728,38.481012658227854,0.08438818565400844,20.42194092827004,0.0,5,7.4827809241058105,1.948003864637756,0.0,5.360455988582183,6.191578675413183,38.481012658227854,0.08438818565400844,20.42194092827004,0.0,25,low_solar,0.0,-0.33174796985383503,1.2489419718067083,2.114477529305521,-0.11132200813745463,38.481012658227854,0.08438818565400844,20.42194092827004,0.0
27,FI,2019,12,6.867745440151346,1.4935828327876173,0.0,5.044933100456333,4.441097205913042,38.481012658227854,0.08438818565400845,20.42194092827004,0.0,3,6.543660060212033,2.0223693006856998,0.0,4.792494366975222,6.8561910836326145,38.48101265822785,0.08438818565400844,20.42194092827004,0.0,28,low_solar,0.0,-0.5287864678980825,0.2524387334811111,0.3240853799393131,-2.4150938777195723,38.481012658227854,0.08438818565400845,20.42194092827004,0.0
28,FI,2020,3,5.662434727756493,2.280559936640482,0.0,3.50111259821155,4.7141690808496595,42.73301737756714,0.07898894154818326,25.118483412322274,0.0,4,4.6903444873894875,2.882702320679985,0.0,3.538200345153141,3.5333211130776787,42.73301737756714,0.07898894154818326,25.118483412322274,0.0,27,low_solar,0.0,-0.602142384039503,-0.03708774694159089,0.9720902403670051,1.1808479677719808,42.73301737756714,0.07898894154818326,25.118483412322274,0.0
29,FI,2020,7,5.284964520655674,4.602810466349906,0.0,6.655635410636523,4.521811004121036,42.73301737756714,0.07898894154818326,25.118483412322274,0.0,4,6.245603770809747,2.840024107405793,0.0,6.8114544786662305,3.674093366276475,42.73301737756714,0.07898894154818326,25.118483412322274,0.0,27,low_solar,0.0,1.7627863589441133,-0.15581906802970735,-0.960639250154073,0.8477176378445614,42.73301737756714,0.07898894154818326,25.118483412322274,0.0
30,FI,2021,5,4.745279570150355,4.935107198211196,0.0,2.0258627381761296,10.81553882457183,51.43256464011182,0.13976240391334735,35.77917540181692,0.0,4,4.143354424259997,3.933329670179586,0.0,3.0203265972193822,10.13032109691725,51.43256464011182,0.13976240391334735,35.77917540181692,0.0,27,low_solar,0.0,1.0017775280316101,-0.9944638590432526,0.6019251458903581,0.6852177276545799,51.43256464011182,0.13976240391334735,35.77917540181692,0.0
31,FI,2021,8,6.1978045994691096,4.838332273109245,0.0,6.6786437968503405,7.68964719358479,51.43256464011182,0.13976240391334735,35.77917540181692,0.0,6,7.244022598857996,4.248972528895115,0.0,6.830979356341848,7.801201556364759,51.43256464011182,0.13976240391334735,35.77917540181692,0.0,25,low_solar,0.0,0.5893597442141303,-0.15233555949150723,-1.0462179993888867,-0.11155436277996955,51.43256464011182,0.13976240391334735,35.77917540181692,0.0
32,FI,2021,9,8.827597641696338,3.715899080213866,0.0,6.93933634352624,7.286627176494115,51.43256464011182,0.13976240391334735,35.77917540181692,0.0,3,9.497844191515044,4.193959383299047,0.0,8.26260816493033,4.061485022051449,51.43256464011182,0.13976240391334735,35.77917540181692,0.0,27,low_solar,0.0,-0.4780603030851811,-1.3232718214040888,-0.6702465498187067,3.2251421544426657,51.43256464011182,0.13976240391334735,35.77917540181692,0.0
33,FI,2021,10,6.857031207790989,2.6115259159136044,0.0,3.190404416991562,3.2418189694759967,51.43256464011182,0.13976240391334735,35.77917540181692,0.0,3,6.725781367201939,4.32831257404624,0.0,4.233104096418663,4.400441219451958,51.43256464011182,0.13976240391334735,35.77917540181692,0.0,28,low_solar,0.0,-1.7167866581326359,-1.042699679427101,0.13124984058905032,-1.158622249975961,51.43256464011182,0.13976240391334735,35.77917540181692,0.0
34,FI,2022,1,8.65895165343173,3.2860539938060644,0.0,5.676792732830672,3.6786351693683934,50.87310826542492,0.17462165308498254,38.53317811408615,0.0,3,7.435125344690577,3.76089078428447,0.0,5.019127570524303,4.063788431636274,50.873108265424925,0.17462165308498254,38.53317811408615,0.0,28,low_solar,0.0,-0.47483679047840566,0.6576651623063698,1.2238263087411534,-0.3851532622678806,50.87310826542492,0.17462165308498254,38.53317811408615,0.0
35,FI,2022,6,6.885437106739026,4.064686648779324,0.0,5.654890630342793,3.687279846363869,50.87310826542492,0.17462165308498254,38.53317811408615,0.0,4,6.365046856681049,6.523997178641145,0.0,6.002313313989334,5.918004138098131,50.87310826542492,0.17462165308498254,38.53317811408615,0.0,26,low_solar,0.0,-2.4593105298618214,-0.34742268364654105,0.5203902500579769,-2.230724291734262,50.87310826542492,0.17462165308498254,38.53317811408615,0.0
36,FI,2022,9,6.910524036733646,4.08664055328068,0.0,5.780256066407378,2.9224236814398012,50.87310826542492,0.17462165308498254,38.53317811408615,0.0,4,7.2178478156890895,6.318246312299687,0.0,5.949922130552218,5.500557640701472,50.87310826542492,0.17462165308498254,38.53317811408615,0.0,26,low_solar,0.0,-2.231605759019007,-0.16966606414483998,-0.3073237789554435,-2.5781339592616708,50.87310826542492,0.17462165308498254,38.53317811408615,0.0
37,FI,2022,10,9.081747826963912,6.843548629556033,0.0,4.246654756939324,4.090196039509264,50.87310826542492,0.17462165308498254,38.53317811408615,0.0,4,7.023016811485632,6.445322294190426,0.0,4.263468964391156,5.636936992032252,50.87310826542492,0.17462165308498254,38.53317811408615,0.0,27,low_solar,0.0,0.3982263353656075,-0.01681420745183182,2.0587310154782807,-1.5467409525229883,50.87310826542492,0.17462165308498254,38.53317811408615,0.0
38,FI,2022,11,6.697411605550384,0.996076026345056,0.0,4.82287504758259,2.44440968680059,50.87310826542492,0.17462165308498254,38.53317811408615,0.0,5,7.023151436692259,3.3491599735042383,0.0,5.430488403226433,2.7544852699358517,50.87310826542492,0.17462165308498254,38.53317811408615,0.0,25,low_solar,0.0,-2.3530839471591825,-0.607613355643843,-0.3257398311418749,-0.31007558313526173,50.87310826542492,0.17462165308498254,38.53317811408615,0.0
39,FI,2023,1,8.249572700124391,5.361113082361042,0.037709320740811736,3.812788624493354,6.26615114724783,57.35214324470972,0.2712967986977754,44.60119370591428,0.0,4,6.299662193570985,6.515074530108114,0.10832431090184962,4.360922613651401,4.97014899663588,57.35214324470972,0.2712967986977754,44.60119370591428,0.0,27,low_solar,-0.07061499016103788,-1.153961447747072,-0.548133989158047,1.9499105065534064,1.2960021506119501,57.35214324470972,0.2712967986977754,44.60119370591428,0.0
40,FI,2024,3,7.420273900864121,6.0142250488016415,0.9559053869224642,3.615805520557266,8.294010881284136,63.03930968360498,7.238734419942474,44.72674976030681,0.0,3,8.281538744404887,8.004018931355779,1.5282110098562127,3.5081773924380077,6.966216451466614,63.03930968360498,7.238734419942474,44.72674976030681,0.0,28,low_solar,-0.5723056229337485,-1.989793882554137,0.10762812811925837,-0.8612648435407664,1.327794429817522,63.03930968360498,7.238734419942474,44.72674976030681,0.0
41,FI,2024,7,5.071184238771016,4.063556196240129,3.0826188477946452,2.9751721587228355,6.103566081516977,63.03930968360498,7.238734419942474,44.72674976030681,0.0,2,5.163851580582951,5.686831612025044,3.461567375915692,3.2424018135643964,6.958369365312047,63.03930968360499,7.238734419942474,44.72674976030681,0.0,29,low_solar,-0.37894852812104673,-1.6232754157849145,-0.2672296548415609,-0.09266734181193481,-0.8548032837950696,63.03930968360498,7.238734419942474,44.72674976030681,0.0
42,FI,2024,8,6.938762240040876,2.2392621836750592,2.760674162816404,3.600333330162374,3.8924755876186357,63.03930968360498,7.238734419942474,44.72674976030681,0.0,1,6.0023120686683225,7.1300774406921,3.340917033576012,2.998418008372541,8.42577406222127,63.03930968360498,7.238734419942474,44.72674976030681,0.0,30,low_solar,-0.5802428707596077,-4.8908152570170405,0.601915321789833,0.9364501713725533,-4.533298474602635,63.03930968360498,7.238734419942474,44.72674976030681,0.0
43,PL,2019,5,10.713016881960247,2.3869458494487183,0.0,0.8423926672640671,2.604502264121978,29.450800915331815,7.940503432494281,15.034324942791763,4.462242562929062,4,9.213703196399548,2.878822324369786,0.0,1.2062148127610046,3.3526632189008287,29.450800915331815,7.940503432494281,15.034324942791763,4.462242562929062,27,low_solar,0.0,-0.4918764749210678,-0.3638221454969375,1.4993136855606988,-0.7481609547788506,29.450800915331815,7.940503432494281,15.034324942791763,4.462242562929062
44,PL,2020,1,10.27759096877388,4.113474141588759,0.0,1.3340378687984742,2.9783353152371057,35.11868533171029,13.511868533171025,16.129032258064516,4.159058632582674,3,9.539136297792878,2.9676566783672835,0.0,1.1215541063269745,4.0117589574672525,35.11868533171029,13.511868533171025,16.129032258064516,4.159058632582674,28,low_solar,0.0,1.145817463221475,0.2124837624714997,0.7384546709810031,-1.0334236422301468,35.11868533171029,13.511868533171025,16.129032258064516,4.159058632582674
45,PL,2020,6,11.005421990205322,1.9834630024562625,1.7272679765574837,1.1606700980101352,4.814710768758006,35.11868533171029,13.511868533171025,16.129032258064516,4.159058632582674,7,10.883099614728714,3.021223457205104,2.6685009541443536,1.016921393241701,5.153474359445075,35.11868533171029,13.511868533171025,16.129032258064516,4.159058632582674,23,low_solar,-0.94123297758687,-1.0377604547488415,0.14374870476843427,0.12232237547660851,-0.3387635906870683,35.11868533171029,13.511868533171025,16.129032258064516,4.159058632582674
46,PL,2020,10,11.689317050722591,4.321063724194775,1.3649703264164579,1.0844246736059493,3.4250440592132847,35.11868533171029,13.511868533171025,16.129032258064516,4.159058632582674,6,9.990083995994551,3.250241344048622,1.9570817851177176,1.118829622349644,4.224975444834056,35.11868533171029,13.511868533171025,16.129032258064516,4.159058632582674,25,low_solar,-0.5921114587012597,1.070822380146153,-0.0344049487436946,1.6992330547280403,-0.7999313856207717,35.11868533171029,13.511868533171025,16.129032258064516,4.159058632582674
47,PL,2021,4,9.70023796175483,2.40170183439692,1.7866648689400388,0.8737604524774829,4.300027153531671,41.19491056610731,19.620136455836253,16.559100129079845,3.7986354416374692,4,9.043769022527412,3.499459822453688,4.609148276843235,1.179170565612539,3.6610849119053026,41.19491056610731,19.620136455836253,16.559100129079845,3.7986354416374692,26,low_solar,-2.8224834079031957,-1.097757988056768,-0.30541011313505617,0.6564689392274179,0.6389422416263684,41.19491056610731,19.620136455836253,16.559100129079845,3.7986354416374692
48,PL,2021,8,11.229464069865818,2.6525681905459053,2.477379995720351,0.7549928222026093,4.543052241779189,41.19491056610731,19.620136455836253,16.559100129079845,3.7986354416374692,3,10.171535890235264,2.7370168817642933,5.088956552215434,1.2144342769156595,4.558310734710076,41.19491056610731,19.620136455836253,16.559100129079845,3.7986354416374692,28,low_solar,-2.611576556495083,-0.08444869121838794,-0.4594414547130502,1.0579281796305544,-0.015258492930887435,41.19491056610731,19.620136455836253,16.559100129079845,3.7986354416374692
49,PL,2021,9,9.01166623011857,1.953606989746562,2.1011612412940606,0.9547237798875162,3.9178048791520994,41.19491056610731,19.620136455836253,16.559100129079845,3.7986354416374697,5,7.777438033218643,3.012518426606498,4.790658389749683,1.1268314807114646,4.706443808244687,41.19491056610731,19.620136455836253,16.559100129079845,3.7986354416374697,25,low_solar,-2.6894971484556223,-1.0589114368599362,-0.17210770082394833,1.2342281968999265,-0.7886389290925879,41.19491056610731,19.620136455836253,16.559100129079845,3.7986354416374697
50,PL,2022,1,9.396563499735374,3.6992973064533388,0.8754680136891921,0.8682026571915166,2.9568618067872188,44.77537437603994,24.309484193011645,15.94009983361065,3.427620632279534,3,8.979104047631191,4.120599377689691,1.593904039826367,1.173660558807553,3.175750888065878,44.77537437603994,24.30948419301165,15.940099833610649,3.427620632279534,28,low_solar,-0.7184360261371749,-0.42130207123635266,-0.3054579016160365,0.41745945210418256,-0.21888908127865925,44.77537437603994,24.309484193011645,15.94009983361065,3.427620632279534
51,PL,2023,3,9.33869072751561,4.4858345210011175,4.405964742842331,1.8125309800454479,4.666486037392433,48.3947119924457,28.04532577903682,16.210261252754172,3.1318854265029903,3,10.843619587076391,5.3157028396829675,9.266141685499393,1.8137035922784777,4.6055220541640045,48.3947119924457,28.045325779036823,16.210261252754172,3.1318854265029903,28,low_solar,-4.860176942657063,-0.8298683186818501,-0.0011726122330297795,-1.5049288595607813,0.06096398322842855,48.3947119924457,28.04532577903682,16.210261252754172,3.1318854265029903
52,PL,2023,10,10.461948175589603,1.6555990404168863,3.3234245704012144,1.6090495174256418,3.527746564564401,48.3947119924457,28.045325779036823,16.210261252754172,3.1318854265029903,4,12.13932561551302,6.5483124708884475,9.63363212534291,1.5777368987183553,4.304188528935542,48.3947119924457,28.045325779036823,16.210261252754172,3.1318854265029903,27,low_solar,-6.310207554941695,-4.892713430471561,0.03131261870728652,-1.6773774399234167,-0.7764419643711413,48.3947119924457,28.045325779036823,16.210261252754172,3.1318854265029903
53,PL,2023,11,10.91655909791866,2.5725533318386447,1.8706469751204324,1.2513821008924817,3.8163468721575966,48.3947119924457,28.04532577903682,16.210261252754172,3.1318854265029903,3,10.5512851890679,4.179085273584435,5.067662165481361,1.4125510547884699,4.311746243297189,48.3947119924457,28.045325779036823,16.210261252754172,3.1318854265029903,27,low_solar,-3.197015190360929,-1.6065319417457902,-0.16116895389598818,0.36527390885076017,-0.4953993711395923,48.3947119924457,28.04532577903682,16.210261252754172,3.1318854265029903
54,PL,2024,2,11.347013617334186,6.76952981540014,2.7392908489748096,1.6339941019534383,3.603793896541783,50.75115275918489,30.83444890673806,15.915513907481776,2.9599881005503494,3,10.275100652179503,4.33480582164595,6.944552861464687,1.6753458789380506,4.135043272604427,50.75115275918488,30.834448906738064,15.915513907481776,2.9599881005503494,26,low_solar,-4.205262012489877,2.43472399375419,-0.04135177698461234,1.0719129651546826,-0.5312493760626436,50.75115275918489,30.83444890673806,15.915513907481776,2.9599881005503494
55,PL,2024,10,10.921955091819664,5.277687447138548,5.048094928263546,0.8678531728149421,4.9288694792658525,50.75115275918489,30.83444890673806,15.915513907481776,2.9599881005503494,3,12.634114488390138,5.499235347051429,13.83846447466659,1.2374735846184233,5.838645723066572,50.75115275918489,30.83444890673806,15.915513907481776,2.95998810055035,28,low_solar,-8.790369546403046,-0.22154789991288126,-0.36962041180348115,-1.712159396570474,-0.9097762438007191,50.75115275918489,30.83444890673806,15.915513907481776,2.9599881005503494
0,CZ,2019,1,6.225987982334665,0.11606003263310415,2.100394699414938,3.1509723545973736,2.8652148188793536,26.48425400103252,10.583376355188435,1.755291688177594,9.91223541559112,3,6.586376352955271,0.2818291055725692,1.0772328175746375,2.5330259286235397,4.0406320498282815,26.48425400103252,10.583376355188435,1.7552916881775942,9.912235415591121,28,low_wind,1.0231618818403005,-0.16576907293946502,0.6179464259738339,-0.3603883706206057,-1.175417230948928,26.48425400103252,10.583376355188435,1.755291688177594,9.91223541559112
1,CZ,2019,2,6.335456912089342,0.17098935814457364,4.725890068632018,2.1147227809123326,3.56155463665208,26.48425400103252,10.583376355188435,1.755291688177594,9.91223541559112,3,7.3301013404600806,0.25297907393696195,2.7385582826069133,2.6949296275947354,3.885937925082432,26.48425400103252,10.583376355188435,1.7552916881775942,9.91223541559112,25,low_wind,1.9873317860251047,-0.08198971579238831,-0.5802068466824029,-0.994644428370739,-0.32438328843035213,26.48425400103252,10.583376355188435,1.755291688177594,9.91223541559112
2,CZ,2020,11,7.647866588195671,0.17235857305641725,0.7771635395025744,2.0432759919615044,4.3877409842508,27.099841521394612,10.829371368198627,1.7960908610670894,10.142630744849445,3,8.181738636391925,0.24908478085850086,1.4254641473599006,2.7256881528281616,4.725931986714451,27.099841521394612,10.829371368198625,1.7960908610670894,10.142630744849445,27,low_wind,-0.6483006078573261,-0.07672620780208361,-0.6824121608666571,-0.5338720481962538,-0.33819100246365075,27.099841521394612,10.829371368198627,1.7960908610670894,10.142630744849445
3,CZ,2021,2,7.005705115903539,0.13510432112576698,6.058667217512065,4.229812139246768,6.9703663652464956,27.4219163578613,11.011116993118051,1.7998941238750663,10.26998411858126,1,9.692574911287425,0.2877344049448802,1.7499598476808575,3.3805669431606344,6.412079219788912,27.4219163578613,11.011116993118051,1.7998941238750663,10.26998411858126,27,low_wind,4.3087073698312075,-0.1526300838191132,0.8492451960861334,-2.6868697953838856,0.5582871454575837,27.4219163578613,11.011116993118051,1.7998941238750663,10.26998411858126
4,CZ,2021,3,10.168928578377308,0.14331089821467846,3.0642614275380144,3.4410459923349563,6.025733300346688,27.4219163578613,11.011116993118051,1.7998941238750663,10.26998411858126,2,9.0730121289807,0.2779873482017838,3.786433089257655,3.503727231775218,5.903913183906022,27.4219163578613,11.011116993118051,1.7998941238750663,10.26998411858126,29,low_wind,-0.7221716617196408,-0.13467644998710532,-0.06268123944026183,1.0959164493966078,0.1218201164406656,27.4219163578613,11.011116993118051,1.7998941238750663,10.26998411858126
5,CZ,2021,10,4.295306723892966,0.14329098287743605,3.8330137267409587,2.707897839122264,4.1145957128933555,27.421916357861296,11.011116993118051,1.799894123875066,10.26998411858126,3,7.094046480943402,0.28366087140465746,4.164978452554128,3.361439098454743,4.469388157146161,27.4219163578613,11.011116993118051,1.7998941238750663,10.26998411858126,28,low_wind,-0.33196472581316927,-0.1403698885272214,-0.6535412593324788,-2.798739757050436,-0.35479244425280587,27.421916357861296,11.011116993118051,1.799894123875066,10.26998411858126
6,CZ,2022,5,7.673972586995349,0.07902844961732881,6.59129409125369,3.3687047460493886,6.506622871898507,32.76283618581907,17.359413202933986,1.6625916870415651,9.486552567237164,4,7.704203533289954,0.34319144276288543,6.649224574020637,2.9077223958378258,6.736420757574329,32.76283618581907,17.359413202933986,1.6625916870415651,9.486552567237164,27,low_wind,-0.057930482766946234,-0.26416299314555663,0.46098235021156286,-0.030230946294604877,-0.22979788567582204,32.76283618581907,17.359413202933986,1.6625916870415651,9.486552567237164
7,CZ,2023,8,9.781662689130858,0.09354569019431996,10.15166382638084,4.139343150807864,10.614924031788398,35.53062178588126,20.66386161757831,1.729780271154745,9.069658719027581,4,8.078728667188171,0.30411392020804273,7.100588989470907,3.275581609678238,10.069479525922967,35.53062178588126,20.66386161757831,1.729780271154745,9.069658719027581,27,low_wind,3.051074836909933,-0.21056823001372277,0.8637615411296262,1.7029340219426867,0.5454445058654311,35.53062178588126,20.66386161757831,1.729780271154745,9.069658719027581
8,CZ,2023,9,9.0982041736863,0.09517025239811994,10.329989649485807,3.903714849551351,10.1496017002476,35.53062178588126,20.66386161757831,1.729780271154745,9.069658719027581,3,9.255811579689142,0.2793576570049875,8.967076581770678,4.133836931308616,10.815044862566738,35.53062178588126,20.66386161757831,1.729780271154745,9.069658719027581,27,low_wind,1.3629130677151284,-0.18418740460686756,-0.23012208175726467,-0.1576074060028425,-0.6654431623191392,35.53062178588126,20.66386161757831,1.729780271154745,9.069658719027581
9,CZ,2024,7,10.787023906283864,0.17920231261499292,14.374529116945343,3.5893718905173264,10.655801323354439,39.24458774758177,24.550898203592812,1.7503454629203132,8.935974205435283,2,10.179037194023506,0.28450929723577945,11.887645560302857,3.8187710020524888,9.680091858240832,39.24458774758177,24.550898203592812,1.7503454629203132,8.935974205435283,29,low_wind,2.4868835566424856,-0.10530698462078653,-0.22939911153516235,0.6079867122603577,0.9757094651136065,39.24458774758177,24.550898203592812,1.7503454629203132,8.935974205435283
10,CZ,2024,8,9.841796694554365,0.08105756600364468,10.32851935927206,4.289125177465893,6.46395697491117,39.24458774758177,24.550898203592812,1.7503454629203132,8.935974205435283,1,9.182405969966261,0.3119723309896283,12.382318842960702,3.41080364540762,10.435170228139087,39.24458774758177,24.550898203592812,1.7503454629203132,8.935974205435283,30,low_wind,-2.0537994836886426,-0.23091476498598362,0.8783215320582731,0.6593907245881034,-3.9712132532279174,39.24458774758177,24.550898203592812,1.7503454629203132,8.935974205435283
11,CZ,2024,10,8.048901253115197,0.13071322271024846,4.203794401588998,3.4306308438503,6.358570430089749,39.24458774758177,24.550898203592812,1.7503454629203132,8.935974205435283,3,10.144336526650088,0.31753090021637254,6.854899716981591,3.271469153600548,8.30128786269362,39.24458774758177,24.550898203592812,1.7503454629203132,8.935974205435283,28,low_wind,-2.651105315392593,-0.18681767750612407,0.15916169024975213,-2.095435273534891,-1.942717432603871,39.24458774758177,24.550898203592812,1.7503454629203132,8.935974205435283
12,CZ,2024,11,8.849854183839511,0.06908648508701297,1.7960901845049002,2.9491562233124524,4.48797854694641,39.24458774758177,24.550898203592812,1.7503454629203132,8.935974205435283,4,9.843409153768953,0.30272665234895857,4.1674891925139725,2.903856202600846,4.893357203379656,39.24458774758177,24.550898203592812,1.7503454629203132,8.935974205435283,26,low_wind,-2.3713990080090723,-0.23364016726194559,0.045300020711606326,-0.9935549699294413,-0.4053786564332462,39.24458774758177,24.550898203592812,1.7503454629203132,8.935974205435283
13,CZ,2024,12,6.062240690913976,0.0824009205542374,5.003723327443986,2.9696072157470548,4.495318071834847,39.24458774758177,24.550898203592812,1.7503454629203135,8.935974205435283,5,8.965525051484162,0.2634117547982319,2.093572619301482,3.4461075752578703,4.255862377501303,39.24458774758177,24.550898203592812,1.7503454629203132,8.935974205435283,26,low_wind,2.9101507081425035,-0.18101083424399453,-0.4765003595108155,-2.9032843605701864,0.23945569433354397,39.24458774758177,24.550898203592812,1.7503454629203135,8.935974205435283
14,DE,2019,1,6.977195501624375,1.9732669751730387,6.707177297630984,1.7047211492737986,3.3804667257481786,62.35907591958355,23.154700800348845,28.29292222716826,6.978751237769925,3,7.3361875380252926,5.5502195194853154,2.2227832169783173,1.6794930616637553,2.725826637106107,62.35907591958355,23.154700800348845,28.292922227168255,6.9787512377699255,28,low_wind,4.484394080652667,-3.5769525443122765,0.02522808761004325,-0.3589920364009176,0.6546400886420716,62.35907591958355,23.154700800348845,28.29292222716826,6.978751237769925
15,DE,2019,2,10.994059012777887,5.773073690519349,13.040655486814373,2.522206517686083,6.550156236004628,62.35907591958355,23.154700800348845,28.292922227168255,6.9787512377699255,4,8.062902700922708,5.051530167464378,6.206951404569904,1.6535114451583182,3.4635239164912934,62.35907591958355,23.154700800348845,28.29292222716826,6.978751237769925,24,low_wind,6.833704082244469,0.7215435230549714,0.8686950725277649,2.9311563118551796,3.0866323195133343,62.35907591958355,23.154700800348845,28.292922227168255,6.9787512377699255
16,DE,2021,4,10.945814884806758,2.1442213821992135,14.016253451775254,1.8840211452461435,3.311197791918792,66.54148054989376,27.303439004293335,28.721974066525004,6.683290689101869,3,13.76043317994727,6.310241726438762,15.68222675646706,2.203419207862126,5.276948269835376,66.54148054989376,27.303439004293335,28.721974066525004,6.683290689101868,27,low_wind,-1.6659733046918053,-4.1660203442395485,-0.31939806261598247,-2.8146182951405123,-1.9657504779165844,66.54148054989376,27.303439004293335,28.721974066525004,6.683290689101869
17,DE,2021,6,19.077949675717434,1.872427115665054,20.560388682276763,2.3922183284501726,7.663150831082821,66.54148054989376,27.303439004293335,28.721974066525004,6.683290689101868,7,18.324070160219534,5.034852128109306,19.690405593859218,2.4531395853760527,7.872091221439749,66.54148054989376,27.303439004293335,28.721974066525007,6.683290689101868,23,low_wind,0.8699830884175448,-3.162425012444252,-0.06092125692588013,0.7538795154978999,-0.20894039035692824,66.54148054989376,27.303439004293335,28.721974066525004,6.683290689101868
18,DE,2022,3,14.825272812246405,3.3245689054956693,21.100280687913383,2.7032454098617174,7.440574907456945,68.48119950902922,30.865376130155397,27.872219236107217,6.182060312392199,3,11.604952918841539,6.2806741615694,15.570871031837699,2.4508377815499753,4.986793399451332,68.48119950902922,30.865376130155397,27.872219236107217,6.1820603123922,28,low_wind,5.529409656075684,-2.9561052560737306,0.252407628311742,3.2203198934048665,2.453781508005613,68.48119950902922,30.865376130155397,27.872219236107217,6.182060312392199
19,DE,2022,5,19.16946378962206,1.2931898488463136,20.48542107199678,2.439291165958498,7.799852518864415,68.48119950902922,30.865376130155397,27.872219236107217,6.182060312392199,3,17.719056250698248,7.034975339108217,21.569648022344275,2.8518649191285896,7.886178460388542,68.48119950902922,30.865376130155397,27.872219236107217,6.1820603123922,28,low_wind,-1.084226950347496,-5.741785490261904,-0.4125737531700917,1.4504075389238125,-0.08632594152412665,68.48119950902922,30.865376130155397,27.872219236107217,6.182060312392199
20,DE,2022,10,11.37448388647315,9.254821658516999,15.388047949660423,3.9727612559320367,8.53698037048973,68.48119950902922,30.865376130155397,27.872219236107217,6.182060312392199,3,13.015480723813326,7.718240979914621,12.648464448425482,3.3968837996388466,5.153930116847945,68.48119950902922,30.865376130155397,27.872219236107217,6.1820603123922,28,low_wind,2.739583501234941,1.5365806786023777,0.5758774562931901,-1.6409968373401753,3.383050253641784,68.48119950902922,30.865376130155397,27.872219236107217,6.182060312392199
21,DE,2022,12,7.929456996687387,0.92934746438508,2.543369396564543,2.9871804873854177,1.8078622976472012,68.48119950902922,30.865376130155397,27.872219236107217,6.182060312392199,4,8.32442441702283,5.557292854057687,2.9724217949563205,2.7997995321996934,3.863650280960795,68.48119950902922,30.865376130155397,27.872219236107217,6.182060312392199,27,low_wind,-0.42905239839177733,-4.6279453896726075,0.1873809551857244,-0.3949674203354423,-2.0557879833135937,68.48119950902922,30.865376130155397,27.872219236107217,6.182060312392199
22,DE,2023,2,9.971558755068688,4.264418639095585,9.162331061214202,2.4907913125516257,3.831665263454121,71.36006745007114,34.81470050211158,27.403096982060994,5.76524966312604,4,10.019932972653516,7.115855586098172,8.505551073918307,2.4109062825210983,4.246413950920358,71.36006745007114,34.81470050211158,27.403096982060998,5.765249663126039,24,low_wind,0.656779987295895,-2.851436947002586,0.07988503003052738,-0.048374217584827406,-0.41474868746623716,71.36006745007114,34.81470050211158,27.403096982060994,5.76524966312604
23,DE,2023,9,24.427300132716017,3.621373538351895,33.92211565741672,4.2487584990515135,11.145049216608477,71.36006745007114,34.81470050211158,27.403096982060994,5.76524966312604,4,20.699110634212353,8.676858799424819,26.714733101388468,4.012352031398986,9.271451047664575,71.36006745007114,34.81470050211158,27.403096982060994,5.76524966312604,26,low_wind,7.20738255602825,-5.055485261072924,0.23640646765252704,3.7281894985036637,1.8735981689439019,71.36006745007114,34.81470050211158,27.403096982060994,5.76524966312604
24,DE,2024,12,10.658125673906556,4.132295411325861,10.737948625108267,3.9781638968444106,4.916558959514436,72.61189437364733,37.26447383887763,26.936932576422834,5.2954924182184016,4,10.957834554105288,7.762599457872564,4.236574851520153,2.6620050892772897,4.658726775031724,72.61189437364733,37.26447383887763,26.936932576422834,5.2954924182184016,27,low_wind,6.501373773588114,-3.6303040465467022,1.316158807567121,-0.29970888019873243,0.2578321844827123,72.61189437364733,37.26447383887763,26.936932576422834,5.2954924182184016
25,FI,2019,4,6.156260639447868,2.519137418580883,0.0,5.896770797092064,8.079750708889266,38.481012658227854,0.08438818565400845,20.42194092827004,0.0,3,4.574770976394817,3.303682111057787,0.0,4.354191642435786,7.433915940913301,38.481012658227854,0.08438818565400842,20.42194092827004,0.0,27,low_wind,0.0,-0.7845446924769042,1.5425791546562788,1.581489663053051,0.6458347679759653,38.481012658227854,0.08438818565400845,20.42194092827004,0.0
26,FI,2019,8,8.812799008701516,1.6807965025141787,0.0,8.866941760592269,11.8457651974198,38.481012658227854,0.08438818565400845,20.42194092827004,0.0,3,7.684861221218953,3.723228889418643,0.0,6.933559306401894,10.144577780452071,38.48101265822785,0.08438818565400844,20.42194092827004,0.0,28,low_wind,0.0,-2.0424323869044643,1.933382454190375,1.127937787482563,1.7011874169677288,38.481012658227854,0.08438818565400845,20.42194092827004,0.0
27,FI,2019,12,5.83055958083348,1.2762462247117858,0.0,5.016516015530242,8.954684999699865,38.481012658227854,0.08438818565400845,20.42194092827004,0.0,3,6.654787116567518,2.0456553658366814,0.0,4.795539054645874,6.372592391441168,38.48101265822785,0.08438818565400844,20.42194092827004,0.0,28,low_wind,0.0,-0.7694091411248956,0.2209769608843679,-0.8242275357340381,2.582092608258696,38.481012658227854,0.08438818565400845,20.42194092827004,0.0
28,FI,2021,1,4.3004348588624834,0.725792793123336,0.0,3.289358351298097,3.202566035533171,51.43256464011182,0.13976240391334735,35.77917540181692,0.0,1,5.932100688123431,1.8504845173469124,0.0,3.356896955743204,4.950546705838322,51.43256464011181,0.13976240391334735,35.77917540181692,0.0,30,low_wind,0.0,-1.1246917242235765,-0.06753860444510718,-1.6316658292609478,-1.747980670305151,51.43256464011182,0.13976240391334735,35.77917540181692,0.0
29,FI,2021,2,5.437198053875127,1.245572915400373,0.0,3.3664886615046257,5.0660236975911435,51.43256464011182,0.13976240391334735,35.77917540181692,0.0,5,6.2767472287222175,3.6687319454539233,0.0,3.5091462153163935,5.1875421104890895,51.43256464011182,0.13976240391334735,35.77917540181692,0.0,23,low_wind,0.0,-2.4231590300535504,-0.1426575538117678,-0.8395491748470905,-0.12151841289794607,51.43256464011182,0.13976240391334735,35.77917540181692,0.0
30,FI,2022,2,5.46028379429749,1.9855408591643906,0.0,3.2196387735716794,3.3882305282784966,50.87310826542492,0.17462165308498254,38.53317811408615,0.0,3,7.286078326423727,5.479798272563772,0.0,5.085995560056622,4.604001460986005,50.87310826542492,0.17462165308498254,38.53317811408615,0.0,25,low_wind,0.0,-3.4942574133993816,-1.8663567864849426,-1.8257945321262374,-1.2157709327075086,50.87310826542492,0.17462165308498254,38.53317811408615,0.0
31,FI,2022,3,7.506530940718333,5.597898403245212,0.0,5.2570252033230505,3.4300181539614387,50.87310826542492,0.17462165308498254,38.53317811408615,0.0,4,6.430013974131286,6.179071718500876,0.0,5.0080084417466955,3.2407395739319247,50.87310826542492,0.17462165308498254,38.53317811408615,0.0,27,low_wind,0.0,-0.581173315255664,0.249016761576355,1.0765169665870475,0.18927858002951403,50.87310826542492,0.17462165308498254,38.53317811408615,0.0
32,FI,2022,4,4.570334068168033,1.5655401900117294,0.0,4.132076027024863,4.081913095724862,50.87310826542492,0.17462165308498254,38.53317811408615,0.0,3,5.407863887414243,5.131297402353506,0.0,4.498306608696907,5.425612466800102,50.87310826542492,0.17462165308498254,38.53317811408615,0.0,27,low_wind,0.0,-3.5657572123417767,-0.3662305816720437,-0.8375298192462104,-1.3436993710752398,50.87310826542492,0.17462165308498254,38.53317811408615,0.0
33,FI,2022,11,7.297353318268761,1.613463923164228,0.0,5.585182341301946,3.4615479204845236,50.87310826542492,0.17462165308498254,38.53317811408615,0.0,1,6.95753415954447,3.0033074326264484,0.0,5.320393206112822,2.6766424917901626,50.87310826542492,0.1746216530849825,38.53317811408615,0.0,29,low_wind,0.0,-1.3898435094622204,0.2647891351891243,0.3398191587242909,0.7849054286943611,50.87310826542492,0.17462165308498254,38.53317811408615,0.0
34,FI,2022,12,6.28000385487941,1.1235789507326943,0.0,4.362802583183249,2.241242849611949,50.87310826542492,0.17462165308498254,38.53317811408615,0.0,4,7.944134112104034,6.402982312929009,0.0,3.7486298059006997,5.309851465681633,50.87310826542492,0.17462165308498254,38.53317811408615,0.0,27,low_wind,0.0,-5.279403362196314,0.6141727772825489,-1.664130257224624,-3.068608616069684,50.87310826542492,0.17462165308498254,38.53317811408615,0.0
35,FI,2023,4,7.887485984307792,7.248869904141821,1.8764805843941985,4.26411337695169,7.341234144042333,57.352143244709715,0.2712967986977754,44.60119370591428,0.0,3,6.447162983096848,7.473177842256302,1.846686750736446,3.878887284662328,7.116141532041003,57.35214324470972,0.2712967986977754,44.60119370591428,0.0,27,low_wind,0.029793833657752566,-0.2243079381144808,0.3852260922893622,1.4403230012109436,0.22509261200132968,57.352143244709715,0.2712967986977754,44.60119370591428,0.0
36,FI,2023,6,6.780560397463772,2.2432330952320165,3.501052649244979,5.497171902465035,6.577794485826101,57.35214324470972,0.2712967986977754,44.60119370591428,0.0,5,6.025564983721997,7.736477015446571,2.772889105459243,4.329163082712275,7.674838260132591,57.35214324470972,0.2712967986977754,44.60119370591428,0.0,25,low_wind,0.7281635437857363,-5.493243920214555,1.1680088197527603,0.7549954137417743,-1.0970437743064902,57.35214324470972,0.2712967986977754,44.60119370591428,0.0
37,FI,2023,8,3.493447874690151,1.6963388753105402,2.604278774794793,3.2017059145908386,5.988802196211803,57.352143244709715,0.2712967986977754,44.60119370591428,0.0,3,5.328847381349538,5.298930522026431,2.209218384207111,3.8856693086596334,5.665630948667759,57.35214324470972,0.2712967986977754,44.60119370591428,0.0,28,low_wind,0.39506039058768216,-3.602591646715891,-0.6839633940687948,-1.8353995066593871,0.32317124754404425,57.352143244709715,0.2712967986977754,44.60119370591428,0.0
38,FI,2023,10,4.762475444507864,3.8473510203487122,0.6119656297553,2.2150394249899996,3.4738976459769813,57.352143244709715,0.2712967986977754,44.60119370591428,0.0,6,6.484972799298838,7.071427290318123,0.9557993915244272,2.4647885070681905,6.260426273880939,57.35214324470972,0.2712967986977754,44.60119370591428,0.0,25,low_wind,-0.34383376176912717,-3.224076269969411,-0.2497490820781909,-1.722497354790974,-2.786528627903958,57.352143244709715,0.2712967986977754,44.60119370591428,0.0
39,FI,2023,11,5.564803276261603,2.4878213247291012,0.27399538433567794,3.998018959618333,4.3441695584259605,57.352143244709715,0.2712967986977754,44.60119370591428,0.0,3,6.510289194717561,5.953446265788214,0.23324433766224112,2.9740677342806094,5.005212411466807,57.35214324470972,0.2712967986977754,44.60119370591428,0.0,27,low_wind,0.04075104667343682,-3.465624941059113,1.0239512253377234,-0.9454859184559581,-0.6610428530408461,57.352143244709715,0.2712967986977754,44.60119370591428,0.0
40,FI,2023,12,6.057200737651379,2.724292341783434,0.08377024755126486,3.4070402060839067,2.5318957095836594,57.35214324470972,0.2712967986977754,44.60119370591428,0.0,7,6.936764468126621,5.249865590477643,0.06825239803723328,3.248262983426352,4.512896060963022,57.352143244709715,0.2712967986977754,44.60119370591428,0.0,24,low_wind,0.015517849514031581,-2.5255732486942084,0.15877722265755478,-0.8795637304752422,-1.9810003513793624,57.35214324470972,0.2712967986977754,44.60119370591428,0.0
41,FI,2024,3,6.015194281570539,2.530210485738283,1.5723618442348064,4.069735524140093,1.7635045196882553,63.03930968360498,7.238734419942474,44.72674976030681,0.0,4,8.521597385912854,8.593865306719023,1.458080631844523,3.4369422760509503,7.88452130393202,63.039309683604976,7.238734419942474,44.72674976030681,0.0,27,low_wind,0.11428121239028344,-6.063654820980739,0.6327932480891425,-2.506403104342315,-6.121016784243765,63.03930968360498,7.238734419942474,44.72674976030681,0.0
42,FI,2024,5,4.993283461190255,5.052878989456207,4.589198769431667,2.6112721081027455,6.192507694934062,63.03930968360498,7.238734419942474,44.72674976030681,0.0,6,7.835863665853371,9.067022178297849,4.052271325542912,2.74549512412473,8.982003383710405,63.03930968360499,7.238734419942474,44.72674976030681,0.0,25,low_wind,0.5369274438887555,-4.014143188841642,-0.1342230160219846,-2.8425802046631166,-2.7894956887763422,63.03930968360498,7.238734419942474,44.72674976030681,0.0
43,FI,2024,6,5.54164277499784,4.135285191603017,4.459604735902509,3.189086655652701,5.459232325222689,63.03930968360498,7.238734419942474,44.72674976030681,0.0,3,4.849335053083814,5.177428677492758,3.7812492797368322,2.8282427287194007,3.815076008728528,63.039309683604976,7.238734419942474,44.72674976030681,0.0,27,low_wind,0.678355456165677,-1.0421434858897412,0.36084392693330036,0.6923077219140259,1.6441563164941608,63.03930968360498,7.238734419942474,44.72674976030681,0.0
44,FI,2024,8,4.830534687413724,4.253037117725582,4.204154967016307,3.3986607567067817,8.222016248664664,63.03930968360498,7.238734419942474,44.72674976030681,0.0,3,6.1613042942089065,7.263659787545047,3.227704295323137,2.977031832543509,8.285701739580812,63.03930968360498,7.238734419942474,44.72674976030681,0.0,28,low_wind,0.9764506716931698,-3.0106226698194645,0.4216289241632727,-1.3307696067951822,-0.06368549091614817,63.03930968360498,7.238734419942474,44.72674976030681,0.0
45,PL,2019,10,13.543030950133945,1.6505759204408934,0.0,0.8236402027237645,1.7954711994561119,29.450800915331815,7.940503432494281,15.034324942791763,4.462242562929062,3,10.62532888286689,3.1599484365094055,0.0,0.947168208878514,3.735818311854683,29.450800915331815,7.940503432494281,15.034324942791764,4.462242562929062,28,low_wind,0.0,-1.509372516068512,-0.12352800615474957,2.9177020672670544,-1.9403471123985712,29.450800915331815,7.940503432494281,15.034324942791763,4.462242562929062
46,PL,2020,12,7.197517501148027,2.1639167843791887,1.1993849056552053,1.1230147043211582,4.607969283614313,35.11868533171029,13.511868533171025,16.129032258064516,4.159058632582674,1,10.069983263504193,2.6807297019016376,1.239453161544501,1.4226477276590128,3.9640154022312077,35.11868533171029,13.511868533171025,16.129032258064516,4.159058632582674,30,low_wind,-0.040068255889295745,-0.516812917522449,-0.2996330233378546,-2.8724657623561667,0.6439538813831054,35.11868533171029,13.511868533171025,16.129032258064516,4.159058632582674
47,PL,2021,1,8.917786352029506,0.7463914419649316,0.7725023786974059,1.3338176216939575,2.647235416054852,41.19491056610731,19.620136455836253,16.559100129079845,3.7986354416374692,2,10.597469408377155,2.8445635079181244,0.8830718126772169,1.218616004316319,2.681082355380066,41.19491056610731,19.620136455836253,16.559100129079845,3.7986354416374692,29,low_wind,-0.110569433979811,-2.098172065953193,0.11520161737763845,-1.679683056347649,-0.033846939325213654,41.19491056610731,19.620136455836253,16.559100129079845,3.7986354416374692
48,PL,2021,3,9.467161668767043,2.365867273392308,3.6054737463961932,1.0592677121705572,3.7716423116416897,41.19491056610731,19.620136455836253,16.559100129079845,3.7986354416374692,3,9.51485059699988,3.8447636963980782,3.003696524592979,1.1541412745853719,3.8657458208341873,41.19491056610731,19.620136455836253,16.559100129079845,3.7986354416374692,28,low_wind,0.6017772218032142,-1.4788964230057702,-0.0948735624148147,-0.04768892823283721,-0.09410350919249755,41.19491056610731,19.620136455836253,16.559100129079845,3.7986354416374692
49,PL,2021,8,10.841655003244144,0.6773436663663466,4.032839482301816,1.164794962720249,3.5501190938180684,41.19491056610731,19.620136455836253,16.559100129079845,3.7986354416374692,3,10.213086861659013,2.948648080783532,4.922300178653133,1.170526904717341,4.664696429134482,41.19491056610731,19.620136455836253,16.559100129079845,3.7986354416374692,28,low_wind,-0.8894606963513167,-2.2713044144171852,-0.005731941997092038,0.6285681415851307,-1.1145773353164135,41.19491056610731,19.620136455836253,16.559100129079845,3.7986354416374692
50,PL,2021,12,7.697214265381429,0.7550446611907603,1.2203438601806325,1.0162531194442632,5.075501435106935,41.19491056610731,19.620136455836253,16.559100129079845,3.7986354416374692,3,9.436061072309839,3.264614216631,1.1142055839626228,0.920438429426932,3.3946633264946433,41.19491056610731,19.620136455836253,16.559100129079845,3.7986354416374692,28,low_wind,0.10613827621800964,-2.50956955544024,0.09581469001733123,-1.73884680692841,1.680838108612292,41.19491056610731,19.620136455836253,16.559100129079845,3.7986354416374692
51,PL,2022,4,6.046616438370258,1.472932821549891,8.842979209804016,1.3467376477235269,4.3031196870215584,44.77537437603994,24.30948419301165,15.940099833610649,3.4276206322795337,5,9.265178989370623,4.590299983729459,7.0066549258426445,1.5835478958866926,3.05174919154922,44.77537437603994,24.30948419301165,15.94009983361065,3.427620632279534,25,low_wind,1.8363242839613712,-3.1173671621795678,-0.23681024816316576,-3.2185625510003657,1.2513704954723384,44.77537437603994,24.30948419301165,15.940099833610649,3.4276206322795337
52,PL,2022,5,7.633159744765527,2.0898951340451326,12.291836183862767,1.6182336141231661,3.810454123042441,44.77537437603994,24.30948419301165,15.940099833610649,3.427620632279534,2,8.79122204663822,4.956508838112276,9.760429964042848,1.4125914247728537,3.736308923703936,44.77537437603994,24.30948419301165,15.940099833610649,3.427620632279534,29,low_wind,2.531406219819919,-2.8666137040671433,0.20564218935031242,-1.1580623018726932,0.07414519933850494,44.77537437603994,24.30948419301165,15.940099833610649,3.427620632279534
53,PL,2022,9,10.283447032523851,1.4919003316827784,10.654536042088129,1.7799904725369984,0.24850544143957484,44.77537437603994,24.309484193011645,15.94009983361065,3.427620632279534,3,11.537534899980507,3.6524319633565643,9.09051227989157,1.697176247530044,1.2937770500056536,44.775374376039935,24.30948419301165,15.940099833610649,3.427620632279534,27,low_wind,1.564023762196559,-2.160531631673786,0.08281422500695435,-1.254087867456656,-1.0452716085660787,44.77537437603994,24.309484193011645,15.94009983361065,3.427620632279534
54,PL,2022,11,10.624223350787183,0.7649980087797259,1.3603846162763749,1.1026665883258482,1.4305286275385787,44.77537437603994,24.30948419301165,15.940099833610649,3.427620632279534,4,11.011277217927653,3.4081371798533553,3.930506892085349,1.2732983603567039,1.6372387223598923,44.77537437603995,24.30948419301165,15.940099833610649,3.427620632279534,26,low_wind,-2.5701222758089743,-2.6431391710736296,-0.17063177203085567,-0.3870538671404695,-0.20671009482131364,44.77537437603994,24.30948419301165,15.940099833610649,3.427620632279534
55,PL,2023,1,13.017836262327073,0.41520363107279956,1.2720088966948837,1.11877085061971,1.7795323221291561,48.3947119924457,28.045325779036823,16.210261252754172,3.1318854265029903,4,10.189718498269654,4.8358708979191976,2.733050951408775,1.5288146916979723,2.9162787196192657,48.3947119924457,28.045325779036823,16.210261252754172,3.1318854265029903,27,low_wind,-1.4610420547138911,-4.420667266846398,-0.4100438410782623,2.828117764057419,-1.1367463974901095,48.3947119924457,28.045325779036823,16.210261252754172,3.1318854265029903
56,PL,2023,2,10.365537227314658,1.7873129272757382,6.966835486602409,1.6477390061129662,4.408007501320496,48.3947119924457,28.045325779036823,16.210261252754172,3.1318854265029903,5,9.575565190707264,5.6870746800128735,4.896657033096549,1.4108803701497095,3.106833314269194,48.39471199244571,28.045325779036826,16.210261252754172,3.1318854265029903,23,low_wind,2.07017845350586,-3.8997617527371355,0.23685863596325674,0.7899720366073932,1.3011741870513016,48.3947119924457,28.045325779036823,16.210261252754172,3.1318854265029903
57,PL,2023,3,11.216295294039814,1.70209348627641,11.273292794531251,1.5075982199293316,3.5776518220112155,48.3947119924457,28.045325779036823,16.210261252754172,3.1318854265029903,2,10.66223551836573,5.479068831088746,8.624940545980948,1.8346930028991397,4.682716275336103,48.3947119924457,28.045325779036823,16.210261252754172,3.1318854265029903,29,low_wind,2.648352248550303,-3.776975344812336,-0.3270947829698081,0.5540597756740837,-1.105064453324888,48.3947119924457,28.045325779036823,16.210261252754172,3.1318854265029903
58,PL,2023,6,16.543164849388607,2.1988934845549832,18.441760453234963,1.9029424194716533,6.596480191767135,48.3947119924457,28.04532577903682,16.210261252754172,3.1318854265029903,3,15.893247589857575,3.362738177071709,17.61659720667031,2.1337468806289204,5.983809023794362,48.3947119924457,28.045325779036823,16.210261252754172,3.1318854265029903,27,low_wind,0.825163246564653,-1.1638446925167258,-0.23080446115726705,0.6499172595310316,0.6126711679727732,48.3947119924457,28.04532577903682,16.210261252754172,3.1318854265029903
59,PL,2023,9,15.603596748725938,2.3778736326763936,21.06343795262949,2.078194564830217,6.124378859491468,48.3947119924457,28.045325779036823,16.210261252754172,3.1318854265029903,5,14.596721467518552,4.597299582041944,17.321256467481895,1.8449004842078136,5.212908724825087,48.3947119924457,28.04532577903682,16.210261252754172,3.1318854265029903,25,low_wind,3.7421814851475936,-2.2194259493655504,0.23329408062240353,1.0068752812073853,0.9114701346663816,48.3947119924457,28.045325779036823,16.210261252754172,3.1318854265029903
60,PL,2024,11,12.582092584244258,1.1562554372972718,5.068617651794853,1.1428685834361787,3.7036113912845523,50.75115275918489,30.83444890673806,15.915513907481776,2.9599881005503494,6,9.833503197239157,4.458004024709813,5.1382466447072925,0.9655741712681517,4.782348864022031,50.75115275918489,30.83444890673806,15.915513907481776,2.9599881005503494,24,low_wind,-0.06962899291243918,-3.3017485874125407,0.177294412168027,2.748589387005101,-1.0787374727374783,50.75115275918489,30.83444890673806,15.915513907481776,2.9599881005503494
61,PL,2024,12,9.63240987904371,1.9034759734745343,4.627189614827817,1.1187353487128264,5.081854252963624,50.75115275918489,30.83444890673806,15.915513907481776,2.9599881005503494,5,9.864315142036874,4.617789998369377,3.3247581245899145,1.1248832054149989,3.527763648820794,50.75115275918488,30.834448906738064,15.915513907481776,2.9599881005503494,26,low_wind,1.3024314902379022,-2.7143140248948425,-0.006147856702172438,-0.23190526299316438,1.55409060414283,50.75115275918489,30.83444890673806,15.915513907481776,2.9599881005503494
