Region,Date,Wind_Shortwave_Radiation_Sum,Wind_Temperature_2M_Max,Wind_Wind_Gusts_10M_Max,Wind_Precipitation_Sum,Wind_Apparent_Temperature_Min,Wind_Wind_Speed_100M,Wind_Wind_Speed_100M_Cubed,Wind_Snow_Depth,Solar_Shortwave_Radiation_Sum,Solar_Temperature_2M_Max,Solar_Wind_Gusts_10M_Max,Solar_Precipitation_Sum,Solar_Apparent_Temperature_Min,Solar_Wind_Speed_100M,Solar_Wind_Speed_100M_Cubed,Solar_Snow_Depth,Hydro_Shortwave_Radiation_Sum,Hydro_Temperature_2M_Max,Hydro_Wind_Gusts_10M_Max,Hydro_Precipitation_Sum,Hydro_Apparent_Temperature_Min,Hydro_Wind_Speed_100M,Hydro_Wind_Speed_100M_Cubed,Hydro_Snow_Depth,Bioenergy_Shortwave_Radiation_Sum,Bioenergy_Temperature_2M_Max,Bioenergy_Wind_Gusts_10M_Max,Bioenergy_Precipitation_Sum,Bioenergy_Apparent_Temperature_Min,Bioenergy_Wind_Speed_100M,Bioenergy_Wind_Speed_100M_Cubed,Bioenergy_Snow_Depth
Northern Europe,2023-01-01,0.75,3.2,45.87,3.11,-7.12,29.65,41598.02,0.19,1.23,8.5,56.5,7.3,0.25,34.95,67690.03,0.02,0.63,-2.51,38.22,2.07,-13.37,22.57,19067.45,0.54,0.75,4.64,47.36,3.67,-5.64,30.88,46423.65,0.12
Northern Europe,2023-01-02,0.66,0.27,39.72,2.55,-10.11,23.59,21372.82,0.19,0.97,6.36,44.73,6.6,-1.66,25.61,24509.26,0.02,0.47,-4.38,29.81,1.63,-14.99,16.26,10673.97,0.54,0.5,1.84,40.19,4.35,-7.51,24.39,21266.01,0.12
Northern Europe,2023-01-03,0.75,-0.85,40.14,3.25,-10.68,25.26,28763.21,0.19,1.64,6.16,50.96,4.48,-3.01,33.39,50397.94,0.03,0.6,-5.04,32.86,1.14,-14.68,18.08,13049.92,0.54,0.99,-0.01,37.68,1.78,-9.08,24.81,24130.77,0.13
Northern Europe,2023-01-04,0.53,-0.63,47.52,6.31,-10.46,31.14,52548.56,0.19,0.87,7.0,54.7,16.48,-2.28,38.23,75281.18,0.03,0.32,-5.31,48.45,6.63,-15.51,28.55,40777.76,0.55,0.39,-0.01,43.75,8.05,-10.21,27.82,35850.18,0.13
Northern Europe,2023-01-05,0.48,-1.31,48.59,2.64,-10.79,29.3,45386.85,0.2,1.23,5.03,59.12,2.92,-6.48,32.35,54466.63,0.04,0.36,-6.28,42.56,3.19,-14.65,23.48,19023.0,0.58,0.61,-1.34,46.83,1.95,-11.65,29.57,37942.05,0.14
Northern Europe,2023-01-06,0.65,-2.18,50.25,6.07,-12.0,30.78,57112.2,0.2,1.63,3.04,51.61,8.12,-7.76,33.08,51935.68,0.04,0.51,-6.83,54.46,10.28,-15.98,31.8,57109.12,0.61,0.58,-2.94,45.82,4.51,-13.06,27.12,38504.43,0.15
Northern Europe,2023-01-07,0.55,0.08,50.14,4.58,-9.97,32.04,49619.77,0.22,1.17,3.67,46.06,2.27,-4.81,32.55,41957.07,0.04,0.34,-3.0,49.11,6.95,-13.48,27.22,29383.74,0.65,0.52,-1.17,40.98,2.42,-10.77,28.77,33802.9,0.15
Northern Europe,2023-01-08,0.63,1.42,52.81,6.22,-6.85,36.58,62768.16,0.23,1.53,4.61,46.9,1.65,-3.86,34.35,45486.05,0.04,0.38,-0.65,51.58,10.99,-9.15,31.41,36804.2,0.66,0.48,-0.23,47.42,5.2,-8.23,33.49,47743.41,0.15
Northern Europe,2023-01-09,0.72,1.31,46.73,4.54,-6.03,31.5,44123.29,0.25,1.51,4.05,42.36,2.8,-3.41,31.87,38235.7,0.04,0.34,-0.9,46.75,6.75,-7.57,27.0,26070.69,0.67,0.48,0.18,42.27,5.29,-7.47,29.72,37321.18,0.16
Northern Europe,2023-01-10,0.65,2.02,44.18,5.85,-5.64,28.05,35510.87,0.25,1.63,5.75,52.47,3.78,-3.18,31.89,43579.37,0.04,0.5,-0.93,40.28,2.46,-8.05,23.03,17324.79,0.67,0.87,1.63,39.92,3.46,-6.64,27.74,26028.2,0.17
Northern Europe,2023-01-11,0.68,4.36,62.3,8.1,-6.16,37.08,76008.9,0.26,1.72,6.86,65.06,7.71,-3.49,41.48,88194.38,0.04,0.53,0.8,60.19,13.0,-8.35,32.38,45069.82,0.68,0.68,4.66,62.74,5.42,-5.86,38.3,73788.03,0.17
Northern Europe,2023-01-12,0.76,4.36,55.32,3.41,-3.71,35.39,68615.2,0.25,1.18,6.22,56.4,4.87,-1.99,37.49,69005.86,0.04,0.6,0.79,47.05,3.48,-6.45,24.64,22323.18,0.68,0.48,3.93,50.88,3.11,-3.27,35.35,54978.96,0.16
Northern Europe,2023-01-13,0.85,3.15,43.72,4.01,-5.18,28.11,40851.16,0.24,1.26,6.95,60.65,6.58,-1.52,41.71,84098.26,0.03,0.51,-0.49,32.54,3.33,-8.55,16.95,10018.15,0.67,0.84,4.17,46.8,4.28,-3.44,32.31,47294.67,0.16
Northern Europe,2023-01-14,0.97,1.83,44.03,4.31,-7.03,26.72,40526.14,0.24,1.63,6.87,58.85,7.61,-2.39,39.31,72708.7,0.03,0.74,-2.58,39.07,2.31,-11.26,18.54,12436.67,0.66,0.85,3.68,46.93,4.9,-3.91,30.41,46502.58,0.15
Northern Europe,2023-01-15,0.88,2.25,58.03,7.51,-7.87,33.67,65792.48,0.25,1.52,5.75,75.08,6.1,-4.31,47.47,133965.53,0.02,0.49,-2.7,46.62,7.24,-11.66,21.76,19665.44,0.68,1.09,4.03,63.76,8.48,-5.6,41.3,97392.01,0.16
Northern Europe,2023-01-16,1.26,1.56,43.96,2.96,-8.09,26.77,30981.04,0.26,2.36,4.21,53.57,1.97,-3.6,32.92,46797.73,0.02,0.97,-2.65,37.26,3.36,-12.79,18.97,12329.53,0.7,1.37,3.21,55.83,2.29,-5.28,37.01,63397.97,0.16
Northern Europe,2023-01-17,0.93,0.64,42.85,3.08,-9.29,27.46,29290.97,0.27,1.38,3.21,47.74,4.62,-5.11,30.55,36799.32,0.02,0.58,-2.78,36.91,6.21,-12.18,22.37,16167.49,0.73,0.62,2.14,49.11,3.42,-6.59,32.23,42270.74,0.16
Northern Europe,2023-01-18,1.22,1.39,43.19,4.33,-6.55,27.08,27694.71,0.28,2.38,3.0,45.08,3.02,-4.85,29.15,29361.95,0.02,0.82,-2.45,31.73,3.82,-10.94,17.0,8834.18,0.75,1.22,2.05,44.43,3.51,-5.66,30.06,32573.02,0.17
Northern Europe,2023-01-19,1.36,0.88,34.56,1.26,-6.91,18.46,13472.07,0.28,2.08,2.78,46.02,3.65,-5.36,24.55,28102.04,0.04,0.98,-3.51,25.87,1.62,-11.8,12.65,5409.42,0.75,0.92,1.43,41.55,4.08,-5.84,24.64,23370.06,0.18
Northern Europe,2023-01-20,1.29,0.04,29.91,0.82,-8.38,19.38,12651.93,0.28,2.4,2.08,25.63,0.66,-5.62,14.24,5280.88,0.04,1.32,-4.09,24.26,0.63,-13.97,14.93,6385.02,0.74,1.36,0.94,27.47,0.69,-6.79,16.13,8915.32,0.19
Northern Europe,2023-01-21,1.54,-0.79,33.77,0.3,-9.6,23.38,23822.1,0.28,2.56,2.13,33.08,0.19,-6.08,23.86,19837.1,0.04,1.44,-4.88,31.17,0.33,-14.92,18.89,13796.05,0.73,1.79,-0.75,27.45,0.07,-9.12,17.86,9016.08,0.18
Northern Europe,2023-01-22,1.39,-1.29,36.34,0.72,-10.36,24.45,34062.69,0.28,2.08,1.19,34.06,0.39,-6.31,22.43,18226.39,0.04,1.31,-4.8,34.79,0.35,-14.9,22.42,22778.1,0.73,1.59,-1.87,29.79,0.04,-9.87,18.16,12190.0,0.18
Northern Europe,2023-01-23,1.29,0.2,37.59,2.06,-10.14,26.36,40753.64,0.27,1.95,1.69,26.03,0.18,-5.79,14.18,6045.81,0.04,0.78,-1.61,42.6,3.62,-13.22,25.54,26850.99,0.72,1.5,-1.06,36.02,0.07,-9.76,22.92,22992.28,0.18
Northern Europe,2023-01-24,1.24,2.79,40.06,2.08,-6.2,27.76,35840.98,0.27,2.16,3.13,31.31,0.19,-4.94,21.55,15103.24,0.04,0.87,1.9,44.72,4.46,-7.9,26.23,23526.54,0.72,1.45,1.56,38.88,0.88,-7.65,27.48,27607.13,0.18
Northern Europe,2023-01-25,1.14,5.05,50.33,3.21,-3.77,35.22,61270.02,0.25,1.21,3.87,41.69,1.26,-3.79,29.45,30263.57,0.04,0.78,3.62,49.75,9.72,-5.49,28.94,33144.95,0.72,1.05,3.51,48.39,0.77,-4.92,36.26,61502.66,0.17
Northern Europe,2023-01-26,2.0,2.88,37.74,0.51,-6.75,26.5,23037.73,0.24,2.88,4.22,36.03,0.98,-4.4,25.07,19140.57,0.03,1.53,-0.33,37.35,0.91,-9.75,22.18,15563.38,0.71,2.08,3.11,36.91,0.75,-6.54,26.31,21675.06,0.16
Northern Europe,2023-01-27,2.03,0.57,37.39,0.98,-8.57,24.08,30452.15,0.24,3.54,2.06,30.4,0.23,-6.49,17.18,9063.73,0.03,1.34,-1.84,39.03,1.5,-11.7,21.94,19666.2,0.7,2.73,-0.67,32.44,0.03,-9.94,20.63,14033.49,0.15
Northern Europe,2023-01-28,1.52,2.62,46.85,2.02,-6.62,31.12,44522.39,0.24,1.92,3.39,35.38,0.41,-6.57,22.86,18337.93,0.03,1.36,0.16,51.35,4.47,-8.68,29.09,36260.01,0.7,1.38,1.86,46.46,0.87,-8.87,32.64,44855.75,0.15
Northern Europe,2023-01-29,1.39,3.35,54.94,4.73,-5.11,33.89,54456.72,0.24,1.83,5.14,55.11,0.79,-3.02,34.51,51494.09,0.03,0.93,0.98,58.89,16.66,-7.68,30.46,40444.32,0.73,1.8,2.78,52.72,0.37,-5.8,35.04,53913.56,0.16
Northern Europe,2023-01-30,1.89,3.04,58.1,4.2,-6.26,36.98,75871.42,0.26,3.24,5.31,66.49,5.29,-4.14,46.46,117893.03,0.03,1.62,-0.78,57.69,6.84,-9.78,32.43,47124.34,0.77,2.07,3.44,59.49,4.57,-5.77,41.4,89871.57,0.16
Northern Europe,2023-01-31,1.91,1.55,53.14,2.69,-8.03,31.58,50124.77,0.26,2.52,5.61,63.9,4.18,-4.18,40.79,81874.77,0.03,1.52,-2.17,47.21,4.83,-11.22,23.4,20318.05,0.78,1.85,1.89,53.64,1.62,-7.67,33.43,53159.16,0.17
Northern Europe,2023-02-01,1.89,-0.22,39.65,1.96,-9.35,25.77,42817.08,0.26,2.62,4.59,63.79,3.48,-4.19,39.81,91399.46,0.03,1.62,-3.42,35.36,2.96,-12.76,18.44,12196.57,0.79,1.92,0.34,38.03,1.12,-7.97,23.35,36376.79,0.17
Northern Europe,2023-02-02,2.43,-1.0,38.57,0.99,-9.81,23.83,24272.65,0.26,3.62,4.04,51.39,1.67,-4.74,23.95,25931.33,0.04,2.15,-5.31,31.19,1.01,-14.62,16.95,8865.28,0.78,2.91,-0.53,38.28,0.38,-9.32,22.58,17802.51,0.17
Northern Europe,2023-02-03,1.7,-1.69,42.41,3.26,-10.8,25.92,36260.15,0.26,2.49,5.17,60.84,7.75,-4.81,35.58,75511.46,0.04,1.67,-6.09,37.15,7.6,-16.04,17.46,11830.98,0.82,1.71,-0.86,43.96,3.16,-10.51,26.48,35090.42,0.17
Northern Europe,2023-02-04,2.4,-3.24,37.54,0.66,-13.54,23.21,23234.45,0.26,3.57,1.64,36.92,0.3,-7.23,22.69,14751.4,0.04,1.85,-6.38,37.19,0.88,-17.41,20.06,15152.31,0.82,3.32,-3.17,36.91,0.14,-13.25,22.01,15794.55,0.17
Northern Europe,2023-02-05,2.24,0.97,45.3,1.88,-12.0,28.46,34483.09,0.27,3.96,3.1,40.57,1.13,-7.73,25.13,21285.11,0.04,2.1,-1.65,46.65,4.02,-12.98,23.98,21935.21,0.84,1.7,-0.42,41.59,1.04,-13.31,27.53,29456.12,0.17
Northern Europe,2023-02-06,2.66,2.28,37.97,0.79,-7.42,26.13,32158.19,0.27,3.68,3.67,31.95,0.19,-5.69,19.86,11521.67,0.04,1.96,0.87,35.94,1.18,-8.77,22.08,18703.24,0.83,3.58,0.58,30.62,0.06,-9.12,21.35,14358.9,0.18
Northern Europe,2023-02-07,2.4,3.61,41.44,1.07,-5.32,27.64,34934.97,0.26,3.7,3.91,34.44,0.03,-4.69,21.92,13891.77,0.04,1.72,1.95,41.33,2.55,-6.64,24.8,25938.15,0.82,2.42,2.14,38.13,0.05,-7.31,27.12,25593.17,0.17
Northern Europe,2023-02-08,2.62,3.1,55.35,1.0,-6.54,33.14,64025.92,0.25,4.21,3.69,42.56,0.2,-5.01,28.7,27560.87,0.04,1.74,1.48,61.98,1.22,-7.56,32.51,55620.65,0.81,2.66,2.54,45.54,0.05,-6.04,28.74,33839.86,0.17
Northern Europe,2023-02-09,2.83,3.72,63.01,3.28,-6.46,40.18,87038.35,0.25,4.25,4.52,51.08,0.24,-5.69,36.74,59200.22,0.04,2.32,1.25,71.73,11.77,-9.77,37.52,64537.67,0.82,2.38,2.96,62.62,0.26,-6.93,44.01,104618.74,0.16
Northern Europe,2023-02-10,2.92,2.81,61.47,3.29,-7.26,35.66,60951.66,0.25,3.6,6.02,59.68,1.03,-3.61,38.07,67743.09,0.04,2.2,0.42,64.72,9.65,-11.9,31.25,42392.55,0.84,3.51,2.74,64.01,2.16,-7.4,38.93,77123.24,0.16
Northern Europe,2023-02-11,3.44,2.06,46.45,1.19,-7.1,29.91,43171.75,0.26,3.53,7.14,56.99,1.72,-1.76,37.97,72133.86,0.04,2.6,0.0,50.87,4.02,-8.79,26.98,31149.34,0.86,4.35,2.1,49.38,0.67,-7.72,31.14,48129.57,0.16
Northern Europe,2023-02-12,2.86,5.95,48.95,1.86,-6.14,32.57,50178.66,0.25,4.23,6.34,38.46,0.03,-2.23,28.07,24666.9,0.04,2.22,3.49,50.22,5.07,-6.74,29.15,39106.84,0.85,3.27,4.92,43.47,0.24,-7.91,31.47,38945.25,0.16
Northern Europe,2023-02-13,3.82,6.06,51.19,1.11,-2.58,35.17,57893.22,0.24,5.05,7.05,42.14,0.01,-1.38,30.09,31900.86,0.03,2.81,3.27,50.9,2.22,-5.02,27.85,36029.84,0.83,4.36,6.01,47.94,0.01,-3.44,37.31,61563.11,0.15
Northern Europe,2023-02-14,3.59,5.13,37.67,0.82,-3.92,24.51,27482.85,0.23,5.33,6.11,32.15,0.19,-2.99,21.82,19180.31,0.03,3.58,2.49,31.45,0.74,-6.72,17.82,10609.45,0.81,3.86,3.95,34.94,0.03,-4.67,20.82,14592.04,0.15
Northern Europe,2023-02-15,3.05,2.87,34.49,1.8,-5.54,21.69,21944.32,0.23,3.91,4.76,31.45,0.81,-3.75,19.92,12387.4,0.03,2.64,1.42,35.52,0.59,-7.62,18.36,11305.22,0.8,2.9,1.98,28.88,0.1,-5.66,18.48,8699.43,0.15
Northern Europe,2023-02-16,2.32,3.67,41.61,1.63,-4.52,27.02,30217.28,0.23,3.04,5.97,34.63,0.89,-1.42,24.49,19020.24,0.03,2.75,0.89,41.69,2.72,-7.12,23.12,19387.93,0.79,1.79,3.17,37.43,0.86,-4.31,26.38,22365.74,0.15
Northern Europe,2023-02-17,2.1,3.51,52.36,5.9,-5.29,30.79,63856.76,0.23,2.19,7.76,76.95,7.89,-2.2,42.26,132198.78,0.03,1.93,0.0,54.24,8.72,-8.71,24.45,27763.73,0.8,1.54,3.83,55.87,5.76,-4.95,33.09,78740.58,0.15
Northern Europe,2023-02-18,3.27,3.12,54.81,5.44,-5.63,31.82,53739.53,0.25,3.92,6.03,71.81,3.46,-3.12,39.61,85208.33,0.03,3.51,-1.07,49.35,5.33,-9.61,25.34,25729.27,0.83,3.5,2.89,61.31,4.64,-6.59,36.04,72400.38,0.16
Northern Europe,2023-02-19,4.03,1.79,45.67,2.23,-6.88,27.66,35192.1,0.27,5.84,5.31,50.37,1.47,-3.79,32.64,43341.36,0.03,3.28,-1.7,43.07,3.52,-10.77,22.14,21682.54,0.84,4.57,0.97,42.22,2.08,-7.63,27.98,34317.52,0.18
Northern Europe,2023-02-20,2.43,2.07,50.23,6.98,-7.49,32.0,67433.84,0.28,2.56,6.84,65.29,6.6,-2.69,44.58,120531.34,0.04,2.95,-0.18,52.9,17.48,-9.92,27.74,37921.9,0.89,2.44,1.66,50.7,4.87,-8.4,32.43,66043.2,0.19
Northern Europe,2023-02-21,4.06,0.42,43.36,1.53,-8.8,22.79,28070.28,0.29,5.15,5.82,57.34,0.56,-3.37,32.16,54519.37,0.04,3.97,-1.94,44.15,1.04,-11.07,16.74,12590.17,0.92,4.47,-0.32,45.78,0.68,-9.77,26.32,40190.1,0.19
Northern Europe,2023-02-22,3.44,-1.41,39.79,2.19,-11.52,22.72,22869.05,0.29,4.06,3.41,35.3,1.33,-5.52,21.09,15504.9,0.04,2.49,-3.36,38.48,5.21,-12.32,21.44,16761.21,0.91,4.45,-3.01,32.74,0.22,-12.4,18.48,13311.66,0.19
Northern Europe,2023-02-23,3.72,1.55,43.96,3.59,-9.03,26.98,30136.08,0.3,4.84,4.27,42.69,0.81,-6.68,25.06,20910.01,0.04,4.67,-1.76,43.35,4.86,-11.71,22.66,17801.4,0.93,2.1,0.63,42.13,3.53,-11.0,26.34,26330.49,0.2
Northern Europe,2023-02-24,4.07,0.99,41.5,2.68,-8.71,26.22,30104.94,0.31,4.67,4.91,49.03,4.49,-4.62,30.46,40106.36,0.05,4.44,-1.89,41.41,2.38,-12.0,22.73,17588.88,0.94,3.68,0.34,36.05,2.34,-8.67,20.95,19072.19,0.21
Northern Europe,2023-02-25,6.09,-0.03,42.47,0.67,-10.26,28.52,33020.97,0.31,6.79,2.79,51.01,1.05,-6.58,32.75,47511.61,0.05,5.46,-3.03,38.71,1.13,-13.26,23.13,16741.48,0.94,5.65,-0.79,47.43,0.73,-10.55,30.14,41563.16,0.22
Northern Europe,2023-02-26,5.6,1.14,35.09,0.5,-9.55,22.81,17514.07,0.31,7.21,2.84,43.18,0.1,-7.25,27.62,25063.94,0.05,4.36,-0.73,35.11,1.0,-11.89,20.82,13541.09,0.93,6.72,-0.67,39.8,0.03,-11.64,26.26,23014.43,0.21
Northern Europe,2023-02-27,5.6,5.32,43.22,0.36,-6.31,26.42,31626.36,0.3,7.37,5.04,27.2,0.04,-7.49,17.45,7362.44,0.05,5.55,2.54,43.19,0.76,-8.84,24.06,26208.43,0.92,4.99,4.48,34.45,0.03,-9.9,22.23,18326.4,0.21
Northern Europe,2023-02-28,6.33,4.79,43.22,0.32,-5.62,26.36,29493.38,0.29,7.94,6.12,29.88,0.07,-5.82,19.31,15072.95,0.05,5.66,1.87,45.36,0.7,-8.98,24.76,25002.93,0.91,7.38,5.02,39.21,0.08,-6.55,26.72,30219.1,0.2
Northern Europe,2023-03-01,5.47,4.86,39.06,0.44,-5.19,24.13,22119.52,0.28,7.35,5.27,28.91,0.07,-4.46,17.82,11897.53,0.04,5.22,2.07,39.21,0.81,-8.37,21.62,18883.66,0.9,6.57,4.19,34.91,0.12,-6.9,24.33,22081.35,0.19
Northern Europe,2023-03-02,6.93,4.95,47.56,0.61,-5.22,30.11,45169.62,0.27,8.92,6.65,30.11,0.11,-4.83,20.76,14923.05,0.04,6.78,2.01,48.78,1.73,-9.0,26.97,35645.51,0.89,7.86,5.31,41.9,0.22,-6.2,28.88,38142.99,0.19
Northern Europe,2023-03-03,6.29,4.18,51.3,1.68,-6.96,29.98,45656.91,0.27,8.2,6.17,45.52,0.4,-4.54,26.18,28366.35,0.04,4.83,1.15,59.37,3.51,-10.6,31.01,46196.79,0.89,7.13,4.23,44.95,0.61,-6.55,29.02,37114.19,0.18
Northern Europe,2023-03-04,6.59,0.88,52.23,1.25,-9.33,30.09,45373.7,0.27,7.64,4.08,51.08,1.34,-5.18,31.64,47820.9,0.04,6.37,-3.22,56.63,2.27,-13.39,29.42,40395.73,0.9,7.14,1.19,48.24,0.92,-8.59,30.79,43320.92,0.19
Northern Europe,2023-03-05,6.31,-0.25,38.94,1.2,-10.06,22.71,17276.69,0.28,8.94,2.95,38.23,0.54,-7.33,21.77,13708.38,0.04,6.55,-4.21,39.32,1.22,-14.06,21.13,14773.56,0.9,6.91,-0.05,36.68,0.85,-9.44,21.89,13959.05,0.19
Northern Europe,2023-03-06,6.97,-1.83,29.76,1.28,-12.67,16.16,8509.81,0.28,8.29,2.89,36.62,1.74,-7.89,19.38,10115.86,0.05,7.71,-6.16,23.78,0.52,-17.07,11.92,4023.22,0.9,7.65,-1.46,25.96,0.8,-11.92,14.7,4638.39,0.19
Northern Europe,2023-03-07,6.98,-3.27,40.08,2.66,-14.97,21.3,26913.39,0.29,8.55,1.75,64.91,5.55,-9.79,34.45,72704.14,0.06,8.02,-8.02,26.13,0.56,-19.33,13.31,5477.13,0.9,6.81,-2.6,44.77,3.72,-15.08,24.76,42173.57,0.2
Northern Europe,2023-03-08,7.58,-3.89,39.89,1.43,-15.44,21.75,17949.55,0.3,9.07,2.07,42.65,2.09,-9.44,22.17,28226.6,0.07,7.03,-8.04,33.47,1.62,-20.23,16.68,10766.32,0.9,7.74,-3.15,48.71,1.51,-14.7,27.43,31598.7,0.21
Northern Europe,2023-03-09,7.75,-3.13,38.84,2.79,-16.15,22.53,22553.24,0.3,9.57,1.8,39.08,2.44,-10.75,21.51,17177.62,0.07,8.38,-7.52,32.02,1.25,-20.53,17.19,9595.28,0.91,8.84,-2.82,39.1,1.1,-16.3,22.66,16631.31,0.21
Northern Europe,2023-03-10,7.83,-1.87,36.55,1.24,-14.59,21.44,16644.2,0.3,8.19,0.99,39.65,1.9,-10.92,22.45,18468.32,0.08,8.42,-6.31,27.98,0.75,-19.66,15.95,7324.4,0.91,8.25,-1.05,33.07,0.59,-13.82,21.58,16625.04,0.22
Northern Europe,2023-03-11,7.59,-0.45,37.33,2.5,-12.83,22.28,20581.84,0.31,7.49,3.11,48.98,3.49,-9.23,29.1,31374.81,0.08,7.95,-5.64,33.21,1.85,-18.06,16.93,8561.94,0.92,8.08,-0.81,37.24,1.43,-12.67,22.63,17804.22,0.22
Northern Europe,2023-03-12,7.67,-0.53,41.18,2.44,-12.21,24.59,25015.4,0.31,7.82,3.51,48.07,2.84,-6.87,29.79,34773.74,0.08,8.08,-4.99,40.13,1.46,-17.37,20.68,13850.93,0.93,9.15,-0.67,41.95,1.22,-12.24,25.92,25385.23,0.22
Northern Europe,2023-03-13,5.29,2.13,53.79,7.47,-11.57,32.66,58304.63,0.3,5.1,8.13,72.45,11.46,-4.33,45.18,125366.9,0.07,4.67,-3.22,43.76,7.77,-14.77,22.49,18631.83,0.94,5.93,3.31,58.29,6.85,-11.64,35.71,73804.58,0.22
Northern Europe,2023-03-14,6.82,2.31,49.88,4.31,-8.34,27.74,35562.64,0.32,7.58,7.83,63.05,6.23,-4.06,39.66,77076.11,0.05,7.89,-2.62,39.42,3.26,-12.38,21.44,16019.35,0.97,4.86,4.91,57.51,4.99,-7.43,34.02,59749.55,0.22
Northern Europe,2023-03-15,8.53,1.48,44.48,3.21,-9.93,25.52,25969.3,0.32,9.22,5.5,53.3,3.29,-4.96,32.15,40189.09,0.04,9.35,-2.45,38.06,1.67,-13.97,19.99,12898.26,0.98,9.73,2.53,44.9,2.04,-8.56,26.98,25316.01,0.21
Northern Europe,2023-03-16,9.25,2.33,42.72,3.11,-9.6,24.94,32933.89,0.32,7.57,5.63,48.78,3.08,-4.53,28.71,43374.46,0.04,8.54,-2.27,49.82,4.61,-15.17,23.53,29758.88,0.98,10.49,2.43,37.88,0.41,-9.51,21.87,20798.75,0.21
Northern Europe,2023-03-17,5.31,2.48,52.24,5.01,-9.77,29.58,41180.9,0.32,7.29,7.72,47.97,2.74,-3.52,29.58,41018.46,0.04,5.32,-0.43,59.79,11.48,-13.45,28.14,36901.56,1.03,6.4,2.47,47.14,1.41,-9.85,29.39,46181.65,0.21
Northern Europe,2023-03-18,6.33,5.14,46.08,3.42,-4.73,26.04,30100.43,0.34,8.31,9.26,35.42,1.35,0.17,21.91,21381.05,0.03,8.02,1.9,40.51,3.31,-8.31,18.94,13887.41,1.05,4.31,5.17,43.44,4.17,-4.26,28.47,38600.27,0.21
Northern Europe,2023-03-19,7.05,4.57,37.46,2.21,-5.51,19.94,14269.87,0.33,7.39,10.02,34.06,2.75,-0.14,20.54,12391.81,0.03,6.21,1.68,38.85,3.76,-8.54,18.91,10292.2,1.04,6.99,5.45,34.92,1.07,-3.82,17.4,9683.45,0.21
Northern Europe,2023-03-20,7.14,4.92,38.96,3.37,-4.14,23.55,18871.64,0.33,6.15,8.77,40.57,2.54,0.15,25.2,20394.6,0.03,9.16,1.94,34.45,1.75,-7.83,17.93,9127.8,1.03,4.77,4.88,37.99,3.4,-3.97,24.1,18197.39,0.2
Northern Europe,2023-03-21,7.95,3.68,43.21,4.43,-6.46,24.56,24632.99,0.32,4.91,7.26,39.16,4.34,-1.13,23.7,24143.61,0.02,7.17,-0.04,37.26,4.16,-10.17,18.3,11096.65,1.02,9.32,4.45,35.81,1.51,-6.6,21.36,15308.1,0.2
Northern Europe,2023-03-22,5.14,3.66,46.02,6.52,-6.25,27.72,37574.39,0.33,4.53,8.44,55.79,4.91,-0.31,36.02,57935.17,0.02,5.76,0.79,42.1,7.62,-8.96,20.7,14887.42,1.03,4.0,5.07,44.61,5.73,-4.73,29.14,35722.38,0.2
Northern Europe,2023-03-23,7.82,3.72,51.66,6.27,-5.78,29.03,37553.81,0.34,9.01,10.28,59.49,5.8,1.33,36.4,56539.06,0.02,8.0,0.49,45.96,6.47,-8.61,23.0,18162.17,1.04,8.95,6.46,55.55,4.02,-3.72,32.8,47899.25,0.2
Northern Europe,2023-03-24,6.6,3.2,45.43,5.91,-6.47,26.4,39106.49,0.35,9.27,9.95,63.75,7.37,1.0,39.04,73077.95,0.01,7.99,-0.09,33.09,4.32,-9.02,14.57,7819.89,1.04,5.8,5.2,49.91,6.33,-4.82,28.91,41485.71,0.2
Northern Europe,2023-03-25,10.41,1.93,40.15,2.07,-8.76,23.09,20989.43,0.35,9.94,9.24,51.67,3.31,0.2,31.69,40830.98,0.01,9.55,-1.16,29.43,2.89,-11.91,14.42,6639.83,1.04,7.91,3.7,46.29,4.45,-6.31,27.11,30028.17,0.2
Northern Europe,2023-03-26,11.63,0.27,34.02,1.04,-11.76,20.7,14192.46,0.35,10.75,7.02,41.74,1.42,-3.03,24.9,19948.62,0.01,12.11,-3.39,29.28,1.58,-15.13,15.19,6178.39,1.04,8.29,0.69,39.41,1.55,-9.99,25.34,20813.97,0.21
Northern Europe,2023-03-27,12.0,-0.12,43.04,0.74,-12.61,25.07,23875.75,0.35,10.94,4.65,52.0,1.56,-5.86,25.59,24243.88,0.01,12.98,-3.8,33.6,0.69,-16.26,17.39,9142.46,1.03,9.85,-0.61,47.93,3.17,-11.57,29.7,34590.55,0.21
Northern Europe,2023-03-28,11.97,0.74,41.66,2.06,-11.74,25.1,23564.54,0.35,12.08,5.27,42.41,1.05,-6.48,22.95,19450.53,0.01,10.89,-3.8,31.86,2.56,-16.56,16.56,8081.09,1.03,11.59,0.33,44.16,1.87,-11.07,26.36,26726.55,0.22
Northern Europe,2023-03-29,9.54,0.78,38.4,2.77,-9.84,21.91,20480.77,0.35,6.83,6.06,44.24,3.27,-3.41,27.19,26468.9,0.01,11.54,-3.43,29.87,1.07,-14.24,15.17,7261.39,1.04,7.14,0.64,36.55,2.76,-9.62,21.63,14517.05,0.23
Northern Europe,2023-03-30,10.43,1.78,38.45,3.85,-10.46,23.8,25275.25,0.35,6.01,8.26,44.23,8.44,-1.16,27.44,29825.73,0.02,9.53,-2.33,35.98,2.52,-14.65,19.31,13688.12,1.04,9.29,1.55,35.36,4.17,-10.26,21.72,18500.42,0.23
Northern Europe,2023-03-31,10.91,3.54,39.5,2.36,-8.98,24.63,24486.33,0.35,6.16,8.3,41.29,4.81,-0.69,22.99,20372.44,0.02,12.49,0.2,34.93,1.42,-11.5,19.78,14531.83,1.05,10.46,2.97,36.82,2.06,-9.59,22.39,17698.44,0.24
Northern Europe,2023-04-01,14.15,3.42,39.92,1.08,-8.89,25.46,26272.74,0.35,11.06,5.93,49.95,3.5,-3.76,33.14,44565.25,0.02,14.68,0.3,30.54,0.37,-12.15,16.1,8026.43,1.04,15.3,3.61,39.92,0.36,-10.35,26.77,25288.07,0.23
Northern Europe,2023-04-02,15.29,3.17,33.75,0.05,-9.05,19.94,12734.93,0.34,16.18,6.66,42.7,0.23,-5.09,26.16,22694.4,0.02,15.72,0.16,26.24,0.09,-12.46,12.8,5950.69,1.03,15.9,3.12,39.26,0.05,-9.8,25.37,19828.97,0.23
Northern Europe,2023-04-03,13.74,3.31,31.02,0.35,-10.03,18.69,15102.79,0.34,15.11,5.71,36.65,0.18,-6.11,21.22,15316.01,0.02,12.05,0.74,27.43,0.39,-12.37,14.99,7848.52,1.02,16.59,2.55,31.76,0.01,-10.39,18.56,10322.15,0.23
Northern Europe,2023-04-04,13.26,5.48,29.72,0.68,-7.61,17.12,13063.68,0.33,12.07,6.15,34.1,0.55,-5.27,18.65,9677.92,0.02,14.25,3.18,24.93,0.29,-9.48,12.35,3765.21,1.01,13.84,3.96,28.01,0.05,-9.63,16.65,6819.61,0.22
Northern Europe,2023-04-05,14.06,5.73,29.15,0.73,-7.07,16.74,10491.12,0.33,11.33,7.4,28.67,1.7,-4.5,15.34,6305.33,0.02,15.47,3.91,27.62,0.22,-8.96,14.49,5755.03,0.99,12.68,4.32,31.04,0.64,-7.98,17.81,8555.12,0.22
Northern Europe,2023-04-06,12.76,5.41,33.05,0.79,-6.0,19.48,14388.55,0.32,14.11,8.89,38.73,0.97,-2.63,21.89,14496.91,0.02,11.41,1.81,35.91,1.01,-8.83,19.4,10697.76,0.98,13.48,5.86,31.66,0.43,-6.07,19.83,11886.68,0.21
Northern Europe,2023-04-07,13.61,6.85,36.22,0.61,-5.27,21.57,16390.02,0.31,16.31,10.09,37.49,0.04,-2.48,25.07,19187.55,0.01,14.27,3.75,32.69,0.97,-8.03,15.75,8483.42,0.98,13.22,6.97,30.54,0.17,-6.0,20.36,12297.68,0.2
Northern Europe,2023-04-08,14.69,8.5,31.96,0.5,-4.05,19.48,12773.81,0.3,16.54,12.32,32.27,0.27,-0.05,20.19,12633.3,0.01,14.9,5.5,24.94,0.49,-6.77,13.04,5333.38,0.96,16.41,9.24,25.44,0.03,-4.83,16.23,6848.68,0.19
Northern Europe,2023-04-09,13.74,8.06,31.42,1.38,-3.81,19.6,16143.88,0.29,15.09,11.74,32.12,0.67,-1.22,19.21,16478.52,0.01,13.24,5.16,26.57,1.45,-5.59,14.01,5597.96,0.95,15.87,8.81,24.86,0.14,-4.94,15.32,6402.27,0.18
Northern Europe,2023-04-10,14.03,7.88,39.18,2.42,-4.24,23.73,29117.58,0.28,15.09,12.49,45.99,2.22,-0.54,28.77,40423.93,0.01,11.25,4.73,40.98,3.8,-5.38,21.54,18696.75,0.94,16.67,9.04,32.91,0.26,-4.88,20.92,21869.29,0.17
Northern Europe,2023-04-11,11.39,7.72,43.31,3.84,-3.8,25.35,29005.2,0.27,12.99,11.19,51.07,7.2,0.37,28.21,33834.12,0.01,11.0,4.94,45.94,5.11,-5.2,23.58,20132.32,0.95,12.52,9.27,37.41,2.02,-3.79,22.0,21018.62,0.16
Northern Europe,2023-04-12,13.31,8.65,48.46,2.68,-3.42,27.37,41083.31,0.26,11.07,10.9,51.86,4.42,-0.6,30.2,43394.42,0.01,12.72,5.56,46.57,1.66,-4.71,24.22,20772.73,0.94,15.13,10.16,39.57,1.66,-2.67,22.35,20094.22,0.15
Northern Europe,2023-04-13,14.29,7.02,47.96,2.41,-3.08,29.87,35361.04,0.25,12.94,10.8,49.55,4.54,1.15,28.0,27940.87,0.01,12.2,4.83,48.6,5.17,-4.2,26.42,24157.13,0.93,14.08,7.64,47.57,2.48,-2.92,32.65,45240.99,0.13
Northern Europe,2023-04-14,13.8,6.27,40.5,1.35,-4.08,24.84,24320.95,0.24,13.03,10.92,35.79,2.01,0.49,22.29,15576.4,0.01,13.28,3.95,45.15,2.46,-5.5,24.62,20775.66,0.93,12.4,6.62,36.34,1.67,-3.95,24.97,23233.96,0.13
Northern Europe,2023-04-15,14.86,7.63,34.33,0.98,-4.28,20.84,16118.69,0.24,12.06,11.6,40.54,2.15,1.38,25.61,20805.58,0.01,12.73,4.51,28.03,3.56,-5.52,14.95,6462.58,0.93,17.34,8.88,36.19,0.33,-3.92,24.61,19281.37,0.13
Northern Europe,2023-04-16,15.58,8.79,26.29,0.46,-4.02,14.76,6910.11,0.23,12.51,11.76,30.63,1.06,1.63,17.65,8236.16,0.01,14.3,5.9,21.93,1.15,-5.31,9.92,2902.93,0.93,17.12,9.62,26.2,0.11,-4.46,16.72,7139.26,0.12
Northern Europe,2023-04-17,17.4,9.89,28.42,0.16,-3.02,17.17,8591.31,0.22,18.04,12.48,31.62,0.41,1.2,18.09,8403.94,0.01,17.39,7.41,21.55,0.29,-5.15,10.8,3107.48,0.9,19.37,10.64,28.59,0.02,-4.6,16.25,7079.4,0.12
Northern Europe,2023-04-18,18.57,10.55,32.03,0.13,-2.37,19.85,12807.19,0.21,19.57,12.65,41.59,0.12,0.1,24.64,18744.36,0.01,18.29,8.71,22.68,0.06,-4.56,11.9,4030.41,0.88,19.23,10.86,37.4,0.01,-3.14,23.96,17482.84,0.11
Northern Europe,2023-04-19,17.85,11.22,33.82,0.28,-2.51,21.5,18141.97,0.2,20.17,12.64,46.7,0.32,-0.43,29.98,32038.67,0.01,17.97,9.9,26.38,0.47,-3.22,14.58,7109.08,0.85,19.29,10.78,35.56,0.04,-3.06,22.75,18823.88,0.1
Northern Europe,2023-04-20,19.46,12.35,34.04,0.17,-1.53,23.81,22215.47,0.18,21.29,14.01,44.56,0.04,-0.22,31.69,40320.92,0.0,18.54,10.57,25.72,0.16,-2.5,14.71,7867.84,0.82,18.72,13.41,32.89,0.01,-2.11,23.05,21463.29,0.09
Northern Europe,2023-04-21,19.06,12.07,33.29,0.29,-1.35,20.33,14503.49,0.16,20.79,14.55,39.45,0.08,1.35,24.9,21697.35,0.0,19.01,10.27,25.9,0.49,-2.68,13.41,6519.4,0.79,20.26,13.55,29.14,0.0,-0.88,18.8,10798.01,0.08
Northern Europe,2023-04-22,16.72,10.57,37.65,1.09,-2.81,21.06,18101.9,0.14,19.1,15.55,35.23,1.06,1.4,22.27,19444.83,0.0,17.81,8.57,31.74,1.02,-4.58,14.28,6573.27,0.77,19.88,13.42,36.69,0.19,-1.87,21.18,16461.31,0.07
Northern Europe,2023-04-23,11.61,6.78,36.43,4.21,-3.2,20.92,20024.19,0.14,16.16,14.1,37.63,2.27,3.1,21.11,13127.9,0.0,10.82,3.96,30.25,5.91,-4.81,14.69,5275.36,0.76,12.4,10.13,36.27,2.73,-1.2,21.36,15793.74,0.06
Northern Europe,2023-04-24,12.17,5.97,38.95,4.17,-3.27,21.53,20165.41,0.16,12.79,13.09,42.37,5.76,3.0,25.47,21973.16,0.0,11.83,3.13,29.89,4.86,-5.75,14.61,6470.77,0.77,12.22,9.39,43.28,2.41,-0.6,25.32,24847.76,0.06
Northern Europe,2023-04-25,9.57,5.18,44.07,5.19,-4.26,25.34,27824.36,0.17,14.19,10.73,53.68,1.14,0.36,32.34,46582.62,0.0,12.68,2.19,38.6,4.7,-7.52,19.82,12496.83,0.79,10.34,9.05,41.21,3.48,-1.77,25.06,24383.23,0.06
Northern Europe,2023-04-26,12.76,6.56,39.81,3.68,-2.95,23.39,21375.65,0.17,18.07,9.56,49.63,2.15,-0.26,30.81,41270.74,0.0,12.97,1.79,40.09,3.92,-6.94,20.97,13154.93,0.81,16.6,9.76,42.41,2.23,-1.46,24.95,25993.12,0.05
Northern Europe,2023-04-27,14.17,6.97,36.69,3.39,-2.45,20.9,16282.72,0.17,18.04,9.31,45.58,1.44,-0.6,27.18,26507.89,0.0,15.58,3.56,39.21,3.76,-6.1,19.97,12128.35,0.81,15.91,8.64,38.91,3.24,-2.27,23.59,20864.99,0.04
Northern Europe,2023-04-28,15.93,7.26,31.82,2.39,-3.08,15.32,7021.75,0.16,18.11,10.81,35.34,0.77,-1.5,17.43,8410.84,0.0,15.59,3.36,32.24,3.26,-7.4,13.15,4290.34,0.81,17.53,8.04,31.15,2.35,-2.99,15.35,5936.09,0.04
Northern Europe,2023-04-29,15.97,7.26,39.47,2.52,-3.71,19.6,15252.03,0.16,19.48,11.46,46.07,0.53,-0.36,23.38,21077.85,0.0,16.42,2.79,44.09,4.99,-7.18,20.16,14989.05,0.83,16.26,8.23,43.67,1.46,-3.25,21.06,16722.62,0.04
Northern Europe,2023-04-30,16.97,7.13,43.65,2.82,-3.12,24.17,20584.61,0.16,19.02,10.25,44.68,2.32,0.17,25.86,22701.46,0.0,17.41,3.27,41.23,2.89,-7.22,20.84,14009.41,0.84,17.0,7.91,46.37,3.11,-2.93,27.41,25812.9,0.04
Northern Europe,2023-05-01,16.03,8.05,36.51,2.13,-3.03,19.99,14777.49,0.16,17.85,12.94,41.22,1.11,0.35,24.42,18414.1,0.0,15.02,3.72,34.87,3.65,-6.82,15.84,8241.18,0.84,16.51,9.29,38.18,2.66,-2.47,22.6,16096.83,0.04
Northern Europe,2023-05-02,17.49,8.05,40.53,1.23,-3.37,22.33,16431.49,0.15,17.74,11.76,47.69,0.9,0.1,28.42,28185.59,0.0,18.46,4.81,39.74,1.61,-7.33,19.9,11554.92,0.83,16.5,8.56,44.88,3.52,-2.37,25.67,24262.66,0.04
Northern Europe,2023-05-03,19.62,7.14,42.81,0.63,-3.51,24.32,18497.2,0.15,19.13,11.04,39.58,0.26,0.18,23.27,16382.71,0.0,20.46,3.15,36.23,0.71,-7.07,18.62,9741.96,0.82,21.26,8.85,42.73,0.86,-3.02,24.68,20992.72,0.04
Northern Europe,2023-05-04,17.92,6.46,39.48,1.39,-4.67,21.26,15008.82,0.15,16.65,10.82,39.14,0.81,-1.39,19.47,13618.74,0.0,19.63,3.03,31.74,0.34,-8.16,15.76,6283.32,0.82,19.38,6.86,39.97,0.58,-4.24,20.5,13238.43,0.04
Northern Europe,2023-05-05,20.25,7.46,37.87,0.99,-4.81,21.99,25455.92,0.14,17.28,9.11,55.51,0.81,-1.47,35.53,65261.86,0.0,22.86,4.68,32.17,0.15,-8.43,16.5,8508.28,0.81,19.45,6.57,40.91,0.22,-5.44,24.25,28572.04,0.03
Northern Europe,2023-05-06,20.19,9.12,35.9,0.69,-3.74,20.54,18485.22,0.14,14.59,9.66,45.55,2.54,-1.76,29.77,40231.72,0.0,23.23,6.5,31.38,0.02,-7.14,15.74,6486.76,0.8,20.18,8.32,38.05,0.21,-4.75,22.77,22674.85,0.03
Northern Europe,2023-05-07,19.42,11.03,34.76,1.12,-2.76,20.44,17245.96,0.13,21.74,13.0,41.94,0.56,-0.52,25.39,23796.87,0.0,21.94,8.09,28.41,0.19,-5.89,13.91,5271.24,0.78,22.36,10.76,34.1,0.06,-3.72,20.86,14347.75,0.03
Northern Europe,2023-05-08,21.57,13.29,37.5,1.03,-0.97,22.8,20891.66,0.11,23.97,14.91,43.21,2.42,1.62,26.42,27504.04,0.0,18.83,10.12,37.27,0.43,-3.7,19.31,11575.73,0.76,24.33,13.31,37.8,0.27,-1.54,23.11,19410.26,0.02
Northern Europe,2023-05-09,18.93,14.18,41.76,2.1,1.12,26.24,28587.65,0.1,21.5,16.52,43.98,0.34,3.36,29.19,38069.36,0.0,14.66,10.58,38.96,5.17,-0.95,21.52,15661.04,0.73,23.09,14.48,44.62,0.02,0.79,29.66,39614.62,0.02
Northern Europe,2023-05-10,18.44,14.73,41.73,2.39,2.84,26.86,28242.02,0.09,19.44,16.47,42.65,1.31,4.6,26.64,31359.15,0.0,15.33,11.52,37.79,5.76,0.59,20.73,12563.45,0.71,22.65,15.43,43.61,0.14,2.03,29.28,37620.72,0.01
Northern Europe,2023-05-11,20.44,15.57,36.63,0.68,2.8,21.26,17940.47,0.08,17.15,16.23,31.01,1.25,5.87,16.22,8703.91,0.0,15.57,12.17,31.19,0.86,0.6,13.71,4928.66,0.67,23.62,16.96,37.71,0.14,2.96,24.2,22587.28,0.01
Northern Europe,2023-05-12,21.22,15.89,31.15,0.32,3.43,16.66,8627.32,0.07,24.49,19.1,33.34,0.01,5.24,20.43,12697.81,0.0,19.41,12.36,25.18,0.44,0.76,11.1,3547.66,0.64,24.26,18.06,34.53,0.11,3.28,20.16,11866.39,0.01
Northern Europe,2023-05-13,22.07,16.47,29.83,0.13,2.93,14.03,6845.46,0.06,24.99,19.52,28.77,0.02,4.99,15.48,6321.19,0.0,22.49,13.44,26.91,0.5,0.24,11.16,3725.55,0.61,23.74,18.12,28.86,0.01,3.98,15.12,5705.28,0.0
Northern Europe,2023-05-14,21.41,17.2,35.25,0.77,3.01,17.17,9240.3,0.05,21.03,19.24,33.65,0.87,5.21,16.86,7096.16,0.0,22.66,14.5,37.09,0.45,0.43,15.88,6270.93,0.57,23.42,18.89,32.23,0.41,4.46,15.82,6535.88,0.0
Northern Europe,2023-05-15,20.98,16.72,38.84,0.79,3.68,18.47,9569.12,0.05,22.05,19.01,37.09,0.66,5.56,17.89,9478.59,0.0,19.38,13.18,37.42,1.33,1.22,15.67,6554.52,0.54,22.62,18.86,36.04,0.84,5.15,18.23,8756.25,0.0
Northern Europe,2023-05-16,16.72,14.8,44.42,3.1,2.97,21.44,20609.2,0.04,14.58,14.07,54.87,2.88,4.35,31.27,41888.22,0.0,16.27,10.81,45.98,3.8,-1.61,18.08,12365.24,0.51,14.98,15.96,41.08,3.04,5.56,22.84,18788.9,0.0
Northern Europe,2023-05-17,14.1,10.56,53.93,5.8,0.24,29.62,38419.82,0.04,18.53,12.75,56.32,1.57,1.89,32.78,51753.34,0.0,13.9,6.21,51.96,6.3,-3.89,26.38,26102.87,0.5,14.1,12.01,55.38,4.26,1.77,32.0,43512.07,0.0
Northern Europe,2023-05-18,17.56,11.67,43.18,1.03,-0.24,22.62,19595.52,0.04,22.2,14.05,33.57,0.08,2.29,18.49,8707.17,0.0,17.51,9.1,39.63,0.79,-3.7,18.2,11433.08,0.5,19.94,12.01,41.19,0.48,0.69,22.46,19458.54,0.0
Northern Europe,2023-05-19,20.66,15.18,32.54,0.63,1.05,17.44,10794.0,0.04,22.29,15.5,28.17,0.1,2.8,14.53,4308.92,0.0,18.77,12.58,33.84,0.63,-0.73,15.66,7967.17,0.47,25.14,15.29,30.06,0.01,1.49,15.12,6347.59,0.0
Northern Europe,2023-05-20,22.72,16.8,34.06,0.65,3.71,18.07,14040.79,0.04,23.62,17.47,34.29,0.21,4.48,18.14,9436.2,0.0,22.66,14.38,34.12,0.24,1.03,15.33,9824.31,0.45,25.3,17.18,30.65,0.03,3.26,16.92,8727.13,0.0
Northern Europe,2023-05-21,22.48,18.04,34.31,0.49,4.53,18.36,12402.15,0.03,23.09,19.69,35.97,0.12,5.83,20.64,13400.04,0.0,23.34,15.87,31.64,0.31,1.7,13.75,6680.27,0.42,23.81,19.14,28.69,0.02,4.89,16.61,9019.85,0.0
Northern Europe,2023-05-22,22.94,18.22,32.49,0.91,5.16,16.62,9028.56,0.03,19.98,19.59,34.46,0.87,8.32,20.97,14770.38,0.0,22.95,16.88,30.1,2.26,2.78,11.69,3080.27,0.39,23.29,19.64,31.91,0.34,6.66,16.57,7980.77,0.0
Northern Europe,2023-05-23,18.32,15.72,37.0,2.77,5.21,18.29,13680.74,0.03,18.33,16.87,43.45,3.88,6.52,21.8,19962.82,0.0,16.82,12.95,39.24,4.64,2.34,16.94,9455.6,0.37,17.74,16.92,33.87,3.65,6.94,16.99,7658.96,0.0
Northern Europe,2023-05-24,18.11,16.15,46.02,1.84,4.5,23.32,24683.6,0.03,23.27,18.55,34.28,0.21,7.03,17.44,8575.16,0.0,15.04,12.07,49.87,2.8,0.39,21.7,19660.2,0.35,23.35,18.97,39.46,0.65,6.27,19.73,13854.61,0.0
Northern Europe,2023-05-25,22.98,13.4,50.37,2.26,3.4,27.55,31941.4,0.03,25.31,17.42,44.85,0.25,6.18,25.92,23204.34,0.0,19.8,9.09,55.13,3.58,-0.82,27.76,28914.09,0.33,22.95,15.73,46.03,1.62,5.81,26.48,23691.99,0.0
Northern Europe,2023-05-26,22.54,12.22,48.68,1.28,1.8,26.38,23822.76,0.03,23.27,15.86,49.31,0.1,4.9,27.67,26613.87,0.0,19.36,8.46,52.57,2.88,-1.94,25.32,21275.87,0.33,22.05,13.51,46.37,1.03,3.52,26.31,24120.28,0.0
Northern Europe,2023-05-27,21.16,13.91,44.13,1.67,1.26,22.26,19713.47,0.03,26.39,15.44,37.12,0.05,4.3,18.61,9401.43,0.0,14.21,10.53,49.24,5.18,-1.73,22.45,16769.02,0.32,26.01,15.05,40.39,0.15,1.92,20.12,14367.55,0.0
Northern Europe,2023-05-28,19.4,13.03,50.35,2.9,2.45,28.25,33231.23,0.03,25.1,16.37,42.13,0.18,3.86,22.27,16501.56,0.0,19.29,9.02,54.78,4.63,-1.38,27.07,26958.01,0.3,20.01,15.2,49.34,1.68,4.07,28.63,29641.8,0.0
Northern Europe,2023-05-29,21.05,12.68,44.52,1.31,1.18,24.73,22413.42,0.02,26.14,16.19,40.75,0.04,4.67,22.17,14951.82,0.0,15.48,8.62,44.81,2.89,-2.45,20.89,13612.48,0.3,24.54,14.44,41.43,0.21,3.27,22.62,16139.37,0.0
Northern Europe,2023-05-30,22.86,14.97,42.65,0.79,2.47,22.55,21091.17,0.02,26.02,18.09,37.37,0.24,6.4,17.79,9870.88,0.0,20.17,12.56,45.44,1.0,0.16,21.36,16117.38,0.29,25.21,15.84,37.94,0.32,4.11,18.89,11491.4,0.0
Northern Europe,2023-05-31,21.29,14.44,53.97,0.96,3.02,30.45,37620.78,0.02,26.99,17.39,50.74,0.06,5.46,27.85,27855.35,0.0,17.01,10.55,53.42,2.41,-0.15,27.82,30234.37,0.27,22.51,16.54,47.82,0.66,4.88,28.46,31398.04,0.0
Northern Europe,2023-06-01,23.45,11.98,51.36,1.21,1.05,27.81,28974.65,0.02,26.24,17.19,46.9,0.11,5.43,26.61,24676.79,0.0,21.51,8.67,49.98,1.4,-2.25,24.72,20395.69,0.25,24.93,13.21,49.29,0.81,2.66,27.05,25236.79,0.0
Northern Europe,2023-06-02,19.8,11.83,43.47,1.28,0.85,22.03,16497.43,0.02,26.0,15.77,37.51,0.66,4.14,19.94,11291.1,0.0,19.63,9.87,38.54,0.72,-2.54,17.42,9234.63,0.24,21.64,11.77,44.6,1.11,1.28,22.66,18814.67,0.0
Northern Europe,2023-06-03,19.15,13.37,39.93,1.03,2.09,19.83,13905.68,0.02,25.77,15.64,38.61,0.14,3.77,19.05,9886.98,0.0,18.94,11.27,41.22,1.18,0.12,18.16,10511.71,0.22,20.85,14.55,35.61,0.57,2.15,18.3,10322.3,0.0
Northern Europe,2023-06-04,21.11,14.7,40.21,0.5,3.67,20.87,14359.58,0.02,24.12,16.37,34.64,0.93,5.73,19.06,9459.23,0.0,20.81,13.4,38.2,0.84,0.74,17.91,10265.96,0.21,22.64,15.26,37.65,0.55,4.81,19.82,12380.78,0.0
Northern Europe,2023-06-05,24.26,15.36,43.16,0.29,4.47,22.33,18366.13,0.02,27.33,18.13,35.58,0.02,5.79,16.16,7603.57,0.0,23.74,13.1,42.32,0.69,1.69,20.41,14852.67,0.19,25.24,17.6,41.3,0.05,4.99,21.36,17939.51,0.0
Northern Europe,2023-06-06,20.82,14.67,36.66,0.82,3.99,18.0,10977.24,0.01,28.22,18.53,33.39,0.08,6.53,16.92,6548.5,0.0,20.75,12.64,37.16,0.8,1.15,15.86,7023.24,0.18,24.05,17.51,34.19,0.27,5.68,16.34,7481.58,0.0
Northern Europe,2023-06-07,23.72,15.61,35.87,0.45,3.68,16.89,9299.66,0.01,28.29,19.14,29.88,0.0,7.1,13.33,4434.85,0.0,22.69,14.05,36.08,0.95,1.3,14.62,6000.39,0.16,25.88,17.26,32.86,0.23,5.07,15.81,7322.57,0.0
Northern Europe,2023-06-08,24.11,15.34,41.25,1.45,4.53,20.99,14251.25,0.01,28.65,19.98,32.88,0.04,7.34,15.97,6970.22,0.0,24.31,13.71,36.22,0.87,1.75,16.14,7129.7,0.15,23.73,16.98,38.82,1.26,5.93,18.34,10038.2,0.0
Northern Europe,2023-06-09,26.15,16.27,40.79,0.08,3.71,19.74,13284.65,0.01,28.35,20.6,40.33,0.02,7.66,20.89,14713.09,0.0,24.78,15.74,35.19,0.17,1.91,15.1,6440.77,0.14,26.77,16.37,40.05,0.03,4.91,21.99,13826.33,0.0
Northern Europe,2023-06-10,26.0,18.18,37.77,0.84,4.6,20.86,15260.25,0.01,27.14,20.15,46.61,0.65,7.96,28.07,29040.22,0.0,26.37,17.71,36.28,0.2,3.09,16.4,6763.45,0.13,28.13,17.78,36.19,0.04,4.18,19.6,13610.68,0.0
Northern Europe,2023-06-11,25.9,20.27,42.25,0.43,6.95,23.98,22463.24,0.01,27.68,20.67,40.66,0.06,8.18,25.53,23363.04,0.0,26.42,19.83,41.76,0.36,5.03,18.19,10726.52,0.11,28.93,19.53,39.53,0.01,5.77,23.35,20547.23,0.0
Northern Europe,2023-06-12,24.79,20.75,39.64,0.29,8.07,21.87,18834.63,0.01,27.69,21.95,34.91,0.38,8.55,20.89,13508.05,0.0,21.03,19.12,40.11,0.57,6.25,17.82,9757.35,0.1,28.35,20.84,38.63,0.04,7.08,22.61,18815.09,0.0
Northern Europe,2023-06-13,25.64,20.16,35.34,0.46,9.16,17.92,10940.2,0.01,28.71,22.2,37.24,0.11,9.94,19.78,11063.85,0.0,24.3,18.77,32.8,0.43,6.99,14.47,5595.79,0.09,28.12,21.82,35.77,0.0,8.21,19.29,11376.94,0.0
Northern Europe,2023-06-14,27.26,21.77,30.89,0.26,8.5,14.24,7267.85,0.0,28.03,23.39,32.01,0.01,9.99,15.88,6607.78,0.0,26.32,20.7,29.26,1.09,7.29,10.65,2688.37,0.07,28.03,22.54,30.73,0.0,9.19,13.15,4188.04,0.0
Northern Europe,2023-06-15,26.7,22.1,30.33,0.32,9.6,14.54,6430.92,0.0,24.72,23.62,31.15,0.44,10.61,14.76,4889.5,0.0,26.43,21.84,31.56,0.73,8.38,11.41,3217.97,0.06,27.54,23.64,28.6,0.04,10.5,12.82,3784.31,0.0
Northern Europe,2023-06-16,24.91,21.8,35.39,1.02,9.82,16.26,8671.02,0.0,22.74,23.51,32.13,1.37,12.06,15.04,5406.75,0.0,25.76,21.68,31.51,1.32,9.05,10.47,3792.17,0.05,24.91,23.53,32.87,0.2,11.3,14.49,6004.33,0.0
Northern Europe,2023-06-17,24.96,21.58,33.29,1.88,10.38,14.84,6164.54,0.0,22.41,23.74,34.77,4.2,13.5,13.69,4738.22,0.0,25.63,22.04,31.37,1.18,9.78,11.2,3256.24,0.04,24.91,22.92,34.65,1.01,11.39,15.89,6957.93,0.0
Northern Europe,2023-06-18,23.04,21.81,33.08,1.82,11.17,15.11,6352.52,0.0,22.24,22.95,35.0,1.63,14.33,15.47,6486.82,0.0,22.86,21.78,32.53,2.26,10.51,11.66,3052.88,0.03,20.77,20.76,33.95,2.78,12.4,19.21,11024.06,0.0
Northern Europe,2023-06-19,22.2,22.14,35.14,1.41,12.43,16.3,7754.79,0.0,20.33,22.85,37.93,2.52,13.94,18.59,9044.06,0.0,18.84,20.88,33.28,2.45,10.9,13.55,4623.44,0.02,23.34,22.39,30.68,0.8,12.75,15.34,5955.48,0.0
Northern Europe,2023-06-20,22.47,22.52,33.45,1.92,13.28,15.26,5717.78,0.0,23.56,23.36,29.72,1.23,14.58,14.07,4942.93,0.0,19.58,20.84,34.12,4.34,12.3,13.09,3704.72,0.01,23.98,23.68,29.47,0.89,14.06,13.73,4455.33,0.0
Northern Europe,2023-06-21,21.69,22.97,37.35,2.3,13.32,17.81,10144.14,0.0,21.7,22.95,41.59,2.13,14.91,21.15,14712.37,0.0,17.46,20.49,38.3,4.16,11.69,15.41,6574.33,0.01,22.83,24.19,39.12,1.77,14.35,20.51,13234.75,0.0
Northern Europe,2023-06-22,21.55,20.63,41.87,4.53,12.6,20.02,15253.81,0.0,23.81,22.45,36.19,2.45,14.58,19.04,9538.15,0.0,19.31,17.9,43.29,6.35,9.95,19.91,11773.85,0.01,22.65,23.02,38.59,3.39,14.83,20.95,13376.21,0.0
Northern Europe,2023-06-23,17.83,18.44,41.8,5.05,11.11,22.57,17775.29,0.0,21.67,21.56,40.05,1.12,13.63,22.61,15594.02,0.0,18.86,16.36,39.09,4.03,7.54,18.27,10019.36,0.0,21.25,21.16,38.01,3.3,13.78,20.7,12067.22,0.0
Northern Europe,2023-06-24,21.1,19.38,37.02,1.15,9.95,20.14,15700.48,0.0,24.03,22.0,38.77,0.1,12.65,22.04,14371.67,0.0,22.23,18.42,31.59,2.25,7.0,13.88,5853.54,0.0,22.76,21.1,33.91,1.27,11.74,18.36,9511.74,0.0
Northern Europe,2023-06-25,24.26,21.04,32.59,1.88,11.2,14.45,7857.39,0.0,22.51,22.34,31.85,1.64,13.45,14.53,7153.74,0.0,24.29,20.83,28.2,0.82,9.07,10.86,2827.82,0.0,24.44,22.26,29.15,0.92,12.73,12.62,3661.37,0.0
Northern Europe,2023-06-26,22.18,21.7,38.4,3.76,11.34,18.37,13946.17,0.0,19.91,21.63,45.48,5.84,11.5,24.07,22789.7,0.0,19.99,20.42,39.46,7.68,10.42,15.84,7717.12,0.0,23.83,23.39,36.64,2.32,13.0,16.56,9949.54,0.0
Northern Europe,2023-06-27,21.05,20.3,38.44,2.84,11.81,19.81,21268.5,0.0,23.24,20.29,51.35,1.73,11.7,30.4,42483.96,0.0,18.91,18.74,31.81,4.5,10.15,12.91,5198.16,0.0,22.23,21.12,37.37,2.69,13.14,19.93,20047.29,0.0
Northern Europe,2023-06-28,22.64,21.05,31.6,2.02,12.25,13.2,5591.68,0.0,22.9,21.28,37.2,1.68,12.21,20.56,12351.03,0.0,21.96,20.44,29.41,1.22,10.18,9.79,2313.47,0.0,24.74,22.86,29.1,1.22,14.01,13.13,5954.56,0.0
Northern Europe,2023-06-29,20.47,21.32,31.89,2.43,12.33,14.25,7117.17,0.0,18.69,22.0,37.08,2.69,14.1,19.97,9801.94,0.0,17.37,19.22,29.23,6.05,10.65,10.62,2947.37,0.0,21.99,23.31,29.64,1.95,14.97,13.23,4334.51,0.0
Northern Europe,2023-06-30,17.94,19.32,39.93,5.3,12.1,20.4,15521.65,0.0,22.46,20.36,41.32,1.85,12.78,24.09,18087.97,0.0,19.93,17.32,35.79,6.59,9.67,16.15,6742.21,0.0,20.98,21.55,37.72,3.86,14.46,18.59,11086.04,0.0
Northern Europe,2023-07-01,16.92,17.21,44.91,4.84,10.4,24.21,22415.75,0.0,14.47,18.94,49.96,6.54,12.55,29.07,28726.77,0.0,19.91,16.69,34.81,3.78,8.39,15.02,6191.7,0.0,13.86,18.75,43.98,7.23,12.03,24.21,20852.5,0.0
Northern Europe,2023-07-02,18.02,15.6,47.28,3.81,7.91,25.89,33909.67,0.0,19.87,17.76,65.95,5.8,9.6,38.12,72655.89,0.0,15.15,13.79,36.65,8.89,6.52,16.3,7951.26,0.0,17.8,17.07,48.97,7.35,9.8,27.07,37724.02,0.0
Northern Europe,2023-07-03,16.92,15.55,47.85,6.77,6.74,27.37,37772.1,0.0,22.02,17.33,65.87,6.04,8.22,40.83,78149.71,0.0,13.42,13.74,39.3,8.51,5.53,18.32,13854.56,0.0,17.56,16.65,57.71,8.69,8.26,33.31,55043.06,0.0
Northern Europe,2023-07-04,15.55,15.3,43.41,6.29,8.25,23.92,23768.85,0.0,20.64,17.55,59.6,6.87,8.26,34.57,50696.86,0.0,16.56,14.33,35.83,4.36,6.49,16.36,8254.19,0.0,18.19,16.68,55.65,6.57,8.43,31.6,44428.16,0.0
Northern Europe,2023-07-05,17.5,16.84,41.28,4.47,8.52,21.72,17362.72,0.0,16.5,18.14,53.98,7.27,8.96,28.33,34647.97,0.0,18.28,15.26,34.9,2.44,6.03,15.3,6535.6,0.0,17.33,18.23,47.9,5.42,9.42,26.86,29282.8,0.0
Northern Europe,2023-07-06,17.0,17.23,44.66,5.81,9.08,22.96,24766.29,0.0,19.12,18.69,54.54,4.0,9.47,31.35,45291.81,0.0,16.09,15.58,32.56,5.94,7.46,14.18,5822.72,0.0,19.0,18.54,45.67,3.22,10.43,25.44,27787.03,0.0
Northern Europe,2023-07-07,21.03,18.48,35.79,3.33,10.63,18.26,15402.4,0.0,23.32,20.32,36.66,1.81,11.48,21.77,19383.72,0.0,18.86,16.77,27.84,2.15,8.15,12.09,3853.52,0.0,21.34,19.07,35.69,3.57,11.81,19.2,11344.71,0.0
Northern Europe,2023-07-08,23.31,19.4,37.56,1.53,10.54,18.8,15641.46,0.0,25.77,21.63,34.22,0.62,11.12,18.41,14178.37,0.0,22.57,18.61,28.95,0.99,8.67,12.2,4032.34,0.0,23.78,20.21,33.08,1.8,11.72,16.95,8699.74,0.0
Northern Europe,2023-07-09,24.17,20.6,29.81,1.04,10.67,14.65,6266.26,0.0,25.52,22.91,35.69,1.12,12.11,20.6,11344.25,0.0,24.24,20.47,26.19,0.77,9.9,10.21,2697.42,0.0,23.66,20.69,29.6,0.41,11.71,15.17,5625.63,0.0
Northern Europe,2023-07-10,21.08,20.74,33.12,4.01,11.51,15.96,6562.49,0.0,18.67,19.7,39.92,6.55,13.27,20.59,11818.71,0.0,18.1,19.61,32.1,7.59,10.6,13.16,4115.91,0.0,21.13,20.6,32.07,3.13,11.95,16.83,7040.12,0.0
Northern Europe,2023-07-11,21.62,20.49,39.52,2.26,11.44,19.38,12462.94,0.0,17.99,21.19,41.83,1.83,12.13,20.48,13692.0,0.0,17.77,18.31,41.63,7.25,9.83,17.83,9931.4,0.0,22.94,20.64,34.44,0.42,12.07,17.6,9549.93,0.0
Northern Europe,2023-07-12,18.48,19.17,40.79,6.16,11.43,21.79,16047.32,0.0,20.93,20.12,41.17,7.46,11.86,21.23,15654.38,0.0,17.81,17.31,43.98,6.73,9.6,21.34,13840.99,0.0,18.94,20.57,37.53,8.29,12.57,20.27,14767.01,0.0
Northern Europe,2023-07-13,18.39,18.69,41.16,3.35,10.96,21.08,13030.9,0.0,21.75,19.6,42.2,3.16,11.83,23.57,16009.3,0.0,16.65,16.82,40.61,5.71,8.77,17.65,8603.73,0.0,21.35,20.0,39.04,1.49,12.04,21.01,13713.42,0.0
Northern Europe,2023-07-14,19.96,18.31,37.08,4.78,10.67,18.05,10735.72,0.0,21.13,20.19,40.13,2.66,11.87,21.9,16793.86,0.0,19.76,16.05,33.62,3.33,7.54,13.69,5739.59,0.0,22.55,20.39,33.88,1.47,12.42,17.92,9526.51,0.0
Northern Europe,2023-07-15,19.23,20.05,42.3,3.46,10.33,22.56,24322.2,0.0,19.51,22.72,44.9,4.63,13.18,26.93,30048.59,0.0,15.3,16.68,43.04,6.5,7.24,18.78,13338.41,0.0,20.23,21.78,39.47,1.28,12.75,22.5,21730.37,0.0
Northern Europe,2023-07-16,16.16,19.2,53.8,7.41,11.31,30.25,39148.5,0.0,21.99,21.59,58.9,3.72,12.52,34.28,56253.27,0.0,14.06,16.76,54.31,11.09,8.7,27.05,25912.25,0.0,19.73,21.53,51.59,7.28,13.51,29.7,37547.11,0.0
Northern Europe,2023-07-17,20.02,18.46,51.48,5.11,11.09,28.78,31155.52,0.0,21.77,20.04,50.35,7.02,12.69,28.32,30565.76,0.0,16.49,15.79,48.98,9.62,8.36,24.15,19227.08,0.0,21.59,20.04,52.25,3.61,12.87,31.18,37088.14,0.0
Northern Europe,2023-07-18,18.4,17.08,43.2,5.37,10.03,24.23,21288.75,0.0,21.02,18.55,48.55,2.98,11.44,28.01,26852.63,0.0,15.48,13.89,38.89,6.49,6.8,19.7,11242.24,0.0,20.89,18.61,46.7,3.27,11.47,27.51,26588.16,0.0
Northern Europe,2023-07-19,19.38,16.9,36.68,3.08,9.06,19.15,11179.12,0.0,19.63,17.85,38.52,1.2,10.96,20.77,12128.77,0.0,14.39,13.36,35.58,5.76,5.61,17.32,8237.49,0.0,21.57,18.59,36.55,1.69,10.97,19.8,10774.8,0.0
Northern Europe,2023-07-20,19.01,16.66,35.44,3.37,8.86,18.67,11975.69,0.0,22.23,17.8,46.14,1.53,9.83,25.8,21718.12,0.0,16.49,14.14,33.5,4.81,6.18,15.05,5812.38,0.0,21.04,18.41,37.49,1.92,10.59,20.38,13204.13,0.0
Northern Europe,2023-07-21,16.13,16.34,34.17,3.94,9.44,17.64,10293.89,0.0,20.5,18.0,40.38,2.02,9.74,22.34,13545.98,0.0,14.46,13.65,28.85,4.46,6.59,12.66,3960.4,0.0,19.06,17.97,36.22,2.72,10.7,19.82,11046.8,0.0
Northern Europe,2023-07-22,14.7,16.08,32.85,6.45,9.41,16.23,7528.71,0.0,18.67,17.88,40.25,5.4,9.83,21.75,13737.13,0.0,13.47,13.69,26.95,4.42,6.52,10.88,2788.04,0.0,18.07,17.74,36.61,3.82,10.46,20.23,11105.96,0.0
Northern Europe,2023-07-23,13.89,16.57,30.67,6.07,10.17,15.33,7760.42,0.0,10.23,17.75,41.36,13.89,11.21,23.7,17582.45,0.0,15.66,14.89,25.69,3.95,7.13,10.26,2332.62,0.0,15.72,17.86,32.68,5.25,10.95,17.14,7799.39,0.0
Northern Europe,2023-07-24,16.2,17.14,34.91,3.19,10.26,18.25,11478.24,0.0,19.42,19.4,43.07,2.86,12.33,23.11,19239.29,0.0,14.89,15.29,28.02,4.07,7.52,11.73,3200.59,0.0,16.42,18.69,39.65,4.4,11.62,21.16,15714.79,0.0
Northern Europe,2023-07-25,16.19,16.82,35.97,3.92,9.76,19.73,15710.23,0.0,20.68,18.38,42.5,3.09,10.95,25.52,21425.2,0.0,11.69,14.61,34.18,9.49,7.94,15.24,7704.57,0.0,19.39,18.79,35.17,2.93,11.58,19.12,11916.8,0.0
Northern Europe,2023-07-26,16.62,17.27,36.07,3.62,9.92,19.18,17161.55,0.0,16.4,17.35,47.1,4.07,10.61,27.48,26051.29,0.0,18.21,15.9,29.04,3.19,7.6,11.21,4119.75,0.0,19.83,18.74,34.62,2.5,11.38,18.83,12279.04,0.0
Northern Europe,2023-07-27,19.09,18.3,32.56,1.86,10.13,14.63,7453.04,0.0,19.23,19.12,35.58,2.42,10.72,19.12,11770.77,0.0,18.62,16.7,24.83,3.06,7.84,7.85,1335.86,0.0,20.04,19.05,33.56,2.7,11.14,15.66,7650.18,0.0
Northern Europe,2023-07-28,17.57,18.25,30.58,3.54,10.19,13.63,7700.66,0.0,21.35,20.18,31.41,1.32,10.7,14.18,6138.17,0.0,18.62,17.2,24.82,2.55,8.07,8.38,1595.66,0.0,16.84,18.59,32.59,7.48,11.25,13.87,5604.4,0.0
Northern Europe,2023-07-29,15.94,18.47,41.13,6.18,10.87,22.96,21347.85,0.0,17.63,20.05,39.82,3.61,12.7,21.24,14532.69,0.0,18.81,17.52,33.07,3.02,9.08,14.33,6894.22,0.0,15.37,19.41,43.0,8.76,11.47,25.15,24040.72,0.0
Northern Europe,2023-07-30,17.57,19.27,38.72,4.28,11.29,19.27,13904.78,0.0,16.79,19.85,44.76,6.51,11.72,23.4,17761.01,0.0,16.15,17.03,29.67,6.02,8.92,11.93,3360.12,0.0,19.32,20.59,37.72,4.15,12.78,19.53,10968.14,0.0
Northern Europe,2023-07-31,16.93,18.35,36.08,3.83,11.45,17.7,11979.66,0.0,18.0,18.85,39.67,3.6,11.86,20.99,14892.21,0.0,17.22,16.89,28.45,3.6,8.98,10.82,2508.23,0.0,16.86,19.37,34.8,3.81,12.28,16.48,8167.63,0.0
Northern Europe,2023-08-01,14.9,17.6,37.1,8.5,11.69,18.55,9811.96,0.0,13.7,19.15,38.39,8.27,12.31,20.03,12354.37,0.0,16.26,16.79,32.02,5.71,9.0,13.44,5237.05,0.0,15.14,19.06,34.97,7.25,12.78,17.31,7988.04,0.0
Northern Europe,2023-08-02,12.54,17.93,42.05,9.78,12.11,22.43,18564.58,0.0,15.58,19.59,39.67,4.86,12.82,22.32,17564.34,0.0,13.93,16.77,32.48,8.4,9.55,13.73,7135.85,0.0,13.33,19.73,43.65,7.99,13.97,23.66,20906.35,0.0
Northern Europe,2023-08-03,16.17,18.77,42.69,5.3,12.2,23.3,20214.81,0.0,14.47,19.75,43.35,6.99,13.88,24.03,18219.28,0.0,16.35,17.42,36.64,4.74,10.07,15.25,9269.78,0.0,14.0,19.69,39.53,8.07,14.3,21.57,14734.32,0.0
Northern Europe,2023-08-04,14.22,18.06,40.21,5.06,11.84,21.65,17229.37,0.0,18.55,19.23,48.23,1.49,12.43,29.51,29147.21,0.0,14.62,16.2,35.83,3.96,9.33,17.01,9663.66,0.0,15.73,19.39,40.78,9.05,14.05,23.18,16969.06,0.0
Northern Europe,2023-08-05,17.64,17.68,37.21,2.82,10.34,19.02,13915.67,0.0,19.05,19.56,38.71,3.56,11.93,20.77,17283.8,0.0,14.87,15.1,28.47,2.99,7.78,12.97,4757.83,0.0,18.2,19.59,36.85,2.78,12.95,19.12,10906.05,0.0
Northern Europe,2023-08-06,15.05,18.38,35.58,2.88,9.82,17.1,10789.61,0.0,13.68,20.73,40.38,2.91,12.33,23.46,17751.99,0.0,15.69,16.64,28.28,1.32,7.42,11.47,3972.9,0.0,12.75,19.59,43.8,4.74,11.67,20.16,17133.91,0.0
Northern Europe,2023-08-07,10.0,19.48,51.63,15.04,10.73,32.07,57080.02,0.0,10.8,19.51,65.71,12.37,11.13,41.79,108448.61,0.0,6.2,15.57,44.23,20.44,8.15,23.3,20774.42,0.0,13.41,22.73,57.36,13.85,13.73,37.62,82576.38,0.0
Northern Europe,2023-08-08,12.87,19.35,63.82,10.09,10.36,37.53,89841.38,0.0,15.31,17.39,69.15,5.29,8.78,45.88,143756.72,0.0,8.4,16.22,57.94,21.49,8.14,29.81,43533.27,0.0,14.01,20.01,70.06,5.97,11.08,42.33,110492.34,0.0
Northern Europe,2023-08-09,14.14,17.11,50.14,4.36,9.47,29.93,45306.95,0.0,13.94,17.31,52.4,2.73,8.85,34.14,59201.25,0.0,11.12,13.69,48.99,9.71,6.54,24.96,26513.03,0.0,12.92,17.15,47.62,5.7,10.15,28.97,41123.9,0.0
Northern Europe,2023-08-10,12.78,16.72,40.89,4.55,10.33,22.6,19459.07,0.0,15.51,17.74,48.26,1.0,10.36,29.13,32683.23,0.0,11.12,13.74,31.44,4.86,6.86,15.29,6309.88,0.0,13.49,17.42,40.27,4.77,10.96,23.64,19857.82,0.0
Northern Europe,2023-08-11,14.4,17.5,39.27,3.23,10.26,21.47,18802.4,0.0,17.67,20.67,35.89,0.56,11.71,20.99,15660.31,0.0,14.89,15.96,32.9,2.75,6.96,13.64,4895.01,0.0,15.46,19.12,35.37,1.76,11.26,20.32,12710.52,0.0
Northern Europe,2023-08-12,13.79,18.47,40.54,4.41,11.14,22.35,17893.12,0.0,13.8,20.7,33.35,5.36,13.9,19.58,15448.95,0.0,14.12,16.77,36.25,3.55,9.09,16.49,6471.62,0.0,14.12,19.56,37.41,5.43,12.61,20.92,13473.59,0.0
Northern Europe,2023-08-13,12.15,17.97,33.3,5.71,12.01,18.71,10795.89,0.0,17.51,20.74,36.81,1.98,12.94,21.66,13203.69,0.0,11.75,16.29,31.88,6.12,9.3,13.62,4678.07,0.0,14.63,20.08,34.18,5.73,13.29,19.24,10504.53,0.0
Northern Europe,2023-08-14,15.41,19.2,33.59,1.83,12.39,18.26,9071.37,0.0,17.1,21.47,32.15,1.04,14.24,17.79,7285.66,0.0,12.25,16.51,32.27,4.71,9.72,14.51,4638.46,0.0,16.91,21.13,35.87,0.68,13.99,20.25,10819.22,0.0
Northern Europe,2023-08-15,14.74,19.89,35.21,4.25,12.37,18.97,10889.08,0.0,18.8,22.85,36.73,1.52,14.44,20.85,11789.38,0.0,10.47,16.97,30.39,11.23,9.85,13.52,4722.48,0.0,16.39,22.05,37.99,2.97,14.62,21.54,13609.49,0.0
Northern Europe,2023-08-16,14.29,19.13,38.65,5.43,12.62,20.95,14180.58,0.0,18.27,21.85,37.43,1.24,14.7,21.97,14987.22,0.0,11.86,16.81,33.52,7.33,9.82,14.88,6531.67,0.0,15.12,20.99,41.06,3.26,14.69,23.89,16920.59,0.0
Northern Europe,2023-08-17,16.24,18.42,36.14,0.53,10.46,19.37,12575.53,0.0,16.49,20.71,28.48,0.57,13.33,16.57,7777.03,0.0,15.75,16.77,30.57,0.69,8.42,13.82,5352.36,0.0,15.53,19.77,32.29,0.76,12.96,17.43,8125.77,0.0
Northern Europe,2023-08-18,14.94,18.95,34.97,4.1,10.21,19.96,16693.51,0.0,13.19,21.55,44.0,4.63,13.9,26.18,27526.71,0.0,16.24,17.68,30.14,0.62,7.75,13.48,5162.08,0.0,15.55,19.98,34.23,1.13,12.28,19.82,10641.6,0.0
Northern Europe,2023-08-19,15.52,19.91,37.77,4.73,10.66,22.13,25295.52,0.0,13.25,23.28,45.25,17.59,15.56,28.1,37404.93,0.0,13.08,17.75,37.87,4.26,8.75,18.99,14952.25,0.0,13.43,19.87,33.49,2.32,12.9,20.44,14139.86,0.0
Northern Europe,2023-08-20,14.68,19.11,34.57,2.85,11.01,18.88,15290.17,0.0,17.27,21.84,33.17,2.37,15.65,19.0,10484.72,0.0,12.64,17.8,34.79,6.4,9.75,14.95,5807.0,0.0,14.79,19.54,29.49,3.23,12.83,15.2,6027.57,0.0
Northern Europe,2023-08-21,13.35,18.18,32.41,2.73,11.71,18.22,16101.56,0.0,17.17,20.94,38.02,1.32,14.49,21.26,14327.56,0.0,11.9,16.29,30.4,4.58,9.99,14.26,5586.45,0.0,15.63,19.65,31.24,1.52,13.13,16.93,8304.57,0.0
Northern Europe,2023-08-22,13.16,17.81,31.39,2.12,11.75,17.56,9151.93,0.0,16.99,20.84,36.17,1.32,14.26,21.8,12384.17,0.0,12.73,16.0,28.64,2.16,8.66,12.71,3762.45,0.0,14.21,19.32,30.27,2.12,13.18,17.77,8243.93,0.0
Northern Europe,2023-08-23,12.79,17.71,30.27,2.63,11.18,16.31,6834.44,0.0,14.07,19.63,36.73,1.73,13.66,20.09,9702.14,0.0,10.63,15.24,27.91,6.69,8.18,11.93,3536.35,0.0,14.18,19.14,30.23,2.03,12.9,17.07,6637.92,0.0
Northern Europe,2023-08-24,13.24,17.09,29.71,2.79,10.6,14.79,5920.29,0.0,15.66,19.73,30.55,2.24,11.97,15.72,5732.96,0.0,11.66,14.87,24.28,3.14,7.25,10.28,2369.02,0.0,13.7,18.38,29.68,2.84,12.36,15.42,5332.16,0.0
Northern Europe,2023-08-25,11.69,17.02,30.54,4.49,10.42,16.06,8006.77,0.0,14.9,20.07,32.13,7.32,13.14,17.58,8527.24,0.0,8.82,14.38,26.18,6.75,8.06,11.78,3046.51,0.0,10.9,18.22,29.05,4.71,12.31,14.35,5975.99,0.0
Northern Europe,2023-08-26,12.49,17.27,35.54,5.18,10.41,19.61,12747.76,0.0,13.87,19.53,35.39,6.38,12.76,18.54,9718.16,0.0,10.92,15.31,30.2,6.82,8.42,13.49,4589.32,0.0,11.52,18.47,36.2,7.45,12.19,19.2,10084.03,0.0
Northern Europe,2023-08-27,11.99,17.14,38.63,6.34,9.82,21.02,14404.0,0.0,12.5,19.42,33.94,6.41,12.36,17.36,7702.92,0.0,9.66,14.54,33.34,10.67,7.66,15.62,7475.92,0.0,14.03,18.91,35.15,4.17,10.94,19.68,11681.43,0.0
Northern Europe,2023-08-28,10.99,16.77,33.39,5.92,9.99,18.28,9818.4,0.0,14.6,18.51,42.29,4.89,11.0,21.59,15783.71,0.0,9.64,14.42,33.27,5.24,7.41,15.54,6559.53,0.0,10.63,17.55,39.8,9.38,10.5,19.79,15926.99,0.0
Northern Europe,2023-08-29,12.0,16.65,35.47,3.68,9.37,19.42,11861.46,0.0,12.42,17.9,30.96,0.99,10.32,16.12,6610.01,0.0,10.8,14.28,30.22,3.35,6.6,13.98,5433.85,0.0,12.86,18.02,38.56,2.1,10.2,20.5,15410.99,0.0
Northern Europe,2023-08-30,10.99,16.95,27.33,2.81,9.65,13.42,4354.04,0.0,13.27,19.14,35.64,5.21,11.72,17.78,8151.61,0.0,12.49,15.27,25.11,3.41,6.54,10.58,2809.22,0.0,11.15,18.23,28.8,3.99,11.56,13.79,5017.03,0.0
Northern Europe,2023-08-31,9.13,16.54,30.8,5.91,10.66,16.65,7966.26,0.0,10.1,18.36,34.17,8.55,12.47,17.49,9344.65,0.0,11.89,15.42,25.24,1.81,6.87,10.84,3572.67,0.0,8.47,18.19,33.83,8.52,12.5,18.33,10948.98,0.0
Northern Europe,2023-09-01,10.43,16.83,32.67,3.58,10.73,18.31,10012.63,0.0,16.0,18.95,33.83,1.83,10.78,18.3,9414.71,0.0,12.02,15.05,30.66,1.17,7.42,14.98,6486.67,0.0,9.91,17.75,35.96,7.22,12.46,20.11,10616.33,0.0
Northern Europe,2023-09-02,10.66,16.33,34.06,3.95,9.96,18.63,11245.45,0.0,16.45,18.45,40.72,2.0,11.13,23.31,17091.71,0.0,10.51,13.87,30.36,2.84,6.42,14.63,6398.29,0.0,12.41,17.94,37.81,5.42,11.39,20.34,11975.99,0.0
Northern Europe,2023-09-03,10.14,16.95,35.68,2.43,9.55,20.27,15093.88,0.0,12.12,19.11,36.56,0.41,11.1,22.66,16858.78,0.0,6.86,13.98,38.27,6.45,6.65,17.46,10161.95,0.0,11.32,17.8,35.98,0.7,10.61,20.89,12944.44,0.0
Northern Europe,2023-09-04,12.63,18.55,43.4,2.95,10.43,26.23,26753.21,0.0,16.75,21.0,33.3,0.07,12.33,21.07,12046.89,0.0,9.61,15.81,49.43,5.27,7.78,25.17,23395.11,0.0,13.57,19.76,40.46,0.78,11.89,25.6,21207.11,0.0
Northern Europe,2023-09-05,12.51,17.58,42.92,2.53,9.29,24.58,21489.16,0.0,16.03,22.11,31.64,0.13,12.62,20.01,13109.01,0.0,10.17,14.3,46.25,3.9,5.7,23.26,19000.01,0.0,12.58,19.66,41.59,1.81,11.15,24.73,22439.7,0.0
Northern Europe,2023-09-06,13.56,17.35,39.19,0.19,8.24,21.75,17202.68,0.0,16.59,21.59,31.2,0.06,12.07,19.01,9706.89,0.0,13.13,15.23,33.63,0.42,3.88,15.87,8621.86,0.0,14.52,18.16,38.49,0.03,9.26,20.74,16332.63,0.0
Northern Europe,2023-09-07,13.22,19.19,32.81,0.23,8.96,20.24,14097.91,0.0,16.34,22.07,29.84,0.04,12.81,20.06,11106.79,0.0,12.37,17.73,29.77,0.22,6.04,13.86,5700.03,0.0,13.76,19.3,34.58,0.05,10.11,20.74,11835.76,0.0
Northern Europe,2023-09-08,13.01,20.97,28.07,0.65,11.26,17.1,11497.13,0.0,15.37,23.19,28.1,0.14,13.83,18.75,9077.5,0.0,12.16,19.91,30.75,1.21,9.32,14.93,8142.25,0.0,12.79,20.89,26.56,0.12,12.57,15.83,6754.44,0.0
Northern Europe,2023-09-09,13.05,21.24,34.32,0.46,12.72,20.15,14534.14,0.0,14.89,23.23,24.93,0.14,14.94,15.17,5253.26,0.0,12.03,19.83,36.6,0.31,10.84,17.57,10682.18,0.0,13.26,21.16,31.73,0.05,13.31,20.2,12380.39,0.0
Northern Europe,2023-09-10,10.37,20.05,33.93,1.29,12.52,18.84,13216.39,0.0,12.9,22.14,26.84,0.43,14.58,14.08,4365.9,0.0,8.89,17.54,36.3,2.16,9.72,17.64,10200.05,0.0,10.92,20.68,34.2,0.28,13.6,20.12,12302.19,0.0
Northern Europe,2023-09-11,9.16,18.69,40.42,4.36,10.84,20.16,14622.76,0.0,12.86,22.51,31.25,2.57,14.49,17.9,8692.17,0.0,5.94,16.05,47.64,15.47,8.39,20.79,15598.26,0.0,11.43,20.06,31.05,0.57,13.64,16.5,8164.43,0.0
Northern Europe,2023-09-12,8.37,17.44,39.76,3.56,10.11,22.4,16620.69,0.0,11.19,20.31,33.74,2.03,12.77,19.29,9026.83,0.0,8.96,13.91,38.75,3.27,5.24,18.44,9638.51,0.0,8.71,19.94,37.81,2.29,13.92,22.83,16791.92,0.0
Northern Europe,2023-09-13,10.04,14.67,39.64,2.93,6.1,21.18,16353.1,0.0,11.8,19.1,36.36,2.09,10.2,21.05,12261.83,0.0,11.22,10.93,34.98,1.35,2.05,17.25,7986.88,0.0,8.68,17.05,35.44,3.07,10.48,19.83,10629.52,0.0
Northern Europe,2023-09-14,10.7,13.58,33.5,1.58,4.48,17.46,9546.02,0.0,10.4,17.04,35.22,4.2,7.87,18.01,9689.0,0.0,8.27,10.13,35.39,1.62,0.9,16.26,8013.04,0.0,11.55,15.42,34.62,2.64,6.93,18.89,10339.39,0.0
Northern Europe,2023-09-15,8.43,14.07,36.96,3.39,4.25,20.0,13567.53,0.0,12.06,17.41,33.73,3.35,9.22,20.35,12206.26,0.0,7.21,11.26,36.36,2.84,2.44,17.96,8671.03,0.0,10.25,15.79,34.03,0.86,6.89,18.28,9714.16,0.0
Northern Europe,2023-09-16,7.87,14.68,36.92,3.28,7.22,21.79,16587.4,0.0,12.97,19.05,34.85,0.64,9.63,22.67,17574.2,0.0,5.07,10.73,30.12,3.97,3.1,15.02,6604.12,0.0,9.14,17.16,41.24,3.23,9.49,25.49,20781.2,0.0
Northern Europe,2023-09-17,10.42,14.53,42.42,2.63,5.84,21.25,16699.37,0.0,11.11,20.03,42.42,2.26,11.05,23.99,19953.52,0.0,11.6,11.42,35.25,1.48,0.92,16.47,9267.32,0.0,9.97,16.27,46.87,3.52,7.74,24.42,22713.27,0.0
Northern Europe,2023-09-18,8.86,14.88,47.43,4.48,4.48,27.76,35165.98,0.0,9.93,19.25,46.74,9.54,10.87,30.76,40525.65,0.0,6.23,11.87,47.92,11.72,1.6,24.75,23775.67,0.0,9.85,16.3,45.82,2.64,6.35,27.35,35605.95,0.0
Northern Europe,2023-09-19,5.5,15.03,58.88,14.34,5.84,35.11,65122.56,0.0,7.65,18.65,68.8,12.86,9.07,41.57,93080.81,0.0,5.17,11.76,48.67,17.5,2.78,24.64,21988.99,0.0,7.59,16.61,61.43,9.61,7.15,36.79,67513.64,0.0
Northern Europe,2023-09-20,7.09,14.72,60.05,6.65,5.7,33.64,58628.0,0.0,9.22,18.88,63.6,4.23,11.68,40.35,79762.67,0.0,4.32,10.78,49.54,11.55,1.65,24.54,23489.12,0.01,7.46,16.84,66.02,5.21,8.67,36.49,64469.63,0.0
Northern Europe,2023-09-21,6.64,16.15,45.9,5.31,7.96,28.13,32146.35,0.0,10.15,20.27,45.22,4.0,12.53,29.02,35998.82,0.0,3.95,11.98,46.46,15.5,4.89,23.83,19264.45,0.01,8.94,18.94,47.23,1.54,11.19,31.83,40083.41,0.0
Northern Europe,2023-09-22,7.36,16.71,46.62,5.58,9.9,27.73,28802.22,0.0,10.52,18.52,43.71,6.66,11.2,25.19,23520.59,0.0,6.79,13.48,39.37,7.02,5.79,19.34,13487.94,0.01,8.78,19.25,47.83,2.48,12.06,30.48,35568.2,0.0
Northern Europe,2023-09-23,7.19,15.39,43.0,4.45,7.73,24.04,22350.97,0.0,8.81,17.28,43.35,5.59,10.24,23.32,19846.75,0.0,6.93,12.1,36.03,4.18,4.29,17.75,9264.32,0.01,7.03,17.05,42.57,5.32,10.53,26.68,25155.28,0.0
Northern Europe,2023-09-24,7.94,14.29,44.98,3.71,6.26,25.5,30417.08,0.0,9.33,17.13,47.38,2.7,9.26,27.91,32239.66,0.0,7.61,11.17,40.75,1.96,2.17,19.58,13045.49,0.01,9.6,15.78,41.32,1.33,8.46,24.6,18904.0,0.0
Northern Europe,2023-09-25,6.78,14.98,54.42,3.35,6.18,33.65,55115.11,0.0,10.1,17.31,45.49,0.12,8.83,30.53,38027.73,0.0,5.46,12.39,53.5,10.99,4.04,28.76,34179.19,0.0,7.42,15.94,49.9,0.59,7.78,31.53,40961.24,0.0
Northern Europe,2023-09-26,8.88,16.35,42.95,1.96,8.39,26.46,30963.06,0.0,10.05,18.42,33.4,1.29,9.92,22.24,16873.74,0.0,7.99,13.75,42.88,1.94,5.47,23.6,21150.01,0.0,8.57,17.23,40.55,0.37,10.08,25.93,24336.49,0.0
Northern Europe,2023-09-27,5.79,15.56,47.25,5.5,8.3,26.26,31813.78,0.0,8.42,19.52,38.26,2.7,11.68,24.33,35102.26,0.0,5.89,12.71,44.69,5.62,5.21,21.2,14491.43,0.0,6.71,17.47,36.61,2.06,11.05,22.92,16706.97,0.0
Northern Europe,2023-09-28,6.54,15.64,44.93,2.63,8.36,26.59,32256.06,0.0,8.75,19.71,41.47,0.88,13.3,27.73,27616.41,0.0,4.97,13.0,48.85,4.57,5.01,24.89,24068.8,0.0,7.78,17.66,37.27,0.68,10.82,22.93,17517.87,0.0
Northern Europe,2023-09-29,5.24,15.43,41.24,3.47,8.86,25.47,24073.12,0.0,7.33,18.93,41.19,2.61,11.44,27.29,23413.58,0.0,4.71,12.62,38.98,5.05,5.42,20.62,13233.49,0.0,5.24,17.23,41.4,2.63,11.04,26.86,23244.78,0.0
Northern Europe,2023-09-30,5.93,14.05,46.78,6.32,7.13,27.42,31245.24,0.0,8.46,16.86,55.99,2.81,9.88,34.52,47419.28,0.0,5.25,11.05,44.43,8.72,3.84,22.11,18905.45,0.0,7.46,15.51,51.46,4.19,8.68,31.74,40205.13,0.0
Northern Europe,2023-10-01,6.86,13.34,41.71,1.82,6.05,25.09,21213.16,0.0,7.1,16.37,38.66,1.83,9.65,24.76,18756.32,0.0,6.57,10.46,38.88,2.23,2.45,19.13,11870.74,0.0,7.33,14.7,43.17,1.19,7.28,27.32,24995.56,0.0
Northern Europe,2023-10-02,5.59,12.47,32.47,2.43,5.3,18.84,12558.04,0.0,6.49,16.95,34.94,2.44,10.61,21.32,11631.1,0.0,6.04,9.32,30.31,2.32,1.31,14.72,5101.59,0.0,5.97,14.65,33.35,2.98,7.79,19.48,10539.39,0.0
Northern Europe,2023-10-03,5.98,12.67,38.01,5.18,4.48,21.19,22521.13,0.0,5.55,17.21,58.26,9.47,8.68,31.27,44600.68,0.0,6.04,9.54,30.58,2.53,1.71,15.54,7437.0,0.0,4.34,13.97,42.1,8.4,6.49,22.19,23883.89,0.0
Northern Europe,2023-10-04,6.68,12.02,48.31,3.73,3.42,27.33,37596.43,0.0,7.83,15.87,59.96,5.42,7.36,40.33,72801.8,0.0,5.24,8.38,43.71,5.61,-0.09,21.26,18283.23,0.0,7.18,13.11,49.96,5.23,5.3,30.11,41254.63,0.0
Northern Europe,2023-10-05,7.07,10.19,46.4,4.46,1.64,26.93,33326.17,0.0,7.26,14.4,60.31,8.88,7.04,34.71,53444.67,0.0,6.59,6.87,36.38,1.99,-1.73,18.2,11863.7,0.0,7.72,11.21,48.35,3.05,2.58,27.63,32479.29,0.0
Northern Europe,2023-10-06,3.44,10.06,51.98,7.71,1.26,29.89,48619.09,0.0,5.5,15.59,65.65,5.97,7.52,39.94,86536.32,0.0,3.25,6.95,49.6,11.71,-2.18,23.05,23128.2,0.01,4.78,11.76,54.63,5.43,2.03,31.36,50925.69,0.0
Northern Europe,2023-10-07,5.77,8.88,59.11,3.74,-0.34,34.42,56571.66,0.0,5.01,14.99,70.7,3.03,4.74,37.94,83612.23,0.0,6.31,4.35,52.24,3.09,-4.43,28.0,33795.18,0.02,5.12,10.51,68.5,7.5,-0.48,38.85,88418.35,0.0
Northern Europe,2023-10-08,6.94,8.38,44.05,1.41,-0.85,26.25,27928.52,0.01,8.25,11.45,40.86,0.76,2.61,24.7,34124.69,0.0,6.3,4.21,39.59,1.15,-4.93,21.3,18615.95,0.02,7.44,8.38,52.88,1.94,-1.5,32.09,51889.55,0.0
Northern Europe,2023-10-09,6.13,8.39,29.26,1.93,-0.32,16.95,8915.74,0.01,5.84,11.82,30.27,2.17,4.11,17.32,9214.65,0.0,5.62,4.48,26.05,1.16,-4.87,13.96,5463.66,0.03,6.84,8.59,30.7,0.84,-0.18,17.53,8343.8,0.0
Northern Europe,2023-10-10,3.85,9.64,41.61,4.01,0.13,24.07,27425.42,0.01,5.09,14.37,42.84,1.07,4.54,24.39,23294.74,0.0,3.63,6.85,43.22,9.27,-3.66,19.69,14450.37,0.03,5.1,9.74,39.45,1.54,0.17,22.35,18299.63,0.0
Northern Europe,2023-10-11,3.18,11.08,56.48,10.31,1.28,33.66,61478.6,0.01,3.18,15.62,62.88,7.85,5.76,41.68,86395.14,0.0,3.44,7.45,58.29,14.32,-2.89,29.99,43182.8,0.03,2.61,13.33,63.67,7.64,2.75,40.99,85472.15,0.0
Northern Europe,2023-10-12,5.1,8.92,56.77,3.98,0.22,33.78,56986.67,0.01,7.46,13.24,57.92,1.93,4.82,35.93,64683.01,0.0,4.49,5.1,56.83,6.43,-3.74,30.15,42113.24,0.05,6.4,10.71,65.26,2.37,1.52,41.3,83666.89,0.01
Northern Europe,2023-10-13,4.14,9.57,49.1,4.46,-0.09,27.61,34056.63,0.01,4.12,14.99,59.84,8.08,4.07,33.45,53298.25,0.0,3.08,5.32,42.29,5.49,-3.85,22.67,16926.1,0.05,4.2,11.5,55.47,4.98,0.76,30.12,40926.93,0.01
Northern Europe,2023-10-14,4.47,8.85,60.03,8.75,-0.51,36.22,74254.55,0.01,6.52,13.8,71.11,4.68,2.82,45.01,109329.37,0.0,3.16,4.35,57.47,11.79,-4.08,30.43,42088.9,0.07,5.04,11.51,66.82,6.39,1.22,41.36,91637.27,0.01
Northern Europe,2023-10-15,5.2,7.29,58.22,3.12,-1.84,34.91,61487.04,0.01,7.23,10.55,61.92,1.66,1.24,40.11,84151.42,0.0,4.59,3.56,56.53,3.8,-4.83,31.32,40987.53,0.08,5.31,8.72,62.27,2.72,-0.74,38.78,76700.15,0.0
Northern Europe,2023-10-16,5.15,7.45,48.21,2.06,-1.43,29.42,33664.9,0.01,6.96,9.87,43.19,0.79,1.18,27.0,24390.43,0.0,4.39,3.92,45.74,3.71,-4.83,24.47,21978.25,0.09,6.04,8.06,46.94,0.78,-0.96,31.17,38275.27,0.0
Northern Europe,2023-10-17,4.02,7.31,39.25,4.74,-1.2,24.3,23147.65,0.02,5.82,11.18,44.18,1.55,2.03,26.94,27579.92,0.0,3.16,4.53,38.69,6.7,-3.57,20.96,17278.76,0.1,5.28,8.45,41.05,0.55,-0.4,25.34,21277.33,0.0
Northern Europe,2023-10-18,4.5,6.35,40.0,2.96,-2.49,23.56,22727.74,0.02,5.56,10.95,42.48,4.9,2.48,25.12,28052.43,0.0,4.74,3.1,32.19,0.99,-6.66,16.49,9290.12,0.1,4.92,6.76,40.61,0.8,-1.94,24.01,19392.23,0.0
Northern Europe,2023-10-19,4.29,4.42,45.96,1.56,-4.81,29.63,49568.35,0.02,3.37,8.68,51.83,3.98,-0.15,36.99,80449.38,0.0,4.88,-0.22,40.63,0.3,-10.31,23.69,22710.36,0.1,3.92,4.47,50.66,1.47,-4.68,32.3,50869.03,0.0
Northern Europe,2023-10-20,3.92,3.6,48.65,2.69,-5.81,30.97,80664.17,0.02,2.81,6.91,71.87,7.62,-2.83,48.89,173798.29,0.0,3.77,-1.22,43.69,0.51,-10.55,24.88,29760.0,0.1,4.17,4.08,56.76,1.84,-5.32,36.49,91517.08,0.0
Northern Europe,2023-10-21,3.55,4.21,48.2,3.59,-6.35,27.66,60318.24,0.02,2.99,8.34,71.73,9.76,-2.86,38.75,82581.76,0.0,2.95,-0.18,50.13,2.09,-11.11,27.63,45537.97,0.11,3.26,4.94,51.05,4.55,-5.55,30.4,57725.53,0.0
Northern Europe,2023-10-22,3.15,5.0,31.06,1.48,-3.64,18.55,16890.09,0.02,3.46,10.45,37.39,2.85,3.2,24.26,18996.02,0.0,2.28,1.39,33.73,1.68,-7.84,17.14,12642.2,0.11,3.12,5.98,30.46,0.98,-1.91,19.51,12302.87,0.01
Northern Europe,2023-10-23,2.37,5.34,28.58,2.49,-1.65,16.19,9083.37,0.02,3.82,10.95,36.26,4.26,4.25,21.52,16396.86,0.0,2.18,2.94,19.77,1.58,-4.48,10.29,2616.64,0.11,2.18,5.8,28.16,1.23,-0.7,16.94,8108.6,0.01
Northern Europe,2023-10-24,2.63,4.66,31.45,1.96,-2.89,17.85,17551.51,0.02,2.74,9.69,44.95,7.94,2.29,25.94,36028.86,0.0,2.22,2.16,25.5,0.55,-5.63,13.2,5422.69,0.11,2.77,4.9,36.92,2.93,-3.06,20.58,21758.33,0.01
Northern Europe,2023-10-25,2.21,4.03,36.75,3.16,-3.31,22.17,27103.04,0.02,3.5,9.2,48.8,7.03,1.77,30.0,39304.14,0.0,2.32,1.08,31.45,0.88,-6.57,19.03,13221.44,0.11,2.2,4.0,40.42,2.86,-3.56,25.18,30120.73,0.01
Northern Europe,2023-10-26,2.47,4.08,33.93,1.33,-3.13,21.01,16424.71,0.02,2.51,7.54,44.62,1.87,0.93,29.46,28892.18,0.0,2.58,0.37,28.46,0.81,-7.16,15.04,7391.56,0.11,2.21,3.89,39.06,1.78,-3.35,24.61,19483.83,0.01
Northern Europe,2023-10-27,2.49,3.16,29.4,0.95,-3.88,18.05,10721.18,0.02,2.62,6.84,37.58,0.8,0.26,24.69,17550.1,0.0,2.43,-0.55,21.8,0.27,-8.07,11.08,3305.92,0.11,2.01,3.1,32.59,0.64,-3.75,20.79,10875.46,0.01
Northern Europe,2023-10-28,2.57,2.95,29.5,1.42,-4.29,18.19,14202.23,0.03,2.57,7.13,39.18,1.31,0.28,26.06,22794.75,0.0,2.56,-1.22,22.11,0.52,-8.88,11.86,4309.46,0.11,2.49,2.81,31.58,0.6,-4.03,19.38,10881.99,0.01
Northern Europe,2023-10-29,2.56,3.19,34.52,5.12,-5.46,20.27,26666.7,0.03,2.99,9.42,48.45,12.75,0.71,30.03,44926.45,0.0,2.8,-1.23,25.25,1.05,-10.66,13.5,7876.6,0.11,2.46,3.7,37.52,4.69,-4.89,22.08,25885.34,0.01
Northern Europe,2023-10-30,2.99,3.16,33.94,3.64,-5.23,20.16,21748.05,0.03,4.05,10.71,49.83,7.1,2.55,29.8,38869.27,0.0,2.36,-1.89,27.63,2.74,-10.6,15.62,8577.07,0.12,2.82,4.79,37.52,4.15,-3.85,23.48,23732.47,0.02
Northern Europe,2023-10-31,2.09,2.46,42.34,4.72,-6.6,23.43,21958.31,0.04,2.03,9.72,47.75,8.36,-0.39,28.01,30014.92,0.0,2.39,-2.14,30.42,1.27,-11.27,16.78,9747.95,0.13,1.09,4.36,47.57,10.06,-5.17,27.31,33713.08,0.03
Northern Europe,2023-11-01,1.93,2.39,52.56,6.72,-6.93,29.37,41588.29,0.06,2.46,10.64,50.33,3.77,-1.86,29.51,37410.24,0.0,2.04,-2.43,40.98,4.0,-10.98,20.61,19510.21,0.14,2.01,3.86,51.84,7.56,-5.38,30.69,44795.97,0.05
Northern Europe,2023-11-02,2.12,3.49,47.19,2.82,-5.78,29.48,46066.05,0.07,2.95,9.96,49.52,2.51,2.22,34.67,55985.12,0.0,1.61,-0.92,43.37,5.43,-10.06,25.07,27240.59,0.17,2.04,4.94,46.36,1.92,-3.68,29.38,40321.93,0.06
Northern Europe,2023-11-03,1.86,4.39,48.73,5.33,-3.67,29.75,40285.21,0.08,3.3,10.42,51.03,2.43,2.44,36.23,55641.42,0.0,1.32,0.36,46.66,9.07,-7.41,25.61,26945.68,0.2,1.92,5.95,44.8,5.14,-1.74,29.11,35258.17,0.06
Northern Europe,2023-11-04,1.39,5.25,48.96,10.18,-2.55,32.79,48628.44,0.1,2.42,9.71,49.82,3.09,2.45,34.57,50115.77,0.0,1.34,1.76,47.24,8.95,-6.21,27.82,31520.93,0.23,1.18,6.7,44.85,7.57,-0.3,30.62,40646.2,0.05
Northern Europe,2023-11-05,1.77,5.78,40.52,3.67,-1.38,24.29,23035.72,0.1,3.02,9.73,40.99,4.34,2.11,25.15,21813.67,0.0,1.49,2.06,31.67,2.99,-5.0,17.14,8948.57,0.24,1.82,7.13,43.62,2.1,0.15,25.21,25331.83,0.04
Northern Europe,2023-11-06,1.87,5.47,28.01,1.92,-0.49,17.36,13149.1,0.09,3.47,9.81,42.17,3.69,3.61,25.45,23960.8,0.0,1.55,2.08,18.88,1.28,-4.65,9.85,2480.52,0.24,1.62,6.95,29.77,2.45,1.48,18.14,10609.8,0.03
Northern Europe,2023-11-07,2.0,5.09,27.55,2.58,-0.69,17.34,12363.72,0.08,3.37,9.69,39.65,3.05,3.08,27.66,26573.8,0.0,1.7,1.64,16.64,1.04,-5.46,9.58,2872.27,0.23,1.79,6.51,28.56,2.8,0.65,19.61,13143.62,0.02
Northern Europe,2023-11-08,1.85,4.62,33.28,2.74,-2.09,19.43,19782.16,0.08,3.57,9.31,44.62,3.36,2.45,27.2,30430.43,0.0,1.83,0.49,25.16,0.95,-6.58,11.43,4406.7,0.23,1.76,5.78,27.73,2.37,-0.01,18.18,11358.68,0.02
Northern Europe,2023-11-09,1.33,4.13,37.15,3.54,-2.48,21.52,22563.51,0.08,1.96,8.77,48.14,3.51,1.92,24.76,28972.33,0.0,1.43,0.61,31.11,4.05,-6.38,16.06,7884.09,0.24,0.84,5.27,33.24,5.18,-0.6,19.49,14642.49,0.02
Northern Europe,2023-11-10,1.56,3.91,38.67,4.18,-3.01,23.88,23160.89,0.09,2.78,8.12,41.36,3.71,1.43,27.8,26774.25,0.0,1.22,0.19,27.77,1.95,-7.61,16.4,9311.96,0.25,1.13,5.54,34.52,6.28,-0.8,22.4,18617.66,0.02
Northern Europe,2023-11-11,1.64,2.82,34.28,2.76,-5.12,22.28,17506.03,0.1,2.49,7.6,26.27,1.22,0.73,16.94,7049.05,0.0,1.42,-0.98,24.76,1.86,-8.81,15.48,7673.21,0.25,1.37,5.15,29.77,3.39,-1.55,19.55,14447.48,0.03
Northern Europe,2023-11-12,1.47,2.29,37.06,3.16,-5.48,24.26,24503.8,0.11,2.22,7.18,28.86,2.6,0.4,16.8,11043.89,0.0,1.25,-1.71,25.84,1.92,-9.22,15.45,8669.07,0.26,1.17,3.96,35.77,3.47,-3.35,23.49,19801.88,0.03
Northern Europe,2023-11-13,1.6,1.63,45.04,5.14,-7.07,25.16,32054.94,0.12,2.35,6.97,55.8,8.47,-1.45,27.14,44151.75,0.0,1.42,-2.8,29.12,1.27,-11.12,15.91,9823.14,0.26,1.47,2.61,42.27,2.39,-4.87,24.36,22806.84,0.04
Northern Europe,2023-11-14,1.35,0.09,39.62,2.52,-8.23,25.51,28541.55,0.12,1.6,6.77,47.51,7.35,-0.47,30.05,42026.65,0.0,1.38,-3.84,26.65,0.24,-12.76,15.45,7054.66,0.26,0.89,1.44,41.85,2.88,-6.03,27.38,31821.89,0.04
Northern Europe,2023-11-15,1.55,-0.77,31.6,0.81,-8.9,18.79,11218.61,0.12,2.36,5.29,35.03,2.31,-1.0,20.45,12872.24,0.0,1.16,-4.69,19.37,0.54,-13.24,11.16,3347.17,0.26,1.41,0.56,33.06,0.83,-6.52,19.0,9400.43,0.04
Northern Europe,2023-11-16,1.32,-1.37,32.3,2.54,-10.12,19.01,16331.15,0.12,2.04,4.64,40.34,4.92,-3.01,25.39,29448.95,0.01,1.08,-5.51,22.08,0.81,-14.17,12.02,3969.31,0.27,1.2,-0.38,39.05,8.4,-8.96,24.14,36677.25,0.04
Northern Europe,2023-11-17,1.36,-1.11,35.15,1.49,-10.3,20.87,17870.99,0.12,2.21,4.18,37.38,1.33,-3.45,22.56,17516.55,0.01,1.52,-5.41,22.69,0.45,-15.24,13.01,5370.64,0.27,1.26,-0.15,33.55,0.53,-8.22,19.16,14522.67,0.04
Northern Europe,2023-11-18,1.59,-0.56,35.87,1.47,-9.43,22.4,28831.3,0.12,2.61,4.04,40.62,1.32,-4.25,22.43,24240.13,0.01,1.23,-4.47,29.04,0.84,-13.94,15.93,11747.87,0.27,1.88,-0.35,29.34,0.3,-8.41,16.55,7981.13,0.04
Northern Europe,2023-11-19,1.09,-1.02,36.35,3.0,-9.63,23.0,31544.39,0.12,1.53,5.65,46.44,7.06,-3.01,29.3,44172.13,0.01,0.92,-5.54,28.11,1.16,-13.68,16.5,12438.54,0.27,0.89,0.32,35.15,2.45,-7.66,21.77,24508.02,0.04
Northern Europe,2023-11-20,1.06,-0.72,31.0,1.16,-8.93,19.87,19366.63,0.12,1.52,5.22,32.31,1.23,-1.4,22.66,17527.87,0.01,0.9,-4.68,20.39,0.37,-13.06,11.06,3850.85,0.27,0.94,0.8,28.56,1.18,-6.36,19.18,10570.65,0.05
Northern Europe,2023-11-21,1.17,-1.08,30.81,0.44,-9.34,16.9,10453.38,0.13,2.09,3.95,32.27,0.6,-5.05,20.74,12974.91,0.01,1.03,-5.42,27.24,0.2,-14.44,12.12,4847.92,0.28,1.35,-0.46,28.37,0.47,-8.54,17.49,7994.14,0.05
Northern Europe,2023-11-22,0.66,3.37,61.95,7.87,-8.59,35.35,73836.76,0.13,1.63,5.78,58.25,4.39,-6.21,31.1,58012.47,0.01,0.46,0.3,59.77,16.3,-12.66,32.49,53055.33,0.3,0.81,2.3,67.26,4.28,-9.56,32.11,71982.54,0.05
Northern Europe,2023-11-23,0.92,3.87,54.88,4.72,-6.07,35.13,77477.16,0.15,1.01,8.89,71.6,7.0,-3.74,48.66,143759.62,0.02,0.78,0.01,52.76,9.75,-10.82,30.69,46112.22,0.35,1.01,4.42,63.06,4.8,-6.12,36.46,84769.59,0.07
Northern Europe,2023-11-24,1.32,1.14,47.73,2.09,-9.54,30.85,49070.51,0.16,2.52,4.88,56.57,1.45,-4.42,36.04,66877.1,0.02,1.13,-2.68,46.48,3.78,-12.99,26.77,29000.27,0.38,1.43,1.05,50.76,1.58,-10.09,32.07,47462.15,0.07
Northern Europe,2023-11-25,1.31,-0.44,40.48,0.79,-11.32,25.68,24954.39,0.16,2.46,2.8,33.74,1.1,-6.85,22.27,15878.91,0.03,1.1,-3.59,36.69,0.44,-13.48,21.08,15285.53,0.38,1.53,-1.66,43.02,0.91,-12.41,26.28,25916.15,0.08
Northern Europe,2023-11-26,1.09,-1.23,31.12,1.25,-11.06,19.57,11226.53,0.16,1.78,1.21,27.54,0.61,-7.71,17.9,8168.63,0.03,0.83,-3.9,27.02,1.45,-13.71,14.71,6187.97,0.38,1.37,-2.98,29.32,0.55,-12.43,17.98,8729.21,0.08
Northern Europe,2023-11-27,1.14,-3.47,41.66,0.82,-14.22,25.29,23312.71,0.16,1.77,0.85,45.63,0.9,-8.17,27.12,25614.25,0.03,0.87,-6.43,32.0,0.56,-18.0,18.35,10480.11,0.38,1.25,-4.5,45.85,0.73,-14.93,25.66,23155.46,0.08
Northern Europe,2023-11-28,1.05,-2.01,47.6,3.2,-15.43,30.14,44723.86,0.17,2.33,-0.85,41.82,1.49,-10.05,22.12,18325.16,0.04,0.96,-7.39,40.93,1.89,-21.02,23.72,23399.33,0.39,0.95,-2.18,53.75,4.46,-15.09,32.78,53954.05,0.09
Northern Europe,2023-11-29,1.05,-1.6,40.98,3.24,-9.85,24.04,22452.83,0.2,2.24,-1.39,31.82,1.34,-10.44,17.12,8344.14,0.04,0.72,-5.74,36.68,2.19,-14.28,21.43,15162.24,0.4,1.08,-1.56,36.8,2.65,-9.84,21.11,15948.18,0.11
Northern Europe,2023-11-30,1.13,-2.34,34.64,1.5,-11.23,22.24,15959.56,0.2,1.78,-0.38,37.95,3.74,-9.87,23.85,19762.03,0.05,0.8,-6.49,25.81,0.95,-15.11,14.33,5554.18,0.41,0.95,-1.85,40.48,2.06,-10.95,26.43,24057.49,0.12
Northern Europe,2023-12-01,1.0,-3.72,29.27,0.61,-12.14,19.51,11066.67,0.2,1.89,-0.69,26.58,0.8,-9.05,19.26,9995.08,0.06,0.92,-7.76,22.28,0.45,-17.61,12.65,4353.5,0.41,0.71,-2.92,35.8,1.43,-10.83,24.73,18684.87,0.13
Northern Europe,2023-12-02,0.96,-4.93,25.69,1.03,-13.23,16.97,7108.85,0.21,2.01,-1.11,20.75,0.63,-10.07,13.31,4164.22,0.07,0.61,-8.52,21.5,1.07,-17.73,12.37,4080.2,0.41,0.96,-4.59,27.46,0.68,-12.46,18.75,9161.46,0.13
Northern Europe,2023-12-03,0.85,-4.69,27.59,1.24,-13.36,18.34,9853.21,0.21,1.57,-0.13,25.44,1.71,-10.07,16.58,7426.63,0.07,0.62,-8.42,20.72,1.16,-17.15,13.09,5098.27,0.42,0.8,-4.59,26.61,1.16,-12.68,16.54,7066.35,0.13
Northern Europe,2023-12-04,0.99,-4.04,26.92,0.73,-13.14,18.11,11380.78,0.21,1.54,-0.77,32.46,0.88,-9.43,23.26,20627.9,0.07,0.78,-8.01,19.29,0.45,-17.68,11.69,3763.19,0.42,0.9,-4.58,26.1,0.49,-13.2,16.11,7502.91,0.14
Northern Europe,2023-12-05,0.99,-4.65,27.26,0.67,-13.38,17.57,12780.15,0.21,1.61,-0.12,36.06,0.52,-8.0,25.65,27490.46,0.07,0.73,-9.13,18.51,0.78,-17.95,10.73,3046.41,0.42,0.9,-4.59,27.18,0.51,-13.12,18.13,17262.6,0.14
Northern Europe,2023-12-06,0.53,-4.02,33.12,2.67,-12.98,21.97,26799.49,0.22,0.91,0.06,40.38,5.18,-7.58,28.74,36933.77,0.08,0.6,-8.22,20.92,0.94,-17.99,12.61,5610.71,0.42,0.55,-3.93,31.18,1.34,-12.42,20.36,19396.25,0.14
Northern Europe,2023-12-07,0.71,-2.21,33.91,2.52,-11.43,21.61,21809.77,0.22,1.23,0.67,32.82,2.08,-6.51,21.2,19353.41,0.09,0.63,-7.74,24.99,0.78,-17.23,15.33,9127.43,0.43,0.61,-2.25,29.6,1.9,-11.15,18.78,10515.32,0.15
Northern Europe,2023-12-08,0.45,-1.31,40.62,2.41,-9.8,27.14,37109.61,0.23,0.94,0.3,40.15,1.59,-6.97,29.07,32175.72,0.09,0.41,-6.3,32.7,1.62,-15.43,21.0,15191.64,0.43,0.48,-1.84,37.37,1.71,-9.93,25.36,22036.01,0.15
Northern Europe,2023-12-09,0.57,-0.98,42.69,2.81,-8.95,28.8,39601.94,0.23,0.94,2.02,44.13,2.51,-6.32,30.39,38696.43,0.08,0.32,-4.35,38.04,3.36,-12.65,24.48,21827.02,0.45,0.4,-2.63,36.89,1.7,-10.01,26.5,23154.78,0.16
Northern Europe,2023-12-10,0.53,-1.58,41.15,3.11,-9.18,26.56,39149.21,0.23,0.94,2.41,50.94,5.52,-5.36,33.56,52302.93,0.07,0.39,-4.97,33.0,1.72,-12.22,21.74,16737.7,0.46,0.39,-2.78,36.85,2.3,-9.77,26.46,27886.44,0.16
Northern Europe,2023-12-11,0.46,-1.57,32.3,2.47,-9.08,21.25,15429.73,0.23,0.9,2.97,36.08,4.36,-3.94,24.2,18712.39,0.06,0.42,-5.49,27.86,1.01,-13.12,16.68,8513.22,0.47,0.39,-2.08,33.17,2.33,-9.17,23.42,16131.53,0.16
Northern Europe,2023-12-12,0.57,-2.37,29.93,0.63,-10.29,19.46,12559.91,0.23,0.85,2.46,34.4,1.59,-4.21,22.13,13732.47,0.07,0.39,-5.76,19.77,0.38,-13.73,11.9,4255.81,0.46,0.53,-2.83,30.72,1.06,-10.62,21.5,11783.79,0.16
Northern Europe,2023-12-13,0.75,-3.68,31.72,0.65,-12.24,21.64,18675.73,0.23,1.07,1.67,40.23,1.01,-6.1,28.35,34225.66,0.07,0.52,-7.14,20.26,0.19,-16.59,12.18,5003.92,0.46,0.63,-3.28,32.84,1.41,-11.76,23.21,16121.91,0.17
Northern Europe,2023-12-14,0.62,-3.87,29.14,0.75,-12.3,18.32,15583.31,0.23,1.08,1.61,28.98,0.49,-6.24,16.12,7992.84,0.07,0.39,-7.05,26.65,0.89,-17.49,14.8,7395.76,0.46,0.64,-3.5,25.79,0.67,-10.9,15.52,5513.05,0.18
Northern Europe,2023-12-15,0.59,-0.61,30.55,1.95,-10.39,21.3,20391.53,0.24,1.43,4.51,32.66,0.35,-4.49,25.81,20675.13,0.07,0.4,-3.21,33.84,5.63,-13.24,20.08,15282.73,0.47,0.74,-0.65,26.81,0.37,-10.07,18.57,11699.83,0.18
Northern Europe,2023-12-16,0.45,5.68,60.32,5.18,-7.16,36.8,73971.94,0.24,0.89,7.31,52.16,0.47,-0.94,36.86,61108.24,0.06,0.25,3.37,65.42,16.55,-9.98,32.77,54130.12,0.5,0.44,4.83,56.04,1.5,-6.78,34.31,57606.33,0.17
Northern Europe,2023-12-17,0.35,5.53,59.78,4.56,-2.95,40.62,85095.18,0.23,0.91,8.07,59.57,1.58,0.69,43.87,93780.15,0.05,0.28,2.83,56.63,12.5,-6.11,32.78,50444.1,0.5,0.47,5.56,57.2,2.06,-3.38,41.52,85887.49,0.16
Northern Europe,2023-12-18,0.45,5.43,49.1,2.74,-2.75,33.67,52179.99,0.22,0.55,8.05,51.09,2.15,2.06,37.61,64529.93,0.03,0.36,3.06,50.65,5.3,-5.06,27.28,29812.36,0.49,0.61,4.48,46.1,1.65,-3.08,35.11,54058.15,0.15
Northern Europe,2023-12-19,0.72,4.68,61.76,4.57,-4.82,37.23,71010.82,0.22,1.0,8.18,57.61,3.23,-0.47,36.39,57668.21,0.03,0.42,1.91,62.15,7.97,-8.92,31.48,48107.82,0.5,0.65,5.34,59.17,3.57,-4.86,38.42,72514.09,0.14
Northern Europe,2023-12-20,0.61,2.02,51.61,2.84,-9.86,30.49,46825.42,0.22,1.41,5.13,52.14,5.34,-2.72,36.26,55128.49,0.02,0.46,-1.9,42.23,4.13,-13.28,21.88,17171.84,0.52,0.71,1.97,50.84,2.56,-8.59,32.5,47764.44,0.14
Northern Europe,2023-12-21,0.43,0.62,54.93,5.46,-11.81,31.85,80018.99,0.23,1.0,6.21,83.0,10.61,-4.85,45.15,146478.69,0.02,0.32,-3.93,46.91,8.08,-14.14,23.89,28569.36,0.56,0.37,1.22,52.75,5.22,-10.38,28.84,54345.99,0.14
Northern Europe,2023-12-22,0.63,0.13,56.36,2.7,-9.45,35.69,76199.83,0.24,1.66,4.31,75.28,2.86,-5.1,48.2,144201.21,0.03,0.53,-4.31,48.52,2.76,-14.85,24.68,27051.51,0.58,0.63,0.65,61.53,4.83,-8.52,41.28,101950.89,0.16
Northern Europe,2023-12-23,0.67,-0.73,47.66,3.05,-9.56,31.1,44203.35,0.25,1.49,3.94,50.5,1.55,-4.92,33.76,52835.88,0.03,0.52,-6.38,32.69,1.55,-15.53,20.18,14363.45,0.58,0.77,0.19,49.41,3.4,-8.63,32.08,44813.4,0.18
Northern Europe,2023-12-24,0.45,0.37,46.41,4.28,-9.81,26.99,39154.95,0.26,0.74,6.69,58.51,6.02,-4.1,34.06,64131.43,0.04,0.27,-4.27,37.88,5.72,-15.17,19.15,13523.36,0.6,0.48,1.06,42.25,3.85,-9.38,24.55,26069.86,0.19
Northern Europe,2023-12-25,0.64,0.3,41.11,2.5,-8.91,26.15,52190.01,0.27,1.5,6.04,63.67,3.06,-3.37,43.27,113757.34,0.04,0.42,-2.94,38.38,4.61,-12.34,19.37,16136.38,0.65,0.76,0.75,41.28,1.81,-8.16,26.61,57978.98,0.19
Northern Europe,2023-12-26,0.64,-0.31,39.93,3.54,-9.88,23.7,28058.6,0.27,1.2,5.18,53.7,5.88,-3.79,31.74,50858.64,0.04,0.48,-4.01,34.2,1.8,-13.49,18.38,12440.25,0.65,0.69,-0.32,34.04,2.12,-9.76,22.51,24619.05,0.2
Northern Europe,2023-12-27,0.76,0.25,49.08,4.61,-10.29,29.0,46048.48,0.27,1.34,4.19,55.95,5.82,-5.22,33.29,60193.93,0.04,0.58,-3.68,49.11,1.98,-15.57,23.91,26067.35,0.66,1.0,-0.68,39.72,1.09,-9.9,24.64,29240.32,0.2
Northern Europe,2023-12-28,0.63,-0.07,49.76,5.15,-11.67,29.36,64569.59,0.28,1.2,6.29,65.84,10.1,-4.29,42.67,105567.74,0.05,0.32,-4.32,52.49,5.66,-15.73,23.2,37568.15,0.68,0.55,1.23,43.66,4.65,-10.37,27.76,45895.88,0.2
Northern Europe,2023-12-29,0.65,0.3,44.12,4.15,-8.35,29.2,42708.31,0.28,1.43,6.48,59.21,6.29,-1.55,41.39,88404.0,0.04,0.28,-4.03,30.06,4.96,-11.67,17.33,10643.46,0.7,0.58,1.22,44.16,4.43,-6.91,30.51,48065.15,0.2
Northern Europe,2023-12-30,0.74,-0.8,41.99,3.77,-9.38,27.22,35163.41,0.29,1.35,5.55,52.32,4.27,-2.27,33.52,48497.75,0.03,0.44,-4.87,24.75,1.46,-13.0,15.16,8060.61,0.69,0.74,-0.32,38.91,1.68,-9.44,27.14,25802.7,0.2
Northern Europe,2023-12-31,0.53,-2.66,41.55,2.27,-11.42,28.18,47453.29,0.29,0.97,4.41,47.72,3.78,-3.37,32.59,50513.36,0.03,0.32,-6.47,39.09,1.8,-15.65,23.85,28473.04,0.69,0.6,-2.76,40.24,1.26,-11.32,26.96,31167.41,0.2
Northern Europe,2024-01-01,0.47,-3.82,42.29,3.61,-14.96,29.51,46855.73,0.28,0.94,2.58,42.62,5.1,-6.44,28.58,30152.14,0.03,0.35,-8.47,41.96,2.57,-18.68,27.57,37820.32,0.7,0.62,-3.89,40.56,3.23,-15.64,28.53,29953.98,0.2
Northern Europe,2024-01-02,0.56,-7.86,44.72,1.98,-18.76,30.13,60947.09,0.29,0.97,-0.38,55.61,3.96,-10.01,34.95,62804.46,0.04,0.48,-12.23,42.23,1.22,-23.1,28.62,42513.02,0.7,0.56,-8.4,45.34,1.19,-18.81,30.99,50648.18,0.2
Northern Europe,2024-01-03,0.61,-9.42,45.8,3.56,-19.76,31.97,79962.97,0.29,0.97,-2.36,60.62,10.59,-12.71,43.06,124471.62,0.05,0.6,-15.0,42.49,0.67,-24.56,27.23,35909.7,0.7,0.57,-9.56,48.79,3.17,-20.4,36.49,100722.11,0.21
Northern Europe,2024-01-04,0.85,-11.17,38.82,0.9,-21.12,24.86,30337.07,0.3,1.5,-3.9,53.55,2.5,-13.94,31.79,47424.52,0.07,0.66,-15.32,30.86,0.31,-25.84,17.98,13223.95,0.7,0.86,-11.22,45.51,1.36,-20.99,29.18,40679.67,0.22
Northern Europe,2024-01-05,0.99,-11.38,32.14,0.63,-21.73,21.92,18570.08,0.3,1.53,-4.85,43.6,1.57,-13.88,27.23,27612.25,0.08,0.81,-13.72,21.91,0.41,-25.63,12.7,7243.65,0.7,1.06,-12.28,33.66,0.33,-22.06,23.01,17029.75,0.22
Northern Europe,2024-01-06,1.11,-9.47,25.91,0.2,-20.56,17.29,11055.73,0.3,2.0,-4.91,33.97,0.16,-14.58,24.31,21221.29,0.09,0.87,-11.02,17.67,0.09,-22.65,10.37,2945.4,0.7,1.26,-11.71,27.98,0.06,-22.65,18.93,10249.91,0.22
Northern Europe,2024-01-07,0.97,-4.34,34.4,0.39,-17.49,20.53,15847.5,0.3,1.99,-5.52,29.93,0.03,-14.96,20.77,12394.13,0.09,0.87,-7.95,27.22,0.58,-20.42,14.9,8884.51,0.7,1.12,-7.75,31.93,0.06,-20.26,20.46,12592.68,0.22
Northern Europe,2024-01-08,1.11,-0.52,39.07,0.75,-11.85,26.27,25310.42,0.3,2.12,-3.0,35.65,0.06,-14.2,23.72,19099.35,0.08,0.84,-3.42,31.98,1.48,-15.8,20.72,16694.77,0.7,1.33,-2.92,37.45,0.25,-15.1,26.36,23940.2,0.22
Northern Europe,2024-01-09,1.05,2.74,41.75,0.7,-6.71,30.1,40083.15,0.29,1.71,0.86,31.4,0.08,-10.07,22.13,20191.79,0.08,0.76,0.09,39.36,1.58,-9.58,25.98,31181.63,0.69,1.12,1.97,38.02,0.24,-8.92,29.16,36918.59,0.22
Northern Europe,2024-01-10,1.15,2.9,45.08,0.72,-5.76,29.39,39794.43,0.27,1.58,1.84,32.03,0.03,-5.76,21.51,20529.34,0.08,0.86,1.02,44.97,1.59,-9.58,26.13,34217.95,0.68,1.07,2.21,42.57,0.34,-6.0,28.29,35397.83,0.21
Northern Europe,2024-01-11,1.24,2.34,43.15,0.88,-9.93,26.13,26712.11,0.26,2.23,2.97,36.79,0.18,-7.95,26.76,29621.51,0.08,0.86,-0.85,42.35,2.26,-12.02,23.02,20764.73,0.67,1.43,2.33,45.98,0.35,-12.14,29.4,35882.22,0.2
Northern Europe,2024-01-12,0.98,0.51,41.5,2.9,-10.27,24.92,28992.05,0.27,1.8,1.59,37.53,1.89,-8.85,23.41,19558.13,0.08,0.55,-1.5,43.85,2.79,-11.73,23.21,24738.6,0.68,1.04,-2.09,37.76,1.78,-12.8,24.13,22854.11,0.21
Northern Europe,2024-01-13,0.74,0.25,45.22,4.96,-11.16,29.02,43772.79,0.28,1.59,1.11,49.53,1.25,-9.07,33.79,57469.07,0.08,0.53,-2.04,42.41,7.59,-12.04,24.26,22907.17,0.71,0.68,-1.62,47.33,2.49,-13.46,30.84,46946.4,0.21
Northern Europe,2024-01-14,1.05,-2.04,38.64,2.3,-13.3,23.72,25307.25,0.3,1.77,0.92,44.7,1.78,-8.18,30.23,37481.96,0.07,0.64,-4.91,35.94,3.33,-16.35,18.97,12387.6,0.72,1.07,-2.65,39.42,2.04,-11.75,24.56,23760.95,0.22
Northern Europe,2024-01-15,1.29,-6.67,39.48,1.24,-17.32,23.98,23502.95,0.3,2.16,-0.04,47.12,1.93,-10.37,26.72,33386.51,0.08,1.03,-9.86,29.51,0.65,-21.46,16.32,7837.64,0.72,1.13,-5.37,45.23,2.77,-17.22,28.25,33927.03,0.23
Northern Europe,2024-01-16,1.39,-8.45,34.72,1.5,-19.78,21.46,16273.01,0.3,2.43,-1.61,40.99,1.52,-13.11,24.05,22947.52,0.09,0.79,-12.1,30.69,2.64,-24.54,17.64,9961.21,0.72,1.77,-9.08,39.05,0.53,-20.21,24.47,20434.98,0.24
Northern Europe,2024-01-17,1.31,-5.59,48.45,3.48,-18.74,27.32,36747.53,0.32,2.75,-1.29,60.29,2.68,-12.43,33.74,55598.12,0.1,1.02,-10.84,35.94,2.71,-23.23,18.56,14150.88,0.75,1.27,-4.42,55.77,2.4,-19.56,32.15,53836.97,0.25
Northern Europe,2024-01-18,1.59,-5.17,43.57,2.56,-16.77,28.15,31787.69,0.35,3.04,-0.25,44.28,1.3,-10.92,29.6,33900.47,0.11,0.96,-9.87,37.26,2.29,-22.43,22.28,17766.67,0.77,1.73,-4.19,46.12,2.72,-15.81,30.99,36673.97,0.26
Northern Europe,2024-01-19,1.51,-6.13,42.44,1.54,-17.17,27.28,33898.7,0.37,2.73,0.69,50.57,2.89,-9.45,34.44,49124.78,0.11,1.12,-9.76,34.43,1.92,-21.16,19.55,13308.6,0.79,1.8,-5.57,42.04,1.35,-16.86,28.29,31891.76,0.27
Northern Europe,2024-01-20,1.08,-5.9,40.31,3.41,-17.54,26.13,40579.54,0.36,1.43,1.72,51.26,5.72,-8.25,34.83,69881.89,0.1,0.88,-9.47,31.51,2.74,-22.76,17.66,11099.43,0.79,1.19,-6.05,37.99,1.91,-17.24,22.22,26101.83,0.27
Northern Europe,2024-01-21,0.62,1.96,57.52,4.94,-13.29,37.19,87081.4,0.36,1.14,3.35,62.24,3.56,-9.04,40.83,95729.24,0.1,0.61,-2.53,49.15,6.1,-15.76,26.58,30138.47,0.81,0.74,0.97,50.21,1.6,-13.12,35.68,58872.44,0.27
Northern Europe,2024-01-22,1.1,4.28,70.37,8.87,-6.17,46.28,135712.07,0.37,2.25,6.21,77.23,7.81,-5.01,53.65,177556.76,0.09,0.58,1.86,72.88,18.83,-9.41,39.09,81718.96,0.84,0.98,4.25,68.81,7.79,-6.49,49.05,141427.48,0.27
Northern Europe,2024-01-23,1.3,4.8,60.91,4.69,-5.07,38.35,85816.0,0.36,2.28,6.28,63.75,3.77,-2.99,45.46,107774.37,0.08,1.11,1.32,60.67,5.89,-8.0,29.17,40604.96,0.86,1.6,4.41,61.56,1.56,-4.74,42.48,92036.75,0.25
Northern Europe,2024-01-24,1.1,2.34,48.39,4.54,-8.03,30.86,72226.12,0.35,1.5,6.53,67.51,9.45,-2.83,47.96,153468.26,0.07,0.75,-0.1,46.5,8.53,-10.19,22.61,23728.46,0.86,1.02,2.92,46.59,5.56,-6.49,31.71,70579.3,0.24
Northern Europe,2024-01-25,1.51,0.8,42.77,1.59,-8.43,24.48,37787.69,0.35,2.31,5.56,61.75,2.31,-2.93,37.0,76618.58,0.07,1.31,-1.53,38.13,0.91,-12.05,17.54,13619.89,0.85,1.77,0.87,44.81,0.53,-8.18,26.82,37142.93,0.24
Northern Europe,2024-01-26,1.0,0.56,53.37,5.37,-9.78,31.32,60310.9,0.34,1.5,4.81,61.04,6.87,-5.06,35.15,75213.19,0.07,0.65,-1.47,53.01,7.99,-12.09,26.94,34837.11,0.85,1.04,-0.31,48.36,5.04,-10.43,27.71,49218.35,0.24
Northern Europe,2024-01-27,1.71,3.27,55.09,2.97,-7.3,35.82,67928.7,0.35,2.64,4.43,52.6,0.26,-4.23,31.88,46400.03,0.07,1.16,1.4,56.9,8.81,-9.38,30.44,41480.85,0.88,2.11,1.74,52.43,0.92,-8.85,32.71,54575.82,0.25
Northern Europe,2024-01-28,1.53,4.19,53.7,1.57,-4.69,36.52,71478.65,0.35,2.72,5.14,42.44,0.34,-3.43,32.0,43271.63,0.06,1.18,2.45,55.05,3.83,-6.7,32.38,48586.17,0.88,1.85,3.09,46.63,0.09,-5.65,33.71,48352.14,0.24
Northern Europe,2024-01-29,1.97,5.13,57.68,1.76,-4.33,36.2,82242.89,0.33,2.78,5.67,45.29,2.0,-2.77,31.04,42752.56,0.06,1.59,3.63,65.16,5.74,-7.11,31.95,57868.39,0.86,2.3,4.58,52.94,0.2,-4.21,36.57,72574.3,0.22
Northern Europe,2024-01-30,1.81,3.33,44.14,1.35,-6.68,27.91,44742.35,0.32,2.33,5.34,36.52,1.02,-2.24,24.04,19613.2,0.05,1.35,0.04,37.7,2.85,-11.03,20.49,25478.27,0.85,1.69,3.13,35.17,1.38,-5.5,24.02,25823.39,0.21
Northern Europe,2024-01-31,1.58,3.68,66.3,3.36,-8.28,38.57,97465.91,0.31,2.48,5.54,59.62,2.01,-3.54,38.14,73087.58,0.05,1.06,1.18,69.64,11.7,-12.46,34.28,66335.92,0.85,2.03,3.23,59.23,1.16,-6.65,35.06,62804.28,0.21
Northern Europe,2024-02-01,2.32,3.96,74.41,3.4,-7.63,46.98,138755.68,0.32,3.65,5.32,65.2,2.42,-4.36,43.96,106369.02,0.05,1.81,0.14,79.1,7.66,-10.71,42.22,98060.21,0.9,2.74,3.46,69.89,2.66,-7.2,48.39,135459.99,0.21
Northern Europe,2024-02-02,1.36,3.34,57.73,5.19,-6.88,37.26,69193.29,0.32,2.14,6.14,55.55,1.69,-2.67,39.6,72958.95,0.05,1.23,1.62,58.57,16.22,-9.95,30.97,41026.45,0.92,1.76,2.63,56.15,1.58,-8.19,38.35,70276.28,0.2
Northern Europe,2024-02-03,2.32,5.59,62.09,3.53,-5.64,41.31,98960.52,0.32,3.24,7.37,55.77,2.18,-1.96,42.19,90415.65,0.05,1.74,2.94,70.66,11.57,-9.85,38.58,74189.73,0.94,2.89,5.19,55.94,2.02,-6.05,40.36,82215.92,0.2
Northern Europe,2024-02-04,2.06,2.42,63.13,3.01,-7.22,38.91,82596.27,0.33,2.93,6.09,63.4,2.69,-2.37,44.9,105299.36,0.04,1.95,-1.78,60.88,7.53,-11.44,30.52,43384.93,0.97,2.33,2.45,59.8,1.65,-6.97,40.24,88406.81,0.2
Northern Europe,2024-02-05,2.04,0.12,45.07,2.52,-9.21,27.98,36510.37,0.33,2.41,4.98,52.21,6.79,-3.19,32.86,51260.04,0.05,2.4,-3.96,46.69,2.06,-15.0,20.59,17760.55,0.97,2.46,0.3,42.51,2.42,-9.25,27.43,31078.59,0.2
Northern Europe,2024-02-06,1.67,-2.71,37.06,5.24,-12.88,20.73,26465.8,0.33,1.56,4.29,49.28,12.54,-4.98,32.67,59736.13,0.05,1.7,-8.01,28.26,3.04,-18.82,13.85,6394.61,0.97,1.87,-2.26,37.04,6.34,-12.47,20.64,20110.19,0.21
Northern Europe,2024-02-07,2.73,-4.92,32.02,1.18,-14.83,18.13,15461.85,0.33,4.26,1.85,46.17,2.21,-7.81,27.92,33670.69,0.06,2.59,-8.96,26.62,1.48,-20.29,13.68,6861.83,0.98,2.59,-4.96,35.79,0.9,-14.95,21.05,17582.06,0.21
Northern Europe,2024-02-08,2.88,-5.93,33.03,2.6,-16.29,20.07,16148.91,0.34,4.29,1.4,40.88,3.78,-8.69,20.43,19103.72,0.06,2.76,-9.82,24.76,1.11,-20.6,14.05,8446.17,0.98,3.35,-6.71,29.82,0.82,-17.29,17.5,12130.66,0.22
Northern Europe,2024-02-09,2.63,-6.61,35.67,1.85,-17.26,23.67,34638.58,0.34,2.47,-0.11,47.67,4.28,-9.1,31.35,54457.56,0.07,2.81,-10.62,30.12,0.49,-21.96,17.78,14390.46,0.98,2.71,-7.17,37.05,1.14,-18.35,24.35,28284.71,0.22
Northern Europe,2024-02-10,2.36,-5.8,34.45,1.52,-16.64,23.62,36544.59,0.34,2.73,0.92,47.4,1.57,-8.56,34.81,54636.78,0.08,2.25,-10.49,33.06,2.0,-21.7,21.39,19215.74,0.97,2.29,-5.57,36.0,0.64,-15.57,25.03,31985.46,0.23
Northern Europe,2024-02-11,2.6,-5.27,34.88,0.75,-15.8,24.79,30644.71,0.34,2.44,1.86,43.04,0.85,-6.6,31.92,40981.1,0.08,2.02,-8.03,29.91,0.9,-19.16,19.86,15161.72,0.99,2.55,-5.12,35.01,0.3,-14.85,24.7,23466.47,0.23
Northern Europe,2024-02-12,2.42,-4.54,38.81,2.71,-15.24,25.7,33363.78,0.34,2.21,2.95,40.53,5.28,-4.91,25.12,21451.42,0.07,1.73,-7.26,37.29,4.59,-17.03,22.69,21928.32,0.99,2.17,-4.93,36.56,2.95,-14.31,24.46,22381.95,0.22
Northern Europe,2024-02-13,2.42,-2.98,42.44,3.31,-12.89,26.79,31651.26,0.35,3.24,4.49,40.81,2.55,-3.76,27.93,27400.2,0.07,2.0,-6.72,35.62,3.13,-16.48,20.84,16136.34,1.02,2.66,-2.96,41.88,3.12,-12.6,27.34,31956.58,0.24
Northern Europe,2024-02-14,1.88,-0.34,37.76,4.04,-9.95,24.63,24330.66,0.38,2.35,5.33,32.34,2.66,-1.71,21.28,14670.1,0.07,2.1,-3.84,34.73,2.41,-13.83,20.12,12913.5,1.04,1.91,-0.95,37.23,2.95,-10.49,23.69,18849.66,0.25
Northern Europe,2024-02-15,2.14,2.09,33.22,2.81,-6.23,21.89,18605.12,0.38,2.26,6.88,33.59,3.74,-0.15,23.33,16609.94,0.06,2.14,-2.09,32.63,4.51,-11.78,17.6,12650.11,1.04,1.87,1.47,27.74,1.42,-6.31,19.72,10517.01,0.25
Northern Europe,2024-02-16,1.74,3.84,42.78,8.33,-4.57,27.34,29571.25,0.38,2.9,8.51,46.9,4.38,-0.97,32.96,41500.89,0.06,1.48,0.46,36.93,10.42,-8.65,18.62,12871.18,1.06,2.24,4.42,44.92,9.7,-4.71,30.85,37808.88,0.25
Northern Europe,2024-02-17,3.79,2.65,51.75,3.49,-7.39,30.48,40321.56,0.4,4.52,6.93,50.14,2.46,-2.68,30.62,43778.64,0.05,4.0,-0.88,40.75,1.34,-12.26,22.28,21022.1,1.06,4.45,3.43,53.58,4.85,-8.12,33.37,51199.11,0.27
Northern Europe,2024-02-18,3.77,0.6,40.22,2.72,-10.05,24.8,24447.99,0.39,3.75,5.31,43.39,7.33,-4.68,27.44,29135.17,0.04,2.94,-3.09,31.03,2.4,-13.91,16.72,9878.89,1.05,3.9,0.35,43.8,3.83,-11.05,28.35,33077.21,0.26
Northern Europe,2024-02-19,2.79,0.68,31.95,1.61,-8.88,20.25,16126.82,0.39,3.91,5.35,41.92,1.49,-3.94,26.61,22735.35,0.04,2.71,-1.85,24.97,1.54,-11.97,13.59,5136.08,1.04,2.52,0.28,33.09,2.29,-9.17,21.86,15200.77,0.26
Northern Europe,2024-02-20,3.41,2.22,35.32,2.01,-6.62,22.38,22359.69,0.39,3.7,5.47,41.31,1.12,-2.09,26.57,26260.78,0.05,2.51,-0.0,33.36,3.54,-9.84,17.47,9907.64,1.03,3.46,1.75,31.91,0.41,-6.32,22.08,16112.21,0.26
Northern Europe,2024-02-21,3.32,3.7,41.63,5.03,-5.72,25.75,33349.44,0.39,4.66,6.44,49.02,4.87,-1.93,31.83,45352.99,0.05,3.65,0.91,40.18,3.06,-8.61,17.39,12636.41,1.03,2.77,2.92,37.96,3.31,-5.19,25.73,25987.82,0.26
Northern Europe,2024-02-22,2.76,3.57,45.68,2.61,-5.85,29.19,35269.94,0.39,3.9,6.69,46.9,2.68,-1.05,30.34,34758.26,0.04,2.88,1.03,46.96,3.78,-8.32,25.77,25935.27,1.02,2.01,3.36,41.04,1.95,-4.45,29.17,30763.19,0.26
Northern Europe,2024-02-23,3.18,4.41,65.58,6.29,-5.04,39.42,82781.62,0.39,4.89,7.25,76.81,5.65,-4.41,43.47,115432.63,0.04,1.91,1.58,61.46,13.4,-6.91,32.07,45829.29,1.05,3.75,5.05,65.37,4.37,-4.45,42.21,101297.56,0.25
Northern Europe,2024-02-24,4.7,4.57,52.38,1.62,-4.46,30.54,45062.74,0.38,5.14,6.95,44.24,2.64,-2.16,25.59,23923.78,0.03,3.92,1.71,51.6,2.02,-7.03,27.73,35254.27,1.06,4.84,4.53,45.54,2.83,-3.95,27.63,31403.05,0.24
Northern Europe,2024-02-25,4.1,3.84,41.98,2.15,-4.85,26.41,28816.27,0.37,4.77,5.86,42.5,3.03,-2.6,25.11,24696.37,0.03,4.26,0.55,32.37,1.1,-8.83,18.79,15654.65,1.04,4.38,4.1,44.15,2.45,-4.5,27.95,28263.4,0.23
Northern Europe,2024-02-26,4.98,3.41,33.88,0.82,-5.59,20.49,15258.79,0.37,5.0,6.36,32.68,1.16,-2.26,19.17,11536.4,0.02,5.14,0.33,26.99,0.87,-10.44,14.99,7166.28,1.03,4.12,3.42,28.24,1.09,-5.1,16.8,9560.31,0.23
Northern Europe,2024-02-27,4.49,2.46,38.2,0.95,-7.55,22.51,24862.03,0.36,3.82,4.99,28.8,1.15,-2.6,16.08,7506.69,0.02,3.77,-1.0,41.65,2.31,-12.59,21.82,20505.71,1.01,3.98,2.17,25.78,0.3,-5.7,14.49,6592.37,0.22
Northern Europe,2024-02-28,3.27,3.7,48.02,2.98,-5.55,30.69,40616.86,0.36,4.26,6.94,35.63,2.19,-2.08,22.74,18134.54,0.02,3.56,1.29,45.33,4.56,-7.89,26.18,26131.62,1.02,3.05,2.58,38.62,0.83,-5.22,24.85,23121.38,0.22
Northern Europe,2024-02-29,3.35,4.12,53.83,2.96,-5.43,34.51,57036.76,0.35,4.36,6.08,45.16,2.64,-2.54,30.97,42037.48,0.02,2.94,2.17,55.19,6.3,-7.31,30.91,40759.31,1.03,3.44,3.92,48.62,0.78,-4.45,32.47,46062.94,0.22
Northern Europe,2024-03-01,3.88,4.55,47.39,2.41,-3.9,31.55,41685.9,0.35,5.38,7.0,45.08,3.19,-2.61,30.43,33842.7,0.02,3.0,2.62,43.33,5.93,-5.13,25.66,25162.74,1.03,3.6,4.0,44.21,0.99,-4.37,31.55,39427.76,0.21
Northern Europe,2024-03-02,3.99,4.52,38.65,1.34,-2.93,25.69,25518.7,0.34,6.31,7.8,38.71,1.31,-1.35,27.98,25989.51,0.02,3.57,2.72,36.18,2.0,-5.08,20.97,14098.17,1.02,3.72,4.5,34.21,1.18,-3.01,24.94,20086.29,0.2
Northern Europe,2024-03-03,4.34,4.44,30.52,0.7,-2.93,19.97,16350.18,0.33,6.83,7.74,36.63,0.45,-1.67,26.46,22429.95,0.02,4.02,3.05,27.92,1.41,-4.75,16.42,8183.69,1.0,4.32,4.41,30.0,0.77,-3.62,21.33,15011.76,0.2
Northern Europe,2024-03-04,4.66,3.87,37.84,1.57,-4.08,24.33,29413.01,0.32,7.35,6.71,46.63,1.49,-3.74,30.53,39137.22,0.02,4.45,2.2,33.12,2.98,-6.31,19.43,12671.05,0.99,6.46,4.16,34.72,0.18,-5.29,22.89,18503.78,0.19
Northern Europe,2024-03-05,5.73,3.37,38.49,0.97,-6.05,22.71,30065.66,0.32,7.32,5.39,48.4,0.37,-5.05,32.17,39242.67,0.02,6.4,1.33,33.11,0.11,-8.46,17.5,11248.4,0.98,6.25,2.5,35.4,0.14,-7.31,23.34,20421.41,0.19
Northern Europe,2024-03-06,6.31,3.03,30.57,0.67,-7.43,18.19,15566.2,0.32,7.08,5.21,35.4,0.96,-4.56,22.78,17431.74,0.01,6.68,0.34,22.06,0.17,-10.62,11.49,4471.54,0.96,6.42,2.77,29.57,0.15,-8.59,18.29,10441.76,0.19
Northern Europe,2024-03-07,7.75,3.39,27.99,0.1,-7.74,17.4,12841.89,0.31,9.15,5.17,32.37,0.1,-5.4,20.1,13813.74,0.01,7.8,1.39,19.87,0.03,-11.41,10.56,3731.35,0.96,8.01,3.1,22.44,0.0,-7.46,13.78,4460.49,0.19
Northern Europe,2024-03-08,6.77,2.87,29.38,0.24,-6.84,17.94,12954.67,0.31,9.21,5.01,31.82,0.06,-5.72,20.44,16084.74,0.01,6.89,0.5,19.6,0.1,-10.63,10.21,2977.4,0.95,7.86,2.44,25.79,0.03,-7.43,15.39,5803.13,0.19
Northern Europe,2024-03-09,6.21,1.67,34.3,0.25,-8.31,21.02,22242.91,0.31,7.29,3.9,43.14,0.47,-5.52,27.93,35934.27,0.01,6.07,-0.48,27.27,0.25,-10.78,13.76,6109.99,0.94,6.28,0.81,32.45,0.11,-8.6,20.45,16414.57,0.18
Northern Europe,2024-03-10,6.88,1.76,35.56,0.32,-9.29,23.71,29659.63,0.31,7.54,4.45,46.88,0.68,-5.71,32.48,53925.54,0.01,7.47,-1.76,27.87,0.18,-12.41,16.99,9497.27,0.94,6.63,1.91,39.21,0.32,-8.81,26.94,37601.44,0.18
Northern Europe,2024-03-11,8.09,2.43,33.52,1.23,-9.89,21.32,22688.08,0.3,8.43,6.46,47.31,1.0,-5.28,31.5,46250.48,0.01,8.64,0.07,24.21,0.13,-13.11,13.58,5957.92,0.93,9.25,2.93,35.6,0.08,-9.04,24.7,28430.01,0.18
Northern Europe,2024-03-12,6.7,2.93,30.86,0.87,-9.18,18.96,15443.65,0.3,5.68,6.2,36.11,0.97,-3.35,23.58,19880.84,0.01,7.05,0.78,22.86,0.16,-12.13,11.83,4490.11,0.93,7.67,2.63,27.39,0.13,-9.05,17.12,7760.82,0.18
Northern Europe,2024-03-13,5.07,3.0,39.19,2.78,-7.04,21.27,22655.83,0.3,5.0,7.25,40.29,2.08,-0.86,25.08,25377.56,0.01,4.09,0.23,41.79,5.75,-9.48,20.35,19098.4,0.93,5.27,3.38,32.36,0.32,-6.52,20.18,13199.96,0.18
Northern Europe,2024-03-14,4.9,6.49,50.34,6.15,-3.53,32.81,51594.49,0.31,5.15,9.25,48.6,3.05,1.42,33.97,47230.95,0.01,5.9,3.23,49.73,4.91,-6.83,27.11,28576.48,0.94,3.64,6.61,50.67,2.86,-2.75,35.86,57642.93,0.18
Northern Europe,2024-03-15,6.96,6.63,45.33,3.02,-2.35,28.11,33541.81,0.3,6.33,10.16,46.44,2.02,1.51,33.31,42677.93,0.01,4.61,2.63,36.69,6.58,-5.52,17.96,12038.0,0.95,5.98,7.73,44.32,1.99,-0.87,31.64,41543.79,0.17
Northern Europe,2024-03-16,6.86,4.08,50.95,3.88,-7.24,30.12,42990.36,0.3,8.55,9.12,60.96,2.45,-1.94,36.86,65861.19,0.01,8.06,0.41,45.98,4.74,-11.71,23.49,20825.59,0.97,5.89,5.78,53.37,5.53,-5.94,32.72,49897.55,0.16
Northern Europe,2024-03-17,10.26,1.08,43.59,0.83,-10.84,24.84,26952.72,0.3,9.45,6.44,44.88,1.08,-4.64,24.33,22656.69,0.01,9.41,-2.31,35.48,0.46,-15.36,18.19,12190.32,0.97,10.2,1.08,53.64,2.83,-10.68,29.59,38377.96,0.17
Northern Europe,2024-03-18,8.7,2.58,40.14,1.5,-10.8,27.49,39935.36,0.3,6.62,5.07,42.42,0.9,-4.7,26.64,27370.72,0.01,7.22,-0.71,37.85,1.24,-12.8,23.67,24085.3,0.97,11.24,0.76,32.37,0.06,-12.49,21.8,16602.4,0.17
Northern Europe,2024-03-19,8.43,3.8,36.95,1.16,-8.52,24.06,25169.04,0.3,6.14,6.66,34.65,1.09,-3.08,22.02,17849.71,0.01,7.16,0.95,34.54,2.59,-9.93,20.39,16762.13,0.97,9.08,2.5,32.47,0.23,-10.69,21.89,17553.85,0.17
Northern Europe,2024-03-20,7.28,4.81,33.23,1.67,-5.6,19.09,12092.26,0.3,7.3,8.26,29.0,1.64,-0.03,13.99,5606.73,0.01,6.48,2.07,29.69,1.71,-7.51,14.22,6044.63,0.97,5.62,4.19,30.97,0.85,-5.19,18.45,10737.27,0.17
Northern Europe,2024-03-21,7.58,5.58,36.9,2.67,-4.47,21.04,23613.29,0.3,8.44,8.49,39.98,4.52,-1.23,22.57,16310.32,0.01,7.38,2.56,42.92,3.66,-8.03,18.68,14296.32,0.96,7.06,4.98,29.33,2.54,-3.47,16.62,7509.04,0.17
Northern Europe,2024-03-22,7.18,4.94,45.81,4.5,-4.34,28.31,36645.34,0.3,6.89,7.64,50.22,4.15,-1.02,32.26,39919.78,0.01,7.06,2.31,45.56,7.98,-6.81,24.14,20602.68,0.98,5.15,5.19,42.39,3.34,-3.39,28.34,31447.7,0.16
Northern Europe,2024-03-23,8.59,4.02,41.91,2.86,-5.64,26.27,30303.35,0.31,11.26,7.38,50.24,2.63,-1.46,31.71,36929.12,0.01,7.22,1.31,37.28,5.86,-8.15,19.94,12434.02,1.0,9.2,5.03,40.61,1.76,-4.34,25.8,23172.51,0.17
Northern Europe,2024-03-24,7.2,2.04,31.66,2.65,-6.44,18.34,11442.96,0.31,8.1,6.7,36.54,2.86,-2.05,20.67,13961.95,0.01,9.09,-0.03,25.14,1.61,-8.8,11.91,3775.65,1.01,7.31,2.89,30.31,2.51,-5.72,17.23,8703.81,0.17
Northern Europe,2024-03-25,8.98,1.3,27.69,2.74,-8.38,14.36,7050.26,0.31,9.43,6.62,32.17,2.4,-2.85,16.18,8359.39,0.01,9.24,-1.34,21.67,2.08,-11.71,9.81,2170.28,1.01,8.05,2.11,25.48,0.97,-6.45,12.8,3514.83,0.17
Northern Europe,2024-03-26,8.63,1.87,32.59,1.75,-9.4,17.15,10906.4,0.31,10.77,8.12,39.11,1.7,-3.09,21.26,15781.84,0.01,8.33,-1.41,31.92,2.89,-12.65,14.75,6235.06,1.01,8.39,2.96,30.44,0.72,-7.01,16.21,9627.83,0.17
Northern Europe,2024-03-27,8.51,4.82,39.76,2.08,-6.89,25.6,23036.25,0.32,11.32,10.77,41.84,0.86,-1.08,28.4,27337.25,0.01,6.32,1.45,38.51,3.95,-9.01,22.72,17184.07,1.02,10.03,6.63,37.46,0.52,-5.33,25.34,20561.51,0.17
Northern Europe,2024-03-28,8.74,6.7,36.43,2.87,-3.31,22.32,17970.42,0.31,9.52,10.36,43.84,2.91,0.11,26.46,25846.47,0.01,7.32,3.71,33.86,4.6,-5.28,18.1,11216.2,1.03,9.71,8.54,37.76,1.82,-2.73,25.7,22580.47,0.17
Northern Europe,2024-03-29,7.1,5.52,42.35,5.06,-3.19,26.72,27768.84,0.31,9.12,9.78,48.79,3.0,0.68,29.58,30868.11,0.01,6.89,2.65,42.57,5.82,-5.66,22.21,17040.66,1.03,8.08,7.51,38.98,3.23,-1.82,25.54,23842.88,0.16
Northern Europe,2024-03-30,9.2,6.52,38.11,3.05,-3.56,23.01,19521.44,0.32,10.31,11.94,40.09,1.91,0.76,25.49,21947.53,0.01,8.4,3.71,33.84,3.28,-5.52,17.28,8269.84,1.04,9.47,7.98,35.92,2.06,-2.24,22.75,18035.21,0.15
Northern Europe,2024-03-31,8.82,6.98,32.26,4.5,-3.32,17.97,9866.59,0.32,11.94,13.76,34.88,2.87,1.16,20.81,13979.13,0.01,8.23,3.71,29.22,6.91,-5.58,14.65,7244.98,1.04,10.28,9.09,32.21,1.72,-2.14,17.87,9699.9,0.14
Northern Europe,2024-04-01,8.35,5.86,39.94,3.37,-4.48,22.87,19820.85,0.32,9.83,12.61,33.86,4.41,2.4,20.3,11868.31,0.01,11.64,3.48,31.72,1.02,-7.75,16.58,11056.99,1.04,9.39,9.06,39.23,2.57,-2.26,22.03,16615.2,0.13
Northern Europe,2024-04-02,9.36,2.23,43.28,3.96,-8.54,26.43,31992.23,0.32,5.47,9.58,44.37,12.36,-1.07,25.38,26676.52,0.01,12.65,0.37,33.62,0.57,-10.74,17.81,10949.21,1.02,5.77,3.3,51.29,7.9,-7.76,32.45,45018.13,0.13
Northern Europe,2024-04-03,12.34,0.5,43.39,1.23,-10.86,25.31,27396.0,0.32,8.38,6.05,47.15,3.38,-4.23,27.45,31513.12,0.01,10.72,-2.02,32.67,1.35,-14.21,17.24,10600.41,1.02,10.84,0.49,52.91,3.04,-10.03,31.05,43122.38,0.15
Northern Europe,2024-04-04,10.67,1.01,40.77,3.49,-11.82,22.43,23638.27,0.32,8.44,7.23,45.26,5.56,-3.46,25.61,26325.45,0.02,9.93,-3.74,35.37,4.06,-15.39,18.55,11816.82,1.03,10.87,0.96,43.47,2.51,-11.11,24.95,24573.53,0.15
Northern Europe,2024-04-05,7.38,2.5,45.77,5.49,-8.98,26.32,33405.57,0.33,6.06,9.56,57.04,8.54,-1.17,34.07,53509.15,0.02,10.09,-1.55,32.1,3.5,-13.43,16.54,9990.06,1.05,6.86,3.18,46.95,5.81,-8.27,26.55,29804.86,0.16
Northern Europe,2024-04-06,10.41,5.48,45.17,2.12,-5.73,24.33,52063.16,0.33,10.02,12.72,52.22,2.47,1.86,30.72,60160.72,0.02,9.53,2.25,39.54,2.76,-9.81,16.04,13695.32,1.05,9.81,5.86,36.09,1.25,-3.74,19.52,19149.47,0.16
Northern Europe,2024-04-07,9.0,8.1,55.4,6.86,-4.12,33.9,63086.22,0.33,14.09,13.95,58.85,3.3,2.54,34.62,58594.41,0.01,7.64,4.74,50.69,8.93,-6.5,26.88,30094.81,1.04,8.58,9.66,53.38,5.04,-3.52,32.68,48998.87,0.15
Northern Europe,2024-04-08,12.25,9.29,43.51,3.37,-1.24,24.8,25083.21,0.32,12.92,14.18,39.95,5.63,3.39,22.66,20155.89,0.01,12.28,6.78,42.46,2.58,-3.64,22.15,16308.1,1.03,14.29,11.75,42.67,1.33,0.42,26.56,28707.46,0.13
Northern Europe,2024-04-09,13.77,10.59,36.05,1.72,-1.68,22.15,21380.51,0.3,12.55,16.02,43.04,2.58,3.81,26.03,28174.51,0.01,12.21,8.06,34.91,3.58,-2.89,17.6,11129.56,1.01,14.08,12.63,31.9,1.36,0.27,18.79,12112.4,0.12
Northern Europe,2024-04-10,9.7,9.37,60.87,5.52,-1.42,35.8,61485.17,0.28,13.25,13.39,60.41,1.37,1.89,37.51,65542.22,0.01,9.65,5.85,58.89,8.34,-4.19,28.26,32934.15,0.99,11.59,11.18,62.8,1.75,-0.64,37.24,67876.39,0.1
Northern Europe,2024-04-11,10.46,8.9,59.28,4.16,-1.15,35.13,60031.62,0.26,10.62,12.74,56.48,2.94,2.16,37.93,64693.98,0.01,9.94,6.29,57.58,9.2,-4.56,28.42,34215.91,0.99,10.7,10.25,60.49,2.16,-1.08,39.86,76492.82,0.09
Northern Europe,2024-04-12,11.67,9.4,43.63,2.26,-0.45,28.28,36568.17,0.25,8.82,12.34,53.56,2.32,4.65,33.34,42713.39,0.0,11.66,7.57,43.39,2.4,-3.51,22.73,18750.28,0.97,11.53,10.02,47.2,1.85,0.58,29.41,34995.55,0.08
Northern Europe,2024-04-13,13.22,10.27,46.32,2.8,-0.88,28.65,37113.63,0.23,12.49,13.08,47.74,2.15,3.92,29.47,29848.75,0.0,12.11,7.11,47.42,5.55,-2.85,24.53,23134.75,0.94,12.35,11.23,44.79,1.08,0.12,27.69,28026.04,0.07
Northern Europe,2024-04-14,12.74,7.82,51.06,4.02,-2.83,28.53,46608.48,0.22,13.75,10.31,66.4,3.49,0.32,39.46,76479.64,0.0,11.88,4.44,50.25,6.6,-5.55,23.98,27429.15,0.93,12.7,8.74,53.51,4.62,-1.2,31.93,58253.36,0.06
Northern Europe,2024-04-15,12.7,6.48,46.52,1.81,-3.71,27.37,36629.84,0.21,13.75,9.45,54.93,3.76,-0.49,32.21,46686.82,0.0,13.96,3.63,35.82,0.88,-7.5,18.48,13206.53,0.92,13.13,7.79,42.96,1.52,-2.45,24.63,22005.23,0.06
Northern Europe,2024-04-16,12.53,5.6,37.33,1.47,-3.93,21.97,16636.31,0.21,14.31,9.05,41.54,3.75,-1.17,22.94,17636.4,0.0,15.48,3.47,27.67,0.85,-7.94,13.7,4976.9,0.91,11.84,6.29,36.29,1.36,-2.76,20.37,12512.86,0.06
Northern Europe,2024-04-17,13.44,4.64,35.91,1.14,-5.19,19.28,11648.0,0.21,13.47,8.75,30.77,1.06,-1.5,16.9,7861.61,0.0,15.09,2.09,29.77,0.75,-8.45,13.28,4115.68,0.9,13.99,4.97,34.3,0.86,-4.69,19.02,10418.0,0.05
Northern Europe,2024-04-18,15.73,3.98,32.06,0.73,-6.97,17.2,8182.16,0.21,14.51,8.3,35.91,1.06,-2.56,18.05,8374.3,0.0,15.48,1.42,30.03,0.82,-10.63,13.76,4623.55,0.9,14.5,3.55,30.73,1.06,-6.06,15.8,5814.3,0.06
Northern Europe,2024-04-19,15.2,3.71,39.7,1.25,-7.73,21.84,16890.56,0.2,9.98,6.56,46.73,4.11,-2.54,25.8,22019.35,0.0,14.74,0.86,30.77,1.19,-10.32,15.4,6458.09,0.89,11.4,2.74,43.12,2.14,-7.18,23.23,18374.87,0.06
Northern Europe,2024-04-20,15.43,3.6,40.34,1.04,-7.85,21.77,17215.89,0.21,15.31,7.19,35.55,1.45,-3.72,15.93,6412.85,0.01,17.0,1.18,40.88,1.04,-10.83,19.9,12281.69,0.89,13.53,2.49,39.9,1.69,-7.76,20.48,14781.5,0.06
Northern Europe,2024-04-21,17.74,4.12,33.25,0.13,-7.22,17.3,8326.11,0.21,17.32,8.69,38.23,0.39,-3.07,18.69,10485.04,0.01,20.04,2.13,26.93,0.08,-10.76,13.04,4597.08,0.89,15.21,3.36,38.9,0.12,-7.52,20.14,11953.79,0.07
Northern Europe,2024-04-22,16.72,3.68,37.23,0.84,-8.26,19.54,13416.02,0.21,12.7,6.2,44.67,4.73,-3.57,25.24,26572.74,0.01,18.13,1.97,29.37,1.35,-11.49,13.76,8012.88,0.88,11.83,2.3,44.5,1.82,-8.12,25.51,24780.63,0.07
Northern Europe,2024-04-23,10.58,4.2,40.65,3.32,-6.83,22.22,16838.45,0.21,11.1,6.79,43.78,3.78,-3.56,23.38,18213.89,0.02,12.33,1.74,37.95,2.7,-9.4,18.6,10321.85,0.88,10.16,4.74,40.21,4.08,-6.68,22.43,17680.91,0.08
Northern Europe,2024-04-24,12.72,4.95,32.48,2.07,-4.09,16.26,7642.32,0.22,14.06,8.09,36.22,2.11,-2.54,20.08,11043.45,0.02,13.21,2.39,28.03,2.3,-7.39,12.65,4072.49,0.89,13.82,5.9,34.56,1.3,-4.32,18.32,9417.93,0.09
Northern Europe,2024-04-25,12.82,5.61,31.4,1.73,-4.35,15.62,5996.93,0.22,11.71,7.84,34.53,4.02,-1.73,18.31,9161.83,0.01,13.42,2.77,27.55,1.49,-7.46,11.99,3379.32,0.89,12.71,5.63,35.11,1.78,-4.41,20.1,12491.67,0.08
Northern Europe,2024-04-26,12.75,5.69,32.75,2.62,-3.67,18.56,10171.84,0.21,14.03,8.56,38.45,4.3,-1.6,19.72,11158.32,0.01,16.2,4.1,25.92,0.89,-7.05,12.02,3580.02,0.88,9.0,5.59,34.62,4.95,-3.13,19.23,11245.76,0.08
Northern Europe,2024-04-27,13.65,6.86,30.2,1.92,-2.98,15.5,7287.22,0.21,16.51,12.33,35.94,1.05,-1.79,19.23,11351.54,0.0,15.9,4.75,23.26,1.11,-6.03,10.22,2766.67,0.87,14.14,8.41,31.88,1.7,-2.78,16.25,7617.44,0.07
Northern Europe,2024-04-28,15.12,9.36,36.48,2.27,-2.49,19.96,18126.06,0.2,19.26,16.31,39.91,3.05,2.29,24.59,22371.52,0.0,12.3,5.48,35.2,3.34,-5.52,16.89,9713.12,0.86,16.16,11.22,37.84,1.44,-1.43,22.98,21501.22,0.06
Northern Europe,2024-04-29,13.18,9.99,43.71,5.27,-0.59,25.34,25930.37,0.19,18.72,15.82,46.98,1.36,4.05,28.18,28540.89,0.0,12.85,6.67,46.28,5.28,-2.89,23.68,19145.27,0.86,15.91,13.35,39.86,2.7,1.09,24.31,20757.41,0.06
Northern Europe,2024-04-30,17.3,11.83,36.93,1.85,-0.24,21.88,19935.65,0.18,17.61,15.75,41.63,1.96,5.21,27.42,28104.3,0.0,17.16,9.48,34.0,1.0,-2.74,18.31,11436.18,0.84,19.26,13.57,40.3,0.49,1.22,24.84,22833.49,0.04
Northern Europe,2024-05-01,21.29,13.83,34.11,0.62,-0.46,20.36,20517.28,0.16,22.71,17.85,41.61,0.12,4.72,28.74,33672.65,0.0,21.31,12.4,32.1,2.04,-1.59,17.37,11101.43,0.81,21.97,14.55,36.27,0.01,0.93,22.91,23572.66,0.04
Northern Europe,2024-05-02,19.04,14.05,31.74,0.74,0.94,20.26,23609.71,0.15,20.96,17.35,43.3,0.89,5.22,31.34,44311.3,0.0,21.58,13.47,26.17,0.14,0.07,13.61,6484.46,0.78,20.72,14.69,34.39,0.04,1.45,23.88,31747.72,0.03
Northern Europe,2024-05-03,19.92,14.59,30.3,0.37,1.58,18.63,16915.25,0.13,20.81,17.01,39.02,0.83,5.41,26.43,28461.43,0.0,21.42,13.76,25.22,0.2,-0.02,13.19,5475.16,0.74,20.2,15.17,33.26,0.19,2.33,21.73,20864.22,0.03
Northern Europe,2024-05-04,19.71,13.53,31.32,0.41,2.0,17.38,10422.62,0.11,16.96,15.95,29.84,0.7,6.28,14.98,6102.57,0.0,22.27,13.03,26.9,0.14,0.27,12.82,4588.76,0.71,19.63,15.14,33.97,0.77,2.55,18.7,11831.55,0.02
Northern Europe,2024-05-05,17.82,10.48,33.07,1.53,-0.04,17.6,9929.27,0.1,14.88,14.61,34.84,5.33,4.38,17.66,9874.06,0.0,17.49,9.47,25.62,0.86,-0.74,12.22,5053.65,0.68,15.7,11.13,33.99,3.02,1.14,18.47,9714.65,0.02
Northern Europe,2024-05-06,15.59,8.62,34.17,1.12,-1.03,18.52,9868.15,0.1,14.15,12.95,37.08,2.94,3.9,20.3,11338.77,0.0,14.91,7.74,28.06,1.43,-1.61,13.1,5062.63,0.65,15.51,8.64,35.13,1.44,-0.56,19.76,11264.07,0.02
Northern Europe,2024-05-07,18.14,9.17,34.81,0.45,-2.26,17.39,9000.03,0.1,19.51,12.09,36.07,0.49,2.28,19.81,10731.92,0.0,15.81,7.4,29.59,1.37,-2.9,12.82,4246.95,0.63,20.59,8.9,36.65,0.25,-2.45,18.51,10223.34,0.02
Northern Europe,2024-05-08,17.19,8.38,32.53,1.17,-1.92,16.55,7254.81,0.1,20.51,12.27,32.77,0.35,1.91,16.56,6081.81,0.0,15.68,6.89,31.04,1.72,-2.95,14.47,5744.2,0.62,19.39,8.67,34.64,1.37,-2.53,16.91,7357.63,0.02
Northern Europe,2024-05-09,13.66,9.92,39.57,2.02,-1.33,20.06,14071.73,0.09,14.43,12.87,36.28,0.45,2.1,19.31,10391.52,0.0,9.75,7.15,43.05,4.11,-2.73,18.89,11594.67,0.6,15.53,10.53,38.2,0.66,-0.85,19.25,11920.0,0.02
Northern Europe,2024-05-10,20.12,10.8,44.28,0.62,0.2,23.94,21016.35,0.09,17.2,13.73,40.17,0.92,4.77,23.43,17482.32,0.0,17.22,7.71,37.84,0.74,-2.59,18.04,12728.06,0.58,18.15,11.11,44.73,1.02,1.36,24.44,23040.12,0.02
Northern Europe,2024-05-11,22.28,12.72,32.57,0.42,-0.01,17.26,10329.96,0.08,24.06,15.44,35.61,0.11,2.85,19.85,14319.2,0.0,19.44,11.01,27.78,0.52,-2.42,12.98,6095.9,0.56,22.9,12.61,36.68,0.12,0.39,18.87,13354.53,0.02
Northern Europe,2024-05-12,17.8,14.25,30.97,1.08,2.1,16.72,8725.65,0.07,24.57,15.76,33.13,0.43,3.81,18.86,9596.92,0.0,18.63,13.43,27.29,1.01,1.09,12.65,4362.75,0.53,20.72,14.62,29.85,0.24,1.05,16.77,7547.7,0.01
Northern Europe,2024-05-13,20.97,16.94,33.56,1.66,3.45,18.47,15942.13,0.06,21.17,16.86,40.01,1.76,4.18,24.53,25951.12,0.0,21.84,15.3,34.23,0.3,2.24,15.8,8521.16,0.5,20.81,16.77,30.14,0.13,3.52,16.51,10353.03,0.01
Northern Europe,2024-05-14,21.7,18.34,37.41,1.2,4.68,21.71,20995.92,0.06,23.17,18.34,39.07,0.95,6.0,25.35,26424.06,0.0,23.74,16.73,36.21,0.33,2.34,17.72,10000.81,0.46,22.55,18.39,35.54,0.44,4.9,21.27,19206.68,0.01
Northern Europe,2024-05-15,23.59,19.23,39.48,0.53,6.08,23.87,23954.27,0.05,24.2,19.41,40.35,0.2,7.45,25.87,29504.48,0.0,23.22,17.61,34.01,0.6,3.62,16.14,8126.77,0.42,24.44,19.83,41.28,0.19,5.8,27.24,29384.66,0.0
Northern Europe,2024-05-16,24.19,18.21,36.63,0.43,5.98,20.81,22501.69,0.04,25.01,19.28,45.68,0.99,7.76,29.17,41848.93,0.0,24.4,17.65,34.28,0.09,4.14,14.36,6408.62,0.39,25.1,19.07,41.65,0.11,6.7,26.51,32297.98,0.0
Northern Europe,2024-05-17,24.03,19.32,38.5,0.37,5.64,22.89,22839.63,0.04,24.29,19.61,43.11,0.59,8.05,27.92,33022.89,0.0,24.34,18.38,34.37,0.07,3.94,15.78,6484.21,0.35,25.98,19.6,36.98,0.02,6.19,23.12,24188.79,0.0
Northern Europe,2024-05-18,23.23,19.08,38.82,0.54,6.14,23.23,20328.6,0.03,24.39,20.74,32.78,0.31,7.95,20.31,12989.37,0.0,23.1,17.59,38.16,1.13,3.77,16.84,8466.9,0.32,25.56,20.21,37.06,0.03,6.36,23.29,21499.93,0.0
Northern Europe,2024-05-19,21.56,17.14,42.85,0.85,4.7,21.51,16903.44,0.03,24.98,21.78,32.84,0.67,8.7,16.81,7899.83,0.0,19.63,13.8,42.94,1.45,2.07,18.28,11509.21,0.3,23.99,20.61,39.66,0.26,7.13,20.82,15657.05,0.0
Northern Europe,2024-05-20,25.33,14.99,35.89,0.23,3.36,18.37,11716.46,0.03,25.42,20.92,36.15,0.45,8.67,17.37,9424.55,0.0,24.09,13.88,32.43,0.42,0.55,14.22,6083.25,0.28,25.36,16.56,38.43,0.13,5.59,20.52,13254.04,0.0
Northern Europe,2024-05-21,22.74,16.22,33.13,0.88,3.19,17.98,13107.87,0.03,25.13,19.86,42.76,2.52,8.76,25.3,25764.48,0.0,22.35,16.07,27.52,0.46,1.98,12.25,4004.6,0.26,25.44,17.58,35.3,0.31,3.84,20.6,15276.34,0.0
Northern Europe,2024-05-22,24.01,18.46,41.06,0.25,3.93,23.29,26508.72,0.02,23.2,21.03,52.0,0.61,8.3,33.55,49249.68,0.0,25.47,18.29,39.04,0.1,3.31,19.05,12172.73,0.23,25.49,19.52,39.93,0.08,5.0,24.75,30971.49,0.0
Northern Europe,2024-05-23,22.64,19.9,43.66,1.95,6.02,24.48,22092.68,0.02,17.23,19.3,43.37,6.73,10.01,25.36,21898.58,0.0,24.1,20.21,47.1,0.71,5.92,22.81,15939.98,0.21,23.14,20.55,41.27,1.86,7.62,23.69,19321.52,0.0
Northern Europe,2024-05-24,19.96,19.14,36.77,1.38,8.51,18.55,14722.17,0.02,20.58,19.77,33.39,0.56,10.23,18.28,9861.99,0.0,19.6,18.06,32.51,2.35,7.52,14.8,6322.77,0.18,20.78,20.08,36.2,1.73,10.06,19.53,12176.25,0.0
Northern Europe,2024-05-25,21.48,18.39,35.8,1.34,7.58,18.08,11930.68,0.02,20.67,20.67,37.2,1.65,10.04,19.1,10768.19,0.0,22.59,18.53,32.0,2.35,6.26,13.1,5178.46,0.16,22.78,20.63,32.76,1.23,9.97,15.83,8458.19,0.0
Northern Europe,2024-05-26,23.08,19.64,34.89,1.98,7.67,17.9,9839.19,0.02,21.8,21.27,34.26,5.29,11.78,17.14,7713.56,0.0,22.52,20.06,41.54,3.58,7.31,16.96,7920.27,0.14,24.18,20.53,34.24,1.27,9.62,17.62,8082.8,0.0
Northern Europe,2024-05-27,21.94,20.4,41.06,1.91,9.28,21.27,13509.61,0.01,21.8,20.82,36.7,1.62,11.77,18.85,9698.96,0.0,19.13,18.96,39.45,5.31,8.81,17.54,7981.9,0.13,22.77,21.25,38.78,1.61,10.46,20.63,12275.33,0.0
Northern Europe,2024-05-28,20.8,19.99,40.81,2.75,10.06,20.83,14852.43,0.01,17.78,19.72,38.6,6.36,10.72,19.4,11829.42,0.0,19.29,17.96,35.3,3.99,8.17,15.13,5689.62,0.11,22.45,21.67,40.91,1.67,11.43,19.6,12662.71,0.0
Northern Europe,2024-05-29,21.22,19.99,41.55,2.61,9.24,20.55,15438.87,0.01,17.7,19.54,45.63,6.46,10.61,23.49,19428.88,0.0,19.98,18.02,37.89,3.51,7.67,16.78,8030.03,0.1,21.75,20.9,39.24,2.04,10.82,19.1,14220.73,0.0
Northern Europe,2024-05-30,22.23,19.39,36.82,2.13,8.99,17.73,11979.51,0.01,22.82,20.28,36.5,2.5,10.6,18.28,11402.05,0.0,19.31,17.84,37.14,5.17,7.43,15.32,6319.22,0.08,22.97,21.16,32.37,2.38,11.29,15.15,6008.99,0.0
Northern Europe,2024-05-31,22.52,20.51,33.88,2.15,10.05,16.35,8676.1,0.01,21.12,21.41,37.26,5.19,11.73,20.08,10320.94,0.0,22.96,19.18,29.35,1.22,7.92,10.37,2687.99,0.07,23.07,22.77,32.38,1.87,12.1,15.27,5914.29,0.0
Northern Europe,2024-06-01,23.13,21.29,31.53,1.67,10.94,14.79,7441.8,0.01,23.36,22.27,32.18,3.54,13.15,16.62,6644.03,0.0,21.71,18.85,30.11,1.35,8.8,11.0,3518.59,0.06,24.09,23.65,32.51,1.51,13.73,15.33,5595.82,0.0
Northern Europe,2024-06-02,22.32,19.85,35.68,2.03,10.19,18.23,13294.47,0.01,23.63,20.94,37.12,2.31,11.59,18.35,10103.3,0.0,21.88,17.74,33.21,0.73,7.66,13.67,6080.07,0.05,23.58,22.03,34.53,2.43,13.98,16.58,8010.05,0.0
Northern Europe,2024-06-03,18.01,18.37,40.06,2.27,8.81,20.37,17446.73,0.01,17.96,18.58,42.51,1.22,10.75,24.5,21740.83,0.0,17.51,15.06,44.29,3.53,5.27,19.29,13500.66,0.04,20.44,20.79,37.12,0.91,12.1,19.04,14074.18,0.0
Northern Europe,2024-06-04,22.14,17.73,45.83,3.42,7.09,23.31,22120.23,0.01,20.66,18.81,42.96,1.09,9.56,23.4,17246.59,0.0,18.28,14.48,53.74,8.22,3.32,24.73,24359.95,0.03,24.07,20.18,40.41,0.8,10.7,21.12,14129.89,0.0
Northern Europe,2024-06-05,21.09,17.16,49.94,3.99,5.75,25.8,26500.46,0.01,22.81,17.42,46.18,5.38,7.37,26.14,28160.93,0.0,17.86,13.38,49.92,10.28,2.93,22.3,20054.02,0.03,22.87,19.74,49.18,2.3,9.33,25.01,25541.61,0.0
Northern Europe,2024-06-06,20.98,15.09,44.69,3.27,5.67,21.54,13925.7,0.0,21.8,16.03,47.51,2.87,7.07,23.69,16512.11,0.0,20.93,12.32,44.7,4.08,2.32,18.63,8934.87,0.02,21.67,17.36,45.8,2.15,7.83,22.4,15438.97,0.0
Northern Europe,2024-06-07,22.38,14.95,39.21,1.96,5.03,19.29,11624.36,0.0,20.52,15.67,41.97,2.18,6.49,21.38,12841.06,0.0,21.85,11.96,34.9,2.84,1.64,14.44,4705.97,0.02,23.7,16.36,38.75,1.65,7.01,19.89,10451.61,0.0
Northern Europe,2024-06-08,20.82,14.73,41.16,4.58,4.85,20.55,15068.37,0.0,16.43,15.26,45.63,8.54,6.6,24.65,19715.36,0.0,18.57,11.18,39.36,7.22,1.85,16.39,7641.28,0.02,18.97,15.94,41.78,5.64,6.75,20.57,14953.99,0.0
Northern Europe,2024-06-09,16.84,13.45,53.03,7.73,4.35,27.38,33724.24,0.0,18.37,14.45,57.57,5.53,5.42,33.82,45729.61,0.0,15.33,10.53,42.38,8.52,1.83,18.59,12581.81,0.02,19.54,14.81,57.25,6.86,5.37,29.62,37423.69,0.0
Northern Europe,2024-06-10,19.98,13.53,45.53,4.34,4.27,24.49,25352.15,0.0,21.51,15.83,49.7,2.24,5.59,29.34,32926.37,0.0,17.57,11.81,41.01,5.55,2.17,18.92,12340.18,0.01,20.42,14.86,51.99,5.92,5.0,28.21,31423.1,0.0
Northern Europe,2024-06-11,20.1,14.19,38.8,3.51,4.96,19.98,14666.55,0.0,19.68,16.15,42.81,2.24,6.99,22.8,18395.51,0.0,20.12,12.62,33.02,2.89,2.62,14.21,6178.18,0.01,21.32,15.85,39.35,2.72,6.85,19.77,12240.03,0.0
Northern Europe,2024-06-12,21.92,14.51,35.8,2.05,5.1,17.29,11267.44,0.0,22.79,15.13,42.01,1.89,6.55,24.07,18940.9,0.0,17.32,11.83,30.55,4.56,2.91,12.21,4702.16,0.01,21.56,15.67,35.43,3.14,7.16,17.61,10610.11,0.0
Northern Europe,2024-06-13,21.07,15.12,38.28,3.78,5.44,17.58,13908.15,0.0,20.1,15.25,43.21,3.37,6.19,23.48,20697.81,0.0,18.45,12.79,29.11,3.59,3.43,10.32,2852.03,0.0,22.74,15.36,36.63,3.21,6.7,17.52,9040.27,0.0
Northern Europe,2024-06-14,20.59,15.24,34.63,2.62,6.26,16.69,10038.05,0.0,18.3,16.45,36.59,3.6,7.96,19.66,12090.44,0.0,19.85,13.8,32.33,2.7,4.17,12.28,4025.24,0.0,21.54,16.36,34.79,1.56,7.16,17.78,10462.39,0.0
Northern Europe,2024-06-15,19.89,16.05,42.07,4.71,6.53,21.48,20812.8,0.0,16.74,16.77,43.32,8.12,8.08,25.2,27849.29,0.0,17.75,14.75,39.25,7.13,4.95,17.87,12484.88,0.0,20.48,17.35,42.2,4.82,7.91,23.1,25484.79,0.0
Northern Europe,2024-06-16,18.85,16.9,39.79,2.88,7.64,21.56,14277.96,0.0,21.62,19.08,40.17,2.52,9.18,23.29,16906.71,0.0,18.99,15.14,42.23,5.32,5.89,19.51,10626.93,0.0,21.3,18.82,39.31,1.47,8.87,22.1,15566.45,0.0
Northern Europe,2024-06-17,18.72,17.7,34.65,3.71,9.56,17.7,8833.74,0.0,21.5,19.1,33.53,3.77,11.11,17.76,7289.96,0.0,17.55,15.47,38.32,7.93,7.12,16.72,7106.07,0.0,21.0,19.83,33.82,2.88,11.23,16.92,6944.09,0.0
Northern Europe,2024-06-18,20.14,16.92,37.8,3.9,9.54,18.61,10979.5,0.0,23.02,18.22,38.31,1.42,10.63,20.28,10951.01,0.0,17.81,15.07,33.16,7.24,7.18,12.98,4446.06,0.0,21.04,18.5,38.71,3.53,11.21,19.71,11273.31,0.0
Northern Europe,2024-06-19,20.94,15.8,47.76,2.95,7.02,24.61,22936.14,0.0,19.76,17.44,47.43,3.64,8.35,24.51,20758.08,0.0,17.37,13.63,47.26,4.47,4.26,20.52,15268.59,0.0,21.78,17.57,45.06,1.97,9.29,24.43,19206.84,0.0
Northern Europe,2024-06-20,20.39,16.27,49.29,1.45,6.14,26.2,31057.8,0.0,26.05,17.94,43.39,0.5,7.99,24.53,20471.43,0.0,16.89,13.32,52.51,3.04,3.08,24.55,23864.28,0.0,24.16,18.15,49.56,0.75,8.0,27.6,27383.95,0.0
Northern Europe,2024-06-21,21.27,16.67,43.86,2.01,6.92,22.82,19703.08,0.0,22.35,19.41,39.74,3.25,8.82,20.4,14326.87,0.0,22.04,15.64,38.19,1.12,3.75,16.15,8278.22,0.0,24.88,18.67,40.83,0.98,8.86,20.84,15856.29,0.0
Northern Europe,2024-06-22,18.41,17.49,34.11,3.09,8.32,17.91,9754.29,0.0,16.32,18.39,38.0,6.83,9.61,21.63,14493.15,0.0,16.03,15.94,27.16,3.14,6.83,11.38,3173.29,0.0,17.62,18.42,37.06,3.92,9.54,20.07,11870.41,0.0
Northern Europe,2024-06-23,18.5,17.95,33.39,1.67,8.69,17.83,11106.06,0.0,19.97,18.87,36.98,1.11,10.91,21.08,12675.85,0.0,15.29,16.07,36.35,3.06,7.01,16.09,7527.92,0.0,20.28,19.34,34.67,0.88,10.05,18.87,11912.19,0.0
Northern Europe,2024-06-24,23.15,18.78,36.63,0.97,9.48,19.19,13884.3,0.0,23.65,20.0,30.9,0.33,11.91,15.63,5350.29,0.0,23.33,17.69,33.34,1.1,5.91,14.94,7609.54,0.0,24.23,20.15,31.6,0.8,11.69,15.7,6233.44,0.0
Northern Europe,2024-06-25,24.76,21.85,34.28,0.46,10.15,17.93,10764.66,0.0,25.33,21.92,27.24,0.09,11.52,14.14,4403.38,0.0,23.39,20.96,37.03,1.23,8.24,15.81,8248.1,0.0,26.82,22.83,32.88,0.06,11.44,17.85,10307.92,0.0
Northern Europe,2024-06-26,23.62,21.56,33.85,0.76,11.99,16.91,11157.18,0.0,26.59,23.87,29.8,0.05,12.63,16.37,7206.95,0.0,22.74,19.89,29.29,1.04,10.46,11.59,3352.49,0.0,26.35,24.15,29.64,0.46,13.53,16.34,7895.4,0.0
Northern Europe,2024-06-27,24.37,22.68,41.07,1.03,11.71,21.98,25961.97,0.0,24.12,25.13,38.48,2.48,14.18,22.34,17806.36,0.0,24.9,22.3,44.22,0.45,10.64,18.53,13428.61,0.0,26.07,25.36,33.19,0.45,14.81,16.94,8489.54,0.0
Northern Europe,2024-06-28,21.22,22.44,49.66,3.6,11.81,25.35,24568.63,0.0,23.52,23.13,48.43,2.25,13.54,24.87,22652.69,0.0,20.29,20.53,52.32,6.11,8.98,25.61,21951.47,0.0,22.97,24.85,44.93,3.58,14.53,21.71,16035.87,0.0
Northern Europe,2024-06-29,20.84,18.89,53.36,4.72,9.95,27.9,31333.05,0.0,21.44,20.39,41.8,2.6,12.15,22.67,15174.57,0.0,18.78,15.79,52.14,8.22,6.39,25.15,20811.2,0.0,22.68,21.29,51.14,2.4,12.33,28.47,31877.05,0.0
Northern Europe,2024-06-30,17.47,17.4,41.49,3.57,8.8,21.01,14722.1,0.0,16.92,19.97,39.12,5.02,11.07,21.29,13731.17,0.0,19.2,15.01,35.87,1.42,5.53,15.73,8572.47,0.0,14.43,18.53,41.3,8.22,11.44,22.06,15784.65,0.0
Northern Europe,2024-07-01,13.41,16.48,37.11,4.26,9.65,19.64,12047.16,0.0,17.29,19.52,44.07,3.35,11.72,24.22,17341.46,0.0,14.06,14.63,35.3,4.44,6.96,15.73,7085.3,0.0,17.35,19.72,42.24,4.93,11.62,22.85,15785.59,0.0
Northern Europe,2024-07-02,16.76,16.44,42.42,2.4,8.75,22.26,18204.48,0.0,14.93,17.96,41.5,1.37,10.26,23.21,19186.83,0.0,12.82,13.47,37.5,5.67,6.51,17.47,9232.94,0.0,17.89,18.66,41.73,0.9,10.9,23.13,17429.76,0.0
Northern Europe,2024-07-03,18.36,16.34,37.46,2.06,8.39,18.85,14655.52,0.0,17.46,17.36,44.52,3.96,9.97,24.46,20141.95,0.0,17.49,14.27,29.5,2.16,5.71,12.13,3645.46,0.0,17.69,17.62,35.05,3.14,11.03,17.46,10692.11,0.0
Northern Europe,2024-07-04,17.31,16.69,47.71,4.84,8.13,24.34,24651.67,0.0,17.22,16.85,50.15,7.55,9.05,27.99,34645.4,0.0,14.34,13.93,44.99,7.89,5.56,18.03,9992.82,0.0,17.36,17.82,48.08,4.91,10.03,25.07,23374.35,0.0
Northern Europe,2024-07-05,17.62,15.64,44.28,5.75,7.87,24.45,23551.37,0.0,20.52,16.77,54.34,5.41,8.53,29.93,38146.49,0.0,16.62,13.12,35.71,6.54,5.23,16.5,6907.62,0.0,19.17,17.2,49.51,5.66,9.16,26.7,28273.42,0.0
Northern Europe,2024-07-06,18.47,16.54,45.89,4.25,7.34,23.12,20087.38,0.0,17.74,19.65,58.63,6.2,8.05,30.57,39973.16,0.0,17.07,14.25,35.39,4.09,5.0,15.58,6379.89,0.0,18.43,18.61,51.8,3.61,8.66,28.3,29790.94,0.0
Northern Europe,2024-07-07,16.39,16.07,55.89,8.21,8.27,29.28,44223.38,0.0,21.39,19.04,62.0,3.78,9.57,33.07,55056.14,0.0,12.21,13.36,46.84,13.19,6.07,21.56,18464.53,0.0,17.68,18.32,64.68,6.71,9.7,37.41,70020.06,0.0
Northern Europe,2024-07-08,20.63,17.24,42.55,2.46,8.83,22.03,20408.38,0.0,21.38,18.57,37.76,3.22,10.44,18.8,10068.05,0.0,18.22,14.43,36.43,4.55,6.27,16.6,7339.42,0.0,22.34,18.89,48.24,1.74,10.16,26.18,26712.34,0.0
Northern Europe,2024-07-09,20.23,17.81,36.09,2.25,9.0,18.18,10934.17,0.0,17.31,20.11,38.09,1.33,9.85,20.0,14605.68,0.0,20.86,15.58,29.82,1.75,5.85,12.04,3044.1,0.0,20.67,19.42,37.51,1.74,10.33,19.04,11247.35,0.0
Northern Europe,2024-07-10,18.9,19.31,39.27,5.02,9.89,20.98,17728.11,0.0,20.06,22.17,43.19,5.22,13.1,24.36,22013.56,0.0,12.86,15.78,37.7,10.13,6.74,16.63,8774.31,0.0,20.26,21.25,39.13,3.81,11.91,20.45,18273.95,0.0
Northern Europe,2024-07-11,13.81,18.7,37.61,8.02,11.61,20.72,14596.17,0.0,18.8,21.49,39.7,3.0,14.52,21.65,14954.14,0.0,13.33,16.99,33.38,8.11,9.74,14.61,6576.69,0.0,15.17,21.29,37.72,5.64,14.11,20.69,15718.75,0.0
Northern Europe,2024-07-12,17.8,18.89,32.89,2.8,12.4,17.08,8247.02,0.0,18.88,20.67,35.75,2.71,14.11,17.08,8933.91,0.0,17.81,17.48,29.31,2.22,10.2,12.27,3459.09,0.0,19.24,21.12,31.64,3.35,15.17,15.99,7425.36,0.0
Northern Europe,2024-07-13,18.93,19.91,34.38,3.85,11.63,18.89,13605.04,0.0,12.19,20.45,41.24,10.68,13.94,23.03,20532.79,0.0,22.28,19.98,31.11,1.1,8.87,13.83,5203.54,0.0,16.75,21.09,36.0,7.0,14.19,19.46,14094.18,0.0
Northern Europe,2024-07-14,17.99,19.05,39.87,4.41,11.94,21.53,16547.24,0.0,18.53,19.88,41.67,6.86,13.46,22.31,17255.19,0.0,14.56,17.87,33.67,7.2,10.76,15.04,6522.36,0.0,17.13,20.32,41.08,5.26,13.94,24.0,18914.72,0.0
Northern Europe,2024-07-15,16.34,18.4,35.33,5.38,12.22,18.43,10562.07,0.0,19.02,20.0,38.73,3.52,12.59,20.73,15724.06,0.0,16.78,17.23,30.15,6.03,10.18,13.17,4030.78,0.0,17.5,20.02,38.2,5.05,13.71,20.31,13573.22,0.0
Northern Europe,2024-07-16,18.09,19.32,30.77,2.3,12.32,14.71,6066.36,0.0,17.6,21.98,37.88,3.6,13.24,19.25,10835.17,0.0,17.19,17.98,28.33,3.31,10.57,11.09,2547.86,0.0,18.11,20.85,29.1,2.16,13.7,14.35,4927.9,0.0
Northern Europe,2024-07-17,14.77,18.88,39.7,8.02,12.42,20.67,14657.06,0.0,19.26,21.35,44.16,3.18,14.6,23.33,17131.68,0.0,14.09,17.81,33.71,6.74,10.71,14.09,5993.79,0.0,16.64,21.17,40.29,8.19,14.44,21.14,14909.61,0.0
Northern Europe,2024-07-18,16.51,18.85,40.22,7.6,12.77,20.98,15656.11,0.0,19.09,19.92,42.54,1.28,13.23,25.15,20431.7,0.0,16.44,17.5,33.65,5.14,10.45,15.95,7927.14,0.0,19.31,20.64,43.11,3.82,14.11,24.29,19183.9,0.0
Northern Europe,2024-07-19,18.36,19.61,36.35,2.26,11.98,19.74,13689.46,0.0,22.65,21.58,34.77,0.65,12.04,19.55,14049.75,0.0,18.51,19.13,32.85,1.95,9.48,15.04,6715.5,0.0,20.67,20.8,34.1,3.36,13.5,18.36,9791.18,0.0
Northern Europe,2024-07-20,20.89,21.12,32.95,1.52,12.55,17.8,10074.09,0.0,22.23,22.45,31.5,1.28,12.94,17.76,7899.65,0.0,21.96,21.51,29.33,0.47,11.04,12.55,3816.29,0.0,21.49,22.04,30.78,1.8,14.47,16.24,7086.87,0.0
Northern Europe,2024-07-21,20.64,21.67,35.12,1.76,13.44,18.94,12531.44,0.0,20.25,23.31,32.93,1.44,14.03,18.79,10857.09,0.0,20.93,21.31,44.08,3.78,12.09,19.6,13839.73,0.0,22.01,22.94,29.91,0.82,15.22,17.14,7294.17,0.0
Northern Europe,2024-07-22,17.93,20.9,33.99,4.65,13.62,17.25,8339.21,0.0,17.98,21.21,36.17,6.19,14.01,18.88,11865.6,0.0,16.16,18.83,34.87,8.76,11.3,15.09,6273.92,0.0,18.27,22.33,33.95,3.66,15.58,17.95,8768.28,0.0
Northern Europe,2024-07-23,18.2,20.69,33.4,3.92,13.55,16.19,6744.85,0.0,18.03,21.94,32.07,3.61,14.03,16.65,6610.25,0.0,17.65,18.48,33.7,4.68,10.6,13.66,4588.54,0.0,20.55,22.61,32.52,1.94,14.95,16.6,6558.66,0.0
Northern Europe,2024-07-24,17.67,19.83,34.75,3.02,13.18,17.4,10905.71,0.0,19.68,20.38,38.84,2.38,14.38,20.83,15758.0,0.0,16.41,16.95,30.16,4.63,9.77,13.09,4514.13,0.0,20.2,22.01,33.07,2.93,15.52,15.37,6772.64,0.0
Northern Europe,2024-07-25,17.81,20.25,33.7,3.04,13.11,16.54,8813.44,0.0,17.39,20.59,32.86,1.73,13.35,16.75,7916.45,0.0,17.01,18.53,32.4,3.15,9.95,12.61,3937.0,0.0,21.17,22.23,29.95,1.2,15.42,14.13,4623.21,0.0
Northern Europe,2024-07-26,18.27,20.38,37.77,3.73,13.44,18.99,10651.44,0.0,15.83,20.84,36.47,7.1,14.46,19.59,12631.51,0.0,15.51,17.86,40.22,9.71,11.21,17.87,8272.24,0.0,18.4,22.58,35.57,2.52,15.25,17.43,9381.27,0.0
Northern Europe,2024-07-27,17.83,19.46,31.84,3.83,13.13,15.62,6150.27,0.0,22.46,21.15,31.31,1.42,13.35,15.33,5303.76,0.0,15.65,16.88,30.28,5.44,10.46,12.11,3486.04,0.0,20.56,21.73,32.6,2.42,15.5,15.81,6252.9,0.0
Northern Europe,2024-07-28,18.71,19.02,40.09,3.23,11.94,19.47,14894.06,0.0,19.61,20.31,50.15,4.56,11.89,23.97,24100.42,0.0,16.55,16.25,38.19,4.9,8.77,16.44,9073.36,0.0,20.12,21.02,41.5,2.36,13.91,19.92,17218.23,0.0
Northern Europe,2024-07-29,17.66,19.32,42.56,1.86,11.34,23.24,20435.15,0.0,16.91,19.97,47.82,9.72,11.95,29.38,47099.11,0.0,17.02,17.15,35.22,4.51,7.65,17.41,16692.52,0.0,19.7,21.48,45.64,2.48,13.27,25.82,25781.48,0.0
Northern Europe,2024-07-30,19.4,19.85,33.53,1.22,11.25,17.83,9661.72,0.0,22.48,21.46,32.69,1.42,11.93,18.84,12711.69,0.0,17.03,17.75,35.06,2.17,8.31,15.86,7366.51,0.0,19.6,21.17,34.98,1.36,13.12,18.77,9770.58,0.0
Northern Europe,2024-07-31,16.36,18.05,37.41,2.82,11.08,19.97,12425.09,0.0,22.54,20.76,38.31,0.83,11.85,20.6,12117.07,0.0,15.73,15.58,37.94,4.55,7.77,17.6,9574.33,0.0,17.46,19.38,37.87,2.54,12.82,21.3,12048.57,0.0
Northern Europe,2024-08-01,15.71,18.07,36.89,2.18,10.61,21.01,14113.47,0.0,21.79,20.14,34.32,0.85,11.43,19.07,10653.21,0.0,16.64,16.58,33.11,1.49,7.68,15.74,8319.15,0.0,18.15,19.96,34.3,2.14,12.04,19.35,11794.52,0.0
Northern Europe,2024-08-02,15.73,18.87,36.11,2.09,11.13,19.42,12659.72,0.0,16.41,20.18,36.3,1.49,11.98,20.38,12364.87,0.0,17.91,18.13,30.44,1.33,8.63,13.66,5387.88,0.0,17.41,20.42,32.07,2.46,12.49,16.48,8180.64,0.0
Northern Europe,2024-08-03,16.3,19.38,33.32,4.27,12.02,17.02,8113.9,0.0,17.91,20.73,32.96,1.78,12.22,16.21,5962.05,0.0,15.28,18.39,31.16,2.52,9.94,12.81,3833.97,0.0,17.84,20.81,30.22,2.21,13.21,14.74,4994.42,0.0
Northern Europe,2024-08-04,15.62,19.28,33.48,4.12,12.51,16.88,13938.47,0.0,16.45,19.71,40.9,4.32,13.11,20.45,14691.7,0.0,15.57,17.61,27.43,3.47,10.79,11.43,3173.97,0.0,15.9,20.5,30.31,4.44,14.13,13.81,5312.36,0.0
Northern Europe,2024-08-05,18.03,20.26,30.2,2.1,12.28,14.73,9579.55,0.0,16.74,20.66,31.01,1.52,12.69,16.57,11356.19,0.0,17.65,19.31,27.93,0.89,9.85,10.9,2867.4,0.0,18.44,20.91,27.61,1.12,13.57,13.91,5453.24,0.0
Northern Europe,2024-08-06,18.98,20.82,31.12,1.26,12.44,16.5,11939.67,0.0,19.63,21.91,32.59,0.98,13.34,17.53,8383.79,0.0,15.07,19.54,33.05,1.33,11.33,14.66,5640.71,0.0,20.05,21.89,26.4,0.57,13.58,11.7,2950.96,0.0
Northern Europe,2024-08-07,17.41,20.62,35.41,2.47,12.34,19.16,14158.92,0.0,16.81,21.63,36.02,3.52,14.43,19.97,12560.66,0.0,14.1,18.24,40.29,5.73,10.66,19.38,11282.9,0.0,18.43,22.06,30.86,1.6,14.6,16.55,8399.14,0.0
Northern Europe,2024-08-08,15.5,20.05,38.9,3.76,12.14,21.03,14571.26,0.0,17.08,21.17,34.33,1.43,13.44,18.87,11577.72,0.0,15.83,17.22,43.56,4.83,9.37,20.93,12732.64,0.0,17.45,21.66,32.27,2.24,14.13,17.47,7880.82,0.0
Northern Europe,2024-08-09,14.02,19.4,48.43,7.42,11.77,27.71,32674.37,0.0,14.75,21.18,50.46,8.6,13.35,29.36,40869.29,0.0,10.32,16.38,47.45,16.38,8.6,22.56,16972.62,0.0,14.0,21.0,45.93,6.58,13.37,25.82,27390.48,0.0
Northern Europe,2024-08-10,15.16,18.19,51.65,7.67,11.36,30.09,38441.91,0.0,19.29,20.26,55.38,2.82,12.92,33.45,45405.38,0.0,12.49,14.71,50.93,12.93,7.65,25.78,22622.56,0.0,15.51,19.54,55.78,7.57,12.42,33.6,45485.12,0.0
Northern Europe,2024-08-11,15.64,18.0,51.68,3.81,9.94,28.97,36242.37,0.0,18.83,19.48,53.89,1.66,12.03,31.45,36494.22,0.0,13.77,14.28,48.47,6.07,6.78,24.98,25138.55,0.0,18.07,19.54,49.1,2.27,11.46,28.82,32926.85,0.0
Northern Europe,2024-08-12,17.35,18.72,43.96,2.4,9.67,23.13,22485.96,0.0,20.25,19.86,38.45,1.81,10.77,21.63,17525.93,0.0,17.41,17.21,36.17,1.37,6.52,16.59,10689.83,0.0,18.06,19.32,38.75,1.96,10.49,21.11,16422.44,0.0
Northern Europe,2024-08-13,18.23,20.88,34.59,0.7,10.84,19.88,19598.13,0.0,18.41,22.01,43.3,0.7,11.58,26.12,23985.33,0.0,17.01,19.36,37.69,1.5,8.42,17.58,11535.79,0.0,19.39,21.94,30.67,0.2,12.1,17.48,10397.59,0.0
Northern Europe,2024-08-14,16.16,21.19,35.72,0.82,12.24,18.38,12363.18,0.0,16.64,22.58,33.02,1.42,14.06,18.2,10356.8,0.0,13.24,19.25,37.5,4.04,10.64,16.92,8444.5,0.0,18.45,22.85,30.77,0.51,14.09,17.54,10138.55,0.0
Northern Europe,2024-08-15,12.38,20.28,42.65,3.7,13.31,23.84,20446.58,0.0,18.0,22.7,37.5,1.22,14.66,19.77,14342.38,0.0,8.87,16.97,46.26,8.94,10.37,21.64,15505.77,0.0,15.72,22.92,35.13,0.66,15.18,19.63,12373.08,0.0
Northern Europe,2024-08-16,12.95,18.49,45.43,4.48,11.5,25.8,25223.42,0.0,15.01,21.31,37.72,5.14,13.32,21.34,12950.12,0.0,13.55,15.55,46.73,6.1,7.27,22.44,15936.93,0.0,10.01,20.58,40.56,4.17,14.59,24.81,20567.6,0.0
Northern Europe,2024-08-17,16.43,18.27,39.45,1.04,9.38,20.42,15270.75,0.0,17.02,20.37,36.72,1.02,12.75,18.34,8163.56,0.0,13.58,15.19,43.52,2.53,6.26,20.66,13722.57,0.0,17.84,19.95,35.92,0.59,12.02,17.55,8377.54,0.0
Northern Europe,2024-08-18,15.18,18.31,37.35,1.4,8.97,19.79,13312.37,0.0,16.23,20.54,33.33,0.53,11.72,17.96,8328.3,0.0,11.84,14.64,42.85,5.64,5.71,19.59,12007.34,0.0,16.55,20.05,32.73,0.16,10.81,17.5,8421.92,0.0
Northern Europe,2024-08-19,15.41,17.68,45.86,3.66,9.35,24.73,24287.54,0.0,14.81,20.16,38.23,2.5,12.6,19.84,15050.88,0.0,13.48,14.52,42.15,3.96,5.54,21.04,12622.05,0.0,17.81,19.5,40.57,1.22,11.5,22.09,14651.61,0.0
Northern Europe,2024-08-20,14.53,18.88,47.95,2.38,9.21,26.74,29988.34,0.0,17.94,21.16,40.58,0.51,11.47,24.12,21156.59,0.0,9.15,15.75,51.25,7.49,7.09,26.43,26299.48,0.0,17.59,20.58,38.9,0.03,11.01,21.93,16895.51,0.0
Northern Europe,2024-08-21,11.86,18.41,49.05,4.23,10.1,27.54,31906.97,0.0,13.85,19.87,49.79,8.46,11.97,29.04,31630.34,0.0,11.17,15.46,43.04,5.84,7.83,19.06,12070.89,0.0,13.63,20.06,44.39,4.06,11.72,26.46,23108.03,0.0
Northern Europe,2024-08-22,9.31,17.97,49.3,5.62,10.65,27.84,33534.0,0.0,9.38,18.72,52.03,4.82,11.74,30.12,37345.53,0.0,6.94,14.7,50.18,9.33,7.22,24.27,20887.2,0.0,10.03,19.29,42.74,2.64,12.17,26.53,23985.31,0.0
Northern Europe,2024-08-23,8.98,17.46,56.44,6.05,10.32,30.65,48089.52,0.0,9.68,19.2,70.07,6.44,11.13,37.33,77211.33,0.0,5.81,13.47,47.89,10.68,7.18,21.92,17475.55,0.0,8.44,19.36,54.82,6.0,12.39,31.72,50362.78,0.0
Northern Europe,2024-08-24,13.72,17.82,58.73,5.78,8.96,32.02,43013.11,0.0,13.9,20.73,48.73,4.02,11.34,28.43,29037.61,0.0,9.96,14.29,57.43,10.68,5.26,27.44,27583.77,0.0,14.63,20.16,59.91,2.71,11.06,34.42,52242.79,0.0
Northern Europe,2024-08-25,11.65,18.12,57.26,8.8,8.98,33.04,48537.12,0.0,16.67,21.1,54.98,2.97,11.47,32.39,41184.13,0.0,10.47,13.52,51.37,9.42,5.31,24.77,21693.34,0.0,13.99,20.76,57.12,5.89,11.13,34.29,49214.77,0.0
Northern Europe,2024-08-26,13.11,16.98,59.78,4.39,8.38,33.13,48061.09,0.0,15.05,19.53,46.93,2.18,11.68,27.48,28021.92,0.0,11.38,13.46,58.83,8.24,4.49,28.27,30956.87,0.0,16.09,19.22,55.32,0.57,10.29,33.17,46051.89,0.0
Northern Europe,2024-08-27,14.45,17.62,51.05,2.86,8.66,28.33,36311.14,0.0,16.82,20.79,42.24,1.59,12.36,23.89,20913.55,0.0,10.36,13.64,51.5,4.56,4.09,25.08,27308.23,0.0,15.32,19.48,44.79,0.95,11.35,26.48,23624.47,0.0
Northern Europe,2024-08-28,12.28,19.09,40.78,1.84,10.12,25.12,22017.79,0.0,18.03,22.28,35.09,0.14,12.34,23.03,16310.91,0.0,9.7,17.13,41.21,3.85,7.74,21.38,13853.25,0.0,14.91,21.18,41.87,0.26,11.87,26.01,22217.62,0.0
Northern Europe,2024-08-29,14.79,20.82,39.89,1.79,11.16,23.33,17868.85,0.0,17.21,23.69,32.81,0.21,13.57,21.66,13897.09,0.0,10.19,17.82,44.44,5.52,8.16,21.64,15229.86,0.0,16.57,22.74,36.1,0.26,13.21,22.84,16843.96,0.0
Northern Europe,2024-08-30,12.72,18.74,39.86,5.12,10.55,22.26,16022.27,0.0,16.68,21.49,34.37,0.34,12.22,20.1,11088.12,0.0,11.12,14.81,40.18,5.03,7.16,18.75,10072.96,0.0,14.51,20.99,38.82,3.94,12.67,23.78,17718.7,0.0
Northern Europe,2024-08-31,12.66,17.06,41.18,3.1,9.05,22.66,16889.81,0.0,16.06,19.74,34.33,2.57,10.2,19.27,9966.68,0.0,12.31,14.11,36.33,1.53,5.5,17.74,10428.51,0.0,12.53,18.89,41.01,4.67,10.98,22.57,16199.18,0.0
Northern Europe,2024-09-01,11.33,16.9,39.32,2.28,8.51,21.2,16508.54,0.0,13.96,19.13,31.39,0.76,9.83,18.26,9012.43,0.0,14.07,15.86,28.93,0.34,5.59,13.52,6110.63,0.0,11.59,17.45,36.65,3.03,9.36,20.65,15940.04,0.0
Northern Europe,2024-09-02,11.75,16.86,37.39,3.17,9.28,20.49,13524.13,0.0,14.28,20.07,34.01,1.99,10.59,20.04,11343.16,0.0,10.74,15.47,32.11,2.21,6.74,14.06,5834.41,0.0,11.6,18.26,33.86,2.74,10.36,18.43,9313.58,0.0
Northern Europe,2024-09-03,10.08,17.92,39.99,2.86,10.62,23.25,19703.96,0.0,13.67,22.73,34.68,1.92,13.49,20.88,15080.62,0.0,6.32,15.11,46.49,7.74,8.06,23.13,19572.44,0.0,12.74,20.68,36.67,1.79,12.59,21.93,17295.54,0.0
Northern Europe,2024-09-04,12.46,20.39,35.57,1.96,11.51,20.83,14838.95,0.0,14.26,23.77,33.25,2.08,15.41,19.06,12048.63,0.0,8.41,17.99,34.68,7.26,10.52,17.87,10020.82,0.0,14.41,23.8,33.16,1.04,14.29,20.22,13011.82,0.0
Northern Europe,2024-09-05,13.94,22.24,33.49,0.5,13.11,21.88,20564.25,0.0,15.99,23.91,42.56,0.21,15.04,29.97,36991.72,0.0,13.28,21.2,28.97,0.82,11.84,14.28,5555.82,0.0,15.07,24.15,30.96,0.08,15.19,21.64,19607.74,0.0
Northern Europe,2024-09-06,14.43,22.38,33.74,0.03,13.26,21.65,21001.16,0.0,16.68,23.4,42.36,0.01,14.57,29.17,33502.98,0.0,14.65,21.0,27.36,0.05,10.78,13.54,5290.61,0.0,15.64,23.25,33.33,0.0,14.6,22.28,19865.1,0.0
Northern Europe,2024-09-07,14.17,21.77,31.18,0.31,13.05,20.31,14871.95,0.0,15.66,23.9,32.44,0.03,14.74,22.55,14357.92,0.0,13.93,19.89,28.79,0.25,10.53,13.62,5628.87,0.0,14.8,22.86,32.73,0.03,14.05,21.74,15187.97,0.0
Northern Europe,2024-09-08,12.24,21.31,39.15,1.55,12.31,22.82,17302.67,0.0,14.43,23.78,37.73,0.12,14.52,24.74,17661.15,0.0,10.44,19.43,39.83,6.26,10.04,18.78,10400.51,0.0,14.04,23.37,35.89,0.09,14.82,23.19,16324.92,0.0
Northern Europe,2024-09-09,10.38,19.77,48.1,5.98,11.38,28.76,30068.22,0.0,10.68,20.27,47.91,6.24,11.45,27.35,27124.91,0.0,7.51,17.28,45.06,13.34,9.08,23.98,21079.55,0.0,10.85,21.6,46.27,7.03,13.42,28.48,30199.97,0.0
Northern Europe,2024-09-10,7.84,17.02,58.57,8.23,9.05,35.4,56724.67,0.0,9.11,17.84,57.22,5.7,9.64,35.87,54894.84,0.0,6.72,13.6,56.8,12.89,5.33,27.4,30251.29,0.0,10.85,19.38,57.7,4.79,11.03,36.75,62061.73,0.0
Northern Europe,2024-09-11,8.77,14.95,51.0,6.15,7.47,29.68,35380.76,0.0,11.65,15.67,44.65,4.16,8.14,24.95,21221.21,0.0,7.05,11.34,56.2,10.16,3.52,29.37,34710.79,0.0,7.32,16.29,46.58,6.78,9.43,26.02,24751.63,0.0
Northern Europe,2024-09-12,10.68,14.35,47.14,3.28,6.42,25.37,23901.36,0.0,12.36,16.09,34.05,3.37,8.08,18.55,9701.46,0.0,8.79,11.14,48.1,7.61,3.07,23.5,21061.38,0.0,11.0,16.35,40.28,1.72,8.64,22.36,16469.38,0.0
Northern Europe,2024-09-13,8.59,14.27,32.26,1.86,6.31,18.0,14871.68,0.0,10.39,16.46,36.48,4.86,8.61,19.78,11049.45,0.0,10.02,10.86,29.73,1.58,2.38,15.09,9881.03,0.0,9.09,16.49,30.37,4.3,9.54,16.75,8005.03,0.0
Northern Europe,2024-09-14,9.57,14.48,36.32,2.72,6.07,21.96,22564.15,0.0,11.46,17.48,38.76,1.83,9.43,23.8,18761.8,0.0,11.14,11.56,29.87,0.75,1.13,15.01,6847.28,0.0,10.68,16.56,36.04,4.05,9.06,21.15,13410.91,0.0
Northern Europe,2024-09-15,10.55,15.28,31.49,2.01,5.44,18.09,10043.19,0.0,9.93,17.98,29.07,0.96,8.72,18.28,9468.63,0.0,7.92,13.05,31.14,2.42,2.51,16.15,6584.27,0.0,11.11,16.17,29.91,1.88,7.67,16.75,7456.49,0.0
Northern Europe,2024-09-16,10.31,16.33,28.46,0.94,5.77,16.3,7313.5,0.0,12.61,19.72,26.8,0.27,10.2,16.69,7126.7,0.0,8.86,13.62,27.39,2.42,4.45,13.08,4475.31,0.0,11.19,17.12,24.92,0.49,6.79,14.0,4985.1,0.0
Northern Europe,2024-09-17,10.1,16.4,28.53,1.0,8.09,16.54,9778.64,0.0,13.47,19.72,23.14,0.06,10.22,15.33,5249.74,0.0,8.98,14.17,27.23,0.52,4.76,13.27,6589.59,0.0,9.92,17.87,24.42,0.96,9.85,14.33,4380.86,0.0
Northern Europe,2024-09-18,10.65,17.47,31.78,0.47,7.97,19.2,14697.47,0.0,13.7,19.89,24.01,0.0,9.92,14.87,5021.19,0.0,10.12,16.84,28.96,0.45,5.91,14.65,10101.09,0.0,11.34,18.17,26.28,0.02,9.53,14.98,7167.24,0.0
Northern Europe,2024-09-19,11.78,18.94,30.7,0.34,8.75,19.43,17261.03,0.0,13.95,20.05,26.19,0.0,10.66,17.06,8125.47,0.0,10.78,17.65,29.56,0.44,6.9,15.13,12715.62,0.0,12.51,19.15,26.12,0.0,9.34,16.6,9050.99,0.0
Northern Europe,2024-09-20,11.54,16.9,30.58,0.14,7.63,18.83,14085.95,0.0,13.64,20.02,28.73,0.0,10.99,18.99,9865.81,0.0,10.29,14.84,27.71,0.32,4.93,13.78,6937.72,0.0,12.28,19.12,28.07,0.0,9.77,19.0,10005.11,0.0
Northern Europe,2024-09-21,10.23,14.02,36.71,0.32,5.73,20.52,14477.39,0.0,12.47,19.19,30.06,0.51,10.16,19.99,10771.37,0.0,9.45,12.56,31.91,0.46,3.25,14.88,7668.96,0.0,11.18,15.72,35.44,0.09,6.7,20.65,13638.46,0.0
Northern Europe,2024-09-22,7.74,12.93,27.75,0.56,4.59,15.4,5952.36,0.0,11.48,17.85,26.81,0.16,9.26,17.78,8031.0,0.0,7.92,11.22,23.48,0.38,2.69,10.39,2217.93,0.0,8.99,14.59,28.95,0.37,6.17,16.58,6424.83,0.0
Northern Europe,2024-09-23,6.04,13.33,30.4,3.31,6.06,17.53,7787.14,0.0,10.69,18.73,28.47,0.31,9.03,18.77,8098.0,0.0,6.06,10.2,28.01,3.03,2.55,12.58,3705.48,0.0,7.96,15.68,31.94,1.53,7.46,19.09,8832.67,0.0
Northern Europe,2024-09-24,6.06,14.12,35.86,5.2,7.37,20.39,13831.74,0.0,9.16,18.16,34.9,2.7,10.83,21.77,12541.32,0.0,4.52,10.06,29.59,8.22,4.04,14.07,6184.96,0.0,7.14,17.22,36.35,3.41,9.45,22.32,14144.92,0.0
Northern Europe,2024-09-25,5.5,13.61,52.08,9.37,6.69,28.35,35458.12,0.0,8.29,16.0,54.07,3.84,9.03,31.99,42349.81,0.0,4.49,9.16,39.97,12.25,1.87,18.8,13373.01,0.01,7.26,16.4,57.13,4.75,8.83,33.93,51470.81,0.0
Northern Europe,2024-09-26,6.28,12.38,51.36,5.75,4.17,27.74,35468.61,0.0,5.28,15.85,52.34,11.52,7.89,28.81,33090.72,0.0,7.55,8.54,35.49,3.05,0.06,16.48,10683.91,0.01,5.92,14.66,54.74,8.19,7.17,29.69,39749.23,0.0
Northern Europe,2024-09-27,5.38,10.65,46.21,6.95,2.51,26.21,30271.8,0.0,6.56,14.52,55.18,9.45,7.4,32.79,51787.28,0.0,7.17,7.21,33.69,2.17,-1.8,16.19,9809.82,0.01,4.35,13.53,54.15,13.09,6.13,31.32,44705.47,0.0
Northern Europe,2024-09-28,8.25,9.62,42.51,2.84,0.53,24.83,25718.85,0.0,9.41,13.12,53.54,3.02,4.67,32.09,42651.1,0.0,7.38,5.49,41.07,3.25,-3.75,20.94,15129.49,0.02,8.11,11.71,49.24,2.44,3.31,25.9,30830.87,0.0
Northern Europe,2024-09-29,7.97,9.78,48.31,3.1,0.03,27.49,29314.28,0.0,8.59,13.0,46.42,3.56,3.82,27.54,36642.6,0.0,6.63,5.46,39.4,2.04,-3.92,20.61,13740.11,0.02,9.25,11.04,42.78,1.26,1.38,25.26,21890.06,0.0
Northern Europe,2024-09-30,8.59,10.56,40.61,1.0,0.13,25.28,27289.6,0.0,10.26,12.93,45.23,0.42,3.32,27.85,33294.63,0.0,6.6,7.46,35.92,0.89,-2.76,18.82,13574.23,0.02,9.31,11.58,38.02,0.23,1.07,23.05,19727.38,0.0
Northern Europe,2024-10-01,7.15,11.52,43.33,1.15,1.75,25.76,36013.87,0.0,6.35,12.05,50.67,1.37,3.69,34.01,55189.96,0.0,7.12,8.35,36.54,1.31,-0.95,17.51,13866.43,0.02,8.12,11.94,41.71,0.27,1.93,26.25,32807.43,0.0
Northern Europe,2024-10-02,7.47,10.66,30.0,0.65,0.83,16.88,11372.53,0.0,7.74,12.15,38.66,1.39,3.87,24.58,21661.68,0.0,7.15,7.95,23.28,0.72,-2.44,10.67,2711.58,0.02,6.56,10.88,34.86,0.88,2.01,21.5,16327.13,0.0
Northern Europe,2024-10-03,7.42,10.94,32.68,0.83,1.09,19.72,14149.49,0.0,8.33,12.58,33.82,1.34,4.03,22.19,15544.1,0.0,6.47,8.01,24.9,1.6,-1.38,13.07,4870.6,0.02,8.51,11.5,32.53,0.34,1.97,19.6,11652.08,0.0
Northern Europe,2024-10-04,6.7,10.79,34.32,1.32,1.54,20.7,16071.18,0.0,7.89,12.87,30.37,1.05,3.2,18.67,15306.27,0.0,6.59,7.61,28.53,1.4,-2.03,14.82,8001.69,0.02,8.36,11.71,27.58,0.1,1.13,16.06,7363.71,0.0
Northern Europe,2024-10-05,6.05,10.26,33.29,3.75,1.35,19.57,18433.49,0.0,8.01,13.22,29.56,1.73,2.94,18.16,18918.74,0.0,4.42,6.94,32.3,2.73,-1.61,15.6,7653.83,0.02,7.66,11.24,27.14,0.18,2.16,15.62,6998.33,0.0
Northern Europe,2024-10-06,4.86,9.73,37.35,4.39,1.75,21.99,16590.18,0.0,8.65,13.24,37.18,0.9,3.55,21.52,14134.57,0.0,3.82,6.45,32.27,3.74,-0.8,16.59,8436.34,0.02,6.12,11.64,38.11,1.8,2.27,22.43,15730.62,0.0
Northern Europe,2024-10-07,4.39,8.46,38.49,2.27,0.78,22.39,19118.23,0.0,5.66,12.92,37.9,2.52,4.51,24.19,21966.68,0.0,3.75,5.35,33.04,3.4,-1.73,16.24,8217.65,0.02,4.84,10.57,38.26,1.12,2.01,22.95,20186.68,0.0
Northern Europe,2024-10-08,3.11,9.57,39.73,4.59,2.03,25.07,21579.16,0.0,4.92,13.95,36.85,3.45,6.21,23.1,16759.78,0.0,2.71,7.02,36.24,7.95,-0.82,20.66,13251.86,0.03,2.97,10.47,39.43,2.99,3.01,24.94,21232.22,0.0
Northern Europe,2024-10-09,3.1,10.01,47.68,10.46,3.22,29.51,38434.19,0.0,5.29,14.01,45.84,5.34,6.94,28.75,32932.67,0.0,2.42,7.94,42.48,10.64,1.24,22.95,20516.0,0.04,2.99,10.96,49.51,12.26,4.23,29.1,41264.09,0.0
Northern Europe,2024-10-10,3.22,10.19,52.28,12.12,0.57,28.11,40527.2,0.01,4.7,13.22,55.11,4.99,4.76,30.92,44748.96,0.0,2.44,6.87,41.62,9.26,-2.67,19.71,16150.92,0.05,2.16,11.89,56.32,16.65,2.42,31.04,44695.07,0.0
Northern Europe,2024-10-11,5.46,9.55,51.8,6.56,-0.35,29.31,40326.08,0.01,6.33,12.37,47.99,2.04,3.26,30.27,39221.17,0.0,4.68,4.84,43.65,7.41,-4.83,21.48,17136.58,0.07,5.01,11.55,56.25,3.79,2.12,33.59,52800.12,0.0
Northern Europe,2024-10-12,5.81,8.33,43.69,2.93,-1.32,26.63,31202.37,0.01,7.44,11.72,44.98,0.62,3.02,26.85,26618.71,0.0,4.09,4.06,42.24,4.16,-5.51,23.03,19732.32,0.07,6.63,10.19,43.03,0.69,1.53,25.64,23959.38,0.0
Northern Europe,2024-10-13,3.36,8.64,41.59,3.59,0.18,24.65,25290.53,0.01,5.68,11.0,44.89,5.06,2.24,25.53,26469.12,0.0,2.85,5.58,37.48,4.89,-2.73,19.56,13051.25,0.08,3.86,9.79,40.68,2.7,2.19,23.57,20422.14,0.0
Northern Europe,2024-10-14,4.28,8.05,32.66,1.4,0.46,17.39,10666.57,0.0,6.35,10.82,36.87,1.04,3.5,21.6,15782.88,0.0,3.62,4.13,28.81,1.41,-3.52,13.85,5442.38,0.08,4.17,9.12,29.19,1.29,2.16,16.76,8707.49,0.0
Northern Europe,2024-10-15,5.27,8.39,35.34,2.09,-0.84,22.36,19802.99,0.0,6.92,11.44,33.17,2.59,2.76,20.75,15393.18,0.0,4.26,5.07,29.91,1.19,-4.53,16.76,8494.02,0.07,5.99,8.51,34.85,0.51,-0.18,20.87,13617.13,0.0
Northern Europe,2024-10-16,4.81,9.89,40.93,1.05,-0.07,27.73,36293.94,0.0,7.21,11.8,44.78,0.56,2.25,30.28,40929.66,0.0,3.84,6.76,39.59,1.64,-3.33,22.22,21261.18,0.07,5.55,9.67,41.59,0.22,-0.11,28.23,33206.65,0.0
Northern Europe,2024-10-17,4.98,10.75,45.98,0.98,1.41,31.11,43929.82,0.0,7.15,12.81,42.8,0.81,2.95,30.4,35970.57,0.0,2.95,7.68,41.22,2.38,-1.03,24.87,25233.0,0.06,6.15,11.35,47.77,0.19,1.99,33.75,50470.16,0.0
Northern Europe,2024-10-18,3.34,11.75,43.79,2.16,4.21,27.23,38436.22,0.0,4.7,13.78,35.82,1.27,6.05,24.3,24981.55,0.0,3.5,9.51,34.91,1.86,1.5,19.13,14229.71,0.05,3.9,11.9,39.31,0.56,4.57,27.45,29193.53,0.0
Northern Europe,2024-10-19,3.87,11.85,37.07,1.77,4.82,24.4,21445.17,0.0,6.01,12.87,34.14,4.11,5.43,24.57,18297.41,0.0,2.47,9.69,31.83,3.68,2.15,19.26,10066.26,0.04,4.8,12.25,35.21,1.13,5.46,25.73,20452.92,0.0
Northern Europe,2024-10-20,2.97,11.75,52.88,4.75,4.8,33.55,69408.36,0.0,5.42,13.38,53.93,2.95,5.61,35.47,65242.72,0.0,2.34,9.22,51.01,8.92,2.26,24.17,23212.96,0.03,3.97,12.55,44.03,1.12,5.61,30.96,37491.43,0.0
Northern Europe,2024-10-21,3.43,12.44,61.83,4.54,5.06,40.02,83086.61,0.0,5.04,13.84,55.18,1.33,5.9,38.16,65753.88,0.0,2.56,9.37,65.92,11.93,1.15,35.81,58067.5,0.03,3.52,13.2,58.22,2.16,6.02,40.14,77661.63,0.0
Northern Europe,2024-10-22,4.38,11.06,48.77,3.32,3.13,30.65,43048.26,0.0,5.17,13.38,43.48,3.18,6.95,26.46,24555.54,0.0,3.01,7.56,51.96,7.23,-0.73,29.01,32134.05,0.03,4.48,11.92,48.54,1.94,4.88,31.29,39490.4,0.0
Northern Europe,2024-10-23,4.15,10.3,55.26,2.84,2.13,34.81,56689.66,0.0,6.19,12.84,50.67,0.28,5.28,32.05,39279.64,0.0,2.72,7.12,56.4,8.14,-1.74,31.7,44328.63,0.04,5.13,11.17,52.23,0.6,3.34,34.5,49044.89,0.0
Northern Europe,2024-10-24,3.5,11.53,47.53,2.91,3.37,28.76,38850.57,0.0,4.86,12.96,42.98,0.93,5.12,30.14,34633.54,0.0,2.52,8.74,45.57,1.52,1.02,24.83,23294.44,0.04,4.47,11.64,42.36,0.1,3.93,27.2,26372.51,0.0
Northern Europe,2024-10-25,3.13,10.0,40.76,1.82,2.72,24.28,28182.41,0.0,4.0,12.43,34.83,0.75,5.32,23.48,17577.8,0.0,2.43,7.68,37.67,1.33,-0.68,19.43,16180.13,0.03,3.52,10.64,37.79,0.16,3.84,24.1,18309.3,0.0
Northern Europe,2024-10-26,3.41,9.17,35.48,1.41,1.5,20.48,19550.72,0.0,3.67,12.24,31.16,0.76,5.41,18.67,10116.23,0.0,2.88,6.43,40.33,3.44,-1.42,18.68,13145.35,0.03,3.17,10.31,29.82,0.28,3.57,16.15,7865.77,0.0
Northern Europe,2024-10-27,1.61,9.97,48.71,7.28,0.54,31.22,40174.36,0.0,2.88,12.2,40.88,4.05,4.07,25.24,23778.92,0.0,1.83,6.48,47.36,12.02,-2.21,27.35,28154.17,0.04,1.55,10.73,46.15,4.42,2.47,29.75,35853.89,0.0
Northern Europe,2024-10-28,2.65,8.71,45.26,3.16,0.38,28.71,31977.49,0.0,2.68,11.81,39.74,2.77,4.89,26.7,23029.79,0.0,2.26,4.89,44.38,3.53,-3.19,23.21,20166.41,0.05,2.88,9.79,43.94,3.38,1.38,29.51,31653.3,0.0
Northern Europe,2024-10-29,2.38,7.72,42.36,1.55,0.07,24.62,29478.44,0.0,3.03,11.85,30.64,0.59,6.41,17.8,8767.08,0.0,2.25,4.54,49.65,3.17,-4.62,22.77,24594.49,0.05,2.83,8.56,41.31,0.26,1.29,23.54,22068.74,0.0
Northern Europe,2024-10-30,2.91,8.15,53.6,1.86,-0.05,33.54,52203.83,0.0,3.86,11.88,48.48,0.59,4.83,31.22,41726.43,0.0,2.14,4.77,57.7,5.33,-3.44,31.5,43206.83,0.06,3.72,9.58,57.09,0.88,0.48,37.57,63874.31,0.0
Northern Europe,2024-10-31,1.91,6.84,45.18,3.94,-0.52,26.59,36239.61,0.01,2.37,11.41,51.68,1.57,4.53,32.05,49116.11,0.0,1.24,4.31,49.9,22.36,-3.77,26.07,35702.65,0.08,2.11,8.08,50.7,0.94,0.07,30.29,44069.93,0.0
Northern Europe,2024-11-01,2.13,6.68,56.02,4.35,-3.74,32.09,66374.41,0.02,2.29,12.84,61.22,2.66,1.68,39.81,92131.69,0.0,2.14,4.49,68.74,11.14,-8.44,33.79,62261.21,0.1,2.22,8.23,57.55,3.3,-2.98,35.17,79305.7,0.0
Northern Europe,2024-11-02,3.04,5.0,51.17,1.15,-3.81,29.31,38942.58,0.02,4.49,8.04,50.04,0.66,-0.85,26.62,42171.29,0.0,2.14,1.32,51.76,2.24,-8.01,25.57,27909.82,0.11,3.7,5.1,55.37,0.56,-4.48,30.17,46500.54,0.01
Northern Europe,2024-11-03,1.81,6.98,46.63,2.54,-2.02,28.67,35849.6,0.03,2.25,10.82,52.83,1.56,1.07,32.6,46719.83,0.0,1.37,4.88,52.59,5.08,-4.45,27.38,38152.2,0.12,1.86,7.47,52.22,1.64,-2.65,31.32,42848.8,0.01
Northern Europe,2024-11-04,2.16,6.81,35.33,1.04,-1.28,21.85,16597.45,0.03,3.32,9.87,40.94,0.18,2.55,20.95,17106.92,0.0,1.66,4.7,32.84,1.88,-3.05,17.64,12133.37,0.11,2.7,6.11,39.0,0.14,-2.02,23.43,17901.99,0.01
Northern Europe,2024-11-05,1.85,8.32,33.09,0.93,0.93,23.42,20578.24,0.02,2.13,10.01,29.86,0.66,3.7,19.92,13599.92,0.0,1.84,5.77,28.53,1.37,-1.87,17.19,13226.9,0.11,1.73,7.47,27.74,0.72,0.54,20.03,13590.35,0.01
Northern Europe,2024-11-06,1.92,7.78,32.24,0.49,1.68,22.87,19290.73,0.01,2.19,9.74,28.71,0.16,4.74,18.46,12314.37,0.0,1.61,5.09,30.24,0.63,-1.88,18.08,11363.33,0.1,2.04,7.32,29.63,0.05,1.16,20.42,12646.27,0.01
Northern Europe,2024-11-07,2.04,8.84,34.25,0.49,1.52,24.47,26439.64,0.01,1.96,10.1,27.98,0.27,4.13,18.45,11973.53,0.0,2.03,6.96,29.62,0.52,-0.84,17.83,12978.92,0.09,2.25,8.05,29.91,0.28,0.8,20.6,12461.85,0.01
Northern Europe,2024-11-08,1.91,8.39,36.95,0.76,1.21,26.05,34481.11,0.01,2.17,9.48,30.86,0.16,3.35,19.09,10585.61,0.0,1.56,6.31,31.37,0.94,-0.85,19.39,19740.02,0.08,2.38,7.97,33.43,0.07,0.46,23.41,19813.26,0.0
Northern Europe,2024-11-09,1.67,7.66,33.02,0.35,-0.08,20.99,18498.16,0.0,1.63,7.9,30.7,0.17,2.73,18.97,9657.5,0.0,1.61,4.97,27.3,0.21,-2.78,13.78,8886.51,0.07,1.74,7.5,33.58,0.05,0.25,21.95,17310.54,0.0
Northern Europe,2024-11-10,1.24,4.94,24.42,0.78,-1.61,15.12,6718.44,0.0,1.56,7.45,22.77,2.8,1.87,13.29,3741.74,0.0,0.89,2.07,19.79,0.18,-4.0,11.33,2829.11,0.07,1.37,4.88,24.62,0.65,-1.15,14.06,4694.76,0.0
Northern Europe,2024-11-11,1.24,4.89,24.89,1.32,-1.36,15.55,6786.06,0.0,1.81,7.5,25.94,1.96,1.34,15.67,5590.87,0.0,1.13,2.36,24.37,1.12,-3.87,13.03,4490.88,0.07,1.04,4.97,26.22,1.15,-1.09,15.81,6034.82,0.0
Northern Europe,2024-11-12,1.79,5.31,28.45,0.98,-1.68,18.95,16299.38,0.0,2.54,6.82,21.25,0.15,0.4,13.3,4099.11,0.0,1.03,3.18,29.6,1.3,-4.01,17.32,11182.04,0.07,1.77,5.04,25.0,0.23,-1.49,17.07,6700.08,0.0
Northern Europe,2024-11-13,1.51,7.52,42.62,1.22,-1.05,28.61,44509.5,0.0,2.18,8.17,33.56,0.16,0.85,18.89,11292.01,0.0,1.12,5.46,46.34,2.47,-3.05,27.06,35595.83,0.07,1.62,6.73,39.71,0.41,-1.28,25.69,27578.3,0.0
Northern Europe,2024-11-14,1.8,6.8,44.61,1.41,-1.19,30.77,46602.46,0.0,2.42,8.67,38.75,1.08,1.18,26.06,22737.52,0.0,1.45,3.38,49.64,2.5,-4.67,28.91,36439.48,0.07,2.44,6.68,39.72,0.3,-1.52,28.52,32049.6,0.0
Northern Europe,2024-11-15,1.3,8.9,48.31,2.36,0.04,32.2,50301.96,0.0,1.78,9.83,41.58,0.2,1.6,28.53,28327.3,0.0,0.86,6.1,54.25,6.75,-2.14,29.57,37085.9,0.08,1.67,8.25,43.69,0.32,-1.09,31.19,36887.42,0.0
Northern Europe,2024-11-16,1.21,8.24,54.89,5.0,-2.68,36.85,69920.55,0.0,1.31,10.25,54.08,2.25,1.82,37.62,63965.36,0.0,1.07,5.35,62.37,11.7,-6.75,35.05,56383.29,0.09,1.09,9.14,60.47,2.09,-1.54,41.18,84633.7,0.0
Northern Europe,2024-11-17,1.38,4.45,51.94,3.25,-3.69,31.52,48436.84,0.01,2.27,7.52,52.53,2.5,-0.66,36.14,53689.89,0.0,1.01,0.96,49.94,5.15,-6.96,25.11,26876.26,0.12,1.97,5.62,56.24,1.9,-2.83,35.29,56057.46,0.0
Northern Europe,2024-11-18,1.32,3.0,40.65,3.56,-4.84,24.38,25858.9,0.02,2.26,6.13,47.18,3.96,-1.68,30.61,35629.42,0.0,1.33,-0.99,32.09,1.77,-8.99,18.5,11158.71,0.14,1.76,3.46,39.31,1.99,-4.2,25.65,21986.77,0.0
Northern Europe,2024-11-19,1.39,1.13,31.42,1.75,-6.87,17.42,11445.52,0.02,1.85,4.17,34.43,3.1,-4.11,19.65,13035.13,0.0,1.07,-2.94,25.42,1.43,-10.77,13.69,5045.23,0.14,1.49,1.65,30.25,1.54,-5.58,15.69,6648.18,0.0
Northern Europe,2024-11-20,1.37,0.5,49.88,3.11,-9.18,27.25,34182.6,0.03,2.58,3.57,41.4,4.19,-5.81,26.77,31068.96,0.01,1.2,-3.68,35.78,1.53,-13.31,18.43,15637.44,0.15,1.28,1.16,55.34,4.49,-7.85,31.85,52817.2,0.01
Northern Europe,2024-11-21,1.32,-1.19,57.72,6.06,-11.53,34.51,70613.69,0.05,2.39,2.29,39.5,3.2,-6.96,25.03,25593.66,0.01,1.25,-6.26,41.2,1.38,-16.19,23.9,32475.01,0.16,1.37,0.68,58.08,4.91,-9.5,35.5,75750.2,0.04
Northern Europe,2024-11-22,1.48,-1.11,46.09,3.19,-10.55,25.77,27302.24,0.06,2.36,1.48,42.54,3.46,-7.98,25.8,24095.02,0.02,1.29,-5.93,40.54,2.01,-16.17,21.37,17300.0,0.17,1.37,-1.14,44.29,2.56,-9.95,26.19,27219.69,0.05
Northern Europe,2024-11-23,1.41,1.42,49.47,6.98,-10.36,31.66,53119.01,0.07,2.31,4.05,54.84,7.41,-6.38,34.24,63064.55,0.02,1.15,-3.01,42.93,2.69,-13.91,23.9,21765.04,0.18,1.8,0.53,41.98,1.74,-10.02,28.99,30904.64,0.05
Northern Europe,2024-11-24,1.03,4.9,60.12,6.95,-8.01,38.33,88190.67,0.07,1.75,9.5,64.52,7.18,-4.73,43.5,105729.63,0.02,0.57,1.11,56.25,11.62,-12.32,29.89,43390.96,0.19,1.01,5.54,54.03,5.25,-7.55,36.07,62540.27,0.05
Northern Europe,2024-11-25,0.88,7.19,60.25,8.49,-2.61,39.55,86026.16,0.07,1.5,10.81,62.83,4.32,0.18,45.81,113231.0,0.01,0.68,3.09,53.48,9.56,-5.78,30.19,38335.74,0.22,0.58,9.24,63.07,8.08,-1.42,46.01,114708.15,0.05
Northern Europe,2024-11-26,1.21,5.89,45.54,2.31,-2.66,30.59,46237.01,0.05,2.26,8.07,48.65,2.18,0.36,34.13,53293.48,0.0,0.66,2.27,42.9,5.56,-5.75,21.77,19971.97,0.22,1.37,7.27,49.05,2.63,-0.5,36.88,62381.87,0.02
Northern Europe,2024-11-27,1.19,2.78,32.32,1.29,-6.35,19.48,13042.24,0.05,2.14,6.5,38.6,4.08,-0.78,22.84,17828.41,0.0,0.66,-0.52,23.46,0.73,-9.31,13.21,5499.75,0.22,1.09,5.03,33.01,1.48,-2.34,22.28,15130.65,0.01
Northern Europe,2024-11-28,0.71,1.05,38.15,2.19,-8.26,24.3,34118.38,0.05,1.36,6.16,48.28,5.6,-1.85,30.72,49267.37,0.0,0.89,-2.53,26.38,0.52,-12.99,14.63,9740.71,0.22,0.7,2.83,36.75,3.26,-4.88,23.9,27448.33,0.01
Northern Europe,2024-11-29,0.66,3.35,45.15,2.85,-6.9,29.5,45382.45,0.05,1.31,6.15,39.35,1.04,-1.59,24.57,31339.54,0.0,0.41,0.76,41.0,4.74,-11.26,23.98,22152.99,0.22,0.91,3.16,39.64,0.25,-5.84,24.69,23301.21,0.01
Northern Europe,2024-11-30,0.66,4.16,46.22,4.35,-5.43,30.13,47466.41,0.05,1.53,6.94,45.17,0.76,-1.01,32.87,43990.76,0.0,0.3,1.47,42.8,6.98,-7.81,23.87,23409.26,0.23,1.13,4.38,45.56,2.12,-4.29,29.79,37438.13,0.01
Northern Europe,2024-12-01,0.78,6.48,48.9,2.61,-2.46,32.59,50305.37,0.05,1.61,6.97,41.37,0.86,-1.01,29.88,30868.25,0.0,0.38,4.89,51.77,8.34,-4.06,28.56,36332.81,0.23,0.87,6.13,46.07,0.27,-1.97,32.24,45010.83,0.01
Northern Europe,2024-12-02,0.71,6.65,51.57,3.71,-4.97,33.59,52865.63,0.04,1.28,7.26,45.44,2.73,-1.49,32.67,39846.01,0.0,0.43,4.39,48.08,5.86,-8.35,25.41,26383.08,0.22,0.6,6.85,48.18,3.08,-3.04,36.17,60533.86,0.01
Northern Europe,2024-12-03,0.81,1.53,41.19,1.36,-8.38,26.97,26637.49,0.04,1.08,6.63,41.73,1.82,-2.8,26.5,24415.87,0.0,0.74,-2.99,36.33,1.08,-13.26,20.45,14091.19,0.22,0.92,4.12,44.23,3.56,-7.59,27.41,27391.18,0.01
Northern Europe,2024-12-04,0.7,-1.17,38.58,1.43,-10.63,24.91,30284.62,0.04,0.86,3.95,39.39,2.21,-3.76,25.0,25165.15,0.0,0.64,-6.08,34.18,0.62,-16.1,20.89,16476.04,0.22,1.03,-1.06,33.77,0.44,-9.54,21.57,13988.03,0.02
Northern Europe,2024-12-05,0.6,0.98,50.0,2.79,-9.7,32.99,57006.12,0.04,0.92,4.15,52.42,4.16,-4.77,32.01,46465.14,0.0,0.29,-2.68,51.69,5.81,-12.97,32.26,48930.51,0.24,0.72,0.63,43.47,0.76,-10.06,26.0,30887.21,0.02
Northern Europe,2024-12-06,0.38,2.99,51.62,3.14,-6.38,31.09,47061.45,0.05,0.68,4.07,51.9,3.0,-3.82,30.04,44454.62,0.01,0.28,-0.55,44.47,2.75,-9.06,24.26,23035.38,0.26,0.58,2.09,46.85,1.06,-5.81,30.59,38667.17,0.02
Northern Europe,2024-12-07,0.59,2.39,49.19,2.46,-5.1,31.46,67441.38,0.05,0.9,3.92,50.07,3.78,-3.58,31.88,72768.91,0.01,0.28,-0.63,36.24,3.03,-6.85,22.2,20185.67,0.28,0.42,1.95,37.85,1.18,-4.52,26.23,25816.73,0.02
Northern Europe,2024-12-08,0.72,2.47,42.59,1.05,-5.71,27.51,32896.18,0.05,1.18,4.17,40.81,1.95,-3.04,29.62,36738.2,0.01,0.64,-0.62,34.42,1.39,-9.37,19.96,14969.72,0.28,0.57,2.04,33.82,0.66,-5.23,23.59,19214.47,0.02
Northern Europe,2024-12-09,1.01,2.2,41.99,0.75,-7.59,27.78,34710.95,0.05,1.43,3.24,43.15,0.31,-4.47,29.67,38368.22,0.01,0.76,-0.65,32.77,1.63,-11.27,18.95,18469.1,0.28,0.94,1.72,38.29,0.18,-6.99,26.22,26087.41,0.02
Northern Europe,2024-12-10,0.99,3.57,41.91,1.21,-5.61,29.21,43962.1,0.05,1.53,2.46,31.86,0.02,-5.17,18.55,11534.45,0.01,0.67,1.29,39.93,2.63,-8.88,25.04,32146.43,0.29,1.04,2.06,36.58,0.14,-6.29,26.17,28379.98,0.02
Northern Europe,2024-12-11,0.85,2.91,40.44,0.37,-6.86,28.19,38095.61,0.04,1.47,3.66,27.44,0.03,-5.29,20.06,12764.5,0.01,0.55,0.1,38.25,0.81,-9.42,22.64,24609.32,0.28,0.9,2.52,38.24,0.02,-7.01,29.06,38777.09,0.02
Northern Europe,2024-12-12,0.76,0.11,36.75,0.43,-8.79,23.25,23849.72,0.05,1.37,2.69,32.25,0.19,-4.96,18.8,15971.77,0.01,0.44,-2.2,35.45,0.46,-11.32,19.21,15298.26,0.28,1.06,-0.41,36.72,0.2,-9.74,25.52,31153.42,0.02
Northern Europe,2024-12-13,0.59,0.84,35.07,2.97,-8.77,21.96,19555.82,0.05,1.49,2.59,35.74,0.22,-6.13,22.17,15798.46,0.01,0.35,-1.27,35.0,6.76,-10.28,20.61,14226.19,0.29,0.6,0.08,39.04,0.98,-10.44,23.91,20137.46,0.02
Northern Europe,2024-12-14,0.47,1.22,46.74,5.37,-8.21,30.42,37272.1,0.07,0.94,4.69,43.48,1.92,-4.63,31.51,35647.82,0.01,0.5,-1.7,41.99,7.76,-11.26,24.87,21701.1,0.33,0.34,0.84,48.31,5.3,-8.72,32.23,43622.44,0.03
Northern Europe,2024-12-15,0.41,1.32,58.5,4.53,-11.15,33.63,57196.0,0.09,0.7,6.93,58.89,2.22,-3.0,36.2,58903.78,0.01,0.23,-0.68,70.63,15.58,-13.14,29.46,46308.79,0.36,0.55,1.6,57.93,2.32,-11.08,33.84,53412.38,0.05
Northern Europe,2024-12-16,0.65,2.9,66.69,6.28,-7.72,41.07,101939.94,0.11,1.06,8.49,72.93,5.22,-0.9,48.06,133872.16,0.02,0.38,-0.37,69.57,11.44,-10.63,35.21,61857.22,0.41,0.83,3.6,69.23,5.08,-7.63,42.89,106815.62,0.07
Northern Europe,2024-12-17,0.62,1.75,52.57,2.61,-8.02,31.54,52766.11,0.12,1.16,7.51,62.63,2.39,0.07,40.17,80802.86,0.01,0.5,-1.8,47.65,1.89,-11.17,24.64,28342.29,0.42,1.0,1.24,49.94,0.84,-8.74,30.95,46492.38,0.07
Northern Europe,2024-12-18,0.3,2.36,55.4,7.81,-10.24,30.85,55542.56,0.12,0.66,7.24,59.53,5.25,-2.48,37.26,74529.43,0.01,0.21,-0.18,51.13,14.31,-11.8,26.45,31904.39,0.43,0.33,1.37,49.69,4.17,-10.39,28.75,43303.84,0.08
Northern Europe,2024-12-19,0.6,3.52,56.8,7.49,-8.23,34.87,64213.23,0.15,1.02,7.95,55.47,7.37,-2.53,36.35,57576.87,0.01,0.34,-0.27,54.75,8.54,-11.96,30.74,41149.34,0.47,0.37,4.92,54.69,7.32,-7.11,34.82,52883.4,0.09
Northern Europe,2024-12-20,0.87,0.84,50.53,2.35,-9.73,31.34,44939.57,0.16,1.53,6.49,58.55,1.36,-3.13,37.95,67345.87,0.01,0.49,-3.17,52.08,4.29,-13.32,25.81,28147.32,0.48,0.9,2.59,47.37,1.74,-7.99,31.42,41333.08,0.09
Northern Europe,2024-12-21,0.57,0.24,49.56,4.07,-10.82,31.93,59013.67,0.16,1.21,6.27,59.18,4.84,-2.67,40.12,76176.55,0.01,0.32,-3.36,43.23,7.8,-13.1,22.97,20652.97,0.5,0.66,1.43,48.81,2.84,-9.08,30.9,44665.6,0.09
Northern Europe,2024-12-22,0.72,1.31,51.98,5.36,-10.71,31.8,57774.85,0.17,1.51,5.31,53.4,3.23,-2.66,35.63,56700.91,0.01,0.32,-2.16,43.96,7.33,-12.68,22.34,20668.22,0.52,0.76,3.11,47.36,4.15,-7.94,28.97,32809.15,0.1
Northern Europe,2024-12-23,0.48,1.0,38.29,2.19,-8.19,24.06,29055.96,0.18,1.1,5.49,43.48,2.76,-2.25,28.72,32124.55,0.01,0.46,-2.85,35.17,0.99,-12.65,18.82,12559.62,0.53,0.43,2.18,33.87,2.72,-5.1,21.67,16399.59,0.1
Northern Europe,2024-12-24,0.41,2.1,38.6,1.41,-8.7,23.75,27929.56,0.18,0.84,5.26,31.19,0.6,-2.08,20.21,13170.08,0.01,0.26,0.16,37.74,4.03,-13.27,21.4,17996.79,0.53,0.54,2.08,34.42,0.67,-6.27,18.41,12613.72,0.1
Northern Europe,2024-12-25,0.51,6.79,46.5,2.77,-3.39,33.75,57712.93,0.17,0.99,7.52,36.89,0.27,0.62,28.76,26744.28,0.01,0.34,4.97,47.32,6.16,-5.13,29.13,36045.32,0.52,0.42,5.97,41.32,0.58,-3.24,32.64,43429.62,0.1
Northern Europe,2024-12-26,0.49,6.43,45.86,1.72,-1.21,31.42,48012.04,0.15,0.74,7.53,33.6,0.94,2.52,24.77,17739.42,0.01,0.3,4.37,51.37,5.47,-4.12,28.76,37702.58,0.5,0.49,6.13,37.96,0.16,-0.56,29.48,33678.74,0.08
Northern Europe,2024-12-27,0.45,4.35,35.96,1.69,-2.68,27.43,36530.44,0.14,0.67,6.4,23.73,1.31,2.11,16.48,5587.14,0.0,0.28,1.73,38.32,4.67,-5.78,22.83,26114.75,0.49,0.53,4.36,30.28,1.34,-2.23,23.01,21271.26,0.07
Northern Europe,2024-12-28,0.46,3.36,36.02,2.14,-4.51,26.42,29427.33,0.14,0.71,5.7,28.41,0.31,0.37,18.44,8268.83,0.0,0.25,1.41,37.56,6.22,-5.78,23.21,18932.83,0.49,0.47,3.39,32.22,0.19,-3.92,23.79,18558.52,0.07
Northern Europe,2024-12-29,0.62,4.63,54.51,3.42,-4.43,36.69,66275.41,0.14,0.98,6.86,50.56,0.42,-0.04,33.53,46313.25,0.0,0.31,1.73,59.43,12.11,-7.96,32.59,45233.24,0.5,0.53,5.16,52.21,1.19,-2.53,37.22,62070.0,0.07
Northern Europe,2024-12-30,0.55,3.33,62.32,3.19,-6.73,39.11,84109.22,0.14,0.75,7.35,62.65,4.97,-0.76,42.07,92363.35,0.0,0.46,-1.16,52.07,3.6,-11.72,28.18,39066.45,0.52,0.63,4.83,63.68,4.3,-5.62,40.58,87538.47,0.06
Northern Europe,2024-12-31,0.44,0.6,57.14,5.28,-9.32,34.11,65243.33,0.14,0.7,6.11,61.68,6.2,-2.3,36.93,77482.37,0.0,0.35,-4.66,46.7,7.01,-14.22,24.02,23497.14,0.53,0.64,1.37,54.4,2.44,-8.27,32.94,52752.26,0.06
Northern Europe,2025-01-01,0.56,-1.5,44.16,6.55,-12.11,27.79,46337.13,0.15,0.55,6.0,65.56,16.92,-4.09,42.53,114339.4,0.01,0.41,-6.31,32.65,5.17,-17.69,18.92,13785.66,0.58,0.3,0.57,50.31,10.58,-9.34,31.45,59191.06,0.07
Northern Europe,2025-01-02,1.09,-2.91,40.57,1.84,-13.0,25.38,26707.8,0.15,1.98,3.04,47.45,2.83,-7.27,28.72,33904.99,0.02,0.65,-7.75,39.74,2.61,-18.59,21.93,19233.07,0.59,1.11,-2.2,39.89,0.81,-12.21,25.13,22085.87,0.08
Northern Europe,2025-01-03,1.07,-4.2,44.43,1.99,-14.55,25.61,33009.68,0.16,2.22,0.32,52.2,2.42,-8.64,30.05,41889.13,0.02,0.76,-7.98,49.66,2.67,-19.49,23.81,23629.1,0.61,1.15,-4.02,42.89,1.63,-14.58,26.73,36088.0,0.09
Northern Europe,2025-01-04,0.86,-4.21,36.98,2.46,-14.4,23.6,19711.14,0.16,1.74,-0.07,43.17,2.91,-9.77,25.76,25596.22,0.03,0.71,-8.63,31.73,1.78,-18.68,18.84,12909.7,0.61,1.09,-3.99,38.46,0.8,-15.17,24.57,21376.75,0.09
Northern Europe,2025-01-05,0.66,-4.78,35.1,3.48,-15.7,21.61,20900.5,0.17,1.09,-0.38,49.85,5.25,-9.31,28.32,33366.03,0.04,0.52,-8.78,25.52,2.31,-19.92,14.74,6705.96,0.62,0.94,-4.42,37.05,1.09,-15.71,21.78,16285.15,0.09
Northern Europe,2025-01-06,0.59,-2.75,45.4,6.68,-15.12,26.94,50818.85,0.18,0.96,3.32,60.82,11.04,-9.13,38.22,77578.76,0.06,0.35,-7.52,46.67,7.87,-18.87,22.36,29022.56,0.64,0.51,-0.4,46.98,7.08,-14.79,28.77,48219.5,0.1
Northern Europe,2025-01-07,0.89,-1.19,60.91,5.4,-11.73,38.27,91215.45,0.2,1.87,3.97,64.05,4.09,-6.19,44.47,126342.84,0.05,0.46,-5.4,55.37,7.12,-15.56,28.65,38590.78,0.7,0.89,1.19,60.52,4.72,-9.4,41.07,102251.06,0.12
Northern Europe,2025-01-08,0.87,-1.1,46.4,3.86,-10.38,29.4,40277.24,0.22,1.67,2.81,51.18,4.24,-5.48,34.29,58922.65,0.05,0.71,-6.35,33.0,2.36,-16.33,19.13,14622.04,0.71,0.85,1.24,48.91,3.57,-7.76,31.91,50961.13,0.13
Northern Europe,2025-01-09,1.01,-2.25,31.07,1.14,-11.18,18.71,10643.32,0.2,1.86,1.96,33.94,1.46,-6.16,20.83,14817.66,0.04,0.64,-6.82,22.7,0.67,-16.12,13.02,5322.67,0.46,1.04,-0.75,32.87,1.54,-9.61,19.09,11595.33,0.11
Northern Europe,2025-01-10,0.82,-3.49,34.87,1.55,-13.27,22.2,21147.78,0.2,1.32,1.73,41.65,3.35,-6.86,26.84,26688.56,0.05,0.77,-7.05,23.27,0.53,-17.79,14.82,7584.34,0.43,0.78,-1.95,46.52,2.09,-11.34,27.44,32068.23,0.11
Northern Europe,2025-01-11,1.13,-3.08,40.57,1.07,-13.68,27.94,35425.59,0.19,1.74,1.58,45.94,2.12,-6.7,30.15,41073.96,0.05,0.96,-6.59,30.94,0.61,-17.31,19.17,13996.12,0.42,1.04,-2.6,54.72,2.02,-13.17,38.36,72803.6,0.11
Northern Europe,2025-01-12,1.2,-0.76,39.55,0.76,-13.62,27.88,33427.23,0.19,2.23,1.56,39.28,1.61,-7.94,25.6,27462.07,0.06,0.86,-4.67,33.3,1.46,-17.56,20.25,18278.06,0.42,1.7,-2.51,45.14,0.22,-14.25,28.95,32191.69,0.11
Northern Europe,2025-01-13,0.75,4.64,60.8,3.91,-9.24,37.78,84057.57,0.19,1.81,3.82,48.23,0.35,-8.23,31.94,45140.8,0.06,0.43,3.11,63.72,8.36,-12.43,34.21,63653.39,0.42,1.12,2.87,55.66,0.95,-12.16,34.52,59292.74,0.11
Northern Europe,2025-01-14,0.75,5.72,52.75,2.03,-3.27,36.32,60641.42,0.19,0.84,5.97,48.32,1.33,-2.01,37.04,57531.72,0.06,0.61,3.55,52.72,7.17,-4.79,28.59,35855.75,0.42,0.8,4.82,53.92,0.4,-3.68,39.49,71528.4,0.11
Northern Europe,2025-01-15,1.23,5.36,47.61,2.73,-6.49,29.99,49675.29,0.2,2.24,5.65,36.41,0.18,-1.27,22.61,16489.5,0.04,0.51,4.43,47.57,5.25,-6.79,25.87,31351.1,0.44,1.62,3.65,45.02,0.74,-6.8,26.37,32175.98,0.12
Northern Europe,2025-01-16,1.14,6.51,52.28,1.5,-1.48,38.29,72015.63,0.16,1.55,5.79,44.04,0.24,-1.32,32.97,39439.49,0.04,0.74,5.04,48.84,3.46,-2.51,29.67,37943.01,0.62,1.25,5.63,47.33,0.3,-2.6,37.07,59350.95,0.11
Northern Europe,2025-01-17,1.16,6.19,59.18,1.91,-2.35,38.09,82929.58,0.13,1.53,5.71,43.76,0.02,-1.17,32.46,38239.31,0.03,0.79,4.74,62.78,4.24,-4.1,32.93,54935.12,0.6,1.28,5.15,49.42,0.08,-2.63,35.66,56849.52,0.09
Northern Europe,2025-01-18,1.21,5.55,61.86,0.65,-3.96,35.7,70725.79,0.12,1.88,5.96,43.04,0.07,-2.09,29.04,34752.27,0.02,0.86,3.92,58.52,1.73,-6.08,27.96,42119.72,0.58,1.32,5.26,53.97,0.07,-3.81,35.0,63780.41,0.07
Northern Europe,2025-01-19,1.36,4.62,43.62,0.69,-5.27,27.75,36346.24,0.11,2.37,3.97,30.2,0.06,-3.86,21.93,14480.43,0.02,1.13,2.13,36.76,2.24,-8.19,20.15,17313.65,0.57,1.68,3.65,37.34,0.16,-5.64,25.91,27048.53,0.07
Northern Europe,2025-01-20,1.36,0.81,32.63,0.67,-8.49,19.92,13548.73,0.11,2.34,3.05,26.25,0.14,-4.54,17.24,7296.35,0.02,1.02,-1.69,27.91,0.44,-11.56,15.37,8283.2,0.57,1.87,1.37,34.16,0.07,-9.57,22.04,14665.43,0.07
Northern Europe,2025-01-21,0.9,-1.07,34.81,2.66,-8.95,23.7,19147.51,0.12,1.37,2.55,34.93,0.98,-4.4,23.89,18098.68,0.02,0.48,-4.02,26.51,3.23,-11.39,16.3,10715.34,0.58,0.78,-1.65,36.94,1.46,-9.69,25.51,25190.31,0.07
Northern Europe,2025-01-22,0.98,-0.92,30.42,2.58,-8.93,17.75,9575.86,0.14,1.46,3.28,30.68,1.12,-3.78,20.88,12369.76,0.02,0.92,-4.4,20.67,2.02,-12.72,10.81,3147.75,0.6,0.73,0.44,37.35,2.45,-8.17,23.04,17163.19,0.08
Northern Europe,2025-01-23,1.06,-1.52,39.58,4.77,-10.48,22.11,25490.03,0.15,1.54,3.47,45.88,5.3,-4.11,27.32,30711.67,0.03,0.75,-5.38,25.96,3.76,-14.32,14.03,6306.42,0.61,0.67,0.47,38.93,5.75,-7.44,24.82,25323.15,0.1
Northern Europe,2025-01-24,1.02,1.95,58.6,5.09,-9.45,34.61,96714.09,0.17,1.54,5.75,59.62,4.34,-3.55,38.76,90166.74,0.03,0.7,-2.35,49.64,6.71,-12.98,23.48,29870.04,0.63,0.88,2.88,48.28,2.77,-6.52,32.19,48217.53,0.1
Northern Europe,2025-01-25,1.31,3.77,55.96,5.06,-5.88,37.61,72960.52,0.18,1.69,5.53,52.91,1.54,-3.09,35.59,53206.1,0.03,1.1,-0.07,60.39,13.47,-9.48,35.76,61659.97,0.69,1.22,4.3,53.28,2.77,-4.26,39.19,73378.62,0.1
Northern Europe,2025-01-26,1.44,3.66,53.82,3.22,-6.31,32.33,58427.31,0.18,1.89,5.13,43.65,2.77,-3.16,25.02,33116.91,0.02,1.42,0.61,56.71,4.34,-9.72,29.17,37860.59,0.72,1.6,3.33,47.54,0.94,-4.6,27.72,37757.07,0.1
Northern Europe,2025-01-27,1.28,1.9,45.01,3.09,-8.25,27.83,40040.2,0.18,1.7,6.23,51.04,4.95,-3.48,32.32,53323.78,0.02,0.98,-1.66,43.45,2.55,-10.89,26.24,27575.71,0.72,1.07,2.72,40.57,2.36,-6.11,23.17,25355.41,0.1
Northern Europe,2025-01-28,1.58,3.22,40.43,2.64,-5.11,25.92,26928.69,0.18,2.73,6.6,38.29,2.25,-1.19,27.58,26962.79,0.02,1.1,-0.59,33.8,2.48,-9.21,18.44,11113.53,0.72,1.62,3.54,35.66,2.05,-3.69,23.76,18788.84,0.1
Northern Europe,2025-01-29,1.46,2.12,38.92,3.84,-5.81,23.1,20526.62,0.18,2.15,6.08,36.67,3.32,-0.94,24.14,18714.24,0.02,1.05,-1.01,29.1,1.57,-10.01,16.1,8648.85,0.72,1.17,3.26,34.04,6.78,-3.16,21.81,17027.58,0.1
Northern Europe,2025-01-30,1.46,2.45,42.9,4.88,-6.38,26.47,27282.54,0.2,2.28,6.06,46.21,1.39,-1.82,29.66,31386.85,0.02,1.51,-1.52,28.44,2.96,-11.22,16.96,11496.1,0.72,1.29,3.45,41.39,2.8,-4.46,28.46,29492.78,0.11
Northern Europe,2025-01-31,2.34,2.22,36.56,1.13,-6.86,23.95,19790.68,0.21,2.94,5.51,35.61,2.13,-3.0,21.38,14620.7,0.01,2.08,-0.77,28.04,1.28,-10.6,17.36,10875.73,0.73,2.2,2.35,34.97,0.59,-6.32,22.73,15318.52,0.11
Northern Europe,2025-02-01,2.27,1.49,36.94,0.94,-8.09,26.19,30931.82,0.21,3.02,4.66,36.72,1.94,-4.15,24.0,23963.61,0.02,2.14,-2.53,30.53,0.69,-12.98,17.84,13744.19,0.72,2.56,1.23,31.31,0.43,-7.3,22.34,17570.57,0.11
Northern Europe,2025-02-02,1.72,0.49,37.24,1.62,-9.61,23.73,23435.57,0.2,1.88,2.87,33.79,1.64,-4.83,20.51,15324.2,0.02,1.12,-2.35,31.16,0.51,-12.77,17.85,10178.11,0.71,1.45,0.14,33.55,0.87,-9.03,22.52,17729.41,0.11
Northern Europe,2025-02-03,1.43,-1.4,37.58,1.37,-10.93,24.93,36862.95,0.2,2.5,2.25,35.65,0.47,-5.52,22.46,20530.51,0.02,1.02,-3.53,32.69,1.89,-13.55,19.38,13002.71,0.71,1.66,-1.79,31.55,0.25,-10.22,18.82,10282.24,0.11
Northern Europe,2025-02-04,1.68,-0.07,44.75,3.86,-12.26,28.06,38432.38,0.21,2.63,2.91,40.1,1.63,-5.22,24.44,28032.1,0.02,0.99,-2.08,43.14,5.42,-12.25,24.99,25481.35,0.72,1.92,-1.85,36.01,0.9,-12.23,20.88,16009.68,0.11
Northern Europe,2025-02-05,2.19,4.11,50.05,3.97,-7.24,33.41,49428.9,0.22,3.68,5.23,43.25,0.65,-4.03,28.76,31376.46,0.02,1.88,1.31,50.55,8.94,-9.39,26.87,28518.59,0.76,1.93,3.63,49.72,1.83,-8.74,34.95,52177.58,0.12
Northern Europe,2025-02-06,3.56,3.7,36.92,0.58,-6.84,26.66,37489.97,0.22,4.58,4.7,29.74,0.51,-4.19,21.45,12545.33,0.02,2.43,1.39,37.92,1.59,-9.5,21.87,26882.62,0.76,3.76,2.97,30.9,0.26,-6.38,21.57,14585.02,0.12
Northern Europe,2025-02-07,3.2,2.32,37.98,0.21,-7.72,25.99,34282.5,0.21,3.47,2.36,41.95,0.07,-5.97,26.15,22427.79,0.02,3.18,0.92,29.94,0.2,-10.25,17.19,16917.24,0.75,2.55,1.52,36.64,0.07,-7.67,23.73,21529.98,0.11
Northern Europe,2025-02-08,2.15,0.09,38.16,0.28,-8.97,24.32,22844.25,0.21,2.76,1.48,40.67,0.24,-6.4,26.09,21775.64,0.02,2.03,-2.89,34.96,0.69,-13.01,19.79,12895.81,0.74,1.94,-0.03,39.13,0.18,-7.87,24.66,21257.88,0.11
Northern Europe,2025-02-09,2.58,0.27,35.89,0.59,-8.7,23.99,23074.36,0.21,2.82,1.44,37.12,0.08,-6.51,22.67,16023.22,0.02,3.22,-2.79,28.16,0.76,-14.25,16.44,10830.29,0.74,2.09,-0.25,31.18,0.14,-7.81,19.48,11659.35,0.11
Northern Europe,2025-02-10,3.07,1.57,37.41,0.25,-8.47,25.68,27526.6,0.21,2.82,0.64,41.53,0.12,-7.13,26.28,32237.7,0.02,3.48,-0.81,27.48,0.18,-12.06,16.5,10446.03,0.73,3.41,0.64,32.38,0.02,-8.93,22.2,17536.31,0.11
Northern Europe,2025-02-11,3.55,1.43,35.59,0.43,-8.69,25.81,31241.08,0.2,4.35,0.76,40.9,0.04,-7.86,28.41,41113.97,0.02,3.64,-0.32,27.45,0.46,-11.17,17.78,12691.14,0.72,3.33,0.34,33.12,0.02,-8.93,22.42,21079.54,0.11
Northern Europe,2025-02-12,3.06,0.7,35.26,0.38,-10.12,23.68,21953.41,0.2,3.79,-0.19,38.08,0.05,-8.69,24.83,24374.15,0.02,3.79,-1.32,25.04,0.25,-14.09,14.25,7181.8,0.72,2.9,-0.33,34.09,0.04,-9.23,22.4,17609.06,0.11
Northern Europe,2025-02-13,3.13,-1.81,34.99,0.86,-12.54,23.2,22016.3,0.2,3.31,0.19,37.44,0.86,-8.82,22.33,19433.28,0.03,3.37,-4.4,21.53,0.12,-16.34,13.0,5116.84,0.71,2.91,-1.72,36.54,0.23,-11.69,23.15,15760.04,0.11
Northern Europe,2025-02-14,3.57,-2.45,31.84,0.98,-12.88,19.04,14756.96,0.2,3.52,-0.1,32.88,1.15,-8.6,18.95,18800.89,0.03,2.92,-5.62,24.54,0.87,-17.25,14.48,6330.09,0.71,4.15,-3.34,30.1,0.16,-12.56,18.29,8673.23,0.11
Northern Europe,2025-02-15,3.48,-2.87,40.08,0.73,-13.39,24.08,20254.84,0.2,4.1,0.33,33.99,1.04,-9.48,18.74,11202.17,0.03,4.1,-5.86,34.51,0.62,-19.06,19.07,10897.27,0.72,3.05,-4.09,41.0,1.01,-13.9,22.45,16843.3,0.11
Northern Europe,2025-02-16,4.02,-2.31,34.66,1.09,-13.74,22.06,18240.97,0.2,5.9,-1.63,35.84,0.46,-11.56,20.39,13923.77,0.03,4.25,-5.82,28.01,0.61,-19.05,16.41,9383.73,0.72,4.87,-4.34,32.69,0.33,-15.81,19.95,12553.47,0.12
Northern Europe,2025-02-17,3.98,-1.35,32.75,1.51,-11.59,21.21,18159.02,0.21,5.41,0.14,35.04,1.0,-11.55,21.35,17828.58,0.03,4.24,-4.25,28.01,0.64,-16.35,17.65,9546.32,0.72,4.62,-2.64,30.36,0.3,-13.02,19.07,10715.99,0.12
Northern Europe,2025-02-18,5.0,0.35,37.85,0.67,-10.75,25.32,27043.9,0.21,6.56,1.65,33.64,0.7,-10.13,21.57,21895.87,0.04,4.94,-2.79,28.49,0.35,-15.48,16.85,10960.01,0.72,5.25,-0.29,37.52,0.32,-11.42,24.54,18568.72,0.12
Northern Europe,2025-02-19,5.02,-0.12,33.85,1.67,-12.76,23.67,28173.39,0.21,7.13,2.11,36.05,1.33,-9.92,22.94,24534.42,0.04,4.97,-3.72,26.94,0.59,-17.44,16.76,9817.63,0.72,6.05,-0.77,28.27,0.1,-13.17,18.47,11191.09,0.12
Northern Europe,2025-02-20,4.72,0.46,46.17,2.03,-12.11,31.3,56975.64,0.2,6.69,2.79,42.22,1.41,-9.63,30.59,47072.31,0.04,3.21,-2.81,42.35,2.8,-15.76,23.25,25398.43,0.72,5.97,0.34,44.48,0.14,-12.78,29.55,36578.84,0.12
Northern Europe,2025-02-21,3.06,3.61,52.65,4.01,-7.72,35.44,67499.18,0.21,4.29,4.89,50.32,4.35,-5.91,34.79,58171.66,0.04,3.23,1.64,49.24,4.85,-10.56,27.3,32341.35,0.74,2.62,2.15,51.11,2.03,-8.26,35.42,56399.63,0.12
Northern Europe,2025-02-22,3.54,5.57,45.07,2.67,-3.84,32.99,46040.2,0.2,4.95,5.63,40.25,1.49,-2.61,30.67,32735.4,0.03,2.01,3.56,48.52,10.27,-5.38,26.85,27996.37,0.73,3.87,4.0,42.53,0.65,-4.41,33.22,43000.58,0.11
Northern Europe,2025-02-23,4.23,5.58,48.57,3.43,-3.59,32.36,66709.3,0.18,6.08,6.62,41.74,2.85,-3.36,29.33,46491.56,0.03,4.23,3.55,49.1,1.63,-5.26,25.95,29611.5,0.72,3.93,4.15,37.26,1.35,-3.98,27.66,29441.81,0.1
Northern Europe,2025-02-24,2.89,5.02,50.28,3.92,-3.95,35.1,57649.44,0.17,4.67,6.4,41.03,5.28,-3.26,32.32,45203.85,0.03,2.33,3.14,56.06,8.44,-6.01,29.99,37656.18,0.71,2.67,4.23,41.91,2.04,-4.11,32.87,45750.18,0.09
Northern Europe,2025-02-25,3.78,4.87,38.89,2.72,-2.82,27.05,27997.45,0.16,5.98,6.79,37.57,1.32,-2.53,24.32,17244.5,0.03,3.69,2.6,35.86,2.58,-5.88,20.93,14125.79,0.7,3.08,4.65,39.31,2.38,-2.83,26.68,26365.44,0.09
Northern Europe,2025-02-26,3.9,3.99,32.69,1.75,-3.68,21.66,18122.13,0.15,4.32,5.09,29.86,1.37,-2.97,18.23,13117.31,0.03,3.44,1.76,30.38,2.14,-6.65,17.41,8133.72,0.7,3.0,3.6,28.36,2.18,-3.08,19.72,11506.29,0.09
Northern Europe,2025-02-27,4.15,3.7,28.29,1.06,-4.54,18.07,10262.51,0.15,4.48,4.96,26.86,1.34,-2.85,15.77,5717.44,0.02,4.52,1.32,27.0,0.99,-8.06,15.27,6016.52,0.69,3.21,3.3,24.33,0.58,-3.46,15.94,7172.75,0.08
Northern Europe,2025-02-28,5.58,4.16,29.94,1.04,-6.0,19.41,13859.17,0.15,5.48,5.16,23.87,0.86,-3.31,13.62,4182.08,0.02,4.96,1.66,27.29,1.17,-9.22,15.95,7198.02,0.69,4.69,3.49,24.99,0.34,-5.02,15.85,6062.22,0.08
Northern Europe,2025-03-01,4.77,4.2,35.35,1.38,-5.68,22.45,22638.0,0.15,5.56,5.38,29.42,0.57,-4.15,16.96,7949.76,0.02,3.42,1.72,40.06,2.8,-8.26,20.61,15439.82,0.69,4.84,3.23,30.89,0.22,-5.88,19.63,10926.51,0.08
Northern Europe,2025-03-02,5.03,5.42,49.39,4.08,-4.11,32.34,46277.2,0.15,6.66,6.74,44.74,0.14,-2.28,28.01,27531.81,0.02,3.7,2.96,50.19,8.73,-6.25,29.1,36285.98,0.71,6.02,5.32,47.9,1.35,-4.62,32.32,40732.58,0.08
Northern Europe,2025-03-03,5.42,6.17,51.8,3.43,-4.03,34.8,55042.57,0.15,6.67,7.49,52.28,0.11,-2.22,34.28,48325.26,0.02,4.06,3.4,57.54,12.2,-6.07,32.59,43803.76,0.73,5.42,6.3,50.84,1.38,-4.49,35.64,55507.67,0.08
Northern Europe,2025-03-04,6.23,5.28,55.55,3.54,-4.37,36.42,64488.21,0.15,6.65,7.73,55.92,0.44,-1.8,37.87,61523.55,0.01,4.5,3.2,60.35,13.68,-6.07,33.32,55041.12,0.76,6.32,5.72,54.8,0.79,-3.96,37.93,66386.5,0.08
Northern Europe,2025-03-05,5.15,6.43,57.05,5.37,-3.67,39.6,84075.6,0.16,6.43,8.62,57.52,1.34,-1.58,42.85,87601.86,0.01,3.61,4.36,59.6,24.48,-5.46,33.54,62787.23,0.8,5.46,7.01,56.57,1.82,-3.92,41.6,92049.66,0.08
Northern Europe,2025-03-06,5.87,7.85,57.59,2.86,-3.01,34.5,71549.02,0.15,9.42,11.47,54.27,0.19,0.01,36.75,59175.47,0.01,4.68,5.12,56.59,4.66,-5.37,28.97,45892.17,0.79,7.44,9.14,55.13,0.85,-2.23,36.48,69490.01,0.08
Northern Europe,2025-03-07,6.59,7.25,40.23,1.31,-4.15,24.3,26158.23,0.15,9.3,11.65,34.75,0.69,-0.66,23.07,15857.32,0.01,4.97,4.47,44.99,3.07,-5.98,22.37,19650.09,0.77,8.33,8.11,35.99,0.14,-3.5,23.96,19489.26,0.07
Northern Europe,2025-03-08,7.46,7.64,48.15,1.33,-2.97,28.25,41344.77,0.15,9.53,12.83,29.92,0.33,-0.7,19.61,13376.82,0.01,5.76,4.56,46.03,3.38,-6.22,21.83,26360.75,0.76,8.65,8.61,39.57,0.58,-2.46,24.97,33331.67,0.07
Northern Europe,2025-03-09,7.24,5.93,33.71,1.63,-4.54,18.46,13339.63,0.15,10.6,12.11,26.32,0.02,-0.94,18.71,10253.73,0.01,6.69,3.82,33.12,3.01,-6.5,16.05,8551.06,0.76,8.35,7.29,32.68,0.44,-4.08,18.5,12557.36,0.07
Northern Europe,2025-03-10,7.02,4.13,30.58,1.68,-6.79,19.45,13382.51,0.15,10.5,11.37,29.13,0.16,-2.09,20.87,12437.06,0.01,5.38,1.25,25.31,2.83,-10.13,13.22,4316.92,0.77,6.74,4.77,32.44,2.13,-4.98,20.37,12330.9,0.07
Northern Europe,2025-03-11,6.95,1.56,29.63,0.86,-9.19,18.42,9721.43,0.15,6.29,6.58,31.09,1.79,-2.44,18.02,9475.77,0.01,6.73,-1.43,23.68,1.67,-12.27,12.58,3850.0,0.77,5.78,1.9,35.23,1.01,-7.59,22.0,13095.08,0.08
Northern Europe,2025-03-12,6.32,0.73,26.98,1.2,-9.54,15.12,8199.1,0.16,6.06,5.06,33.01,1.7,-3.71,18.23,8849.55,0.01,7.51,-2.43,20.52,0.44,-13.75,10.34,2969.76,0.76,5.61,0.66,28.12,1.98,-8.37,15.81,6337.42,0.08
Northern Europe,2025-03-13,7.67,0.59,28.18,1.12,-10.51,15.28,8210.13,0.16,6.47,5.02,31.99,2.76,-4.5,17.56,8067.29,0.01,9.2,-2.25,24.05,0.68,-15.96,12.13,4391.68,0.76,6.42,0.54,26.79,1.82,-8.74,14.09,4271.37,0.08
Northern Europe,2025-03-14,9.35,0.84,37.82,0.96,-11.03,20.78,13718.74,0.16,9.05,3.81,40.27,2.57,-6.54,22.94,16972.0,0.02,9.43,-1.57,32.11,1.53,-14.75,17.56,10061.8,0.76,9.1,0.75,36.49,0.42,-10.82,20.88,12840.78,0.09
Northern Europe,2025-03-15,8.13,4.33,50.1,1.92,-8.91,29.8,45655.96,0.16,12.18,5.63,35.56,0.09,-7.16,19.31,13168.99,0.02,6.12,1.27,50.94,3.56,-11.98,26.94,31210.39,0.77,10.3,4.46,50.62,0.48,-9.5,30.07,50548.82,0.09
Northern Europe,2025-03-16,9.28,2.69,52.24,0.8,-8.89,30.16,35247.45,0.16,8.42,6.49,48.49,0.88,-5.44,29.23,29816.04,0.02,9.41,-0.55,53.53,1.48,-12.88,26.67,26816.65,0.78,9.61,3.42,53.54,1.04,-8.59,32.17,39768.32,0.09
Northern Europe,2025-03-17,8.3,3.25,44.45,1.23,-9.2,26.83,26399.24,0.16,12.67,4.74,42.46,0.55,-7.11,23.84,18344.2,0.02,7.27,0.72,45.04,2.34,-12.87,23.29,22274.01,0.78,10.53,2.7,42.84,0.53,-10.4,26.74,24401.35,0.09
Northern Europe,2025-03-18,8.35,6.57,54.2,1.39,-5.4,32.32,49680.12,0.16,9.38,7.08,44.47,0.42,-4.67,28.12,25485.44,0.02,6.77,3.83,53.33,3.47,-7.52,29.15,43966.1,0.79,9.96,7.01,46.19,0.39,-6.2,28.81,36206.52,0.09
Northern Europe,2025-03-19,10.68,5.89,50.09,0.71,-5.38,28.46,34837.51,0.15,13.58,9.03,37.1,0.01,-3.25,23.68,20137.09,0.02,9.24,2.58,46.57,1.22,-8.61,22.75,21119.41,0.79,12.32,6.99,48.05,0.07,-4.95,30.18,40394.59,0.08
Northern Europe,2025-03-20,9.89,6.28,33.45,0.33,-6.02,20.46,13703.67,0.15,13.1,10.73,31.64,0.0,-3.63,20.83,12694.28,0.01,8.99,2.31,31.57,0.51,-9.83,16.09,6932.66,0.78,10.43,6.84,30.05,0.14,-6.13,20.0,11420.13,0.08
Northern Europe,2025-03-21,11.94,6.37,33.75,1.05,-7.46,21.05,18714.82,0.14,13.27,9.87,40.38,0.69,-3.72,24.89,22608.63,0.01,11.97,4.02,32.71,0.07,-10.85,17.26,10625.28,0.77,13.14,6.12,32.43,0.04,-7.07,19.98,12749.31,0.07
Northern Europe,2025-03-22,12.01,7.07,48.37,1.02,-6.63,34.46,61084.86,0.14,13.77,9.48,52.01,1.46,-4.14,35.66,60511.22,0.01,12.38,5.18,44.6,0.11,-8.44,28.18,32629.05,0.76,13.48,6.67,43.88,0.15,-7.48,30.45,42816.76,0.07
Northern Europe,2025-03-23,12.7,8.08,44.92,0.11,-5.27,32.01,46924.88,0.13,13.29,9.24,49.88,0.08,-3.34,35.28,51862.81,0.01,12.04,5.56,45.38,0.06,-8.42,26.51,26895.25,0.75,13.78,7.58,42.05,0.01,-5.6,30.71,42647.81,0.07
Northern Europe,2025-03-24,11.38,6.5,43.53,1.38,-6.0,26.04,30107.81,0.13,12.12,9.35,34.14,0.87,-2.7,18.92,11432.56,0.01,8.04,3.39,46.57,3.98,-8.23,24.89,26143.3,0.74,12.88,7.2,39.09,0.29,-6.06,23.52,19766.19,0.06
Northern Europe,2025-03-25,8.13,6.48,45.52,1.85,-3.5,26.94,31141.09,0.13,6.8,8.91,40.61,1.45,-0.96,24.54,20282.6,0.01,7.13,4.08,45.82,3.71,-5.82,22.96,21074.04,0.75,6.02,6.6,45.22,1.79,-3.19,29.0,34088.32,0.06
Northern Europe,2025-03-26,10.14,6.8,37.3,1.22,-4.56,22.82,19638.29,0.13,9.81,9.39,36.64,0.76,0.04,23.26,16598.72,0.01,7.69,4.18,39.37,2.27,-6.52,19.99,12857.55,0.75,11.74,6.78,33.3,0.28,-3.77,20.67,13067.45,0.06
Northern Europe,2025-03-27,7.79,8.08,47.21,2.65,-3.07,31.33,45100.28,0.13,11.46,10.35,44.94,0.77,-0.93,26.85,27240.62,0.01,6.9,5.88,45.86,5.15,-3.9,25.91,25829.87,0.74,9.8,8.27,47.09,0.28,-4.42,30.37,36561.28,0.06
Northern Europe,2025-03-28,8.94,8.37,49.75,2.38,-1.92,32.53,45692.9,0.12,11.01,10.76,45.47,0.65,-0.11,28.69,28481.81,0.01,7.14,5.53,49.81,8.42,-3.74,27.4,27490.09,0.74,9.74,9.34,47.91,0.27,-0.88,33.02,43355.09,0.05
Northern Europe,2025-03-29,11.23,8.83,45.33,1.58,-2.08,28.67,33217.62,0.11,13.68,11.71,40.02,0.29,-0.63,24.3,18334.18,0.01,9.85,5.19,47.02,3.72,-4.94,24.94,21368.72,0.73,13.26,9.72,41.87,0.32,-1.64,27.72,30860.0,0.04
Northern Europe,2025-03-30,10.38,7.91,35.06,1.77,-3.14,20.28,17240.45,0.1,10.66,10.88,47.18,3.7,-0.55,27.91,30533.36,0.01,10.15,4.82,32.06,2.76,-6.47,16.03,8088.55,0.73,9.71,8.37,36.54,2.68,-2.7,21.2,16705.2,0.04
Northern Europe,2025-03-31,12.06,8.43,31.57,0.87,-2.59,17.97,10873.19,0.1,13.88,11.91,34.79,1.24,0.51,20.52,12501.77,0.01,12.64,5.61,29.85,0.42,-6.9,13.9,5804.13,0.72,11.93,9.05,30.62,0.7,-2.05,18.45,9506.54,0.03
Northern Europe,2025-04-01,13.11,10.28,34.09,0.7,-3.12,22.26,23743.36,0.1,16.38,13.12,29.35,0.0,-0.93,18.15,12945.91,0.0,11.38,8.69,32.76,1.72,-4.66,16.55,11228.53,0.71,14.92,10.55,28.06,0.04,-2.62,18.03,9232.12,0.03
Northern Europe,2025-04-02,14.0,11.84,37.39,0.24,-0.64,24.54,26834.6,0.09,17.23,14.21,33.21,0.0,-1.09,21.13,16110.17,0.0,13.36,9.95,32.88,0.83,-2.55,17.9,14459.47,0.69,14.88,13.08,31.45,0.0,-1.45,21.44,17043.15,0.02
Northern Europe,2025-04-03,14.31,12.0,54.44,0.45,-2.15,30.84,54726.71,0.08,17.29,15.95,31.72,0.14,0.74,19.64,13927.17,0.0,13.48,8.84,52.74,1.71,-4.16,26.77,46202.92,0.67,15.41,14.13,44.43,0.02,-1.01,25.17,33810.95,0.02
Northern Europe,2025-04-04,13.95,7.28,54.16,0.79,-3.99,32.02,44974.82,0.08,16.46,12.09,43.94,0.15,-0.35,25.65,24388.44,0.0,13.6,4.05,46.84,1.09,-7.34,23.28,24471.19,0.67,14.73,8.14,52.61,0.34,-3.02,32.01,45588.34,0.02
Northern Europe,2025-04-05,13.83,4.9,43.47,0.43,-6.08,25.37,23126.47,0.08,15.89,7.51,49.85,1.43,-3.49,30.09,34789.89,0.01,12.69,3.14,35.24,0.72,-8.77,16.62,10111.83,0.66,15.4,4.26,47.95,0.36,-6.36,27.99,26856.62,0.02
Northern Europe,2025-04-06,12.54,7.37,40.2,0.2,-4.48,22.19,16676.11,0.08,17.28,7.88,39.47,0.02,-5.28,21.43,15636.66,0.01,13.1,4.91,39.41,0.38,-6.46,19.6,13743.2,0.66,13.02,6.71,37.07,0.08,-6.32,19.11,10317.71,0.02
Northern Europe,2025-04-07,14.26,7.96,33.52,0.12,-3.53,18.18,9071.21,0.08,16.09,9.93,37.57,0.08,-3.21,19.79,11041.64,0.01,14.05,6.12,27.0,0.13,-6.14,12.51,4468.79,0.64,14.92,7.48,38.08,0.08,-3.93,21.56,12906.24,0.02
Northern Europe,2025-04-08,13.96,9.16,35.91,0.34,-4.32,18.49,13664.55,0.08,17.43,9.99,33.25,0.07,-3.13,16.89,8086.99,0.01,12.73,6.58,36.56,0.75,-6.4,16.62,11094.47,0.63,15.11,8.43,30.17,0.02,-4.72,15.98,8492.4,0.02
Northern Europe,2025-04-09,14.51,6.65,56.22,0.44,-5.4,31.26,47222.8,0.08,14.33,9.87,44.9,0.98,-2.76,23.17,22168.97,0.01,14.0,3.86,53.13,0.87,-7.83,26.13,29957.65,0.62,14.78,6.55,57.24,0.65,-5.58,31.89,48711.46,0.02
Northern Europe,2025-04-10,10.93,5.99,50.0,3.69,-6.07,25.21,31111.09,0.08,16.99,8.65,53.21,0.32,-3.48,24.76,28356.6,0.01,8.7,2.91,51.98,6.15,-8.36,23.82,28335.72,0.63,13.65,5.77,52.37,1.36,-7.18,26.38,29906.21,0.02
Northern Europe,2025-04-11,13.45,6.78,43.13,1.35,-4.66,22.51,21970.55,0.09,12.42,10.47,49.39,0.6,-1.27,29.44,37969.51,0.01,9.47,4.41,43.42,4.39,-6.25,20.5,16657.19,0.63,14.24,6.95,48.39,0.93,-4.71,27.04,31723.06,0.03
Northern Europe,2025-04-12,14.31,9.21,49.29,1.28,-3.06,26.68,30632.79,0.09,13.94,12.27,38.78,0.33,-0.56,20.74,14221.19,0.01,13.77,6.8,45.62,2.16,-4.76,21.43,20184.08,0.63,13.7,10.36,45.55,1.15,-3.44,25.54,26836.24,0.03
Northern Europe,2025-04-13,15.0,11.56,42.57,1.4,-2.4,25.36,24216.99,0.09,14.3,13.47,40.78,1.15,0.98,24.73,21195.83,0.01,12.68,8.95,41.72,3.49,-4.33,19.9,13193.81,0.62,16.49,12.35,43.16,0.33,-2.26,25.94,23590.22,0.03
Northern Europe,2025-04-14,11.68,10.4,44.13,2.43,-0.25,25.87,24678.75,0.08,13.84,13.7,38.96,1.41,2.41,20.96,15233.33,0.0,12.82,7.67,44.33,2.44,-3.32,21.66,15120.03,0.6,12.45,11.65,44.05,0.97,0.68,27.24,28232.06,0.02
Northern Europe,2025-04-15,17.22,12.05,41.67,0.49,-1.6,24.37,25220.79,0.07,17.79,15.96,43.62,1.55,2.19,26.11,28492.82,0.0,14.8,9.24,43.63,0.99,-4.2,21.03,16399.92,0.59,18.58,13.66,39.5,0.27,-0.14,23.55,23184.7,0.01
Northern Europe,2025-04-16,14.63,14.12,38.73,1.79,0.23,23.53,19399.55,0.07,13.78,15.48,42.5,3.63,4.5,24.89,22708.19,0.0,10.87,10.83,41.85,3.69,-1.35,22.45,17400.75,0.57,15.93,15.42,36.04,0.72,1.49,22.81,17227.61,0.01
Northern Europe,2025-04-17,14.32,14.38,33.3,2.13,2.23,19.3,12198.4,0.06,13.39,15.2,34.38,7.65,4.84,19.03,10750.77,0.0,9.88,11.0,34.03,4.87,0.63,17.67,9346.32,0.55,15.13,14.65,31.67,0.65,3.17,18.06,9585.51,0.01
Northern Europe,2025-04-18,10.13,12.49,38.01,3.27,2.07,22.05,20847.55,0.06,12.41,16.01,37.0,2.46,5.09,23.33,18021.21,0.0,13.52,9.68,33.65,1.39,-1.11,16.35,8194.68,0.53,11.43,13.63,35.29,0.8,3.36,20.4,15121.05,0.01
Northern Europe,2025-04-19,11.08,10.97,37.06,3.54,0.96,21.31,16525.78,0.06,9.96,14.89,35.71,8.17,5.33,20.39,12625.77,0.0,14.37,9.36,33.17,1.69,-3.14,16.79,8098.96,0.52,8.45,11.48,34.06,6.41,2.92,19.98,13156.21,0.0
Northern Europe,2025-04-20,12.39,9.1,34.76,2.02,-0.88,20.03,15014.45,0.06,9.59,13.08,34.49,3.1,5.68,17.99,8725.95,0.0,14.38,6.96,29.8,1.08,-3.54,14.76,6356.59,0.51,7.47,8.58,34.14,4.53,0.69,21.58,16688.22,0.0
Northern Europe,2025-04-21,15.51,8.67,34.6,0.7,-1.84,18.43,10609.43,0.06,12.71,12.91,30.63,1.47,4.4,15.52,5561.0,0.0,14.96,6.91,27.69,0.22,-3.96,12.79,5227.03,0.49,11.01,8.71,31.11,1.5,0.31,18.04,11923.98,0.0
Northern Europe,2025-04-22,10.9,9.06,32.36,2.71,-1.82,16.78,11387.29,0.05,12.16,13.51,32.98,3.36,3.75,16.51,10443.35,0.0,9.91,6.32,25.32,1.95,-3.11,11.19,3844.28,0.49,11.25,9.64,30.24,1.13,-0.34,16.3,6897.03,0.0
Northern Europe,2025-04-23,14.25,8.85,37.67,0.84,-1.35,18.29,10603.17,0.05,13.42,13.01,28.15,0.89,3.47,13.73,4476.65,0.0,16.31,6.68,32.45,0.8,-4.13,14.11,5945.27,0.48,11.17,9.54,32.61,1.43,0.6,15.98,6932.91,0.0
Northern Europe,2025-04-24,15.62,7.91,34.83,1.85,-3.19,17.1,9522.94,0.05,15.36,12.57,32.51,1.3,2.14,17.09,7723.28,0.0,17.06,5.37,32.8,0.89,-6.08,13.35,4782.9,0.47,17.47,8.7,31.03,0.66,-2.15,16.37,6876.12,0.0
Northern Europe,2025-04-25,18.37,7.44,37.47,1.36,-3.69,19.39,11537.19,0.05,18.81,10.88,35.93,1.56,0.02,18.79,12456.24,0.0,18.23,4.99,36.44,0.59,-7.44,16.48,7898.77,0.47,19.11,7.82,32.87,0.71,-2.64,16.67,8008.0,0.0
Northern Europe,2025-04-26,18.82,7.72,36.01,0.32,-4.08,18.33,11557.95,0.05,20.28,11.74,36.28,0.41,-0.81,18.43,10018.91,0.0,20.0,6.42,28.23,0.11,-7.43,12.0,4107.54,0.46,20.35,8.08,37.75,0.13,-3.54,20.49,12842.08,0.0
Northern Europe,2025-04-27,16.7,10.38,38.21,0.68,-3.14,21.4,20130.94,0.05,20.83,12.65,35.35,0.12,-0.19,21.21,14319.96,0.0,15.78,8.07,35.53,1.15,-5.8,15.72,7589.84,0.45,18.93,10.32,39.0,0.02,-3.5,21.52,14695.48,0.0
Northern Europe,2025-04-28,15.46,12.69,44.91,3.02,-0.47,24.77,24945.25,0.05,18.71,14.93,43.2,0.74,0.96,25.31,22851.34,0.0,11.08,9.07,48.32,8.72,-2.43,23.13,21200.58,0.45,17.28,13.85,46.11,1.16,-0.11,27.31,31156.04,0.0
Northern Europe,2025-04-29,17.16,10.95,43.31,1.22,0.43,24.35,20677.18,0.05,20.91,15.33,43.76,0.58,4.66,27.44,26597.35,0.0,13.35,7.54,44.02,3.04,-2.69,20.01,15953.75,0.44,18.77,12.61,46.83,0.93,1.6,26.84,26181.51,0.0
Northern Europe,2025-04-30,17.68,10.61,35.58,1.88,-0.22,18.49,11899.86,0.05,18.6,14.93,41.09,1.5,4.08,22.3,15312.15,0.0,16.88,8.14,36.7,1.56,-2.92,16.04,9130.47,0.43,17.35,10.81,36.16,1.07,0.53,19.06,11826.19,0.0
Northern Europe,2025-05-01,18.5,12.97,37.72,1.3,-0.76,20.71,14422.62,0.05,21.18,16.05,36.15,0.19,2.78,19.24,10980.05,0.0,15.93,10.99,44.67,4.85,-2.07,19.75,12121.51,0.42,19.0,13.25,34.94,0.06,-0.7,19.29,11438.7,0.0
Northern Europe,2025-05-02,14.84,12.0,50.69,4.8,0.81,29.65,33885.04,0.04,19.47,15.24,49.56,1.89,2.89,28.97,30696.96,0.0,13.39,7.46,50.56,6.47,-1.97,25.43,24405.12,0.42,16.03,13.16,55.68,2.99,1.58,33.55,44833.04,0.0
Northern Europe,2025-05-03,14.66,9.55,49.5,2.82,-0.8,28.13,28022.1,0.04,16.29,12.77,46.18,2.85,2.92,27.27,22887.32,0.0,14.14,6.34,46.53,3.45,-4.16,22.91,18132.72,0.42,15.73,11.22,46.97,3.86,1.02,27.93,26469.47,0.0
Northern Europe,2025-05-04,17.69,7.31,52.66,1.98,-3.28,28.86,31340.62,0.04,16.21,10.87,44.64,3.04,0.51,23.85,19493.46,0.0,18.92,4.6,47.78,1.23,-6.59,23.68,19462.41,0.41,17.53,7.84,52.94,2.61,-2.1,28.17,29568.18,0.0
Northern Europe,2025-05-05,17.25,8.0,45.77,1.61,-3.76,23.39,20749.1,0.05,21.47,10.53,44.78,0.51,-1.58,23.39,17704.45,0.0,13.53,5.07,49.32,2.09,-6.0,21.4,19043.49,0.41,18.9,8.72,45.1,0.32,-3.72,24.07,19098.6,0.0
Northern Europe,2025-05-06,17.08,8.09,42.39,0.6,-2.11,22.23,16963.77,0.05,20.39,12.44,41.83,1.01,0.61,22.26,16187.92,0.0,16.85,6.01,39.82,0.63,-5.35,18.42,10215.38,0.41,17.32,8.31,45.21,1.18,-1.21,24.18,20450.4,0.0
Northern Europe,2025-05-07,17.9,8.99,35.09,0.18,-2.19,16.8,7456.21,0.04,20.59,11.58,36.89,0.28,-0.22,17.89,9713.34,0.0,17.33,7.65,30.25,0.27,-4.77,12.79,4627.2,0.41,18.26,8.9,37.45,0.13,-1.9,18.94,10419.62,0.0
Northern Europe,2025-05-08,15.25,9.75,28.59,0.84,-0.84,13.45,4324.19,0.04,20.56,11.89,32.78,0.3,0.14,14.96,4996.67,0.0,13.52,9.09,26.08,1.0,-1.78,10.53,3053.39,0.4,17.1,9.55,30.28,0.34,-1.08,14.6,4926.01,0.0
Northern Europe,2025-05-09,14.6,9.77,30.24,1.1,0.24,15.55,6830.45,0.04,18.0,12.03,35.65,0.29,0.77,17.33,8590.55,0.0,13.64,8.98,27.78,1.1,-0.1,13.19,4007.13,0.39,14.48,9.93,30.74,0.82,0.23,15.8,6026.1,0.0
Northern Europe,2025-05-10,17.7,11.24,28.2,0.17,0.64,13.61,5080.29,0.04,21.46,13.41,32.13,0.36,2.23,16.29,5911.94,0.0,19.04,11.75,28.68,0.12,-0.8,11.49,3712.35,0.37,16.73,10.53,29.23,0.18,0.45,14.55,5012.73,0.0
Northern Europe,2025-05-11,20.84,12.58,31.18,0.27,0.34,15.57,7750.35,0.04,21.11,13.78,33.65,0.37,2.11,17.67,7966.56,0.0,21.63,13.02,30.16,0.14,0.13,13.39,5399.76,0.35,21.27,11.38,31.06,0.11,-0.05,15.09,5507.85,0.0
Northern Europe,2025-05-12,21.81,14.42,32.2,0.42,0.57,15.8,8145.8,0.03,23.66,14.88,35.7,0.25,2.1,19.59,9957.03,0.0,21.95,13.92,33.35,0.36,-0.11,13.83,5978.5,0.33,21.79,13.98,26.71,0.09,0.63,13.33,4091.07,0.0
Northern Europe,2025-05-13,20.78,14.44,43.81,1.51,1.67,22.15,17681.44,0.03,24.3,16.4,38.44,0.25,2.85,20.09,12220.44,0.0,18.54,11.36,47.6,1.3,-0.79,21.86,17661.31,0.32,21.17,15.57,38.04,1.37,2.38,17.97,10952.95,0.0
Northern Europe,2025-05-14,19.4,11.46,54.28,1.74,0.34,29.67,37029.29,0.03,19.86,14.41,44.28,2.56,3.42,23.86,18315.42,0.0,18.77,9.18,52.56,1.48,-2.62,25.58,28457.82,0.31,18.37,11.77,51.63,1.9,1.06,29.24,34259.39,0.0
Northern Europe,2025-05-15,20.88,13.08,48.33,0.63,0.47,28.31,31774.27,0.03,21.48,13.46,46.96,1.87,1.38,26.73,25512.43,0.0,21.21,11.56,42.96,0.5,-2.62,21.54,15812.4,0.3,21.04,12.9,52.24,0.54,0.71,32.66,45859.03,0.0
Northern Europe,2025-05-16,21.2,14.08,41.94,0.55,1.6,23.09,19868.17,0.03,21.56,14.99,44.58,3.06,2.81,24.3,20022.87,0.0,20.04,12.74,41.97,0.71,-0.53,19.11,11408.65,0.29,23.3,15.18,44.08,0.36,2.65,26.59,26262.28,0.0
Northern Europe,2025-05-17,21.99,14.2,41.98,0.34,2.43,23.39,19344.85,0.02,21.0,15.18,43.2,1.2,3.44,25.43,20723.42,0.0,24.11,13.06,39.37,0.17,0.41,18.83,10309.22,0.27,18.59,13.68,42.59,0.87,3.62,24.4,22723.33,0.0
Northern Europe,2025-05-18,23.59,14.94,41.27,0.61,2.09,23.13,20131.74,0.02,18.22,15.71,40.94,2.67,5.09,23.76,19019.53,0.0,24.48,14.01,36.12,0.62,-0.26,16.23,7435.22,0.26,21.16,14.75,45.2,0.57,2.72,27.89,30814.09,0.0
Northern Europe,2025-05-19,24.67,16.85,38.46,0.61,2.59,21.06,14370.46,0.02,22.6,17.61,36.0,2.41,5.96,20.76,12291.95,0.0,24.66,15.91,38.64,0.5,1.0,18.29,10580.53,0.24,25.73,17.3,35.55,0.25,3.43,20.96,14241.98,0.0
Northern Europe,2025-05-20,22.68,14.08,47.15,0.74,3.08,26.45,25876.28,0.02,25.28,17.36,42.58,0.57,5.13,23.5,17170.5,0.0,22.93,13.26,45.27,0.63,0.98,22.19,16772.18,0.23,24.52,16.36,45.31,0.25,4.12,25.88,23652.04,0.0
Northern Europe,2025-05-21,18.42,10.81,44.4,2.12,0.62,24.02,25064.4,0.02,21.57,15.82,45.37,0.7,3.51,25.76,27208.74,0.0,17.85,7.16,47.87,3.55,-3.14,22.05,17916.05,0.22,17.23,12.07,44.6,1.86,1.91,23.64,19360.14,0.0
Northern Europe,2025-05-22,14.37,8.87,50.8,4.47,-0.59,29.11,35851.57,0.02,20.27,13.66,54.1,4.37,2.71,29.31,39547.08,0.0,18.14,6.42,46.18,2.32,-3.82,24.34,19100.14,0.22,13.01,10.06,50.66,5.06,0.45,29.06,36908.48,0.0
Northern Europe,2025-05-23,13.73,10.87,46.54,7.63,0.71,25.57,24906.1,0.02,16.27,12.87,40.06,4.03,3.18,20.38,12304.37,0.0,15.2,8.47,43.88,5.33,-2.23,21.03,14724.15,0.22,13.39,11.48,45.07,8.28,1.82,25.23,21939.7,0.0
Northern Europe,2025-05-24,16.22,12.01,47.59,3.19,1.78,26.06,25625.36,0.02,14.58,13.58,39.65,4.63,4.4,22.69,17463.75,0.0,15.28,8.78,47.26,4.35,-0.4,22.64,17445.79,0.21,18.28,12.65,37.76,1.52,2.74,21.09,15774.26,0.0
Northern Europe,2025-05-25,15.55,13.14,46.77,3.87,2.79,27.31,30371.18,0.01,15.63,14.8,43.94,6.59,5.36,26.68,27352.09,0.0,13.03,10.98,46.23,7.42,0.13,24.48,20998.97,0.2,14.0,13.54,43.7,4.48,4.06,25.03,22292.16,0.0
Northern Europe,2025-05-26,16.29,14.11,48.95,3.38,3.86,28.84,31006.63,0.01,19.7,15.51,43.66,2.47,5.82,25.74,25204.43,0.0,16.0,10.45,48.54,5.34,0.9,22.6,15905.93,0.19,20.77,15.51,43.83,1.35,5.04,27.09,26690.0,0.0
Northern Europe,2025-05-27,18.99,14.35,51.57,4.34,4.22,27.62,30966.63,0.01,17.24,15.74,49.42,5.31,6.48,26.98,32687.82,0.0,14.89,10.62,47.82,8.8,0.83,22.12,16743.09,0.18,18.81,15.2,51.18,2.57,5.47,29.03,33349.9,0.0
Northern Europe,2025-05-28,17.98,14.13,44.2,3.49,4.8,23.43,19541.29,0.01,18.65,16.48,35.92,3.19,7.12,18.19,10187.75,0.0,18.52,11.02,41.27,4.09,0.81,19.5,10499.7,0.18,19.15,15.25,41.07,1.69,5.94,22.47,17824.72,0.0
Northern Europe,2025-05-29,19.04,14.83,38.92,3.47,4.31,20.65,22814.59,0.01,17.91,16.72,40.55,4.95,7.45,22.92,21685.12,0.0,20.84,12.7,40.78,3.81,0.86,17.11,11944.38,0.17,19.71,16.25,33.84,1.81,6.12,18.46,10775.89,0.0
Northern Europe,2025-05-30,17.25,14.6,43.01,3.9,4.72,23.0,20084.8,0.01,18.96,17.55,47.62,2.9,8.93,27.98,28236.4,0.0,16.81,11.32,44.32,4.58,1.36,20.01,13101.37,0.16,18.06,16.37,44.08,2.88,6.59,23.95,23535.41,0.0
Northern Europe,2025-05-31,18.67,13.3,45.25,2.77,4.34,24.27,24356.49,0.01,24.64,16.92,40.64,1.09,8.18,22.5,16717.16,0.0,18.95,11.44,38.51,2.76,0.75,18.07,12645.76,0.15,21.94,15.03,41.92,2.0,6.13,23.77,19305.5,0.0
Northern Europe,2025-06-01,20.73,15.07,44.66,3.24,3.69,24.01,20969.73,0.01,22.5,18.3,39.87,3.99,7.29,22.65,17191.04,0.0,18.05,12.39,45.74,7.26,1.06,20.6,13138.49,0.15,21.91,16.56,45.45,2.13,5.15,25.15,22148.9,0.0
Northern Europe,2025-06-02,18.02,14.31,50.38,7.36,4.87,27.62,31190.2,0.0,20.12,16.18,50.32,3.72,6.89,27.69,27941.09,0.0,15.42,10.83,47.11,8.59,1.7,21.77,15401.73,0.14,19.05,15.58,48.1,3.82,6.37,28.38,28829.44,0.0
Northern Europe,2025-06-03,23.8,15.45,45.49,1.57,3.82,25.08,28429.95,0.0,24.89,17.29,48.31,1.8,5.75,25.19,23436.42,0.0,20.78,13.15,57.33,3.72,0.61,23.7,25904.0,0.13,25.86,16.53,40.11,0.42,5.67,22.22,16109.96,0.0
Northern Europe,2025-06-04,20.38,15.88,49.43,2.6,4.66,27.21,26717.59,0.0,21.67,17.84,44.42,2.12,7.02,25.6,21968.53,0.0,20.34,12.82,53.08,3.38,1.87,25.77,21896.58,0.12,22.65,17.97,46.4,2.35,6.39,25.62,23497.97,0.0
Northern Europe,2025-06-05,19.54,15.48,45.6,4.68,6.37,25.84,23725.81,0.0,17.8,17.46,44.02,5.56,8.27,24.38,17653.32,0.0,15.6,12.22,48.18,6.33,2.72,22.71,15403.78,0.11,19.85,16.6,45.53,2.81,7.52,26.73,24330.09,0.0
Northern Europe,2025-06-06,18.52,15.36,44.89,4.49,5.78,23.62,20379.53,0.0,17.3,16.65,51.35,8.83,8.52,26.88,31706.07,0.0,16.85,12.81,36.75,4.5,2.79,15.03,6538.72,0.11,18.51,16.43,47.87,4.77,7.18,26.59,29559.38,0.0
Northern Europe,2025-06-07,16.26,13.67,44.18,6.03,5.74,23.05,19632.55,0.0,20.9,16.6,44.95,2.36,8.14,23.5,19672.93,0.0,17.02,11.51,37.11,6.17,2.26,17.23,10599.76,0.1,19.23,15.67,52.38,3.41,6.93,28.61,36038.16,0.0
Northern Europe,2025-06-08,18.38,13.88,38.02,2.63,5.15,19.3,12392.51,0.0,18.97,16.05,40.26,4.4,8.07,18.47,11297.86,0.0,18.78,11.37,35.71,3.53,1.95,14.43,5755.0,0.1,19.15,15.33,37.08,2.19,6.83,19.08,12212.39,0.0
Northern Europe,2025-06-09,21.02,14.17,42.87,2.34,4.26,21.66,19313.21,0.0,19.68,14.95,52.43,6.15,6.22,29.29,33711.92,0.0,20.72,11.21,37.99,2.74,0.72,16.5,8942.03,0.09,21.13,15.3,43.5,2.59,5.6,22.96,22351.28,0.0
Northern Europe,2025-06-10,19.21,14.04,34.6,2.98,4.85,16.76,9415.74,0.0,15.63,15.33,43.29,7.36,7.4,24.51,19490.63,0.0,18.14,10.93,30.99,3.5,1.91,11.9,4053.08,0.09,18.32,15.15,35.9,3.31,6.49,19.66,11799.39,0.0
Northern Europe,2025-06-11,20.02,14.03,38.5,2.81,5.43,18.18,12387.51,0.0,20.56,15.44,43.64,3.57,7.57,25.41,21606.81,0.0,21.16,11.2,36.89,2.94,1.66,15.69,7086.36,0.09,19.49,14.64,38.53,3.46,7.14,20.15,15362.99,0.0
Northern Europe,2025-06-12,23.9,15.82,39.04,1.85,4.78,20.08,13537.09,0.0,20.84,17.0,39.47,4.68,6.95,22.65,18293.22,0.0,25.31,14.54,31.73,1.16,0.74,14.16,6559.59,0.08,24.52,16.78,35.68,1.81,6.69,19.57,13453.62,0.0
Northern Europe,2025-06-13,26.14,17.84,38.43,0.62,5.64,21.49,18193.24,0.0,27.61,18.61,45.18,0.45,8.28,28.5,27415.25,0.0,25.37,17.81,41.34,0.13,4.03,19.3,11762.33,0.08,28.14,17.85,35.55,0.06,6.64,20.42,13058.94,0.0
Northern Europe,2025-06-14,25.5,20.57,35.78,0.92,7.08,20.8,17655.8,0.0,26.64,20.65,40.77,2.18,8.38,24.88,20793.28,0.0,24.9,20.06,37.45,0.7,6.55,17.25,9855.87,0.08,27.76,20.38,34.97,0.25,7.2,20.98,15802.85,0.0
Northern Europe,2025-06-15,22.66,20.25,35.27,1.59,9.16,19.19,11279.21,0.0,22.3,21.05,32.45,2.67,10.09,18.71,8861.34,0.0,20.56,18.23,36.61,2.82,7.6,15.78,6888.85,0.07,24.95,22.08,33.88,1.18,9.89,19.95,11697.03,0.0
Northern Europe,2025-06-16,18.1,17.27,42.74,4.81,8.6,24.04,22176.77,0.0,24.52,20.18,44.72,0.79,9.73,24.36,21216.75,0.0,14.97,14.43,42.06,5.91,6.11,19.76,11965.77,0.07,20.66,19.41,40.9,2.5,10.91,23.59,19613.96,0.0
Northern Europe,2025-06-17,19.51,17.14,44.65,2.69,8.19,24.95,21600.95,0.0,22.55,19.67,47.83,2.32,10.83,27.76,25179.72,0.0,12.63,13.78,46.46,6.47,5.49,20.98,14373.48,0.06,20.48,18.93,44.52,2.34,10.32,25.99,24602.96,0.0
Northern Europe,2025-06-18,21.47,16.02,43.7,2.53,7.88,24.48,20816.88,0.0,22.69,18.46,48.52,1.62,10.14,26.74,24784.34,0.0,17.06,12.15,43.13,5.08,4.19,20.71,13509.71,0.06,22.05,17.73,43.0,2.32,9.89,25.53,22987.92,0.0
Northern Europe,2025-06-19,22.88,15.58,47.96,2.01,6.49,26.67,25706.85,0.0,24.85,17.08,53.45,2.9,8.2,31.43,36845.64,0.0,19.48,12.09,44.75,3.41,2.8,22.32,16359.2,0.06,21.78,16.2,52.36,5.2,7.64,30.24,36047.67,0.0
Northern Europe,2025-06-20,22.0,16.03,41.5,1.01,6.26,21.55,15475.47,0.0,24.64,17.93,45.76,3.34,7.89,27.24,28862.41,0.0,17.56,13.42,40.94,2.01,3.02,17.44,11117.38,0.06,24.76,17.4,40.97,0.67,6.82,22.73,17133.78,0.0
Northern Europe,2025-06-21,19.31,15.8,44.82,3.79,6.64,22.58,18887.91,0.0,25.2,20.03,42.04,0.44,8.64,23.21,15960.58,0.0,21.56,14.11,40.6,2.47,4.12,17.39,11098.28,0.06,19.99,17.58,43.55,2.95,7.69,23.6,19359.06,0.0
Northern Europe,2025-06-22,22.41,18.23,42.46,1.51,6.12,21.59,18636.7,0.0,20.88,20.61,48.46,2.14,9.25,24.83,21650.24,0.0,20.2,16.44,47.07,3.45,4.25,19.33,14142.54,0.05,24.19,19.0,40.85,0.37,7.84,20.67,15660.53,0.0
Northern Europe,2025-06-23,13.5,15.32,46.26,7.11,6.65,27.05,28540.96,0.0,17.66,17.69,53.55,6.78,7.46,30.04,38565.29,0.0,14.84,13.44,41.0,9.9,5.31,19.12,11424.0,0.05,14.45,16.95,48.52,7.82,7.6,26.55,27739.27,0.0
Northern Europe,2025-06-24,11.6,14.51,45.36,5.02,8.27,27.11,32660.32,0.0,15.66,16.49,60.59,7.51,9.35,37.63,61834.56,0.0,11.33,12.04,36.74,5.96,5.5,19.02,12216.07,0.05,12.07,15.25,51.33,10.38,8.42,31.39,41162.98,0.0
Northern Europe,2025-06-25,19.37,15.96,45.01,2.25,8.09,25.28,22810.13,0.0,20.21,17.5,52.67,3.62,9.96,30.99,35813.6,0.0,19.9,14.76,37.34,2.11,5.63,17.37,9854.4,0.04,19.57,16.83,46.05,3.79,9.14,26.68,26672.21,0.0
Northern Europe,2025-06-26,23.04,17.49,36.94,2.07,6.52,19.05,13198.33,0.0,20.84,19.05,38.68,3.65,8.41,20.55,13978.72,0.0,22.17,16.46,37.58,2.5,4.83,15.56,7301.52,0.04,23.38,18.21,37.57,1.63,8.02,18.21,9443.27,0.0
Northern Europe,2025-06-27,16.39,16.61,44.63,4.0,8.02,23.59,26754.11,0.0,17.2,18.36,49.38,2.88,10.67,28.52,32105.53,0.0,17.61,14.65,43.57,4.86,5.41,19.07,12224.74,0.04,18.29,17.84,43.62,2.9,9.53,22.11,19973.92,0.0
Northern Europe,2025-06-28,14.97,17.38,45.0,3.88,8.94,24.38,28667.08,0.0,16.08,19.64,50.82,2.31,12.04,31.07,35616.44,0.0,15.52,15.55,51.27,6.1,5.53,22.28,19266.78,0.03,17.03,19.05,43.1,1.65,10.32,23.88,24190.65,0.0
Northern Europe,2025-06-29,19.63,16.43,53.05,6.03,8.4,29.52,44392.75,0.0,23.49,18.5,61.15,1.67,10.88,34.6,52231.3,0.0,16.3,12.83,57.5,11.01,4.65,27.9,34684.03,0.03,21.36,17.19,55.8,4.75,9.7,32.39,47445.6,0.0
Northern Europe,2025-06-30,21.18,17.76,47.74,1.9,7.95,25.63,25023.74,0.0,25.14,19.09,49.76,0.4,9.82,26.91,30772.16,0.0,19.12,16.25,46.39,1.33,5.27,20.78,16221.02,0.03,23.86,18.63,48.52,0.74,8.84,27.88,30195.83,0.0
Northern Europe,2025-07-01,23.54,20.09,39.15,1.33,8.6,19.76,12885.87,0.0,26.34,22.48,37.46,0.2,10.26,22.48,15819.9,0.0,16.84,17.48,45.2,3.21,7.01,18.5,11676.6,0.03,26.42,21.72,39.32,0.03,9.98,20.98,14285.24,0.0
Northern Europe,2025-07-02,20.31,18.66,33.85,2.16,9.37,16.89,8713.18,0.0,23.82,24.17,35.0,1.95,12.91,18.2,8824.75,0.0,20.91,16.24,30.31,1.59,7.14,12.85,4470.46,0.02,21.47,22.62,35.13,1.22,12.22,17.64,9103.01,0.0
Northern Europe,2025-07-03,16.87,16.13,49.76,7.27,7.69,25.62,28872.36,0.0,25.12,21.86,56.81,1.56,10.18,30.54,39874.72,0.0,18.76,13.2,44.34,5.4,4.8,19.83,13945.54,0.02,18.26,19.09,57.19,7.41,9.83,28.35,38219.66,0.0
Northern Europe,2025-07-04,18.33,15.7,53.55,5.44,6.22,29.29,41288.8,0.0,19.97,18.02,52.45,2.99,9.3,29.2,33199.9,0.0,18.22,13.31,42.43,3.95,3.1,19.18,13226.6,0.02,20.89,17.07,58.62,4.01,7.21,32.16,52099.79,0.0
Northern Europe,2025-07-05,16.69,15.95,39.32,4.66,7.35,22.08,20468.17,0.0,12.04,17.85,50.09,5.3,10.48,30.6,36865.82,0.0,13.2,13.57,34.06,8.42,4.48,15.84,6818.73,0.01,14.41,16.35,39.13,5.58,8.77,22.91,20794.93,0.0
Northern Europe,2025-07-06,17.15,16.34,37.87,5.59,8.62,22.1,15984.66,0.0,19.28,19.54,44.1,4.57,12.37,25.45,20347.17,0.0,17.12,15.03,29.6,5.4,6.93,13.27,4713.71,0.01,17.26,17.97,37.25,4.5,10.85,21.59,14254.34,0.0
Northern Europe,2025-07-07,16.41,16.51,36.14,4.34,9.1,19.63,13794.49,0.0,18.66,19.51,37.89,3.18,11.97,20.32,12263.43,0.0,17.63,15.47,32.29,4.89,7.05,13.71,5179.14,0.01,15.42,17.59,37.57,7.35,10.81,19.07,13032.15,0.0
Northern Europe,2025-07-08,21.2,17.7,35.9,1.12,8.19,18.77,9742.47,0.0,18.92,19.21,36.77,2.8,11.95,19.17,9491.08,0.0,22.65,16.71,31.24,1.62,6.5,13.09,4190.04,0.01,17.16,17.36,37.47,7.57,9.66,19.68,12189.71,0.0
Northern Europe,2025-07-09,23.14,18.74,29.94,0.36,8.36,15.01,6066.65,0.0,19.49,19.36,34.31,3.83,11.5,18.73,9824.82,0.0,20.83,17.22,29.94,0.9,6.34,11.87,3577.38,0.0,23.57,19.11,30.21,0.53,9.58,15.58,5876.54,0.0
Northern Europe,2025-07-10,24.44,20.32,29.34,0.58,8.95,15.08,7258.47,0.0,19.17,19.32,35.79,3.55,11.1,20.29,14077.4,0.0,21.3,18.95,29.36,1.19,6.85,12.25,5167.14,0.0,24.68,19.85,33.55,0.52,10.04,17.81,8983.19,0.0
Northern Europe,2025-07-11,23.96,21.16,34.96,1.27,10.22,18.8,12477.04,0.0,22.61,22.85,39.38,2.64,11.74,22.23,16035.12,0.0,23.39,21.45,29.17,0.57,9.4,12.99,5738.06,0.0,20.9,20.31,44.27,2.18,10.65,26.7,25065.81,0.0
Northern Europe,2025-07-12,24.36,22.92,35.8,0.59,11.64,21.04,16153.75,0.0,19.92,22.23,40.42,2.16,13.77,23.97,18955.05,0.0,25.72,23.56,29.96,0.08,11.3,12.75,4635.81,0.0,21.07,22.27,41.56,1.82,12.75,25.97,23609.51,0.0
Northern Europe,2025-07-13,23.38,23.63,36.47,1.51,13.58,20.11,13997.81,0.0,21.53,22.08,37.87,2.21,14.1,20.78,14553.69,0.0,23.5,23.68,33.13,1.28,12.66,14.03,5091.2,0.0,22.26,23.19,35.52,0.84,14.51,20.01,14053.78,0.0
Northern Europe,2025-07-14,23.14,23.68,35.43,2.73,14.24,18.24,11081.62,0.0,21.88,22.32,33.27,4.32,14.43,15.91,9708.39,0.0,20.58,23.07,31.4,5.07,13.61,13.14,5017.91,0.0,22.17,23.27,30.12,2.24,15.97,15.68,7369.99,0.0
Northern Europe,2025-07-15,22.16,23.67,32.56,5.16,14.34,15.15,10086.43,0.0,15.89,21.1,35.84,9.55,14.13,16.84,15541.64,0.0,22.91,22.89,30.15,5.83,13.62,12.21,5037.77,0.0,22.44,23.49,28.34,2.68,15.67,13.22,4772.06,0.0
Northern Europe,2025-07-16,21.86,23.34,33.51,2.42,14.36,16.87,8305.63,0.0,17.47,20.92,31.81,4.6,14.2,15.68,6084.63,0.0,23.2,23.71,34.94,2.88,13.14,14.14,6932.85,0.0,21.29,23.09,34.53,3.36,14.99,18.9,11232.27,0.0
Northern Europe,2025-07-17,23.82,23.83,33.5,2.11,13.93,18.25,10707.74,0.0,20.97,23.55,35.36,4.87,15.61,17.72,9159.58,0.0,25.85,24.43,27.38,0.46,13.13,11.48,3818.55,0.0,24.34,24.05,33.22,2.0,14.74,19.13,10401.46,0.0
Northern Europe,2025-07-18,24.13,24.22,28.95,0.74,13.54,13.65,5040.12,0.0,21.14,23.72,27.72,2.33,15.85,12.41,3586.21,0.0,24.54,24.43,28.91,0.86,12.95,11.28,2844.14,0.0,24.67,24.4,26.37,0.37,14.52,13.15,4070.66,0.0
Northern Europe,2025-07-19,22.83,24.78,30.09,1.77,14.84,12.58,4872.51,0.0,22.51,24.46,28.99,1.7,16.54,14.28,5744.62,0.0,23.72,24.15,27.08,1.5,13.7,8.62,1820.04,0.0,24.99,25.48,24.11,0.23,15.63,11.92,3829.05,0.0
Northern Europe,2025-07-20,23.37,24.8,32.56,1.69,14.89,16.13,9234.83,0.0,21.18,24.47,38.29,2.09,16.84,21.65,13529.95,0.0,23.83,24.77,31.09,0.51,13.98,11.91,3399.16,0.0,24.72,25.62,30.67,0.35,15.76,15.01,6113.26,0.0
Northern Europe,2025-07-21,20.43,24.26,33.95,3.22,14.85,17.87,10801.26,0.0,14.12,22.41,35.21,11.37,16.92,19.07,12554.43,0.0,21.52,23.86,36.42,1.25,13.95,15.88,6733.75,0.0,19.99,24.85,34.2,2.9,16.14,18.98,10572.19,0.0
Northern Europe,2025-07-22,19.43,24.18,32.89,4.74,15.53,15.59,7624.96,0.0,13.24,21.84,36.1,15.75,16.52,18.13,10540.85,0.0,21.37,23.89,32.48,1.86,14.32,13.74,4637.96,0.0,18.7,24.86,36.66,3.4,17.06,17.66,9163.24,0.0
Northern Europe,2025-07-23,20.96,24.33,30.32,2.04,16.06,15.05,7104.87,0.0,18.74,22.3,36.9,4.03,16.53,19.39,11538.98,0.0,22.38,24.29,27.31,3.24,14.86,11.0,2761.05,0.0,20.07,24.46,34.37,2.77,17.37,16.54,8580.21,0.0
Northern Europe,2025-07-24,22.07,25.17,28.39,1.01,15.87,12.67,4528.15,0.0,19.79,23.13,28.27,3.22,16.72,12.39,3075.1,0.0,21.8,23.97,26.7,2.37,14.43,9.47,2048.95,0.0,22.92,25.61,24.58,1.07,17.68,10.88,2829.31,0.0
Northern Europe,2025-07-25,19.68,23.93,36.29,1.56,15.57,16.44,8728.92,0.0,18.14,22.43,33.7,1.23,16.19,15.63,7102.34,0.0,18.47,21.94,32.61,1.96,13.68,12.4,4050.36,0.0,21.9,25.4,31.45,1.26,17.92,14.85,6701.68,0.0
Northern Europe,2025-07-26,18.55,22.11,34.77,2.27,15.34,17.8,9708.47,0.0,19.03,22.1,33.51,2.17,15.74,17.72,8505.1,0.0,17.39,19.49,30.95,2.29,12.31,13.15,4375.65,0.0,20.17,24.38,33.58,0.86,17.64,18.02,8845.83,0.0
Northern Europe,2025-07-27,18.12,21.47,32.26,2.6,14.77,15.6,6395.51,0.0,19.54,21.56,31.49,1.12,15.63,15.16,6088.84,0.0,16.24,18.67,29.25,3.91,11.24,12.23,3581.32,0.0,20.69,23.89,31.9,0.94,17.03,15.42,5393.57,0.0
Northern Europe,2025-07-28,18.16,21.51,34.41,3.27,14.91,16.95,9418.31,0.0,19.51,21.82,40.93,3.08,15.16,22.55,15652.09,0.0,16.18,18.25,31.74,5.59,11.5,13.24,4347.05,0.0,20.43,23.73,36.7,1.67,16.53,18.19,10153.27,0.0
Northern Europe,2025-07-29,14.09,20.58,44.89,11.21,14.43,24.95,23670.4,0.0,18.52,21.08,50.12,4.84,14.85,29.59,30570.35,0.0,12.98,18.32,40.55,8.86,10.9,19.04,12221.98,0.0,17.19,23.08,49.83,10.19,16.61,28.61,29769.89,0.0
Northern Europe,2025-07-30,16.98,21.82,38.83,4.92,15.2,20.38,14019.29,0.0,15.08,20.92,38.22,9.93,13.93,20.37,13884.12,0.0,12.1,19.26,34.48,7.93,12.81,15.76,7794.25,0.0,20.62,23.69,38.71,2.15,16.22,19.91,11629.79,0.0
Northern Europe,2025-07-31,18.63,22.74,34.09,2.75,14.49,15.8,6858.15,0.0,17.57,20.81,31.02,3.8,13.7,15.47,5938.97,0.0,15.37,20.09,28.21,3.89,12.19,10.57,2471.82,0.0,19.53,23.5,34.68,2.85,16.93,16.25,6412.88,0.0
Northern Europe,2025-08-01,17.9,21.94,32.43,3.48,15.04,15.3,6581.27,0.0,16.85,20.03,32.46,6.29,13.31,14.75,5295.63,0.0,15.11,20.24,28.56,5.05,13.68,11.38,3119.16,0.0,17.1,22.27,30.57,4.9,16.34,13.74,4316.29,0.0
Northern Europe,2025-08-02,15.55,21.48,36.28,6.18,14.66,17.68,10009.62,0.0,18.13,20.98,30.82,2.69,12.77,14.31,4379.46,0.0,16.12,20.65,33.0,4.56,13.21,13.66,4960.56,0.0,17.58,22.01,33.71,6.44,15.83,15.81,6483.22,0.0
Northern Europe,2025-08-03,16.53,20.85,41.65,5.1,14.06,20.8,13439.0,0.0,15.73,21.62,41.19,7.49,14.2,22.31,17096.14,0.0,12.54,18.53,34.96,9.77,12.84,14.87,5606.1,0.0,18.19,21.75,41.91,3.16,15.02,20.86,12663.93,0.0
Northern Europe,2025-08-04,15.44,20.51,49.36,6.37,13.2,25.82,32022.67,0.0,17.32,21.06,51.61,8.22,14.43,26.81,30169.37,0.0,12.34,17.66,53.24,8.54,9.94,21.72,18361.23,0.0,17.42,22.41,42.69,4.77,15.55,22.6,16072.4,0.0
Northern Europe,2025-08-05,15.96,18.77,60.21,8.36,11.08,35.3,59981.51,0.0,18.61,19.18,59.12,3.09,11.51,34.52,52870.16,0.0,10.71,14.97,64.09,20.49,7.46,33.87,51021.78,0.0,18.35,20.55,57.12,5.57,12.91,32.81,48505.45,0.0
Northern Europe,2025-08-06,15.86,17.27,57.14,5.06,9.28,32.26,46416.94,0.0,18.15,18.27,55.75,2.4,10.11,32.25,42000.63,0.0,14.1,14.12,54.29,9.05,6.1,27.1,26390.08,0.0,18.45,18.91,58.24,2.96,10.67,34.22,48304.41,0.0
Northern Europe,2025-08-07,16.8,18.18,47.35,2.8,9.39,27.13,26931.48,0.0,16.44,19.26,44.25,1.22,11.34,25.97,20291.08,0.0,13.41,14.93,47.62,3.69,6.37,23.4,16975.04,0.0,17.74,19.46,43.88,2.41,11.11,26.46,22712.96,0.0
Northern Europe,2025-08-08,18.41,19.0,41.29,1.5,9.87,23.74,20679.88,0.0,17.46,20.02,37.9,1.54,12.43,21.91,13285.76,0.0,15.7,15.79,45.37,3.74,6.81,22.15,14270.05,0.0,19.1,20.35,36.15,1.06,11.83,20.06,10857.41,0.0
Northern Europe,2025-08-09,18.86,19.83,41.16,1.7,10.19,22.98,20741.2,0.0,21.13,21.31,37.3,0.34,10.53,20.48,12659.86,0.0,15.39,16.55,48.07,4.15,7.13,22.88,18544.47,0.0,20.18,20.96,35.74,0.32,11.47,19.86,10992.17,0.0
Northern Europe,2025-08-10,17.38,18.77,42.51,1.94,10.45,23.27,18824.63,0.0,17.79,19.76,42.31,1.22,12.08,23.34,16772.94,0.0,15.23,15.26,44.95,4.31,6.73,21.09,13556.61,0.0,19.14,20.06,38.75,0.54,12.09,22.57,15127.84,0.0
Northern Europe,2025-08-11,17.16,18.5,37.74,1.14,9.41,20.5,13246.64,0.0,17.11,20.09,37.17,0.21,10.84,20.52,10927.04,0.0,13.97,15.07,40.59,3.92,6.07,18.33,9691.86,0.0,17.68,19.61,37.71,0.12,10.84,21.15,12342.22,0.0
Northern Europe,2025-08-12,17.48,18.85,33.32,1.58,9.76,17.12,8075.4,0.0,16.64,21.16,30.79,1.07,12.74,16.23,6654.09,0.0,14.88,15.69,33.76,3.06,5.43,14.46,5226.34,0.0,17.78,20.23,31.39,1.11,11.5,16.59,6813.51,0.0
Northern Europe,2025-08-13,18.95,20.89,29.46,0.85,9.95,15.76,7581.41,0.0,21.03,23.26,30.3,0.1,13.01,18.34,8841.64,0.0,16.29,19.04,31.77,1.17,7.51,13.84,5158.8,0.0,20.22,22.13,28.94,0.1,11.59,16.09,6032.8,0.0
Northern Europe,2025-08-14,16.86,22.73,31.81,2.14,12.26,17.79,9851.66,0.0,17.32,24.05,27.44,0.59,13.95,15.94,6996.41,0.0,15.77,20.94,37.08,3.65,10.25,15.8,7105.37,0.0,18.74,24.04,30.97,0.15,13.24,17.9,8724.15,0.0
Northern Europe,2025-08-15,14.52,21.22,50.74,4.92,11.09,26.41,27546.47,0.0,19.31,23.39,41.17,0.79,13.78,22.08,16063.48,0.0,11.65,17.66,51.7,9.56,6.27,23.24,20028.86,0.0,17.07,23.37,50.05,2.87,13.88,26.28,25661.27,0.0
Northern Europe,2025-08-16,13.75,16.73,54.88,5.29,8.09,31.18,46670.34,0.0,19.8,19.77,47.38,2.77,11.07,28.94,30527.52,0.0,11.88,13.2,55.25,4.35,4.11,30.13,41988.81,0.0,16.48,18.46,54.35,5.37,9.71,30.08,41653.44,0.0
Northern Europe,2025-08-17,15.52,18.08,48.37,1.5,7.88,27.3,31207.29,0.0,18.86,19.87,40.6,1.23,9.91,22.84,17571.58,0.0,15.46,16.63,42.08,0.83,5.13,20.76,16073.26,0.0,17.3,19.02,47.83,1.36,8.6,26.09,31660.22,0.0
Northern Europe,2025-08-18,15.98,19.1,37.43,0.98,8.87,20.4,13219.23,0.0,18.19,20.89,31.58,0.24,10.34,17.11,7901.19,0.0,15.01,17.08,37.84,1.18,6.9,17.34,10660.51,0.0,18.52,20.89,33.35,0.06,10.11,18.33,9161.07,0.0
Northern Europe,2025-08-19,16.53,16.8,46.95,1.39,8.06,26.94,25448.98,0.0,16.79,20.43,39.81,0.91,11.48,22.52,13665.47,0.0,15.98,13.98,46.11,1.86,4.83,23.11,18421.62,0.0,16.51,18.34,44.49,0.5,9.97,25.35,19752.53,0.0
Northern Europe,2025-08-20,15.29,15.1,39.59,1.0,6.01,21.87,13889.22,0.0,18.13,18.28,35.95,0.87,9.2,20.75,10984.79,0.0,12.89,12.26,39.18,2.15,3.06,18.43,9666.62,0.0,17.27,15.98,40.47,0.72,6.89,22.41,14153.68,0.0
Northern Europe,2025-08-21,15.55,14.55,35.29,1.75,5.39,18.61,10896.25,0.0,16.26,16.91,34.37,0.54,7.19,17.36,8735.85,0.0,13.8,11.31,36.42,2.14,2.04,16.81,7621.32,0.0,15.94,15.75,35.64,1.11,6.65,17.69,8584.19,0.0
Northern Europe,2025-08-22,14.24,14.25,35.21,2.37,4.97,18.88,14829.69,0.0,15.92,16.85,42.31,2.02,7.91,23.11,23476.37,0.0,13.95,10.68,37.71,3.43,1.12,18.23,9902.69,0.0,14.17,14.87,36.32,3.18,6.16,17.72,13651.8,0.0
Northern Europe,2025-08-23,12.89,14.54,39.53,2.02,4.6,22.19,17467.81,0.0,16.93,16.86,37.91,2.11,8.02,21.86,14190.81,0.0,11.47,11.74,40.17,3.11,1.67,20.77,14032.09,0.0,15.68,15.54,37.99,1.48,5.36,20.57,14264.31,0.0
Northern Europe,2025-08-24,14.21,15.01,45.06,3.12,6.33,25.61,23603.41,0.0,14.91,16.92,44.59,2.23,7.92,25.42,20570.65,0.0,14.02,12.43,40.89,2.41,2.91,21.33,16220.43,0.0,15.39,16.2,41.45,2.67,6.77,22.03,18317.83,0.0
Northern Europe,2025-08-25,14.4,15.45,43.37,1.73,6.14,24.95,22495.43,0.0,14.61,17.0,48.24,2.34,8.69,27.85,25889.37,0.0,14.97,13.21,32.34,1.04,2.68,16.55,8932.22,0.0,15.2,16.27,42.83,2.67,6.97,23.68,17977.69,0.0
Northern Europe,2025-08-26,14.51,16.07,35.63,1.2,6.15,19.95,13699.69,0.0,15.59,17.92,32.53,1.25,7.42,18.3,9161.02,0.0,15.14,15.0,30.17,0.53,2.77,13.34,4915.58,0.0,15.47,16.75,31.8,1.74,7.09,16.97,8287.08,0.0
Northern Europe,2025-08-27,12.53,16.48,36.92,1.74,7.12,20.32,15049.16,0.0,14.4,18.83,39.28,1.79,9.68,23.02,17625.19,0.0,11.54,14.91,30.55,1.82,5.0,13.36,4966.48,0.0,12.41,17.0,39.31,0.68,8.32,21.8,14580.97,0.0
Northern Europe,2025-08-28,12.97,17.73,31.57,2.01,7.77,17.4,11940.91,0.0,13.17,20.21,34.0,2.44,10.24,19.08,9723.5,0.0,12.52,16.05,28.69,2.27,6.25,13.23,4362.85,0.0,13.7,18.92,30.43,0.9,9.51,16.2,6571.23,0.0
Northern Europe,2025-08-29,12.72,17.79,32.8,2.42,9.62,18.08,11346.01,0.0,13.38,20.45,36.15,3.66,13.23,21.18,13642.59,0.0,10.83,15.76,33.95,7.87,7.19,15.83,6752.69,0.0,11.19,18.49,30.27,2.01,11.01,17.05,8542.34,0.0
Northern Europe,2025-08-30,11.49,17.48,36.24,2.34,9.39,20.39,18693.09,0.0,11.77,20.1,39.12,3.23,13.14,21.54,18198.49,0.0,10.8,15.67,34.32,1.47,7.76,16.39,7776.41,0.0,11.0,18.15,33.06,3.71,11.14,19.02,10551.77,0.0
Northern Europe,2025-08-31,12.17,17.87,34.16,1.92,8.51,19.79,24046.83,0.0,11.01,19.78,36.9,2.4,11.98,22.21,21719.72,0.0,9.02,15.5,38.1,2.18,7.18,18.6,12217.38,0.0,11.73,18.48,27.8,1.25,11.04,15.9,8426.52,0.0
Northern Europe,2025-09-01,12.47,18.73,36.88,2.55,9.17,21.24,18635.26,0.0,10.85,19.43,34.9,4.72,12.43,21.39,16271.21,0.0,8.42,16.19,38.5,10.71,7.87,19.05,11658.08,0.0,14.1,19.76,34.83,1.0,11.27,20.08,15158.3,0.0
Northern Europe,2025-09-02,9.85,17.54,36.89,3.25,10.25,20.77,13235.49,0.0,13.46,19.83,33.21,3.45,11.93,18.03,7815.41,0.0,9.03,15.34,43.57,3.81,8.49,21.92,14130.94,0.0,11.0,18.87,32.74,2.49,11.56,17.21,7990.59,0.0
Northern Europe,2025-09-03,9.75,17.6,42.95,8.12,10.63,24.96,24545.02,0.0,13.1,20.74,48.47,5.44,11.98,27.21,28487.16,0.0,8.5,15.22,47.15,10.48,8.48,22.02,16570.32,0.0,12.6,19.63,44.48,4.13,11.33,26.03,24476.44,0.0
Northern Europe,2025-09-04,12.38,19.08,47.83,2.47,11.28,27.26,28243.27,0.0,14.42,21.02,40.87,2.11,14.34,21.89,20671.07,0.0,9.98,16.44,54.56,10.13,8.97,25.93,25130.78,0.0,13.23,20.79,40.98,0.97,13.59,24.1,22500.87,0.0
Northern Europe,2025-09-05,11.47,19.3,34.21,3.11,11.51,20.1,11834.95,0.0,12.63,20.54,31.58,3.55,12.89,18.52,8821.42,0.0,9.62,16.34,34.41,4.04,9.09,16.34,7430.67,0.0,11.15,20.35,29.47,4.15,13.34,16.76,8276.32,0.0
Northern Europe,2025-09-06,10.62,18.6,31.39,4.84,12.04,17.98,14821.92,0.0,14.21,20.76,32.61,0.94,12.73,19.65,17441.89,0.0,10.88,16.45,23.52,3.18,8.89,10.58,3169.09,0.0,12.7,20.15,29.86,1.58,13.35,17.3,8126.21,0.0
Northern Europe,2025-09-07,11.2,18.94,33.11,4.7,11.49,18.57,14557.19,0.0,14.31,21.25,34.74,1.72,12.25,19.52,16275.63,0.0,11.1,17.18,29.03,3.08,7.93,13.43,5260.67,0.0,13.0,20.54,26.82,1.9,12.43,15.35,6610.79,0.0
Northern Europe,2025-09-08,12.15,18.86,33.5,1.75,10.8,18.56,12922.59,0.0,15.58,20.96,34.69,0.46,11.78,21.39,12913.83,0.0,12.25,17.11,36.02,1.33,7.56,17.04,9148.1,0.0,11.58,20.36,29.14,1.96,12.65,15.68,5776.98,0.0
Northern Europe,2025-09-09,10.63,18.99,33.52,3.57,11.65,17.1,9340.58,0.0,13.03,20.76,35.98,3.55,12.97,20.52,14623.51,0.0,8.7,16.41,33.54,3.1,8.85,14.71,5368.13,0.0,12.1,20.48,30.31,2.45,13.95,16.6,7114.42,0.0
Northern Europe,2025-09-10,11.01,18.9,42.27,2.84,11.37,23.82,21278.55,0.0,11.32,20.17,41.05,4.86,12.63,24.16,19164.66,0.0,9.42,16.88,45.81,3.46,8.8,22.85,17495.56,0.0,12.3,20.46,39.8,2.35,12.98,23.16,16918.58,0.0
Northern Europe,2025-09-11,9.18,18.25,54.29,8.15,10.71,32.39,44846.66,0.0,12.54,19.27,52.85,4.66,11.61,31.15,38780.43,0.0,7.35,16.19,55.16,11.48,8.56,28.29,31807.87,0.0,10.2,19.93,50.51,8.02,12.76,30.46,40827.92,0.0
Northern Europe,2025-09-12,9.46,16.91,52.83,5.39,9.45,31.8,40919.19,0.0,10.29,17.01,50.37,6.35,9.86,31.6,36493.04,0.0,7.91,13.95,52.63,6.56,6.84,25.9,23430.28,0.0,10.77,18.16,49.01,3.94,10.76,31.19,39796.67,0.0
Northern Europe,2025-09-13,10.5,16.25,44.31,3.4,8.38,26.5,24215.51,0.0,11.73,17.57,45.66,2.73,9.92,27.35,24810.41,0.0,9.04,13.46,42.3,2.59,5.68,21.75,13067.72,0.0,11.05,17.5,44.39,2.65,10.01,26.93,22547.28,0.0
Northern Europe,2025-09-14,9.54,16.29,40.57,3.53,7.91,22.5,19748.91,0.0,10.2,17.87,42.42,4.77,10.32,24.87,23865.43,0.0,7.36,13.05,35.97,6.88,5.31,18.1,9336.14,0.0,8.55,17.01,36.17,4.53,10.13,20.86,11789.03,0.0
Northern Europe,2025-09-15,6.68,14.94,53.71,10.6,7.78,31.52,51535.82,0.0,8.58,16.87,60.15,8.58,8.81,37.49,68928.91,0.0,5.22,11.75,44.36,8.33,4.89,20.99,15598.36,0.0,7.12,16.49,56.7,8.02,9.27,31.91,45703.24,0.0
Northern Europe,2025-09-16,7.9,15.03,45.88,5.91,8.04,27.0,34224.59,0.0,10.4,16.85,58.07,6.49,8.98,35.98,60605.66,0.0,6.72,12.48,34.14,5.57,5.55,15.57,8575.67,0.0,8.03,16.14,53.14,6.28,9.36,32.38,45543.01,0.0
Northern Europe,2025-09-17,9.33,15.45,42.36,4.13,8.14,24.97,31173.71,0.0,11.86,17.06,55.19,3.59,9.09,34.15,48507.73,0.0,8.83,12.89,34.95,2.83,5.16,16.68,8947.95,0.0,9.74,16.14,47.82,3.86,9.23,28.71,32428.34,0.0
Northern Europe,2025-09-18,8.56,15.34,42.07,4.1,7.1,24.04,26203.56,0.0,10.19,18.04,51.43,3.41,10.2,31.39,39293.24,0.0,7.62,11.98,39.65,4.99,3.7,17.86,10764.88,0.0,9.71,16.86,43.57,2.67,9.07,25.45,23666.02,0.0
Northern Europe,2025-09-19,8.48,15.58,36.91,2.49,7.33,20.37,18269.83,0.0,9.17,18.49,49.62,4.12,12.16,30.81,34102.28,0.0,6.95,12.77,39.64,5.61,4.31,18.25,12300.46,0.0,9.73,17.25,39.24,1.3,9.34,22.81,19846.26,0.0
Northern Europe,2025-09-20,8.56,16.25,45.43,4.32,7.82,24.6,23834.14,0.0,9.44,20.09,45.6,2.4,11.56,27.8,24816.74,0.0,5.67,11.88,38.18,4.93,4.54,18.44,10183.74,0.0,8.28,18.34,45.15,3.12,10.34,27.57,28451.75,0.0
Northern Europe,2025-09-21,6.37,14.18,51.24,6.37,5.24,27.16,35696.82,0.0,10.15,19.16,53.96,1.86,9.13,33.98,47331.32,0.0,5.68,9.72,44.26,6.24,1.28,20.18,15094.29,0.0,6.89,17.9,55.1,6.47,8.67,31.62,43402.67,0.0
Northern Europe,2025-09-22,8.3,12.11,53.29,3.81,2.97,31.66,43441.65,0.0,10.16,15.37,48.05,0.84,6.27,30.15,33692.42,0.0,7.01,7.81,51.83,4.89,-1.08,27.47,31483.97,0.0,9.99,14.26,57.54,2.49,4.95,35.71,54960.69,0.0
Northern Europe,2025-09-23,10.79,11.28,43.1,1.69,1.37,25.9,25482.46,0.0,12.75,14.21,34.29,0.63,4.34,20.25,12977.57,0.0,10.03,7.78,39.49,1.25,-2.16,20.83,16170.37,0.0,10.88,12.38,42.61,1.83,2.58,26.44,27961.58,0.0
Northern Europe,2025-09-24,9.52,12.25,37.82,0.63,1.6,22.01,16393.09,0.0,12.57,13.92,31.66,0.63,2.59,19.19,9546.61,0.0,8.82,9.79,30.27,0.92,-1.64,15.09,8455.43,0.0,10.86,12.65,38.43,0.38,1.51,22.79,17936.06,0.0
Northern Europe,2025-09-25,10.04,14.04,35.19,0.33,2.85,22.26,18145.29,0.0,11.43,14.59,33.21,0.12,3.22,19.86,11639.84,0.0,9.36,11.56,29.74,0.74,0.19,15.27,9493.0,0.0,10.82,14.74,31.3,0.01,2.53,19.38,10149.23,0.0
Northern Europe,2025-09-26,9.67,14.46,33.47,0.24,3.62,22.05,21576.14,0.0,12.12,15.49,39.29,0.02,4.93,24.55,23458.67,0.0,9.4,12.51,26.84,0.34,0.72,14.38,7353.39,0.0,10.7,15.19,30.85,0.02,4.4,20.56,14162.84,0.0
Northern Europe,2025-09-27,9.81,14.98,31.17,0.89,3.69,18.22,16786.29,0.0,10.55,15.4,39.09,1.55,5.98,24.96,23854.13,0.0,9.49,12.97,31.26,0.13,0.52,16.11,8783.55,0.0,10.26,15.46,28.56,0.18,4.86,18.41,12352.35,0.0
Northern Europe,2025-09-28,8.96,14.57,32.26,0.64,3.74,20.91,14185.84,0.0,10.52,15.08,35.42,0.08,5.8,22.45,13338.8,0.0,7.47,12.51,36.82,0.83,1.4,20.94,13823.52,0.0,9.33,14.55,31.93,0.03,4.82,19.6,9988.21,0.0
Northern Europe,2025-09-29,7.37,13.0,39.75,0.87,4.17,24.23,18464.41,0.0,9.62,13.6,38.07,0.15,4.34,23.38,14611.59,0.0,5.16,10.5,39.08,2.5,2.67,20.44,14143.05,0.0,8.17,12.6,35.92,0.15,3.93,22.35,13946.78,0.0
Northern Europe,2025-09-30,7.51,12.21,34.84,1.03,3.11,22.44,17761.82,0.0,7.57,12.79,35.19,0.67,4.13,22.68,13887.0,0.0,6.44,10.0,29.63,0.43,1.47,15.81,6261.64,0.0,8.51,11.69,31.71,0.36,2.48,19.04,9538.18,0.0
Northern Europe,2025-10-01,7.61,11.94,36.18,0.65,2.26,22.6,23759.34,0.0,9.42,12.76,31.14,0.26,3.46,19.46,11215.99,0.0,6.19,8.95,36.89,0.12,-0.53,19.36,11851.13,0.0,8.37,11.61,25.27,0.12,2.09,14.59,5651.87,0.0
Northern Europe,2025-10-02,6.57,12.02,43.1,3.94,2.11,27.07,32974.31,0.0,8.7,12.66,36.55,2.48,2.43,22.88,19903.27,0.0,4.29,8.85,44.5,2.5,0.27,26.13,24139.07,0.0,8.27,11.94,30.28,0.33,2.34,17.95,10597.13,0.0
Northern Europe,2025-10-03,6.8,12.38,58.83,2.57,1.82,34.44,77430.84,0.0,8.35,13.25,50.23,1.9,2.02,29.64,50554.52,0.0,4.71,9.21,67.11,1.73,-0.03,34.16,63840.47,0.0,8.07,11.77,42.34,0.33,2.28,25.2,27124.62,0.0
Northern Europe,2025-10-04,4.58,10.19,74.86,10.7,0.27,44.73,129580.92,0.0,5.33,11.66,70.76,16.07,0.9,41.1,106083.8,0.0,3.26,7.25,83.6,23.39,-2.24,43.97,117415.2,0.02,3.56,10.47,68.0,11.55,1.07,40.32,99885.12,0.0
Northern Europe,2025-10-05,3.94,11.21,56.57,6.8,2.77,34.91,62876.89,0.0,5.05,12.61,57.81,6.7,5.03,36.92,67285.99,0.0,3.56,8.32,53.97,8.55,0.08,27.55,30190.76,0.02,4.65,12.06,51.22,5.52,3.64,32.75,48423.72,0.0
Northern Europe,2025-10-06,5.15,12.5,37.26,1.57,4.88,20.73,23628.91,0.0,7.75,14.55,48.78,1.12,6.13,26.51,31708.99,0.0,4.1,9.4,31.92,2.56,1.75,16.03,8295.19,0.01,6.16,13.2,34.54,1.18,6.09,19.33,14465.31,0.0
Northern Europe,2025-10-07,3.29,12.5,40.16,5.51,5.29,24.29,22197.05,0.0,5.22,15.09,31.77,3.75,7.02,19.86,11974.7,0.0,2.61,10.22,37.19,7.58,3.21,20.95,14990.49,0.0,4.0,13.27,36.43,3.59,5.88,22.91,17005.98,0.0
Northern Europe,2025-10-08,4.71,12.16,38.45,4.87,4.49,24.56,23429.5,0.0,7.56,14.43,35.85,1.06,5.7,22.49,14853.7,0.0,4.63,8.88,38.24,3.95,0.74,20.02,12825.9,0.0,4.87,13.57,40.72,4.17,6.21,27.3,26671.97,0.0
Northern Europe,2025-10-09,4.44,11.28,45.92,3.43,2.82,27.44,33364.0,0.0,4.74,13.44,40.87,1.13,5.78,24.42,20772.66,0.0,3.58,7.89,52.36,8.34,-1.0,27.92,32069.51,0.0,5.22,12.59,46.09,1.92,4.82,26.95,25846.83,0.0
Northern Europe,2025-10-10,5.16,11.29,49.9,3.92,2.54,31.28,46933.34,0.0,5.75,13.41,47.33,2.21,5.59,30.96,42010.24,0.0,3.29,8.68,55.85,10.21,-0.52,30.41,43435.81,0.0,6.27,12.49,45.4,2.03,3.51,30.93,39505.27,0.0
Northern Europe,2025-10-11,5.63,11.3,52.37,2.81,3.0,31.93,47911.91,0.0,6.9,13.75,50.0,0.27,5.36,31.33,43164.02,0.0,3.75,8.55,55.82,6.05,0.71,28.99,38433.91,0.01,6.36,12.35,58.15,1.59,3.93,35.79,59629.9,0.0
Northern Europe,2025-10-12,5.86,10.49,50.89,1.09,1.3,30.0,37985.05,0.0,6.29,13.24,49.78,1.87,4.78,27.73,31558.65,0.0,5.19,8.24,49.18,1.39,-0.64,24.4,23922.57,0.0,6.32,11.12,55.65,1.06,1.63,33.81,50366.22,0.0
Northern Europe,2025-10-13,3.78,8.83,38.87,2.03,0.59,22.04,19729.76,0.0,6.0,11.7,38.17,1.35,3.52,21.74,18218.31,0.0,2.76,7.06,32.95,2.83,-1.26,16.83,11388.52,0.0,4.66,9.21,42.01,0.93,0.37,25.1,27538.08,0.0
Northern Europe,2025-10-14,3.91,9.99,29.37,0.57,3.05,16.36,9343.4,0.0,5.13,12.19,28.82,0.53,5.07,16.38,6852.34,0.0,3.84,8.65,29.14,0.82,0.95,15.83,7346.54,0.0,4.63,9.81,29.18,0.56,2.95,16.1,6292.93,0.0
Northern Europe,2025-10-15,4.65,11.39,39.54,0.8,2.69,24.56,23312.14,0.0,4.53,12.15,35.24,0.38,5.25,20.98,12759.24,0.0,3.8,8.66,43.43,2.9,0.11,23.54,22440.82,0.0,4.73,11.53,34.62,0.21,3.05,21.05,12174.25,0.0
Northern Europe,2025-10-16,5.3,10.34,46.59,1.17,0.77,29.56,34693.52,0.0,5.65,13.07,41.05,0.86,5.23,26.13,22818.67,0.0,4.0,6.95,49.45,2.43,-3.14,27.17,26248.75,0.0,5.35,10.97,41.97,0.45,1.55,27.7,27312.36,0.0
Northern Europe,2025-10-17,5.17,7.55,36.77,0.78,-1.92,22.41,16539.4,0.0,5.77,10.29,38.93,0.98,1.15,22.15,17169.21,0.0,5.19,3.8,34.23,1.35,-5.15,17.73,8681.07,0.01,5.6,7.65,33.71,0.36,-1.94,19.96,12013.15,0.0
Northern Europe,2025-10-18,4.81,7.82,38.58,1.61,-2.78,24.82,25792.62,0.0,6.74,9.31,32.65,1.31,-1.31,19.74,19465.7,0.0,3.94,4.43,31.66,1.33,-5.59,18.71,12291.8,0.01,6.56,7.59,30.91,0.18,-3.27,19.17,11274.68,0.0
Northern Europe,2025-10-19,4.6,8.88,39.74,2.73,-0.76,26.92,29183.99,0.0,7.34,9.74,38.22,2.71,-1.42,24.29,23570.91,0.0,3.89,5.61,29.08,1.35,-3.87,16.97,10467.87,0.01,5.69,8.59,37.1,0.34,-2.18,25.54,21496.7,0.0
Northern Europe,2025-10-20,3.87,8.09,36.1,1.91,-0.49,23.3,23803.51,0.0,5.17,10.31,37.73,2.06,0.28,27.21,29751.55,0.0,2.74,4.02,29.72,1.37,-4.19,16.15,9503.26,0.01,5.11,8.77,40.77,0.49,-0.92,27.58,30024.18,0.0
Northern Europe,2025-10-21,3.0,8.93,42.07,2.91,0.74,28.26,29775.11,0.0,5.04,11.21,45.33,2.92,2.42,31.9,37643.02,0.0,1.88,4.95,32.39,6.77,-2.7,19.69,12495.21,0.01,3.8,9.86,47.85,2.26,1.56,33.09,42433.76,0.0
Northern Europe,2025-10-22,2.67,9.31,40.81,4.42,2.57,28.2,28348.07,0.0,4.98,11.49,43.11,2.37,3.45,29.26,30597.15,0.0,1.63,6.43,32.69,7.92,-0.35,20.35,14107.57,0.02,3.22,9.91,46.47,2.22,2.8,32.38,40323.73,0.0
Northern Europe,2025-10-23,2.41,9.34,42.27,4.03,3.13,26.29,29729.83,0.0,2.36,10.51,48.26,7.18,3.58,30.68,37106.7,0.0,2.09,7.05,32.81,2.59,0.58,16.76,10270.23,0.01,2.22,9.84,43.29,4.17,3.76,28.2,31562.41,0.0
Northern Europe,2025-10-24,2.21,9.34,42.32,3.89,2.94,26.55,33940.58,0.0,3.56,11.73,55.08,2.95,3.98,33.63,54562.8,0.0,1.3,7.03,37.68,7.72,0.67,20.84,14142.67,0.01,1.92,9.64,41.69,4.15,3.92,28.04,31554.12,0.0
Northern Europe,2025-10-25,2.15,8.66,45.36,7.2,1.93,29.48,38922.12,0.0,2.94,10.9,51.19,8.77,3.63,35.0,55905.25,0.0,1.76,5.95,37.09,7.63,-0.69,20.5,15437.37,0.01,2.28,9.82,41.65,4.87,3.3,28.13,33613.15,0.0
Northern Europe,2025-10-26,1.8,8.78,41.56,6.29,1.68,26.64,30770.44,0.0,3.36,10.31,47.34,4.36,2.13,29.5,35948.85,0.0,2.01,5.35,28.24,5.67,-1.66,15.56,9633.73,0.02,1.93,9.37,39.14,4.1,2.53,25.81,25156.06,0.0
Northern Europe,2025-10-27,2.19,8.02,37.94,4.58,1.55,23.21,25033.09,0.0,3.59,9.29,43.94,3.35,2.15,26.38,25586.32,0.0,2.27,4.91,27.98,3.55,-1.49,14.63,7087.46,0.02,2.42,8.19,37.08,4.1,1.68,22.56,17641.64,0.0
Northern Europe,2025-10-28,2.62,7.44,35.57,2.17,0.71,21.74,20426.63,0.0,3.33,8.96,43.69,2.38,2.03,25.81,24412.74,0.0,2.45,3.87,27.65,2.35,-2.95,14.89,6175.15,0.02,3.09,8.02,33.65,1.89,1.22,20.77,13403.6,0.0
Northern Europe,2025-10-29,2.74,7.04,29.86,2.49,-0.04,17.96,14266.34,0.0,3.57,10.02,40.0,4.92,2.55,26.25,24733.22,0.0,2.68,3.12,24.8,2.52,-4.44,12.78,5648.02,0.02,2.58,8.17,29.22,2.71,1.05,18.22,11960.41,0.0
Northern Europe,2025-10-30,1.62,6.92,40.33,6.32,-0.19,22.4,30366.96,0.0,2.94,10.24,51.29,7.97,2.46,29.63,44875.11,0.0,2.14,3.06,25.73,1.95,-4.18,13.36,6408.76,0.03,1.56,8.05,42.9,8.21,0.89,24.26,25899.6,0.0
Northern Europe,2025-10-31,2.21,6.64,40.7,4.08,-0.25,24.11,29852.85,0.0,3.65,10.37,42.88,3.1,2.77,26.22,29675.07,0.0,1.71,2.54,33.13,1.24,-5.65,17.14,12768.02,0.03,2.23,7.4,40.15,3.84,1.16,22.51,17715.74,0.0
Northern Europe,2025-11-01,2.18,7.07,42.45,3.96,-0.48,25.35,35056.2,0.0,3.23,10.5,40.59,2.83,2.91,27.02,29743.35,0.0,1.11,4.02,50.41,12.46,-3.83,26.26,33568.16,0.03,2.32,8.12,36.18,1.56,1.48,21.17,20008.77,0.0
Northern Europe,2025-11-02,2.05,8.31,44.55,3.56,0.78,27.1,28768.43,0.0,3.38,10.41,42.44,1.85,3.13,27.62,24861.62,0.0,1.79,4.83,41.43,3.63,-2.43,22.06,15693.03,0.03,1.99,9.08,42.55,3.51,2.31,27.21,25072.47,0.0
Northern Europe,2025-11-03,1.87,8.55,40.39,3.88,1.43,26.71,38290.37,0.0,2.32,11.19,43.91,6.36,4.63,27.54,40012.71,0.0,1.63,4.79,36.79,3.71,-1.99,20.49,14548.36,0.03,2.4,9.3,38.67,2.46,2.79,24.16,19893.5,0.0
Northern Europe,2025-11-04,1.47,10.31,47.39,4.07,2.29,32.34,46545.18,0.0,1.88,12.47,46.82,3.2,6.22,33.37,46723.42,0.0,1.11,7.26,47.17,8.96,-0.62,27.01,26914.26,0.03,1.47,11.13,48.19,2.54,3.2,32.97,46757.91,0.0
Northern Europe,2025-11-05,1.94,10.44,38.36,2.62,4.35,27.7,29885.71,0.0,2.35,12.81,41.21,1.28,7.07,29.94,31137.48,0.0,1.4,7.48,36.56,4.1,1.35,22.61,18415.01,0.02,1.69,11.49,41.74,1.98,5.73,31.28,37135.95,0.0
Northern Europe,2025-11-06,2.39,9.78,31.75,1.97,2.83,22.78,16197.39,0.0,3.71,12.91,31.24,1.32,5.87,24.11,16058.36,0.0,1.33,7.03,27.81,5.45,1.32,16.93,8726.86,0.02,2.5,11.1,32.65,0.92,4.42,23.95,17312.16,0.0
Northern Europe,2025-11-07,2.07,7.48,27.29,2.16,0.79,18.25,10218.45,0.0,3.97,10.56,29.0,1.03,3.56,21.01,13286.59,0.0,1.72,6.07,23.91,2.22,-0.71,12.98,4850.07,0.01,2.47,8.81,26.85,1.5,2.4,18.16,8688.78,0.0
Northern Europe,2025-11-08,1.34,6.39,24.57,1.86,0.61,14.7,8476.69,0.0,2.54,8.8,24.64,0.28,3.68,13.74,5598.4,0.0,1.55,4.46,18.35,0.83,-1.83,10.13,2508.73,0.01,1.44,7.08,20.92,0.73,1.84,11.9,2928.23,0.0
Northern Europe,2025-11-09,1.66,6.14,31.16,1.97,-1.22,18.04,12773.55,0.0,1.99,8.14,27.3,1.34,3.34,13.65,7511.82,0.0,1.28,3.75,25.98,1.05,-3.1,15.14,7608.94,0.01,1.38,7.0,27.0,0.55,0.57,15.88,6587.27,0.0
Northern Europe,2025-11-10,1.58,3.91,25.06,1.21,-2.58,14.51,6965.52,0.0,2.34,8.21,24.84,0.77,2.74,13.77,5023.72,0.0,1.12,2.09,23.28,0.95,-4.08,12.19,4071.44,0.02,1.51,5.09,19.9,0.37,-0.6,10.63,2493.2,0.0
Northern Europe,2025-11-11,1.02,5.23,33.95,4.77,-2.06,19.83,17511.79,0.0,1.65,9.03,33.66,4.43,2.6,21.6,22605.18,0.0,0.75,2.15,30.47,2.33,-4.59,16.39,8978.03,0.02,1.25,6.23,27.39,1.05,-0.4,15.66,8156.6,0.0
Northern Europe,2025-11-12,0.99,7.71,48.21,8.71,-0.21,31.2,46141.83,0.01,1.47,10.44,45.5,5.48,3.55,29.89,40576.38,0.0,0.72,4.51,44.08,15.19,-2.84,25.11,24851.14,0.03,0.91,8.88,51.3,4.43,1.1,34.39,52788.94,0.0
Northern Europe,2025-11-13,1.51,8.0,53.16,4.97,-3.21,32.01,45585.91,0.01,2.36,11.48,55.72,4.12,2.32,34.56,51906.67,0.0,1.28,3.64,45.56,3.86,-7.02,23.86,22070.26,0.04,1.3,10.03,57.69,6.58,-1.97,36.61,61901.0,0.0
Northern Europe,2025-11-14,1.76,3.15,48.24,2.32,-6.32,28.08,40250.76,0.01,2.06,8.16,44.64,4.42,-1.01,24.91,34483.11,0.0,1.74,-1.17,37.96,1.7,-10.11,21.34,17209.88,0.05,2.11,3.98,44.96,1.13,-5.03,24.75,23590.41,0.01
Northern Europe,2025-11-15,1.84,3.5,46.41,2.03,-7.2,29.74,40954.02,0.02,3.65,5.32,39.15,1.43,-4.29,25.77,25463.26,0.0,1.25,-0.26,40.51,2.86,-10.32,22.75,21073.32,0.06,2.57,2.76,40.75,0.72,-7.31,27.05,29887.05,0.01
Northern Europe,2025-11-16,1.61,3.58,42.23,2.04,-6.11,24.44,23433.42,0.02,2.64,5.08,36.91,0.62,-4.56,25.01,21866.19,0.0,1.43,-0.14,38.32,3.91,-10.82,20.68,13877.13,0.07,1.97,3.66,41.68,1.17,-5.34,25.73,28336.25,0.01
Northern Europe,2025-11-17,1.95,0.4,33.83,1.06,-8.72,20.37,16697.9,0.02,3.17,4.29,34.82,0.99,-3.87,21.75,14273.88,0.0,1.36,-2.85,33.29,2.15,-12.79,18.99,11530.95,0.08,2.1,1.39,33.91,1.49,-6.66,20.67,12979.64,0.01
Northern Europe,2025-11-18,1.65,-0.37,29.85,1.28,-8.98,17.29,11832.75,0.02,2.72,4.21,37.04,1.59,-4.07,22.7,16005.34,0.01,1.3,-4.45,23.69,0.97,-13.34,13.23,4835.87,0.09,1.88,0.65,29.73,1.01,-8.27,17.39,8614.32,0.01
Northern Europe,2025-11-19,1.47,-1.88,28.43,1.83,-10.05,15.8,10090.7,0.03,2.27,2.5,31.66,2.66,-6.11,20.02,15960.77,0.01,1.32,-6.45,20.94,0.54,-15.27,11.34,3880.27,0.09,1.54,-0.49,26.85,1.7,-8.66,13.65,5206.65,0.01
Northern Europe,2025-11-20,1.51,-2.4,35.87,2.43,-11.63,22.21,16358.82,0.03,2.77,1.5,41.22,1.04,-6.96,27.56,25002.78,0.01,1.49,-7.22,23.93,0.43,-16.71,14.19,5893.59,0.09,1.13,-0.41,43.35,3.36,-9.42,26.94,26775.52,0.02
Northern Europe,2025-11-21,1.5,-1.84,36.72,2.06,-12.82,21.25,17743.86,0.05,2.76,2.72,35.94,0.92,-6.8,23.05,16838.94,0.01,1.1,-5.78,29.96,1.58,-16.79,16.26,7748.79,0.09,1.76,-0.37,41.73,1.27,-10.23,23.61,18937.2,0.03
Northern Europe,2025-11-22,1.17,2.55,45.49,3.91,-10.38,28.33,35612.76,0.05,2.43,4.77,42.88,0.9,-4.88,28.81,31065.44,0.01,0.71,-1.06,39.29,6.89,-12.68,21.11,14981.57,0.11,1.52,2.99,47.3,1.17,-10.16,30.6,40058.09,0.04
Northern Europe,2025-11-23,1.27,2.3,41.07,2.64,-6.7,26.48,38784.59,0.05,2.25,3.79,45.14,1.78,-5.38,33.48,48103.08,0.01,0.91,-1.49,25.55,1.5,-10.14,13.73,6815.46,0.11,1.46,3.47,44.69,1.14,-5.32,32.04,43265.85,0.03
Northern Europe,2025-11-24,1.08,0.51,35.19,2.37,-8.68,22.1,21279.84,0.05,1.37,2.51,40.02,4.99,-5.7,25.77,28515.32,0.01,0.76,-3.58,22.87,0.91,-12.71,11.85,4285.77,0.11,0.89,1.6,36.26,2.05,-6.32,22.87,18291.21,0.02
Northern Europe,2025-11-25,1.27,-1.37,29.45,0.63,-10.27,18.82,10717.14,0.05,1.7,2.79,31.73,1.58,-4.25,19.9,11769.97,0.01,1.1,-5.34,21.14,0.79,-15.42,12.03,4465.73,0.11,1.16,0.37,29.3,1.14,-7.92,17.94,8201.1,0.02
Northern Europe,2025-11-26,0.96,0.39,36.66,1.37,-9.71,24.37,28379.17,0.05,1.76,2.45,27.55,1.33,-5.2,17.8,10986.9,0.01,0.88,-3.21,40.83,1.48,-13.98,20.19,16989.11,0.11,1.16,-0.02,27.52,0.29,-8.51,16.71,10743.09,0.02
Northern Europe,2025-11-27,0.62,3.96,56.95,5.95,-8.11,35.97,69854.92,0.06,0.85,5.55,49.5,4.13,-5.15,31.96,51748.01,0.01,0.35,1.28,52.16,9.07,-10.23,27.58,35104.85,0.12,0.57,3.2,51.22,2.99,-7.97,32.64,51206.84,0.02
Northern Europe,2025-11-28,0.96,6.09,55.58,4.23,-3.97,38.99,81743.9,0.05,1.47,6.84,52.01,2.55,-1.2,38.69,65675.2,0.01,0.68,3.66,59.14,7.72,-6.62,34.0,50867.49,0.12,0.71,6.88,51.82,2.9,-2.45,39.9,75346.13,0.02
Northern Europe,2025-11-29,0.88,5.6,54.75,3.08,-2.49,36.54,63564.18,0.04,1.32,6.07,49.97,1.73,-1.12,33.29,43875.63,0.01,0.71,2.55,56.73,5.44,-6.67,28.99,37335.09,0.12,0.93,6.71,52.4,0.96,-0.88,38.92,71765.75,0.01
Northern Europe,2025-11-30,0.73,4.32,50.53,4.33,-5.04,29.03,42802.17,0.03,1.57,6.14,51.6,3.31,-2.01,32.09,48704.71,0.01,0.38,-0.27,38.13,6.41,-9.44,19.76,14783.08,0.12,0.73,5.75,49.67,3.26,-2.44,31.19,41964.58,0.01
Northern Europe,2025-12-01,0.69,3.15,43.81,5.4,-4.65,26.84,34667.5,0.05,1.28,6.09,48.53,3.8,-1.68,33.14,49025.68,0.01,0.44,-1.11,38.0,3.87,-9.2,19.0,13839.58,0.14,0.96,4.87,45.07,3.32,-2.85,31.0,38565.01,0.01
Northern Europe,2025-12-02,0.74,4.71,46.31,4.29,-4.34,31.11,45596.89,0.05,1.28,5.27,43.9,1.12,-1.88,30.62,39044.35,0.0,0.35,1.72,47.51,10.71,-7.89,27.79,31881.71,0.14,0.77,5.17,46.55,1.43,-2.52,32.2,42410.72,0.01
Northern Europe,2025-12-03,0.66,4.79,40.64,1.88,-3.06,26.81,31040.73,0.05,1.07,4.97,31.33,1.04,-0.85,21.9,13551.62,0.0,0.54,1.95,39.27,1.46,-6.65,21.6,19114.68,0.13,0.57,4.84,38.8,0.48,-1.28,26.65,27387.8,0.01
Northern Europe,2025-12-04,0.67,3.38,29.03,1.66,-3.62,19.85,12979.02,0.04,1.01,5.17,28.56,2.47,-0.92,19.99,9762.28,0.0,0.46,0.85,26.53,1.23,-6.44,14.65,5707.71,0.12,0.47,4.26,29.54,1.39,-1.66,20.67,11676.85,0.01
Northern Europe,2025-12-05,0.41,3.03,31.31,2.59,-3.35,19.0,18866.99,0.04,0.75,5.83,36.91,2.22,-0.81,23.08,24983.1,0.0,0.38,-0.28,24.4,2.26,-6.41,14.35,6300.12,0.13,0.47,4.16,25.91,1.63,-1.49,17.27,8884.05,0.01
Northern Europe,2025-12-06,0.5,3.66,40.34,3.84,-3.31,26.59,29581.51,0.04,0.97,5.98,41.85,3.29,-0.76,28.48,28851.55,0.0,0.28,0.03,32.42,2.92,-6.28,21.07,13955.03,0.13,0.47,4.39,36.16,5.07,-1.79,23.55,18461.67,0.01
Northern Europe,2025-12-07,0.49,3.93,37.4,3.95,-2.52,26.25,25167.97,0.05,1.04,6.41,34.39,2.89,-0.44,26.26,20661.6,0.0,0.34,-0.04,29.73,2.74,-5.98,20.02,12024.45,0.14,0.49,4.4,33.8,2.99,-1.93,25.13,20057.97,0.01
Northern Europe,2025-12-08,0.66,4.72,43.69,4.54,-2.08,28.36,42941.26,0.05,1.43,7.69,58.23,4.07,0.19,37.76,71254.51,0.0,0.31,0.82,32.61,5.78,-5.43,19.0,11923.31,0.15,0.71,5.44,45.63,5.09,-1.58,31.13,44296.45,0.02
Northern Europe,2025-12-09,0.46,5.25,39.33,4.07,-1.78,23.69,38585.33,0.05,0.74,9.25,50.55,6.78,1.86,33.92,62064.44,0.0,0.45,1.26,29.39,2.71,-5.5,14.87,9197.84,0.15,0.48,5.8,37.47,3.37,-0.76,24.83,24228.07,0.02
Northern Europe,2025-12-10,0.69,5.23,46.47,6.5,-3.08,30.22,51486.1,0.05,1.34,9.65,48.34,3.57,2.1,34.47,51303.25,0.0,0.33,2.05,46.27,9.89,-6.41,24.89,24665.62,0.16,0.63,6.48,43.9,5.38,-1.13,28.0,35376.44,0.02
Northern Europe,2025-12-11,0.4,4.35,46.35,4.28,-4.07,29.16,44979.91,0.07,0.95,9.06,52.85,2.9,2.21,36.29,61667.15,0.0,0.29,1.64,43.08,12.03,-7.15,22.76,20579.47,0.18,0.49,6.06,45.67,1.77,-2.02,30.92,41943.58,0.03
Northern Europe,2025-12-12,0.63,1.58,38.01,1.66,-7.52,23.65,21310.2,0.07,1.29,7.38,38.1,0.66,-1.87,23.19,15722.58,0.0,0.34,-0.69,34.95,1.69,-8.96,19.03,12019.65,0.16,0.66,2.78,36.13,0.46,-6.68,21.66,13780.58,0.03
Northern Europe,2025-12-13,0.43,1.96,43.51,4.5,-7.44,27.28,40794.18,0.08,1.24,4.95,38.2,1.51,-2.59,25.65,27117.77,0.0,0.38,-0.45,41.52,6.36,-9.33,22.6,17898.28,0.17,0.46,1.15,36.37,2.28,-6.87,22.1,18967.52,0.03
Northern Europe,2025-12-14,0.32,4.33,50.75,7.24,-4.85,34.98,63604.28,0.09,0.84,6.67,49.63,5.09,-1.72,35.63,61935.47,0.01,0.27,2.67,49.76,12.22,-6.89,28.0,32231.07,0.19,0.34,3.69,46.58,3.86,-5.12,32.03,45859.73,0.03
Northern Europe,2025-12-15,0.61,5.47,43.9,3.9,-2.84,29.27,38940.69,0.09,1.03,7.2,43.82,1.28,0.4,30.01,36168.93,0.01,0.23,3.74,46.8,9.54,-3.6,25.12,26556.23,0.18,0.57,5.76,43.75,2.26,-2.2,29.91,36058.2,0.04
Northern Europe,2025-12-16,0.74,4.64,34.01,1.31,-2.25,21.73,17753.34,0.08,1.54,6.41,33.7,0.21,0.19,24.32,17447.4,0.01,0.28,2.39,28.73,3.82,-4.39,16.7,10083.21,0.17,0.73,5.49,32.5,0.59,-0.85,23.59,18603.33,0.03
Northern Europe,2025-12-17,0.57,4.47,40.95,5.16,-3.97,25.32,35118.26,0.08,1.1,6.47,36.27,3.49,-0.4,24.0,26611.31,0.0,0.45,0.78,39.09,2.27,-8.02,20.37,16844.58,0.16,0.54,5.52,38.51,4.0,-1.57,25.59,24843.58,0.03
Northern Europe,2025-12-18,0.41,5.26,51.88,5.14,-4.69,32.41,50437.32,0.08,0.72,6.58,45.2,1.35,-0.84,30.66,39026.46,0.0,0.22,2.37,50.13,12.27,-7.53,27.77,31673.08,0.17,0.65,5.75,47.51,0.77,-2.54,30.18,37285.92,0.02
Northern Europe,2025-12-19,0.6,6.36,52.63,4.99,-1.76,35.69,60662.75,0.08,1.03,7.41,48.19,1.57,0.13,34.87,50592.66,0.0,0.33,3.38,54.84,11.89,-4.83,31.22,40055.91,0.18,0.36,7.11,47.84,2.88,-0.52,34.98,51408.72,0.02
Northern Europe,2025-12-20,0.65,5.8,48.86,2.24,-1.8,31.38,43860.11,0.07,1.21,6.94,42.8,2.72,0.37,30.15,39662.98,0.0,0.42,2.79,46.55,3.51,-5.49,24.62,24353.34,0.19,0.77,6.52,44.5,0.83,-0.4,32.39,41379.19,0.02
Northern Europe,2025-12-21,0.76,4.01,36.13,0.72,-3.85,24.31,20552.72,0.06,1.1,5.9,38.64,0.52,-0.59,25.3,21693.14,0.0,0.59,0.39,27.95,0.54,-7.63,17.88,12738.84,0.18,0.71,4.53,36.43,0.22,-3.26,24.7,21727.64,0.02
Northern Europe,2025-12-22,0.69,1.46,30.71,0.16,-7.9,19.47,13124.11,0.07,1.24,4.81,37.17,0.3,-2.87,25.28,20450.86,0.0,0.53,-2.29,21.24,0.16,-11.65,12.24,4626.86,0.17,0.81,1.98,34.74,0.15,-7.64,21.89,13302.33,0.02
Northern Europe,2025-12-23,0.63,-0.13,33.56,0.17,-9.29,20.97,16790.64,0.06,1.42,3.05,38.27,0.22,-5.66,25.01,20392.67,0.0,0.51,-4.61,23.12,0.03,-13.46,13.11,5892.04,0.16,0.81,-0.44,35.7,0.06,-9.23,21.21,13381.24,0.02
Northern Europe,2025-12-24,0.81,1.97,35.45,0.48,-9.18,24.59,27215.87,0.06,1.33,1.65,32.62,0.02,-6.9,20.65,12245.41,0.0,0.6,-0.8,31.15,0.82,-12.43,19.02,15781.74,0.17,1.01,-0.13,31.68,0.03,-8.69,22.01,13980.68,0.02
Northern Europe,2025-12-25,0.85,4.64,48.06,0.64,-4.38,32.28,53129.81,0.06,1.54,2.62,37.67,0.1,-5.81,24.42,28379.71,0.0,0.49,2.84,44.66,2.63,-6.52,27.77,38482.57,0.16,0.78,3.6,44.84,0.13,-6.0,30.93,49279.88,0.02
Northern Europe,2025-12-26,0.86,4.8,40.94,0.18,-3.47,28.02,32103.24,0.05,1.65,4.6,34.02,0.01,-4.47,24.57,21955.43,0.0,0.68,3.92,37.75,0.39,-4.82,22.25,23796.44,0.15,0.93,4.29,38.82,0.0,-4.13,28.65,29858.54,0.02
Northern Europe,2025-12-27,1.04,4.93,72.51,1.49,-6.87,43.04,114361.14,0.05,1.77,6.21,56.79,0.73,-3.57,34.52,54889.66,0.0,0.57,2.51,77.46,3.08,-9.73,39.84,97143.33,0.15,1.13,4.73,67.24,0.85,-5.78,40.12,95561.22,0.02
Northern Europe,2025-12-28,0.9,2.81,59.93,1.23,-7.68,34.28,60943.93,0.06,1.81,3.91,55.14,0.58,-6.08,32.37,54261.33,0.01,0.55,-0.02,57.26,3.13,-10.62,31.13,50505.91,0.16,1.14,2.79,64.46,0.45,-8.17,35.54,66104.25,0.02
Northern Europe,2025-12-29,0.9,1.45,55.28,1.88,-9.65,36.84,66960.28,0.06,1.79,4.06,46.8,0.97,-6.47,31.35,39240.41,0.01,0.65,-1.6,55.17,2.07,-12.9,31.86,42352.26,0.17,1.0,1.78,57.21,1.75,-9.83,36.48,66881.63,0.03
Northern Europe,2025-12-30,0.94,-1.26,47.85,1.23,-11.63,30.13,39447.03,0.07,1.9,0.61,42.45,1.11,-8.03,30.48,38393.67,0.02,0.51,-4.44,41.28,2.07,-14.52,23.63,21103.58,0.18,1.16,-1.41,55.88,1.25,-12.11,36.67,64033.04,0.04
Northern Europe,2025-12-31,0.92,-4.03,33.09,1.64,-13.49,19.48,14980.8,0.07,1.96,0.85,39.55,0.8,-9.33,24.99,21889.35,0.02,0.45,-6.01,37.37,3.14,-14.85,18.68,12410.85,0.19,1.21,-4.48,33.27,0.43,-13.55,20.48,13376.34,0.04
Southern Europe,2023-01-01,6.76,14.98,40.35,10.87,4.27,21.28,22820.53,0.0,7.96,16.33,30.12,2.38,4.1,18.15,13326.81,0.0,5.03,11.8,40.14,17.1,2.45,16.43,15739.28,0.07,5.31,14.53,39.8,15.45,5.25,20.4,30732.75,0.03
Southern Europe,2023-01-02,6.77,12.87,32.44,1.8,3.65,13.76,6822.4,0.0,6.61,13.58,27.59,4.99,4.36,12.07,4657.64,0.0,6.22,10.11,30.47,0.77,0.69,9.68,2652.91,0.06,6.4,12.51,28.8,3.13,5.12,12.13,5527.47,0.03
Southern Europe,2023-01-03,7.85,12.23,22.21,0.15,1.94,10.88,4553.47,0.0,8.44,13.18,20.41,0.19,2.43,10.98,3446.81,0.0,6.41,9.76,18.79,0.58,-0.26,6.6,1039.57,0.06,6.8,12.19,22.16,0.42,4.06,11.16,4544.21,0.03
Southern Europe,2023-01-04,8.36,12.37,22.92,0.06,1.03,11.3,5571.53,0.0,9.03,13.39,20.51,0.02,1.67,11.68,3291.88,0.0,7.65,10.17,20.54,0.02,-1.79,7.82,1304.3,0.06,7.6,12.76,23.58,0.04,3.05,11.41,3216.96,0.03
Southern Europe,2023-01-05,8.55,12.3,23.95,0.03,1.25,11.36,5476.16,0.0,9.0,13.07,20.54,0.02,1.47,10.63,3050.59,0.0,7.58,10.55,26.08,0.12,-1.47,9.43,2173.02,0.06,7.94,13.03,26.6,0.02,3.05,11.4,3102.07,0.03
Southern Europe,2023-01-06,7.89,11.35,25.64,0.1,0.56,11.28,6204.65,0.0,8.64,12.36,20.19,0.04,0.87,8.45,1969.76,0.0,7.4,9.44,26.8,0.06,-2.08,8.88,2161.85,0.06,7.29,11.81,29.61,0.15,2.99,12.32,7541.27,0.03
Southern Europe,2023-01-07,6.36,11.48,42.06,7.92,0.75,21.09,25030.51,0.0,6.24,12.46,33.11,2.79,1.28,16.25,11952.83,0.0,5.41,9.38,37.67,11.14,-1.08,16.19,13354.28,0.06,5.05,12.2,41.84,10.29,3.18,21.96,36033.9,0.03
Southern Europe,2023-01-08,4.86,12.85,53.73,11.13,3.96,27.56,40147.59,0.0,4.67,14.36,49.17,10.13,5.71,28.27,39868.95,0.0,3.63,9.32,47.91,16.63,1.11,19.52,18959.61,0.06,3.44,12.19,51.81,13.77,5.42,28.03,49154.17,0.03
Southern Europe,2023-01-09,6.76,12.12,51.53,4.39,2.72,26.15,29541.83,0.0,7.04,14.16,44.64,3.25,5.14,24.39,25042.44,0.0,5.65,8.79,52.94,9.05,-1.31,20.38,18809.11,0.08,5.55,12.02,51.07,8.85,3.78,24.18,25808.33,0.04
Southern Europe,2023-01-10,6.72,12.0,45.55,3.57,1.27,23.03,28053.95,0.0,7.55,13.38,32.3,2.4,3.11,15.73,12942.19,0.0,5.75,8.31,48.6,3.68,-2.92,18.03,12728.55,0.08,6.34,11.64,47.5,1.68,2.25,20.47,18279.15,0.04
Southern Europe,2023-01-11,7.03,11.37,41.53,2.78,1.8,20.17,15458.89,0.0,6.65,13.04,32.17,0.7,3.2,16.89,10002.57,0.0,6.71,8.58,38.95,4.05,-2.23,14.52,8083.74,0.09,7.37,11.79,39.21,3.19,1.86,17.25,11662.23,0.04
Southern Europe,2023-01-12,8.1,11.42,33.37,0.51,-0.04,16.32,9912.41,0.0,9.16,12.72,25.95,0.23,1.29,13.58,5452.04,0.0,7.12,8.4,31.03,0.35,-3.68,11.14,3279.13,0.09,7.29,11.26,34.85,0.5,1.37,15.22,8718.09,0.04
Southern Europe,2023-01-13,7.77,12.1,30.01,0.41,0.87,15.34,8163.05,0.0,8.62,12.42,24.59,0.06,0.87,11.53,4341.25,0.0,7.17,9.17,29.3,0.28,-2.65,10.05,3079.94,0.09,6.83,11.72,30.2,0.45,2.07,12.27,4510.36,0.04
Southern Europe,2023-01-14,7.76,11.96,36.22,1.2,1.28,17.56,15421.92,0.0,8.84,12.58,22.45,0.13,0.5,10.9,3443.04,0.0,6.56,9.01,35.63,1.08,-2.37,12.96,5999.62,0.09,7.04,11.75,38.45,1.45,1.9,17.87,16496.06,0.04
Southern Europe,2023-01-15,7.28,10.54,46.07,2.78,0.08,22.38,21313.95,0.0,7.29,12.03,38.27,0.68,1.06,18.58,12084.75,0.0,6.63,7.93,41.76,3.14,-3.14,16.66,10734.67,0.09,6.73,11.11,45.31,4.22,0.74,20.81,23997.11,0.04
Southern Europe,2023-01-16,4.67,10.56,62.34,12.29,-0.22,33.94,67076.92,0.0,5.61,11.62,56.19,2.14,-0.03,31.12,48497.26,0.0,3.63,6.87,58.35,16.25,-3.21,26.25,39296.06,0.09,4.33,10.03,61.95,15.15,0.99,32.72,74183.42,0.04
Southern Europe,2023-01-17,6.19,11.23,74.26,13.67,0.17,40.83,94877.27,0.0,7.4,12.57,65.14,5.38,1.96,39.08,82669.97,0.0,4.43,7.03,65.95,15.28,-3.93,28.45,49671.41,0.1,4.68,10.42,72.02,17.04,-0.31,39.03,100265.02,0.04
Southern Europe,2023-01-18,8.01,8.26,61.78,6.32,-1.27,33.03,50504.38,0.01,9.25,9.85,55.42,2.61,-0.14,32.32,43469.01,0.0,7.12,5.36,54.22,8.54,-4.94,22.94,24843.38,0.11,7.04,8.32,60.67,10.24,-1.63,29.96,50844.62,0.05
Southern Europe,2023-01-19,6.77,9.16,56.81,6.27,-1.91,29.51,38650.36,0.02,8.42,10.33,49.65,1.65,-1.36,26.72,28736.91,0.01,5.06,5.45,53.98,8.77,-6.29,21.65,18065.4,0.11,5.5,8.68,54.16,8.73,-2.2,26.06,35022.16,0.05
Southern Europe,2023-01-20,6.9,9.78,55.04,4.66,0.44,26.21,30932.63,0.02,7.68,12.53,48.96,3.21,2.18,25.62,28960.8,0.01,6.4,5.87,51.29,4.73,-3.48,19.44,15917.53,0.12,6.12,9.11,53.0,5.96,0.39,24.2,24308.91,0.05
Southern Europe,2023-01-21,8.05,8.34,48.4,3.4,-1.8,24.67,25092.5,0.02,8.54,11.36,40.89,2.12,0.57,21.46,17977.24,0.01,6.63,5.32,48.86,5.09,-5.17,20.36,16225.75,0.12,7.16,8.58,48.48,3.21,-1.17,24.36,27640.28,0.05
Southern Europe,2023-01-22,9.31,7.35,44.27,2.36,-4.26,24.56,27507.8,0.02,10.83,9.17,40.51,1.07,-3.05,23.5,22183.73,0.01,8.17,4.82,38.87,1.96,-6.41,16.98,10282.62,0.13,8.78,7.71,42.28,1.73,-2.83,21.52,18853.66,0.05
Southern Europe,2023-01-23,8.91,7.24,47.99,2.45,-4.28,25.61,29512.9,0.02,9.79,9.2,40.62,2.57,-3.39,22.43,20246.61,0.01,7.04,5.11,43.72,5.53,-6.26,18.0,12944.26,0.13,8.14,7.62,45.75,2.49,-3.17,22.43,21098.12,0.05
Southern Europe,2023-01-24,8.66,6.91,40.46,1.34,-3.92,20.93,18225.45,0.02,9.15,8.17,35.54,1.41,-3.06,19.82,13008.17,0.01,7.81,5.62,36.54,2.0,-5.51,14.78,7612.02,0.14,8.64,8.06,42.08,1.58,-2.65,21.46,18308.71,0.06
Southern Europe,2023-01-25,8.75,7.43,40.28,2.11,-3.49,21.32,16317.6,0.02,9.71,8.95,33.71,1.53,-3.41,20.1,13217.46,0.01,8.16,5.38,34.26,1.46,-5.53,14.6,6291.6,0.14,8.75,8.41,39.7,2.06,-2.13,20.8,16640.99,0.06
Southern Europe,2023-01-26,6.96,7.47,46.85,5.62,-2.68,24.14,25090.3,0.02,8.3,8.62,37.58,3.27,-3.05,20.28,15037.88,0.01,7.12,4.52,35.27,2.72,-5.94,14.79,8258.39,0.14,7.32,7.97,44.18,2.94,-1.93,21.76,22851.75,0.06
Southern Europe,2023-01-27,8.61,7.24,48.01,2.93,-3.43,26.76,33510.17,0.02,10.14,9.32,39.99,1.24,-3.41,22.37,20265.85,0.01,7.63,4.11,36.79,1.36,-6.46,16.8,10734.63,0.14,8.39,7.67,43.7,1.7,-2.39,23.55,26403.94,0.06
Southern Europe,2023-01-28,9.42,7.18,43.64,1.02,-3.72,24.2,25526.88,0.02,10.81,8.9,38.34,0.54,-3.45,22.14,18159.67,0.01,8.95,4.44,35.98,0.56,-7.17,15.88,8556.83,0.15,9.13,7.64,42.64,1.14,-2.78,22.77,21241.08,0.06
Southern Europe,2023-01-29,9.46,6.79,40.83,0.33,-3.89,21.63,16725.99,0.02,10.95,8.57,33.64,0.2,-3.82,18.71,11062.82,0.01,9.62,4.63,34.63,0.14,-7.18,14.71,7116.77,0.14,10.13,8.03,39.55,0.21,-3.38,20.62,16349.07,0.06
Southern Europe,2023-01-30,10.81,8.13,33.05,0.08,-4.26,17.21,12360.87,0.02,11.69,9.63,29.86,0.06,-3.88,16.74,8369.29,0.01,10.7,6.38,31.91,0.07,-7.35,12.06,3918.71,0.14,10.69,9.1,35.92,0.01,-3.35,16.54,7826.38,0.06
Southern Europe,2023-01-31,10.89,9.53,38.2,0.43,-3.49,19.69,17485.1,0.02,11.8,10.99,29.49,0.16,-3.64,15.98,10068.66,0.01,10.56,7.43,35.99,0.29,-6.9,13.08,5270.44,0.14,10.96,10.18,38.04,0.19,-2.35,17.22,10934.12,0.05
Southern Europe,2023-02-01,11.35,10.18,34.78,0.08,-2.68,18.81,13553.53,0.01,12.27,11.6,25.73,0.01,-2.91,13.7,6004.01,0.01,10.7,8.12,33.8,0.09,-6.04,13.78,4586.06,0.13,10.81,10.66,33.98,0.08,-1.69,16.79,9434.57,0.05
Southern Europe,2023-02-02,12.01,11.47,30.34,0.11,-2.58,15.93,9033.3,0.01,12.5,12.75,24.44,0.04,-2.36,13.08,4754.45,0.01,10.98,8.84,34.71,0.61,-5.48,13.76,5026.37,0.13,11.49,11.52,31.39,0.15,-1.29,15.34,8118.93,0.05
Southern Europe,2023-02-03,12.34,12.72,30.9,0.11,-2.27,14.44,7067.12,0.01,12.73,13.81,25.67,0.21,-2.21,13.15,4663.18,0.01,11.4,10.39,32.34,0.54,-4.77,11.54,3064.04,0.13,11.78,12.71,31.28,0.05,-0.72,14.24,6480.79,0.05
Southern Europe,2023-02-04,11.78,13.09,41.4,0.39,-2.25,20.24,19452.47,0.01,12.62,14.87,32.19,0.25,-2.19,16.14,10347.48,0.01,10.83,11.05,45.56,1.52,-4.8,15.28,9518.46,0.13,11.29,13.18,45.07,0.22,-0.44,19.17,15612.62,0.05
Southern Europe,2023-02-05,11.35,9.87,49.79,1.0,-3.05,28.09,41433.19,0.01,12.37,13.17,34.74,0.45,-2.59,20.35,19623.49,0.01,10.69,6.44,44.07,0.7,-6.38,18.93,15195.64,0.13,10.91,10.29,46.65,0.18,-1.87,24.0,28797.75,0.05
Southern Europe,2023-02-06,10.36,7.64,52.69,0.64,-3.79,26.65,34021.99,0.01,11.71,10.48,41.22,0.54,-2.86,20.17,19251.46,0.01,9.89,4.49,42.39,0.69,-6.96,18.71,13151.07,0.14,10.04,8.59,47.71,1.09,-2.79,23.68,32243.02,0.05
Southern Europe,2023-02-07,8.78,6.37,44.25,1.6,-4.32,22.68,21267.03,0.01,8.97,8.58,37.91,2.58,-2.12,21.27,15836.5,0.01,10.52,3.87,42.49,0.98,-8.27,17.71,11215.46,0.14,10.23,7.83,46.17,1.88,-3.36,22.83,24311.14,0.05
Southern Europe,2023-02-08,9.03,7.68,44.24,2.54,-3.12,23.14,20736.5,0.01,8.49,9.37,40.77,3.14,-1.71,23.3,18337.73,0.01,9.53,3.91,43.24,1.25,-7.78,20.14,14780.64,0.14,9.49,8.17,44.94,2.62,-3.01,23.84,24998.0,0.05
Southern Europe,2023-02-09,9.31,7.73,38.38,2.9,-2.83,20.63,19747.67,0.01,10.44,10.28,34.41,1.59,-1.1,20.58,15253.59,0.01,10.61,4.24,35.83,2.05,-7.75,16.7,10511.31,0.14,10.39,8.57,40.43,1.84,-2.04,21.86,18224.43,0.06
Southern Europe,2023-02-10,11.18,8.24,40.15,2.02,-3.97,22.31,35542.41,0.01,11.61,9.69,41.17,1.09,-2.33,23.65,25886.0,0.01,11.96,6.2,35.8,1.32,-8.36,16.47,13226.94,0.14,12.03,9.39,43.37,0.15,-3.01,23.62,24664.2,0.06
Southern Europe,2023-02-11,12.76,9.45,37.97,0.09,-4.0,20.3,22930.25,0.01,12.05,10.85,39.43,0.39,-2.44,23.11,21998.36,0.01,12.55,7.94,32.55,0.04,-7.53,14.18,8451.52,0.14,12.45,10.75,39.35,0.04,-2.78,20.31,19731.22,0.06
Southern Europe,2023-02-12,12.17,10.36,35.37,0.1,-3.3,18.85,15257.99,0.01,11.47,12.05,33.9,0.12,-1.55,19.35,12855.99,0.01,10.98,9.41,35.15,0.2,-5.29,14.88,7456.17,0.14,10.9,12.13,34.9,0.07,-0.92,18.64,14827.39,0.05
Southern Europe,2023-02-13,12.77,11.35,38.35,0.08,-1.85,20.11,21183.25,0.01,12.85,12.76,34.9,0.08,-0.65,19.59,13780.89,0.01,12.27,9.93,31.72,0.09,-3.9,13.11,6135.1,0.13,12.69,12.56,36.91,0.05,0.09,18.98,15309.48,0.05
Southern Europe,2023-02-14,12.08,11.63,38.77,0.05,-1.02,21.48,19949.98,0.0,12.1,13.27,36.74,0.07,0.5,21.17,16118.76,0.0,12.48,11.15,32.94,0.01,-3.72,13.88,6657.97,0.13,12.53,13.55,34.27,0.31,0.49,19.04,16255.88,0.05
Southern Europe,2023-02-15,12.93,12.7,32.4,0.1,-0.19,16.62,11659.58,0.0,12.58,13.83,32.15,0.15,0.98,17.95,11140.09,0.0,13.11,12.13,29.46,0.01,-2.97,11.89,4387.96,0.12,12.95,14.22,32.1,0.42,1.05,15.5,11898.6,0.05
Southern Europe,2023-02-16,13.71,13.36,27.31,0.01,-0.46,12.42,6842.31,0.0,13.95,14.86,27.27,0.01,0.82,14.6,6111.16,0.0,13.23,12.06,26.12,0.0,-2.3,9.83,2183.43,0.12,13.18,13.82,27.43,0.0,2.12,12.93,5639.55,0.05
Southern Europe,2023-02-17,13.88,14.04,31.57,0.02,-0.49,16.84,17983.55,0.0,13.92,15.69,35.04,0.02,0.82,20.83,17046.12,0.0,13.25,12.34,31.53,0.01,-2.55,13.59,6580.27,0.11,13.34,14.51,29.06,0.0,1.82,16.32,10982.54,0.05
Southern Europe,2023-02-18,13.14,14.46,30.56,0.14,0.34,16.08,14094.07,0.0,12.55,16.04,30.95,0.3,3.08,17.67,11468.02,0.0,11.74,12.57,29.47,0.11,-1.33,12.48,5578.08,0.11,12.1,14.51,29.58,0.08,3.04,15.78,8301.99,0.05
Southern Europe,2023-02-19,13.41,15.66,33.29,0.21,1.74,16.95,14623.65,0.0,13.6,17.61,30.21,0.26,3.5,16.81,8890.8,0.0,12.19,13.56,33.29,0.77,0.08,12.31,4418.93,0.1,12.05,14.89,32.85,0.27,3.5,15.99,9171.46,0.04
Southern Europe,2023-02-20,13.53,16.67,33.71,0.24,2.63,16.48,12891.66,0.0,13.31,17.93,33.4,0.22,3.9,17.56,10823.79,0.0,12.42,14.0,30.39,0.4,0.35,11.48,4105.37,0.1,12.23,15.48,29.79,0.16,4.41,12.71,5948.0,0.04
Southern Europe,2023-02-21,12.8,15.67,32.95,1.58,2.99,13.24,5650.75,0.0,13.88,17.22,29.63,0.63,3.84,12.59,4124.61,0.0,12.34,13.19,28.11,2.66,0.5,9.44,2208.57,0.09,12.51,14.47,28.44,1.1,4.32,11.24,3361.57,0.04
Southern Europe,2023-02-22,12.08,13.95,29.07,1.15,2.43,12.79,4953.77,0.0,13.96,16.09,25.63,0.12,3.35,12.54,3877.09,0.0,11.22,11.73,26.06,1.09,0.26,8.94,1999.17,0.09,11.01,13.16,31.5,1.33,3.31,13.22,7428.34,0.04
Southern Europe,2023-02-23,11.19,10.97,37.45,4.9,0.21,16.97,10703.61,0.0,12.72,12.87,37.16,2.17,1.76,17.1,9447.34,0.0,11.28,9.09,31.08,2.28,-1.4,11.49,4073.96,0.09,11.57,11.12,37.18,2.75,1.42,17.82,18505.35,0.04
Southern Europe,2023-02-24,14.11,10.8,33.55,0.86,-1.58,13.73,6256.84,0.01,14.76,11.79,29.35,0.33,-1.12,13.55,5398.7,0.0,12.23,8.96,33.35,0.86,-2.63,10.23,3457.02,0.09,12.65,10.82,32.38,2.11,0.77,12.34,5291.48,0.04
Southern Europe,2023-02-25,11.09,10.78,37.25,2.46,-1.18,17.54,11709.62,0.01,12.87,11.61,36.2,1.25,-0.81,16.54,8666.8,0.0,10.04,9.12,39.05,3.11,-2.34,14.01,7840.79,0.08,10.67,11.7,37.07,3.1,1.37,14.05,5509.06,0.04
Southern Europe,2023-02-26,11.32,10.57,54.84,3.0,-1.49,27.39,36391.36,0.01,12.49,12.72,47.22,2.04,-0.05,22.56,23860.51,0.0,9.34,8.18,49.15,8.65,-4.14,18.25,15129.53,0.09,9.84,10.33,51.74,6.33,0.08,22.36,24474.37,0.04
Southern Europe,2023-02-27,13.01,7.92,49.88,1.88,-3.34,25.67,28821.7,0.01,14.21,10.19,44.28,1.38,-2.03,23.73,21512.44,0.0,11.76,5.59,41.69,2.42,-5.28,17.09,11862.51,0.11,11.35,8.49,44.46,3.52,-1.44,21.94,23053.9,0.05
Southern Europe,2023-02-28,12.57,9.02,44.2,1.89,-3.42,23.47,25068.16,0.01,14.5,11.0,36.79,1.64,-3.14,19.83,17254.72,0.01,12.47,6.52,36.17,1.58,-5.57,16.1,9312.5,0.11,12.07,9.1,42.79,2.56,-2.36,21.54,24332.88,0.05
Southern Europe,2023-03-01,14.02,8.43,37.63,1.85,-3.4,18.21,11613.06,0.01,14.81,10.06,33.43,1.34,-2.79,16.93,8882.5,0.01,12.22,6.67,35.44,2.57,-5.38,13.8,6594.98,0.11,13.56,8.99,38.92,3.44,-2.22,17.06,9439.3,0.05
Southern Europe,2023-03-02,13.5,9.65,35.77,1.47,-3.1,17.56,10926.71,0.01,14.9,11.37,30.71,1.15,-2.68,15.16,7509.84,0.01,12.64,7.9,28.48,1.48,-4.57,10.92,4241.86,0.11,12.66,9.92,31.66,1.66,-1.25,14.27,7102.34,0.05
Southern Europe,2023-03-03,13.93,10.4,33.78,1.44,-1.72,15.43,8046.27,0.01,15.78,12.89,27.85,0.75,-1.89,12.87,4998.07,0.0,13.78,9.22,26.01,1.33,-3.7,9.11,2479.43,0.11,14.22,11.2,28.76,1.51,-0.24,11.74,4400.93,0.05
Southern Europe,2023-03-04,14.57,11.46,33.27,2.8,-1.37,15.9,8447.57,0.01,15.6,13.78,28.0,1.33,-0.6,12.92,4641.04,0.0,14.95,10.13,29.51,0.91,-3.89,11.77,3927.52,0.1,13.47,11.81,31.95,1.62,0.03,13.94,6531.77,0.05
Southern Europe,2023-03-05,12.77,11.67,33.07,1.88,-1.04,14.75,6618.18,0.01,10.67,12.83,30.86,2.97,0.73,12.88,4627.8,0.0,11.12,8.77,30.49,2.1,-3.54,11.33,2872.46,0.1,12.41,11.97,34.98,3.73,0.21,15.9,9199.29,0.05
Southern Europe,2023-03-06,10.48,12.15,39.57,2.52,1.92,18.98,11256.8,0.01,9.3,13.46,35.78,3.29,3.24,17.12,8596.23,0.0,9.75,9.25,37.5,2.93,-1.41,14.06,5735.02,0.09,9.43,11.86,38.61,3.1,2.59,17.1,9975.66,0.05
Southern Europe,2023-03-07,11.24,13.71,49.21,2.34,3.61,23.72,22743.34,0.0,11.71,15.29,42.76,2.06,5.23,21.45,15867.77,0.0,10.34,10.19,45.01,2.79,0.05,18.16,12219.23,0.09,11.57,12.98,44.82,2.45,3.83,21.62,19029.35,0.05
Southern Europe,2023-03-08,11.13,15.75,53.72,5.12,5.11,29.04,41285.72,0.0,11.75,17.53,47.19,1.64,6.91,24.37,23850.19,0.0,9.99,12.4,53.95,8.83,1.36,21.91,20755.05,0.09,9.32,14.37,51.36,8.19,5.34,28.1,43058.11,0.05
Southern Europe,2023-03-09,11.92,15.87,59.32,4.58,6.32,30.0,40923.24,0.0,12.12,17.59,53.03,3.48,8.04,27.21,30034.95,0.0,11.44,13.25,57.55,6.37,3.67,22.97,23269.19,0.09,11.89,15.23,54.66,4.96,7.09,27.58,39085.51,0.04
Southern Europe,2023-03-10,13.92,16.76,56.72,1.84,5.63,30.4,42910.53,0.0,15.14,18.41,44.94,0.89,6.78,24.14,24121.31,0.0,11.24,13.29,56.39,4.7,3.07,21.74,20520.45,0.09,12.0,15.14,54.09,4.1,6.4,25.53,30790.61,0.04
Southern Europe,2023-03-11,13.17,17.22,53.49,2.01,6.83,28.53,36855.12,0.0,14.9,19.56,44.54,0.68,7.71,23.48,21101.07,0.0,10.47,13.67,53.17,3.83,3.17,20.98,17112.31,0.09,11.87,16.03,49.71,2.8,6.82,23.85,27026.53,0.04
Southern Europe,2023-03-12,15.51,18.1,39.18,1.82,6.67,18.84,14927.61,0.0,17.26,20.3,29.84,0.35,7.02,15.02,8845.09,0.0,15.47,13.86,38.8,1.12,1.86,14.23,6845.46,0.09,15.19,16.38,37.31,1.5,6.63,16.24,8930.84,0.04
Southern Europe,2023-03-13,16.58,17.83,58.31,1.92,4.67,25.94,36263.7,0.0,17.64,19.47,49.75,0.12,6.42,20.88,19547.16,0.0,14.85,13.9,52.63,2.42,0.44,18.0,14688.7,0.08,15.68,15.9,48.27,2.29,4.67,22.38,31237.82,0.04
Southern Europe,2023-03-14,16.85,14.99,50.52,1.0,3.05,24.77,25511.96,0.0,18.38,16.89,40.33,0.78,3.62,20.55,17535.83,0.0,14.33,12.12,49.99,7.67,0.47,17.9,14787.11,0.09,15.39,14.61,48.16,5.32,4.35,20.0,17520.7,0.04
Southern Europe,2023-03-15,17.14,16.75,40.85,1.72,1.76,17.99,17569.26,0.0,18.12,19.18,31.26,0.75,3.0,15.79,10942.74,0.0,16.07,12.58,45.89,2.64,-1.93,15.83,9128.14,0.09,17.76,15.16,42.01,1.1,2.85,17.13,10724.12,0.04
Southern Europe,2023-03-16,16.81,17.19,47.64,1.26,3.51,23.46,22210.64,0.0,17.74,19.96,38.96,0.6,4.35,18.82,13204.0,0.0,16.5,12.46,43.19,0.89,-1.15,17.75,11168.02,0.09,16.38,15.1,45.28,0.78,2.96,19.79,15495.16,0.04
Southern Europe,2023-03-17,14.71,14.14,49.4,2.75,3.08,24.99,25164.85,0.0,15.29,16.1,41.81,1.75,5.32,21.58,15289.59,0.0,15.07,10.97,45.3,3.11,-0.82,17.32,11111.25,0.09,15.42,13.47,45.05,2.18,3.43,22.38,21515.74,0.04
Southern Europe,2023-03-18,15.2,14.21,37.92,1.89,3.19,17.93,10654.89,0.0,14.84,15.48,32.98,0.37,4.61,16.27,6602.44,0.0,15.43,12.08,33.5,2.1,-0.18,12.78,4665.56,0.09,15.85,13.77,34.54,2.15,3.92,16.97,11368.93,0.04
Southern Europe,2023-03-19,17.73,15.62,31.72,0.44,3.43,13.73,5979.77,0.0,18.85,17.75,29.74,0.24,4.01,14.21,5670.98,0.0,16.81,13.55,28.01,0.49,0.21,9.2,2257.75,0.08,16.91,15.03,29.23,0.75,4.8,12.79,5064.1,0.04
Southern Europe,2023-03-20,18.02,17.51,29.81,0.89,3.12,11.99,4833.37,0.0,19.26,19.33,25.46,0.75,3.78,11.07,2927.13,0.0,16.96,14.64,28.31,1.0,0.9,9.71,2024.58,0.08,16.87,15.87,29.44,1.57,4.67,11.58,3406.29,0.03
Southern Europe,2023-03-21,17.26,17.0,30.41,1.04,4.41,13.13,4833.63,0.0,18.3,19.65,27.15,0.7,5.16,11.12,3193.75,0.0,16.88,14.75,29.03,0.51,1.27,9.77,2108.05,0.07,17.9,16.02,30.33,0.61,5.34,12.42,3897.68,0.03
Southern Europe,2023-03-22,17.06,17.93,34.2,0.42,4.11,15.72,9826.99,0.0,19.66,20.57,30.2,0.21,5.44,12.52,4059.0,0.0,17.06,15.44,32.9,0.28,1.65,11.28,3292.72,0.07,16.61,17.07,30.93,0.2,5.27,13.66,7203.91,0.03
Southern Europe,2023-03-23,17.08,18.46,39.96,1.7,5.77,18.62,15781.21,0.0,19.17,20.59,35.18,0.07,5.9,14.81,6478.44,0.0,15.85,15.61,37.91,1.94,2.5,13.49,6539.67,0.06,15.5,17.26,38.22,2.29,6.35,17.3,15115.27,0.02
Southern Europe,2023-03-24,17.27,17.54,41.86,2.35,5.91,20.4,14779.63,0.0,16.55,19.38,36.33,0.36,6.33,17.7,9577.32,0.0,15.64,14.82,39.99,4.64,3.49,14.96,7063.57,0.06,16.31,16.21,40.05,2.87,6.81,18.16,14225.97,0.02
Southern Europe,2023-03-25,18.44,18.15,44.28,0.57,4.5,19.21,15126.65,0.0,20.23,21.21,36.03,0.13,6.62,15.71,7917.25,0.0,17.37,15.05,46.1,2.04,1.49,14.49,7058.64,0.06,18.0,17.13,44.16,0.96,5.91,18.33,13698.36,0.02
Southern Europe,2023-03-26,19.82,17.66,50.39,0.6,5.48,24.15,22602.28,0.0,20.3,20.77,41.73,0.33,7.12,21.19,14574.65,0.0,17.0,13.97,46.38,2.38,1.55,17.44,10982.74,0.05,17.81,15.99,46.12,1.58,5.28,20.92,19284.22,0.02
Southern Europe,2023-03-27,19.68,16.8,43.91,1.88,2.63,20.31,18348.21,0.0,20.29,20.16,38.87,1.24,4.33,18.41,14656.89,0.0,18.91,13.68,49.72,4.3,-1.41,17.64,11832.12,0.06,18.72,15.61,48.18,2.34,3.43,19.87,14610.04,0.02
Southern Europe,2023-03-28,20.7,18.11,39.95,0.98,2.88,18.25,15173.96,0.0,21.29,20.83,33.65,0.54,3.68,15.67,10855.46,0.0,20.37,13.95,45.72,0.65,-1.58,15.51,7784.19,0.06,20.71,16.74,38.87,0.35,3.31,16.02,7242.01,0.02
Southern Europe,2023-03-29,20.9,19.61,46.66,0.25,4.02,22.63,24073.79,0.0,21.82,22.27,36.37,0.01,4.98,17.4,10080.49,0.0,19.45,15.68,43.69,0.3,0.71,16.58,9962.17,0.06,19.65,17.93,43.51,0.28,4.92,20.5,18581.5,0.01
Southern Europe,2023-03-30,19.83,19.09,46.86,0.36,5.64,23.18,24902.75,0.0,20.9,21.65,39.52,0.03,6.88,18.91,11262.12,0.0,16.39,14.91,45.53,0.71,2.88,18.19,13531.71,0.06,17.05,16.92,43.56,0.6,6.86,20.38,22411.16,0.01
Southern Europe,2023-03-31,17.83,18.44,54.31,0.92,6.43,26.92,30672.09,0.0,18.13,20.95,46.43,0.22,7.99,23.85,20035.6,0.0,14.31,14.09,52.07,3.38,3.52,20.56,16546.09,0.05,15.72,16.43,47.72,1.98,7.09,22.22,25722.27,0.01
Southern Europe,2023-04-01,15.72,16.4,54.27,2.29,5.18,25.48,25316.06,0.0,17.03,19.45,51.21,0.68,6.93,24.16,21164.6,0.0,14.92,13.42,50.03,3.12,1.84,18.7,13087.19,0.05,16.31,15.79,50.17,1.89,5.47,22.03,17651.72,0.01
Southern Europe,2023-04-02,18.9,15.52,45.96,1.6,2.78,22.74,24025.94,0.0,21.11,18.93,41.87,0.6,5.18,21.32,19344.74,0.0,19.68,13.84,38.85,1.79,-0.2,14.46,7949.02,0.05,19.62,15.44,41.62,2.29,4.31,19.29,13769.04,0.01
Southern Europe,2023-04-03,17.37,15.48,44.38,3.89,1.98,21.52,20040.14,0.0,19.98,18.65,38.14,2.68,3.26,19.15,14071.9,0.0,16.87,12.67,42.78,3.42,-0.75,16.58,12980.62,0.05,17.76,15.1,47.91,3.24,3.26,21.65,20509.04,0.01
Southern Europe,2023-04-04,20.44,15.3,46.82,1.88,2.11,23.28,22744.54,0.0,20.7,18.75,38.56,1.09,4.39,18.76,12783.98,0.0,19.58,11.72,45.07,1.84,-1.27,17.94,12193.34,0.06,19.6,14.36,46.21,2.01,2.86,23.17,23119.04,0.01
Southern Europe,2023-04-05,21.29,16.01,38.8,0.99,0.54,18.7,15973.67,0.0,22.76,19.25,36.04,0.41,2.53,18.11,11238.15,0.0,20.22,11.88,35.68,0.87,-2.6,13.67,5897.11,0.07,20.53,14.55,38.99,1.34,2.29,18.87,12549.31,0.01
Southern Europe,2023-04-06,22.2,16.96,38.4,0.96,1.56,18.13,14885.48,0.0,22.27,20.24,32.0,0.52,3.23,15.2,7390.37,0.0,21.83,13.63,33.38,0.59,-2.49,11.98,3798.36,0.07,22.33,15.86,34.86,0.46,2.39,15.61,7517.05,0.01
Southern Europe,2023-04-07,22.75,18.5,32.28,0.14,2.29,14.6,11275.07,0.0,23.47,21.03,30.41,0.12,3.4,13.96,6377.41,0.0,20.61,14.65,31.75,0.79,-1.17,10.53,2696.64,0.06,21.34,16.61,30.94,0.63,3.33,13.31,5920.15,0.01
Southern Europe,2023-04-08,21.81,19.79,34.03,0.87,4.28,14.11,7466.9,0.0,22.93,22.69,31.0,0.63,4.64,12.93,4706.7,0.0,20.92,16.06,31.36,1.64,0.66,9.81,2379.21,0.06,21.3,17.57,34.58,1.84,4.29,12.98,4577.83,0.01
Southern Europe,2023-04-09,21.21,19.69,37.31,1.27,5.31,14.81,5808.03,0.0,22.46,22.96,33.89,0.64,6.54,13.83,5336.82,0.0,20.6,15.73,34.29,1.43,1.53,10.72,3027.81,0.06,21.3,17.15,33.82,1.43,5.59,13.93,5012.09,0.01
Southern Europe,2023-04-10,20.51,18.88,43.2,1.66,5.49,19.11,11840.89,0.0,22.32,23.14,37.36,0.9,7.39,16.83,8601.18,0.0,19.43,14.95,38.44,1.35,1.7,13.59,5325.39,0.05,20.32,16.79,40.22,0.97,5.73,17.37,10369.34,0.01
Southern Europe,2023-04-11,22.61,19.64,42.29,0.23,5.69,18.32,12407.17,0.0,23.6,22.67,39.1,0.14,7.28,17.44,9753.41,0.0,20.64,16.23,39.39,0.51,2.4,12.91,4840.25,0.05,21.32,17.62,41.46,0.21,6.03,16.99,11088.36,0.01
Southern Europe,2023-04-12,18.6,17.35,48.94,1.86,4.45,23.81,20849.19,0.0,20.25,20.07,48.81,0.59,6.59,23.08,18424.35,0.0,14.98,13.39,44.43,2.95,1.84,17.32,10566.75,0.05,16.75,15.62,45.4,2.54,4.99,21.62,19090.56,0.01
Southern Europe,2023-04-13,19.85,15.53,52.75,1.54,2.79,24.32,21738.26,0.0,22.78,18.11,46.54,0.94,4.0,22.21,17213.96,0.0,15.26,11.71,54.87,6.79,-0.02,19.49,13588.43,0.05,17.45,14.63,53.63,3.93,3.57,23.43,20325.91,0.01
Southern Europe,2023-04-14,17.29,16.49,57.09,3.15,4.04,26.22,27343.61,0.0,19.74,20.03,50.24,0.99,4.93,22.36,17885.91,0.0,15.91,12.82,55.38,6.2,0.53,20.19,14304.62,0.06,17.95,15.23,52.7,3.63,4.07,24.06,24925.35,0.01
Southern Europe,2023-04-15,18.98,17.51,49.3,1.54,5.33,24.52,25165.09,0.0,23.0,21.99,44.82,0.74,6.79,22.52,21833.6,0.0,19.98,14.72,43.1,2.35,0.84,16.75,10710.01,0.06,18.82,16.39,45.85,2.47,5.35,21.08,17049.4,0.01
Southern Europe,2023-04-16,21.99,18.11,44.37,3.18,4.69,22.32,21334.72,0.0,23.33,21.93,41.49,1.39,7.51,21.14,16833.62,0.0,20.37,16.19,40.03,2.76,1.92,15.72,7612.81,0.06,21.06,17.74,43.19,2.55,5.78,20.3,15897.96,0.01
Southern Europe,2023-04-17,22.36,18.49,42.79,2.5,4.78,20.99,19555.37,0.0,23.72,22.34,37.2,1.59,6.52,18.22,10701.19,0.0,20.4,16.56,37.63,2.48,2.69,14.83,6334.07,0.06,21.91,18.57,39.57,1.23,5.94,19.64,17155.18,0.01
Southern Europe,2023-04-18,22.63,18.26,40.24,1.96,4.5,17.89,19792.04,0.0,23.7,21.64,35.69,1.27,6.5,15.84,9213.39,0.0,21.18,16.36,34.37,2.07,2.29,13.12,6016.9,0.05,22.25,18.16,36.65,1.64,6.01,16.42,13546.74,0.01
Southern Europe,2023-04-19,23.42,19.82,36.69,0.79,5.63,16.47,12836.63,0.0,23.88,22.5,33.81,0.48,7.3,14.6,6893.64,0.0,22.64,17.28,33.55,2.74,3.18,11.03,3056.66,0.05,23.51,18.48,33.18,1.57,6.58,13.46,6816.56,0.0
Southern Europe,2023-04-20,23.82,20.75,35.26,0.61,6.23,13.37,5333.22,0.0,24.59,23.26,33.99,0.75,7.64,13.87,5002.44,0.0,20.29,16.36,34.89,5.49,3.28,10.76,2918.14,0.05,21.78,17.67,30.87,4.15,7.43,11.53,3302.38,0.0
Southern Europe,2023-04-21,21.35,20.35,42.59,2.7,6.7,16.03,9028.84,0.0,22.36,22.06,44.59,1.16,8.52,17.22,10246.57,0.0,17.94,15.97,40.02,6.39,3.28,12.66,5193.2,0.05,17.12,17.48,38.97,5.54,7.19,14.94,7239.59,0.01
Southern Europe,2023-04-22,19.23,17.75,38.55,2.47,7.76,16.65,9567.12,0.0,20.08,19.84,34.97,3.05,9.26,15.75,6582.63,0.0,19.38,15.62,34.7,1.28,3.46,12.67,4393.93,0.05,21.04,17.22,33.66,2.13,7.93,14.91,7102.3,0.0
Southern Europe,2023-04-23,21.2,19.62,43.57,2.94,6.65,18.84,12660.34,0.0,24.24,22.57,37.59,0.23,7.37,16.32,8367.37,0.0,18.01,16.59,39.32,4.87,4.39,14.2,6355.06,0.04,20.62,18.29,38.01,3.93,8.1,16.41,11201.79,0.0
Southern Europe,2023-04-24,20.28,20.2,42.25,1.35,8.15,18.33,12228.86,0.0,24.05,23.89,36.14,0.68,9.43,15.54,7862.08,0.0,19.13,16.88,41.92,5.33,4.79,14.16,5955.11,0.04,19.92,18.68,41.74,3.94,9.05,17.25,10771.1,0.0
Southern Europe,2023-04-25,22.23,21.53,42.07,1.01,9.28,18.63,11925.09,0.0,24.61,25.51,37.83,0.5,10.65,16.04,7828.62,0.0,21.19,16.98,40.07,2.73,4.92,13.25,4965.34,0.04,20.82,18.49,40.41,1.85,9.19,16.5,7930.65,0.0
Southern Europe,2023-04-26,23.02,22.39,38.19,1.0,9.57,15.67,8134.61,0.0,25.09,26.39,37.29,0.64,10.85,15.33,7693.79,0.0,23.29,18.23,38.74,1.47,4.43,12.26,4366.32,0.05,23.32,20.27,35.05,0.75,8.67,13.96,5044.68,0.0
Southern Europe,2023-04-27,24.11,23.72,34.97,0.23,9.7,14.16,8344.53,0.0,24.71,27.86,34.52,0.11,11.34,14.08,6332.96,0.0,23.68,19.79,33.55,0.32,5.17,10.34,2702.03,0.04,24.1,21.33,30.83,0.27,9.49,12.44,4497.5,0.0
Southern Europe,2023-04-28,22.07,24.44,40.08,0.33,10.63,16.13,9537.13,0.0,23.04,27.75,41.18,0.09,12.73,16.19,8624.07,0.0,20.54,19.96,36.94,0.71,6.24,11.72,3737.65,0.04,21.15,21.29,34.02,0.4,10.41,12.71,4759.38,0.0
Southern Europe,2023-04-29,20.24,21.86,40.83,1.89,10.91,17.12,10031.76,0.0,20.91,24.77,41.56,1.18,12.99,17.49,9426.84,0.0,19.34,18.73,35.85,2.51,7.29,11.91,4086.84,0.04,19.32,19.61,37.42,1.9,10.59,14.76,7712.46,0.0
Southern Europe,2023-04-30,19.49,20.34,36.51,1.76,10.39,17.13,10859.71,0.0,20.7,23.86,34.81,0.8,12.1,15.87,8973.88,0.0,18.9,18.26,31.24,4.11,7.49,11.27,3626.83,0.04,18.96,19.07,35.97,3.92,10.88,17.29,12329.68,0.0
Southern Europe,2023-05-01,22.15,20.76,36.88,2.55,9.12,17.16,10880.83,0.0,23.82,24.34,34.13,1.64,11.05,15.29,7958.37,0.0,19.29,18.18,31.61,5.28,6.78,11.34,3833.74,0.04,18.97,18.61,35.51,7.06,10.22,17.36,10814.24,0.0
Southern Europe,2023-05-02,22.41,22.88,38.33,3.78,8.82,17.82,15227.68,0.0,22.86,26.31,35.73,2.16,10.92,16.16,8982.24,0.0,18.94,19.55,37.62,5.54,7.12,13.5,6797.65,0.04,20.43,20.78,38.64,7.42,10.14,17.71,13748.82,0.0
Southern Europe,2023-05-03,20.52,23.0,48.19,3.69,10.27,21.73,18860.48,0.0,22.15,25.58,46.59,2.62,12.36,20.87,15762.75,0.0,20.11,19.33,45.97,3.94,7.35,17.13,9678.24,0.04,19.97,20.76,47.98,4.08,10.5,20.56,15120.4,0.0
Southern Europe,2023-05-04,21.75,20.64,41.59,2.07,9.92,19.13,11787.77,0.0,23.62,23.36,35.38,0.96,11.83,16.49,7802.44,0.0,19.62,17.48,40.46,2.29,6.95,15.48,6967.97,0.04,22.29,19.45,39.48,1.79,10.61,17.25,9332.61,0.0
Southern Europe,2023-05-05,24.6,22.13,35.79,0.6,9.07,15.25,7927.19,0.0,25.8,24.91,33.53,0.42,10.56,14.31,6446.89,0.0,23.68,19.48,32.21,0.4,6.03,10.91,2963.04,0.04,24.86,20.99,31.69,0.22,9.91,13.17,5173.01,0.0
Southern Europe,2023-05-06,24.07,22.72,40.42,1.28,10.39,15.77,8283.64,0.0,25.23,24.93,40.43,0.39,11.33,16.48,8329.79,0.0,22.8,19.95,33.91,1.62,7.3,11.18,2977.69,0.04,23.83,20.88,33.83,1.75,11.39,13.63,5379.92,0.0
Southern Europe,2023-05-07,25.41,22.15,35.79,0.35,10.37,15.35,8096.78,0.0,25.84,25.2,34.23,0.34,12.02,15.25,6915.48,0.0,23.99,20.2,31.55,2.78,7.86,9.85,2215.41,0.03,24.74,20.63,35.47,1.23,11.23,15.19,9031.23,0.0
Southern Europe,2023-05-08,22.68,23.09,36.24,1.15,10.06,14.8,7851.25,0.0,24.75,26.73,35.33,0.65,12.31,14.48,7370.28,0.0,21.11,20.09,33.24,2.61,8.49,10.46,3177.14,0.03,20.57,20.68,33.63,2.06,11.38,14.73,8267.57,0.0
Southern Europe,2023-05-09,19.32,21.33,44.4,1.89,11.13,19.61,13919.33,0.0,22.29,25.66,43.32,1.44,13.71,19.19,12407.85,0.0,17.78,18.15,38.58,4.4,8.81,14.52,6836.98,0.03,19.0,19.87,42.02,3.17,11.41,20.34,17803.44,0.0
Southern Europe,2023-05-10,22.04,18.98,41.68,2.33,8.46,20.12,15505.11,0.0,23.5,23.32,38.71,2.05,11.34,19.92,15182.59,0.0,18.13,15.95,35.94,7.96,6.06,13.98,6252.25,0.03,19.2,17.65,43.22,8.03,9.35,22.49,29116.52,0.0
Southern Europe,2023-05-11,22.71,18.54,44.19,1.89,7.21,21.69,16767.23,0.0,24.29,22.24,39.95,1.39,9.61,20.19,14356.31,0.0,18.7,15.65,40.16,6.83,5.28,16.21,8396.65,0.03,21.97,17.71,47.16,2.92,7.81,25.07,42043.55,0.0
Southern Europe,2023-05-12,23.08,17.29,46.61,2.04,6.38,20.87,16046.86,0.0,24.29,20.75,45.0,1.57,8.91,19.44,13893.97,0.0,20.21,14.88,40.16,4.46,4.32,14.49,6696.04,0.03,22.15,16.75,47.59,3.6,7.11,23.36,39845.44,0.0
Southern Europe,2023-05-13,21.06,17.74,43.28,2.47,6.04,21.1,16860.58,0.0,24.01,20.57,38.99,1.87,7.33,19.61,13351.2,0.0,19.61,15.43,35.84,3.45,3.83,13.63,6165.75,0.03,20.33,16.99,41.52,3.02,7.23,21.08,22681.08,0.0
Southern Europe,2023-05-14,21.45,19.09,46.3,3.85,7.79,21.23,17110.74,0.0,22.81,21.74,42.72,2.01,8.86,18.03,11639.05,0.0,18.9,16.7,40.21,6.54,5.51,15.02,8869.78,0.03,21.28,17.74,42.8,4.03,8.75,20.62,20766.33,0.0
Southern Europe,2023-05-15,19.33,18.64,46.82,6.06,7.54,21.8,19131.59,0.0,22.87,22.94,43.54,1.57,8.89,18.59,13395.59,0.0,20.96,17.76,41.55,5.33,5.43,14.39,6824.56,0.03,21.04,18.16,47.31,4.12,8.25,21.11,20959.02,0.0
Southern Europe,2023-05-16,22.19,18.82,51.25,3.75,6.85,26.42,30045.12,0.0,24.08,22.58,44.52,2.16,8.79,22.43,19971.13,0.0,18.95,17.25,46.91,5.99,5.17,19.43,15753.01,0.03,20.24,18.07,50.79,7.17,7.99,24.95,25785.45,0.0
Southern Europe,2023-05-17,24.63,19.18,49.84,2.3,5.91,26.43,32083.41,0.0,22.92,22.0,42.43,1.84,8.62,21.31,17569.21,0.0,21.2,17.29,46.71,3.97,4.35,19.28,14025.79,0.03,20.82,17.94,47.75,5.32,8.08,25.13,28558.32,0.0
Southern Europe,2023-05-18,23.66,18.29,47.57,1.24,6.32,23.2,24274.64,0.0,24.01,21.05,42.85,1.56,8.93,19.42,14313.03,0.0,21.48,16.28,42.14,1.86,4.39,17.27,11505.17,0.03,21.83,17.63,43.62,1.82,8.01,22.32,27962.62,0.0
Southern Europe,2023-05-19,22.83,18.75,45.7,1.03,7.15,22.22,20594.98,0.0,24.1,21.17,40.9,1.11,8.97,18.49,13008.06,0.0,20.28,16.81,41.94,3.44,5.52,16.49,9831.68,0.03,21.49,17.8,46.52,3.62,8.68,23.25,27114.94,0.0
Southern Europe,2023-05-20,20.51,18.67,46.08,3.73,7.42,21.15,17263.78,0.0,21.03,20.78,41.48,1.84,8.79,18.08,11849.02,0.0,17.84,16.85,44.18,3.7,6.16,17.21,9407.41,0.03,17.17,17.33,49.64,7.29,9.06,24.14,24176.91,0.0
Southern Europe,2023-05-21,21.28,19.22,41.77,4.83,7.84,18.7,12651.34,0.0,19.52,20.51,39.65,4.4,10.07,15.3,7248.37,0.0,20.75,18.38,40.28,3.99,6.96,15.52,6958.64,0.03,19.01,18.44,41.95,6.18,9.81,18.62,12356.58,0.0
Southern Europe,2023-05-22,21.38,19.85,40.61,4.35,9.23,18.04,11904.06,0.0,19.45,20.79,37.7,5.34,10.9,14.16,5688.01,0.0,22.99,19.6,37.65,2.32,7.57,13.24,4879.3,0.03,21.68,19.52,37.52,3.53,10.48,15.32,8565.73,0.0
Southern Europe,2023-05-23,21.88,20.46,42.02,4.1,10.21,18.61,15223.8,0.0,19.88,21.1,37.71,6.77,11.62,14.93,7243.1,0.0,23.85,20.67,36.84,2.94,8.12,13.19,6330.23,0.03,22.93,20.34,34.18,2.15,10.99,15.03,9581.69,0.0
Southern Europe,2023-05-24,23.45,21.17,36.16,1.88,10.64,15.9,11499.81,0.0,23.28,22.43,31.39,2.1,11.48,12.26,3846.36,0.0,22.92,20.0,33.54,4.49,9.01,11.89,4227.99,0.03,23.83,20.31,32.46,2.68,11.81,14.31,8361.68,0.0
Southern Europe,2023-05-25,23.55,21.23,41.02,3.18,10.29,17.68,15425.38,0.0,23.9,23.57,36.29,2.47,12.21,12.92,5554.58,0.0,23.71,20.61,37.27,4.11,9.05,12.34,4599.09,0.02,24.41,20.53,38.17,3.39,11.65,16.1,11330.76,0.0
Southern Europe,2023-05-26,21.13,20.74,46.54,5.06,10.09,22.11,20115.95,0.0,21.07,22.07,40.6,6.59,12.62,19.17,11329.14,0.0,22.18,19.99,45.16,5.44,7.7,17.26,10798.16,0.02,24.14,21.19,44.38,2.54,11.27,20.25,17876.55,0.0
Southern Europe,2023-05-27,23.37,21.82,39.2,4.11,11.74,16.74,8131.34,0.0,19.8,21.63,35.53,7.18,13.14,15.02,6536.11,0.0,20.75,19.69,34.49,6.12,9.67,12.34,4257.49,0.02,22.92,20.85,34.08,4.86,13.17,13.92,5090.05,0.0
Southern Europe,2023-05-28,21.58,21.04,35.47,4.74,12.18,13.54,5296.13,0.0,20.09,21.4,35.02,5.39,13.09,12.71,4576.28,0.0,20.4,19.18,32.39,7.73,10.15,9.83,2310.2,0.02,21.18,20.35,31.51,4.49,12.91,12.15,3701.7,0.0
Southern Europe,2023-05-29,22.58,21.42,35.13,4.09,12.07,13.3,4538.33,0.0,21.67,21.52,33.08,3.88,12.35,13.69,4541.2,0.0,21.24,19.56,33.17,6.31,9.81,10.42,2473.63,0.02,21.66,20.34,31.47,4.38,12.84,12.13,3502.07,0.0
Southern Europe,2023-05-30,21.28,21.28,31.96,5.3,12.09,10.96,3049.91,0.0,21.82,21.67,32.38,3.17,12.64,12.21,3687.17,0.0,20.44,19.44,31.0,6.95,9.71,9.1,1878.97,0.02,22.09,20.49,30.79,5.15,12.82,11.84,3253.13,0.0
Southern Europe,2023-05-31,22.21,21.5,32.32,5.5,12.15,9.92,2280.08,0.0,23.96,23.01,30.38,2.63,12.64,10.95,2917.98,0.0,20.88,19.55,31.09,6.74,9.96,8.95,1863.28,0.02,23.04,20.66,31.81,4.59,12.86,11.07,3159.54,0.0
Southern Europe,2023-06-01,21.7,21.19,33.97,5.66,12.5,12.13,4428.91,0.0,22.62,23.27,34.86,2.94,13.39,11.27,3100.99,0.0,22.35,20.19,31.22,5.1,10.08,8.35,1497.84,0.02,23.77,21.29,31.64,2.55,12.93,11.28,3117.01,0.0
Southern Europe,2023-06-02,23.33,21.86,30.87,3.31,11.87,11.6,3941.09,0.0,23.37,23.27,31.98,4.13,13.31,11.1,2910.6,0.0,23.27,20.43,28.64,3.36,9.5,8.2,1353.58,0.02,23.77,21.46,28.19,3.26,13.08,9.97,2343.54,0.0
Southern Europe,2023-06-03,23.89,22.27,31.3,3.19,12.61,10.22,2776.71,0.0,24.6,23.72,29.26,2.72,13.46,9.36,2023.61,0.0,22.63,20.29,31.21,4.91,10.38,7.93,1231.26,0.01,23.66,21.36,29.51,3.57,14.04,10.2,2652.41,0.0
Southern Europe,2023-06-04,24.28,22.69,29.74,3.64,13.08,9.45,2698.5,0.0,24.53,24.39,30.23,2.29,14.38,9.53,2095.36,0.0,22.39,20.66,30.65,5.69,10.83,7.3,1038.22,0.01,23.21,21.35,30.7,4.27,14.01,11.24,3756.78,0.0
Southern Europe,2023-06-05,23.16,23.02,34.19,3.47,13.64,11.24,4106.82,0.0,24.69,24.99,30.29,2.74,15.17,10.59,2686.5,0.0,21.02,20.54,28.9,4.26,10.98,8.05,1355.38,0.01,22.63,21.4,31.36,3.31,14.24,11.7,3675.52,0.0
Southern Europe,2023-06-06,24.42,24.21,32.42,1.82,14.08,13.71,9665.68,0.0,25.75,26.79,32.41,0.8,15.52,13.59,5755.53,0.0,23.52,21.93,30.73,2.52,11.11,10.0,2455.98,0.01,23.16,23.19,32.16,2.25,14.66,12.57,5747.96,0.0
Southern Europe,2023-06-07,16.12,21.8,35.25,4.6,15.05,16.39,10223.71,0.0,15.31,23.26,35.07,4.13,16.51,15.86,8199.06,0.0,18.68,20.38,32.69,5.48,12.46,11.19,3702.19,0.01,18.53,21.86,35.91,4.8,15.52,15.98,12434.0,0.0
Southern Europe,2023-06-08,19.97,22.66,38.11,8.97,14.95,16.58,9739.62,0.0,17.8,23.11,37.02,11.49,16.19,16.21,8384.85,0.0,21.57,20.85,36.86,8.8,12.02,12.55,5329.47,0.01,21.31,21.61,39.79,8.83,14.82,18.91,20745.38,0.0
Southern Europe,2023-06-09,23.14,23.01,39.45,4.96,14.8,18.0,10776.15,0.0,23.06,23.97,36.95,3.41,15.56,17.21,8653.83,0.0,21.45,20.56,36.61,6.35,11.95,13.14,5344.04,0.01,22.72,21.54,38.45,3.67,15.19,17.4,11554.26,0.0
Southern Europe,2023-06-10,22.84,23.43,28.79,1.97,14.97,11.8,3261.63,0.0,23.87,25.05,27.99,1.22,16.54,11.41,2840.65,0.0,21.83,21.19,29.75,3.02,12.3,9.34,1961.09,0.01,22.48,21.77,28.54,3.12,15.88,11.24,2671.46,0.0
Southern Europe,2023-06-11,22.73,23.32,33.71,6.55,15.28,11.64,3288.38,0.0,24.96,25.55,34.68,3.53,16.32,12.52,4239.62,0.0,23.13,21.34,31.57,4.38,11.98,9.09,1902.28,0.01,23.31,22.3,30.28,4.25,15.3,10.56,2648.21,0.0
Southern Europe,2023-06-12,23.28,23.35,37.56,5.5,14.72,11.63,3841.98,0.0,23.94,25.43,36.41,2.27,16.15,12.62,4815.89,0.0,22.21,21.06,34.39,6.67,11.82,9.09,1976.52,0.01,23.04,22.15,33.97,5.07,15.27,11.13,3744.85,0.0
Southern Europe,2023-06-13,22.83,22.27,38.92,3.94,14.22,14.91,7301.44,0.0,23.89,24.22,40.43,3.42,15.54,16.87,8948.8,0.0,20.98,19.92,33.81,6.54,11.73,10.98,3365.83,0.0,22.05,20.97,36.85,5.38,14.92,16.2,10348.52,0.0
Southern Europe,2023-06-14,23.07,23.43,37.05,2.08,13.66,16.19,10060.79,0.0,24.84,26.45,35.52,1.03,14.65,15.99,8770.18,0.0,21.73,21.34,31.5,3.47,11.55,9.96,2928.25,0.0,23.38,22.21,34.0,3.96,14.4,14.73,8584.28,0.0
Southern Europe,2023-06-15,25.3,25.09,33.06,4.55,14.41,15.26,8278.54,0.0,26.83,28.8,30.86,1.94,16.31,12.88,5336.47,0.0,24.13,22.64,29.62,4.9,12.03,9.92,2523.11,0.0,25.34,23.88,32.9,5.01,14.93,14.77,7718.08,0.0
Southern Europe,2023-06-16,26.16,26.71,35.46,1.38,15.63,15.79,10734.9,0.0,27.03,30.34,31.31,1.66,17.35,13.6,6118.52,0.0,25.26,23.62,35.65,3.51,12.56,11.2,3245.88,0.0,26.82,25.06,34.18,1.24,15.62,15.34,7637.78,0.0
Southern Europe,2023-06-17,24.85,26.43,40.67,2.38,16.33,16.37,10110.82,0.0,25.48,30.29,39.55,1.92,18.68,15.91,8113.47,0.0,24.98,23.38,36.34,1.66,12.44,11.87,4362.35,0.0,25.91,24.89,35.91,0.79,15.62,14.78,6885.28,0.0
Southern Europe,2023-06-18,23.83,25.05,38.8,3.14,15.42,16.55,8114.04,0.0,24.15,28.1,39.05,1.61,17.73,16.85,8122.98,0.0,24.63,22.99,35.58,2.26,12.49,11.34,3168.49,0.0,24.81,24.25,33.12,1.88,15.91,13.01,4925.48,0.0
Southern Europe,2023-06-19,22.39,24.92,38.61,4.39,15.67,15.38,6759.25,0.0,24.52,27.82,40.34,1.34,17.96,16.67,7998.14,0.0,23.59,23.38,36.94,4.22,13.17,11.28,3177.81,0.0,23.33,23.8,35.95,3.62,16.61,14.25,6928.87,0.0
Southern Europe,2023-06-20,24.76,25.45,34.6,2.48,16.23,13.82,5147.25,0.0,25.25,27.42,34.25,1.09,17.87,14.74,5327.19,0.0,24.8,23.64,32.21,1.79,13.9,10.25,2149.82,0.0,25.48,24.15,30.92,2.58,16.98,12.49,4029.67,0.0
Southern Europe,2023-06-21,21.91,25.31,33.0,6.27,16.75,12.34,4350.02,0.0,22.93,27.38,37.94,3.6,18.15,12.59,4962.22,0.0,23.52,24.89,33.5,3.83,14.21,9.15,2073.81,0.0,24.56,24.92,32.8,3.4,17.07,13.21,6084.5,0.0
Southern Europe,2023-06-22,27.31,27.19,30.83,1.14,16.85,12.88,4962.06,0.0,27.95,29.45,29.51,0.9,17.58,11.07,3755.66,0.0,26.33,26.48,30.98,1.67,15.34,9.12,2094.56,0.0,27.16,26.38,32.61,0.78,18.1,13.56,7157.38,0.0
Southern Europe,2023-06-23,28.48,29.09,34.57,0.18,17.16,15.95,12283.54,0.0,28.52,31.75,33.39,0.26,18.75,14.72,7016.94,0.0,27.25,27.39,34.52,3.43,15.28,11.64,3360.44,0.0,28.36,27.72,37.32,1.36,17.53,17.87,12334.38,0.0
Southern Europe,2023-06-24,28.16,29.48,34.7,0.47,17.61,16.33,15495.04,0.0,28.51,32.81,32.33,0.18,19.8,14.12,7505.8,0.0,26.36,27.09,37.33,0.77,15.02,12.98,4843.51,0.0,27.23,27.58,36.49,0.81,17.92,16.89,11533.64,0.0
Southern Europe,2023-06-25,27.1,29.62,39.41,0.88,18.5,15.41,11377.11,0.0,27.31,34.01,36.67,0.64,20.62,12.72,5661.89,0.0,26.39,26.9,35.29,0.93,16.15,11.29,3608.96,0.0,27.44,26.83,39.02,0.6,18.09,17.97,16659.03,0.0
Southern Europe,2023-06-26,27.5,28.59,39.25,0.86,18.0,18.55,14145.61,0.0,28.2,33.76,36.8,0.45,21.05,15.18,7832.17,0.0,27.3,26.91,32.14,0.97,15.36,11.11,3053.27,0.0,27.69,27.09,36.15,0.62,17.66,19.04,17647.46,0.0
Southern Europe,2023-06-27,28.24,28.62,36.62,0.11,17.21,18.0,13733.75,0.0,28.42,32.91,32.81,0.36,20.31,14.7,6874.56,0.0,26.62,26.84,32.4,3.18,15.28,11.32,2971.0,0.0,27.76,27.01,36.61,1.7,17.45,18.81,16655.25,0.0
Southern Europe,2023-06-28,27.85,28.87,37.22,0.38,17.19,16.54,10061.06,0.0,28.03,32.63,35.02,0.36,20.31,14.3,6581.72,0.0,25.62,25.61,33.51,2.08,15.07,11.46,3322.5,0.0,26.94,25.7,38.92,1.59,17.41,18.56,17049.67,0.0
Southern Europe,2023-06-29,26.21,26.78,45.3,1.34,16.34,19.38,15115.02,0.0,27.81,31.31,43.71,0.77,19.96,17.79,11847.8,0.0,24.47,23.67,37.83,2.28,13.94,13.2,5758.43,0.0,24.42,24.16,44.06,1.48,16.55,22.0,32378.71,0.0
Southern Europe,2023-06-30,26.85,25.24,40.79,0.86,14.44,19.06,15119.06,0.0,27.8,28.85,38.39,1.05,17.25,18.14,11950.42,0.0,24.52,23.28,34.67,4.2,12.33,13.11,5921.99,0.0,24.32,23.53,40.42,4.15,14.75,21.88,38538.66,0.0
Southern Europe,2023-07-01,26.53,26.89,41.03,0.8,15.66,17.55,12041.66,0.0,27.78,30.49,35.18,0.57,17.98,14.97,8307.48,0.0,24.44,24.49,33.11,5.28,13.58,11.5,3969.18,0.0,25.47,24.31,41.77,2.37,15.58,19.79,22494.69,0.0
Southern Europe,2023-07-02,26.38,27.81,37.89,0.93,17.22,17.08,11021.04,0.0,27.02,31.73,34.79,0.8,19.97,14.22,6579.7,0.0,25.69,25.61,32.42,2.21,14.86,11.09,2982.31,0.0,26.32,25.39,35.71,1.05,17.14,17.18,13078.72,0.0
Southern Europe,2023-07-03,26.55,27.88,37.24,0.99,17.58,14.78,7287.87,0.0,27.12,31.64,38.87,0.79,20.93,15.99,7854.28,0.0,25.99,25.59,33.53,2.96,15.53,10.69,2924.8,0.0,27.04,25.0,36.11,2.14,17.31,16.9,11829.43,0.0
Southern Europe,2023-07-04,27.21,27.71,38.46,0.54,17.71,15.35,7090.13,0.0,28.44,31.57,35.84,0.41,20.07,15.28,6871.37,0.0,26.01,24.8,33.59,2.01,14.62,10.36,2691.94,0.0,25.61,24.38,36.9,1.13,16.63,16.55,10737.68,0.0
Southern Europe,2023-07-05,24.9,27.45,36.02,0.36,16.85,13.88,6125.33,0.0,26.42,31.14,37.52,0.42,19.08,14.19,6347.88,0.0,24.47,24.76,32.05,1.36,14.12,9.93,2330.74,0.0,25.06,24.85,36.36,1.3,16.34,15.27,10518.63,0.0
Southern Europe,2023-07-06,26.41,28.01,36.05,2.9,17.72,13.96,5723.74,0.0,27.14,30.89,35.53,1.19,19.68,14.76,6192.44,0.0,25.79,24.77,31.34,2.74,14.14,9.96,2273.71,0.0,26.14,24.84,33.0,3.25,16.92,13.85,6693.14,0.0
Southern Europe,2023-07-07,26.54,28.44,43.66,0.62,18.33,17.57,10872.46,0.0,27.73,31.13,41.59,0.4,19.59,16.92,9301.1,0.0,27.25,25.66,39.33,0.69,14.22,12.17,5232.18,0.0,27.44,25.78,35.86,0.42,17.23,15.16,8132.74,0.0
Southern Europe,2023-07-08,26.98,28.9,37.21,0.82,17.85,16.11,7826.13,0.0,28.14,31.11,35.25,0.06,18.83,15.24,7009.65,0.0,25.44,25.11,34.49,1.63,14.24,12.33,3883.25,0.0,26.38,26.1,34.33,1.91,17.67,14.7,6746.31,0.0
Southern Europe,2023-07-09,28.35,29.74,35.72,0.09,17.88,13.17,5018.33,0.0,28.92,33.12,32.02,0.04,19.05,13.2,5433.21,0.0,28.29,26.77,29.16,0.1,14.28,9.02,1760.9,0.0,27.56,27.26,31.91,0.14,17.68,13.34,6212.24,0.0
Southern Europe,2023-07-10,28.81,31.89,37.35,0.01,18.4,13.52,6838.45,0.0,28.66,35.53,35.25,0.01,20.46,13.22,5768.61,0.0,28.32,29.27,28.61,0.1,15.83,8.55,1573.17,0.0,28.45,29.03,31.5,0.04,18.17,13.89,9312.17,0.0
Southern Europe,2023-07-11,27.63,32.22,43.08,0.09,20.2,16.23,10869.4,0.0,28.37,35.57,40.85,0.03,22.28,16.66,9738.0,0.0,27.49,28.9,35.58,0.62,17.38,10.63,3131.37,0.0,27.03,28.43,36.29,0.37,19.83,15.34,9213.7,0.0
Southern Europe,2023-07-12,26.5,30.62,39.5,0.35,18.81,16.65,9547.0,0.0,27.75,34.15,38.97,0.22,20.36,16.95,8952.34,0.0,24.19,27.22,37.56,4.87,17.38,12.32,3986.06,0.0,24.57,27.11,38.55,3.23,18.88,16.92,9687.13,0.0
Southern Europe,2023-07-13,28.16,31.08,36.8,0.14,18.29,15.22,7964.65,0.0,28.3,33.95,33.91,0.58,20.43,14.77,7546.47,0.0,26.15,27.67,33.09,3.56,16.05,11.13,3640.63,0.0,26.63,27.44,36.03,2.11,17.99,16.19,9029.34,0.0
Southern Europe,2023-07-14,26.96,31.59,42.09,0.47,19.39,17.86,12082.63,0.0,28.51,33.9,38.71,0.07,21.48,16.56,8682.33,0.0,25.04,27.32,38.19,1.22,15.96,12.65,4860.35,0.0,24.38,27.28,38.81,1.36,18.73,16.61,10488.38,0.0
Southern Europe,2023-07-15,26.92,29.48,41.93,0.68,18.43,17.86,11527.3,0.0,27.99,31.78,39.82,0.07,21.16,17.58,9566.58,0.0,26.01,26.27,35.88,1.26,15.8,13.12,4858.28,0.0,26.4,26.08,38.61,1.38,17.94,16.71,12232.39,0.0
Southern Europe,2023-07-16,27.89,29.91,38.59,0.1,16.75,15.2,8767.52,0.0,28.41,32.81,35.14,0.05,18.71,14.63,7096.24,0.0,27.84,27.09,32.4,0.5,14.77,10.3,2346.5,0.0,27.3,27.11,37.03,0.65,16.91,16.57,14578.64,0.0
Southern Europe,2023-07-17,28.01,33.23,39.36,0.02,18.91,15.94,11257.48,0.0,28.0,36.08,36.55,0.02,20.81,13.79,6801.15,0.0,28.1,30.86,33.08,0.29,16.51,10.51,2807.47,0.0,27.8,29.63,36.18,0.2,18.33,15.61,10798.69,0.0
Southern Europe,2023-07-18,27.45,33.93,40.23,0.04,21.27,16.6,10255.39,0.0,26.91,36.26,38.83,0.11,23.15,15.91,7892.35,0.0,27.14,30.79,36.71,2.17,18.56,11.15,3214.2,0.0,26.5,29.62,35.89,0.94,20.46,15.06,8330.72,0.0
Southern Europe,2023-07-19,27.6,32.79,39.28,0.08,20.52,16.59,9393.38,0.0,27.61,35.91,38.35,0.13,22.81,15.86,7383.07,0.0,26.42,29.9,35.07,1.55,17.98,11.13,2835.49,0.0,26.47,28.6,36.83,1.05,20.03,16.44,9671.41,0.0
Southern Europe,2023-07-20,27.35,31.37,44.24,0.21,19.38,17.43,11450.32,0.0,27.75,33.64,43.85,0.29,21.5,17.66,10857.71,0.0,26.95,27.8,39.35,0.9,16.99,12.53,4625.78,0.0,26.8,27.17,38.59,0.41,18.89,17.14,11471.72,0.0
Southern Europe,2023-07-21,26.42,29.89,41.78,0.65,17.89,17.12,10829.54,0.0,27.18,31.98,40.34,0.48,18.92,17.69,9638.31,0.0,24.32,26.38,37.65,3.05,15.51,12.14,4257.35,0.0,25.17,26.44,39.84,2.5,18.05,15.9,8788.84,0.0
Southern Europe,2023-07-22,27.0,30.8,40.11,0.12,18.0,16.04,8952.69,0.0,27.35,32.45,35.32,0.17,19.3,14.15,6182.13,0.0,26.23,27.24,36.69,0.96,15.54,11.37,3331.36,0.0,26.36,26.8,39.54,0.61,17.7,17.53,12942.99,0.0
Southern Europe,2023-07-23,26.01,32.09,44.18,0.23,19.98,16.03,9052.19,0.0,27.24,34.17,41.38,0.08,20.93,15.55,7897.15,0.0,25.59,27.58,39.69,0.75,15.92,11.65,3667.9,0.0,25.65,27.49,41.13,0.74,18.11,16.14,10035.77,0.0
Southern Europe,2023-07-24,25.8,30.33,44.89,0.46,19.0,20.11,14052.1,0.0,27.07,32.09,44.52,0.29,19.98,19.68,12844.34,0.0,22.33,26.31,43.9,5.37,16.34,14.35,6456.69,0.0,23.09,26.57,43.18,3.38,18.46,18.57,11850.33,0.0
Southern Europe,2023-07-25,26.33,28.88,45.8,0.23,16.69,21.33,18100.69,0.0,27.85,31.05,39.94,0.43,17.64,18.1,11731.94,0.0,24.6,25.97,43.17,4.49,14.39,15.53,8423.89,0.0,24.88,25.61,48.79,2.21,16.34,22.69,22063.12,0.0
Southern Europe,2023-07-26,27.1,29.07,41.86,0.39,15.98,17.68,11958.86,0.0,27.68,32.07,37.57,0.3,18.04,15.84,9009.11,0.0,26.02,25.74,41.47,1.71,12.82,15.06,6711.92,0.0,26.29,25.15,44.6,1.27,15.31,20.81,17445.05,0.0
Southern Europe,2023-07-27,25.86,28.74,42.77,1.47,17.68,17.38,9573.47,0.0,27.05,30.37,40.61,0.52,19.16,17.9,9876.21,0.0,25.15,24.4,38.37,0.74,12.73,12.86,4420.22,0.0,25.46,24.78,38.89,0.69,15.82,15.88,9083.73,0.0
Southern Europe,2023-07-28,26.08,29.36,38.3,0.54,16.97,14.44,6454.92,0.0,27.71,31.74,34.63,0.02,17.93,13.62,5205.65,0.0,25.37,25.83,37.22,0.51,12.92,11.36,3401.46,0.0,24.82,25.86,35.39,0.78,16.93,13.58,5584.0,0.0
Southern Europe,2023-07-29,26.16,30.13,37.96,0.54,18.9,14.2,6137.6,0.0,27.39,33.25,35.05,0.06,19.96,13.88,5675.31,0.0,24.63,26.78,34.07,1.33,15.91,10.68,2658.16,0.0,23.72,26.82,35.55,1.42,18.0,13.73,6703.31,0.0
Southern Europe,2023-07-30,26.93,30.3,38.9,0.14,18.65,15.2,7752.64,0.0,27.22,33.66,37.63,0.27,21.02,15.25,7083.32,0.0,25.66,27.13,33.98,2.33,15.68,10.41,2596.7,0.0,26.16,26.66,36.9,0.64,18.19,16.44,11063.59,0.0
Southern Europe,2023-07-31,26.84,30.33,39.24,0.18,18.3,15.55,8917.76,0.0,27.2,33.2,37.87,0.06,19.9,16.12,8382.58,0.0,25.74,26.86,36.11,0.64,15.32,11.15,3507.22,0.0,25.8,26.54,37.37,0.37,17.48,16.68,11380.32,0.0
Southern Europe,2023-08-01,25.43,29.71,41.37,0.22,18.05,18.34,12298.94,0.0,27.04,32.79,37.58,0.23,19.16,16.96,9138.85,0.0,22.81,26.33,40.84,2.59,15.19,13.58,5402.66,0.0,22.61,26.28,41.04,1.33,18.02,18.28,13358.93,0.0
Southern Europe,2023-08-02,24.41,30.0,45.11,0.81,18.41,19.82,15095.16,0.0,26.67,32.95,42.75,0.07,20.63,18.0,10990.95,0.0,21.25,25.78,41.69,1.94,15.05,15.09,6789.04,0.0,21.82,26.42,43.36,1.29,17.94,20.13,17484.3,0.0
Southern Europe,2023-08-03,25.7,27.4,45.07,0.25,16.83,20.42,15929.24,0.0,26.87,31.06,42.28,0.18,19.44,19.73,13456.37,0.0,24.64,25.37,43.21,2.33,14.49,15.56,7812.71,0.0,24.62,25.37,46.73,1.34,16.49,23.16,30268.97,0.0
Southern Europe,2023-08-04,24.98,26.9,46.75,1.07,15.0,21.74,19405.92,0.0,26.08,30.4,44.06,0.98,16.77,20.79,16767.01,0.0,22.83,24.55,39.92,3.36,12.8,16.0,8747.86,0.0,23.34,25.18,47.26,2.53,14.65,23.7,33706.0,0.0
Southern Europe,2023-08-05,25.58,27.99,44.61,2.17,14.05,20.32,18246.76,0.0,26.21,32.15,39.31,2.3,16.75,17.85,12458.9,0.0,21.97,25.16,40.6,7.1,12.31,14.33,6396.91,0.0,23.62,25.16,46.08,3.73,14.28,21.55,20581.78,0.0
Southern Europe,2023-08-06,26.13,28.01,46.08,0.69,15.46,22.6,23922.47,0.0,26.61,33.29,36.74,0.52,17.96,16.64,11109.16,0.0,24.57,25.25,40.98,2.95,12.63,14.87,6717.51,0.0,25.22,25.79,45.74,1.05,14.47,22.3,21237.62,0.0
Southern Europe,2023-08-07,26.51,29.08,41.74,0.22,14.3,19.3,21089.35,0.0,26.6,33.55,37.36,0.11,17.91,16.51,10325.67,0.0,25.92,25.72,38.33,0.67,10.99,14.28,6105.54,0.0,25.97,26.49,42.53,0.34,14.05,19.81,16440.82,0.0
Southern Europe,2023-08-08,26.12,31.01,36.37,0.1,17.07,16.19,14377.01,0.0,25.64,34.39,35.23,0.03,20.35,14.79,7136.76,0.0,25.45,27.12,34.01,0.11,12.64,11.96,3827.55,0.0,25.19,27.26,34.1,0.16,15.45,15.05,8912.63,0.0
Southern Europe,2023-08-09,25.08,31.91,39.19,0.07,18.47,14.79,7903.79,0.0,24.28,34.26,36.71,0.07,21.77,13.99,5340.51,0.0,24.05,27.24,34.58,0.57,14.26,10.66,2822.18,0.0,24.23,27.17,34.07,0.24,17.07,13.39,5902.47,0.0
Southern Europe,2023-08-10,25.51,30.62,38.85,0.16,18.92,16.09,9192.32,0.0,25.63,34.28,35.8,0.28,21.43,15.28,7225.75,0.0,24.65,26.72,32.78,0.53,14.24,11.0,3223.45,0.0,24.22,27.1,31.83,0.22,17.67,12.59,4925.65,0.0
Southern Europe,2023-08-11,25.01,31.1,36.84,0.21,18.4,14.9,7750.36,0.0,26.06,34.96,33.63,0.04,19.64,14.41,6926.62,0.0,24.74,27.55,32.18,0.08,15.35,10.06,2655.46,0.0,23.91,28.15,33.56,0.82,17.77,14.83,7898.68,0.0
Southern Europe,2023-08-12,24.78,29.96,38.69,0.15,18.95,15.77,8844.34,0.0,25.4,33.87,35.89,0.1,21.27,15.43,7673.09,0.0,24.13,26.97,33.12,0.59,15.84,10.97,3140.17,0.0,24.35,27.1,37.09,0.42,18.07,16.96,11233.86,0.0
Southern Europe,2023-08-13,24.7,30.06,38.95,0.04,18.01,16.15,8967.01,0.0,25.22,32.78,37.75,0.06,20.5,16.89,8847.27,0.0,24.33,27.44,32.62,0.39,15.09,10.82,3036.52,0.0,24.53,27.06,34.43,0.2,17.53,15.68,10816.97,0.0
Southern Europe,2023-08-14,24.37,30.03,37.98,0.2,18.22,15.16,7317.82,0.0,24.62,32.17,35.79,0.33,19.76,15.59,6880.13,0.0,24.12,27.27,33.89,0.78,15.14,11.15,3030.62,0.0,24.3,26.94,34.49,0.55,17.59,13.93,6103.81,0.0
Southern Europe,2023-08-15,23.57,29.94,37.76,0.3,18.24,14.34,6451.12,0.0,24.6,32.56,34.15,0.13,19.64,13.69,5263.99,0.0,22.74,27.26,33.13,1.87,15.82,9.82,2356.45,0.0,22.86,26.71,35.24,1.46,17.86,14.7,8189.57,0.0
Southern Europe,2023-08-16,23.73,30.11,38.19,0.26,19.16,14.94,6832.41,0.0,24.84,32.41,35.36,0.17,20.42,14.32,5640.06,0.0,23.03,27.34,30.87,2.24,16.39,9.36,1965.78,0.0,22.23,26.68,34.51,1.88,18.73,15.36,8824.84,0.0
Southern Europe,2023-08-17,24.47,30.73,37.16,0.27,18.91,14.85,6430.25,0.0,25.13,32.75,34.6,0.16,20.13,14.53,5557.13,0.0,22.88,27.71,33.53,1.2,16.31,9.83,2309.08,0.0,22.97,27.36,34.01,1.5,19.04,12.23,4345.17,0.0
Southern Europe,2023-08-18,23.27,31.36,41.62,0.42,19.82,16.95,12366.0,0.0,23.98,33.01,35.74,0.06,20.45,14.69,5852.65,0.0,22.76,28.08,38.67,0.64,16.6,12.18,5357.53,0.0,22.3,28.16,36.35,0.51,19.43,14.83,10139.94,0.0
Southern Europe,2023-08-19,22.81,31.45,34.58,0.81,20.03,13.78,5405.04,0.0,24.6,34.46,32.28,0.08,21.22,13.49,5057.46,0.0,21.63,28.66,34.62,2.03,17.44,10.83,2851.23,0.0,20.36,28.58,30.99,1.21,20.35,11.88,4139.69,0.0
Southern Europe,2023-08-20,23.93,32.2,36.12,0.16,21.18,14.27,7356.43,0.0,24.54,35.56,31.6,0.06,22.54,13.02,5700.78,0.0,23.28,29.8,31.53,0.28,18.83,10.03,2980.15,0.0,22.94,29.27,33.43,0.3,20.5,14.99,8223.1,0.0
Southern Europe,2023-08-21,24.16,33.66,38.78,0.1,21.1,17.46,12910.48,0.0,24.62,36.84,33.99,0.03,22.82,14.36,7352.77,0.0,23.5,31.53,32.07,0.16,18.84,11.1,3990.58,0.0,23.46,30.71,34.98,0.18,20.65,17.07,11326.62,0.0
Southern Europe,2023-08-22,23.87,34.36,38.95,0.05,21.67,17.81,17368.44,0.0,24.42,37.13,38.11,0.04,22.91,16.27,9143.88,0.0,22.95,32.59,34.83,0.15,19.88,11.53,4216.06,0.0,23.06,31.48,33.5,0.27,21.63,14.91,7865.44,0.0
Southern Europe,2023-08-23,23.6,34.59,38.42,0.13,22.01,16.54,13486.51,0.0,24.24,36.71,34.75,0.04,23.21,15.09,7306.82,0.0,22.82,32.63,32.61,0.5,20.08,11.16,3506.58,0.0,22.77,31.91,31.67,0.23,22.02,12.78,5818.42,0.0
Southern Europe,2023-08-24,23.73,33.67,36.5,0.1,21.55,15.66,8537.72,0.0,24.02,36.45,33.77,0.04,22.89,14.08,5911.89,0.0,22.73,31.43,33.59,0.34,19.73,10.46,2877.0,0.0,22.65,30.76,32.73,0.26,21.5,13.59,6211.55,0.0
Southern Europe,2023-08-25,22.45,31.64,40.19,0.35,20.16,15.86,8502.27,0.0,23.2,35.9,39.42,0.12,22.17,15.11,7623.76,0.0,22.16,29.55,35.49,1.5,18.07,10.74,2969.82,0.0,20.77,28.87,35.8,1.52,20.26,14.74,8464.06,0.0
Southern Europe,2023-08-26,19.6,28.91,47.89,2.03,18.02,17.54,12397.56,0.0,19.53,32.54,47.44,0.76,20.63,18.68,13689.45,0.0,19.85,26.25,42.15,5.65,16.29,12.89,5501.47,0.0,19.61,26.5,41.47,5.03,18.4,18.59,17298.32,0.0
Southern Europe,2023-08-27,20.81,25.6,52.65,1.51,14.92,25.1,28681.25,0.0,22.18,27.65,48.28,1.76,15.65,24.11,24688.05,0.0,17.02,23.69,41.42,9.94,14.03,15.21,9039.9,0.0,18.54,24.42,47.56,7.32,15.65,23.69,31903.47,0.0
Southern Europe,2023-08-28,19.84,25.99,50.39,1.95,13.96,24.38,25459.52,0.0,22.73,28.86,42.19,1.82,15.12,21.07,20172.6,0.0,17.17,23.39,47.4,13.21,12.67,17.56,11904.4,0.0,17.84,23.77,53.18,11.21,14.1,26.42,32615.77,0.0
Southern Europe,2023-08-29,20.26,24.98,48.83,1.41,14.52,22.79,20820.88,0.0,22.16,28.95,44.25,1.4,16.19,19.71,15774.46,0.0,17.64,22.03,45.5,4.2,12.09,17.32,9689.97,0.0,19.09,22.6,50.26,2.94,14.02,25.25,30158.01,0.0
Southern Europe,2023-08-30,20.69,24.86,43.22,0.79,14.13,18.72,12340.0,0.0,21.87,28.18,37.95,0.56,16.24,17.58,10953.92,0.0,19.64,21.97,37.73,2.62,11.5,13.51,5257.75,0.0,20.43,22.28,43.26,1.79,13.9,21.85,23411.98,0.0
Southern Europe,2023-08-31,22.4,26.79,36.39,0.24,14.15,14.01,5848.55,0.0,22.95,29.55,33.42,0.11,16.18,13.67,5104.91,0.0,21.16,23.45,32.52,0.9,10.94,10.57,2681.95,0.0,21.6,23.66,35.34,0.35,14.22,15.83,10060.18,0.0
Southern Europe,2023-09-01,20.37,27.26,38.73,1.54,15.73,14.78,6497.15,0.0,21.59,29.72,35.84,0.2,17.83,14.59,5857.46,0.0,20.51,23.8,33.82,0.86,12.5,10.21,2690.45,0.0,19.87,24.07,33.26,1.72,15.88,12.63,4983.09,0.0
Southern Europe,2023-09-02,15.42,23.6,37.95,7.23,16.03,15.96,9150.23,0.0,16.27,25.27,38.27,6.05,17.39,15.51,7007.22,0.0,17.8,22.76,30.85,2.79,13.03,10.18,2798.78,0.0,17.39,22.81,34.25,4.44,15.55,15.27,9285.62,0.0
Southern Europe,2023-09-03,14.95,24.79,50.89,8.96,15.57,23.81,29910.59,0.0,13.71,24.61,46.92,16.39,16.76,20.39,21668.81,0.0,16.35,23.85,41.06,5.04,13.03,15.91,13271.29,0.0,16.79,24.18,38.06,6.8,15.57,17.22,16134.25,0.0
Southern Europe,2023-09-04,18.14,25.11,53.41,3.53,16.5,24.48,24594.82,0.0,18.56,25.55,44.72,4.34,17.38,19.99,16178.08,0.0,17.68,22.55,48.21,3.24,13.51,18.5,14870.56,0.0,17.18,24.05,51.8,3.86,16.09,24.3,30630.13,0.0
Southern Europe,2023-09-05,18.5,24.97,45.17,2.88,16.53,21.2,18431.63,0.0,18.53,26.06,34.05,3.42,17.25,15.46,9481.1,0.0,15.29,21.76,42.65,4.37,13.69,17.66,12705.7,0.0,17.61,23.36,46.61,1.82,16.4,23.09,24348.31,0.0
Southern Europe,2023-09-06,19.12,25.91,37.99,2.98,16.64,17.42,10587.93,0.0,18.75,27.15,31.01,3.55,17.98,13.92,6739.9,0.0,19.09,23.95,37.83,2.68,13.06,14.2,7399.96,0.0,19.65,24.7,38.32,0.26,16.31,18.16,12726.61,0.0
Southern Europe,2023-09-07,19.06,26.45,38.09,1.68,17.76,16.62,9653.59,0.0,18.02,27.6,33.06,2.26,19.41,13.99,5725.39,0.0,18.83,24.62,37.03,2.38,14.56,12.83,5219.13,0.0,19.63,25.14,36.56,0.68,17.55,16.64,9366.84,0.0
Southern Europe,2023-09-08,20.03,26.74,38.41,1.06,17.43,16.82,11141.03,0.0,20.02,27.91,32.75,0.52,18.6,14.02,6548.2,0.0,19.38,24.72,35.27,1.11,14.51,12.95,5291.82,0.0,19.31,25.37,34.87,0.89,17.26,15.76,8246.58,0.0
Southern Europe,2023-09-09,18.93,26.44,39.07,3.62,17.35,16.29,9208.27,0.0,18.91,27.2,35.51,1.29,18.9,14.87,6154.22,0.0,18.25,23.78,35.33,4.76,13.99,11.84,3977.24,0.0,18.93,24.91,32.89,3.59,16.99,14.85,6287.48,0.0
Southern Europe,2023-09-10,19.87,26.66,34.78,1.54,16.63,13.59,6565.81,0.0,20.13,27.82,35.09,1.19,17.9,12.84,4953.73,0.0,19.03,24.69,30.19,0.87,13.33,9.72,2667.2,0.0,19.05,25.09,28.85,1.2,16.98,10.51,2368.74,0.0
Southern Europe,2023-09-11,19.33,25.65,33.28,2.26,16.52,12.97,6578.28,0.0,19.8,26.49,32.6,0.83,17.87,13.33,4994.29,0.0,18.65,23.9,29.01,2.65,13.77,8.94,2178.15,0.0,19.27,24.66,26.93,2.34,17.15,9.04,1747.66,0.0
Southern Europe,2023-09-12,18.89,25.1,31.19,2.81,15.89,11.4,3938.79,0.0,19.52,26.46,28.37,1.12,16.82,11.0,2731.97,0.0,18.59,23.73,27.62,1.62,13.53,8.25,1265.96,0.0,18.77,24.19,27.67,1.78,16.62,9.96,2381.63,0.0
Southern Europe,2023-09-13,19.57,25.61,33.14,0.39,15.09,14.68,6821.28,0.0,19.68,27.6,29.66,0.93,16.57,12.48,4195.39,0.0,17.68,23.6,30.02,3.04,13.45,10.7,2529.62,0.0,18.28,24.2,31.29,2.22,16.32,13.83,5890.21,0.0
Southern Europe,2023-09-14,18.71,26.18,31.25,0.76,15.83,13.81,7595.05,0.0,18.86,28.15,31.68,0.91,17.9,13.44,5193.89,0.0,17.16,23.79,26.63,1.75,13.65,9.6,2430.02,0.0,17.81,25.05,30.27,1.11,17.18,13.46,6310.07,0.0
Southern Europe,2023-09-15,15.85,24.7,35.85,5.1,17.43,13.42,5478.42,0.0,15.97,25.88,36.13,7.23,18.68,13.46,5442.22,0.0,15.99,22.42,32.6,5.36,13.88,9.03,2022.4,0.0,16.04,23.4,37.11,4.87,17.27,12.61,5269.16,0.0
Southern Europe,2023-09-16,15.5,24.08,36.62,5.39,16.48,15.76,8053.15,0.0,14.55,24.66,33.23,3.9,17.48,14.56,5749.38,0.0,13.99,20.83,35.14,7.54,13.0,11.59,3928.34,0.0,15.08,22.9,37.99,6.24,16.26,16.58,13463.44,0.0
Southern Europe,2023-09-17,15.52,23.91,46.67,3.94,15.86,20.26,18188.87,0.0,16.0,24.44,42.34,4.55,17.1,17.97,10769.17,0.0,14.7,21.17,42.39,3.25,12.38,15.15,10369.94,0.0,14.94,22.75,45.19,7.08,15.76,20.09,26492.28,0.0
Southern Europe,2023-09-18,16.86,23.86,37.29,0.99,14.64,15.62,8764.77,0.0,16.2,23.77,30.21,0.99,15.66,13.02,4577.65,0.0,14.17,21.15,35.93,5.06,12.94,10.96,3493.22,0.0,15.37,22.7,37.81,4.1,16.01,14.08,8858.48,0.0
Southern Europe,2023-09-19,17.78,24.57,31.83,0.58,14.43,12.4,4567.24,0.0,18.05,25.0,28.61,1.05,15.1,11.19,3130.81,0.0,17.42,22.43,29.32,1.32,11.88,8.74,1610.2,0.0,18.24,23.82,30.71,0.52,15.4,11.7,3766.88,0.0
Southern Europe,2023-09-20,16.54,24.21,36.92,1.0,14.17,15.53,11274.55,0.0,18.31,25.2,33.11,0.47,15.1,13.79,5392.33,0.0,15.54,21.23,34.11,1.89,11.66,11.36,4363.07,0.0,14.56,23.0,35.59,2.5,15.44,15.05,10771.41,0.0
Southern Europe,2023-09-21,13.38,22.65,47.89,5.67,13.78,22.24,20081.01,0.0,12.9,23.33,44.48,2.6,14.54,21.26,17087.35,0.0,13.02,19.85,46.61,10.0,12.23,17.31,11187.47,0.0,12.6,21.36,49.17,8.18,14.65,22.44,24074.65,0.0
Southern Europe,2023-09-22,17.13,22.24,42.09,1.17,12.51,20.36,13583.75,0.0,18.32,23.23,35.5,0.88,12.81,17.52,8920.84,0.0,13.68,19.22,41.49,8.09,10.61,15.75,7743.04,0.0,15.08,21.41,41.4,4.47,13.85,17.99,10813.45,0.0
Southern Europe,2023-09-23,17.7,22.86,31.09,4.65,11.17,12.93,6274.53,0.0,19.27,24.96,28.48,1.49,11.78,13.0,5513.9,0.0,16.21,20.4,31.88,7.1,8.87,11.45,4746.06,0.0,16.73,21.69,33.39,8.08,12.19,13.76,4718.83,0.0
Southern Europe,2023-09-24,18.52,24.11,33.87,1.25,11.14,15.04,10416.55,0.0,19.02,26.67,28.14,0.47,12.6,13.28,5818.26,0.0,17.23,20.9,32.96,2.39,7.6,12.24,4589.97,0.0,18.47,22.43,32.13,1.69,11.7,14.02,5480.86,0.0
Southern Europe,2023-09-25,17.95,24.54,31.03,1.91,12.46,13.52,7217.66,0.0,18.49,27.17,28.35,2.1,13.52,12.4,5103.37,0.0,16.73,21.77,29.25,2.02,8.97,10.32,3286.44,0.0,17.89,22.85,28.83,0.87,12.51,13.34,5640.17,0.0
Southern Europe,2023-09-26,17.62,24.72,31.54,1.92,14.07,14.34,8866.3,0.0,18.2,27.32,28.2,2.02,14.64,12.78,5845.75,0.0,17.24,22.62,31.16,1.27,10.88,11.29,5039.09,0.0,17.53,23.36,32.44,0.28,14.43,15.02,7453.94,0.0
Southern Europe,2023-09-27,17.37,25.28,36.13,0.96,14.36,16.48,10381.6,0.0,17.97,27.63,30.32,2.35,15.41,13.3,5969.03,0.0,17.28,22.96,34.39,2.13,11.3,12.76,5466.35,0.0,17.38,24.11,32.97,0.12,14.92,13.88,6192.78,0.0
Southern Europe,2023-09-28,17.71,25.93,30.77,0.68,14.22,13.55,7726.5,0.0,18.46,28.4,25.99,0.91,15.54,10.69,3098.86,0.0,17.32,23.23,28.63,0.27,11.24,10.13,2722.57,0.0,17.27,24.77,29.74,0.31,14.98,12.94,5906.98,0.0
Southern Europe,2023-09-29,17.89,26.59,26.1,0.46,15.0,11.18,5767.0,0.0,18.43,29.69,25.43,0.15,15.76,11.21,3170.28,0.0,17.58,24.36,23.69,0.3,11.6,8.35,1422.77,0.0,17.48,25.47,26.54,0.6,15.35,12.6,5587.72,0.0
Southern Europe,2023-09-30,18.02,27.58,28.48,0.16,15.23,13.38,10446.61,0.0,18.37,30.03,27.51,0.13,16.47,13.76,5983.99,0.0,17.16,25.17,25.89,0.14,12.31,9.42,2389.47,0.0,17.73,26.39,26.37,0.01,15.83,12.04,4459.0,0.0
Southern Europe,2023-10-01,17.99,27.94,29.45,0.01,14.72,13.38,8323.52,0.0,18.44,30.25,26.39,0.01,15.57,12.3,4615.37,0.0,17.07,25.08,27.58,0.1,12.0,10.36,2929.28,0.0,17.64,26.46,27.15,0.02,15.38,11.17,3203.71,0.0
Southern Europe,2023-10-02,17.73,27.09,33.79,0.04,14.79,15.49,9057.25,0.0,18.14,29.59,27.63,0.01,15.38,12.23,4252.07,0.0,17.14,24.3,30.53,0.01,11.84,11.19,3183.76,0.0,17.23,25.38,31.3,0.01,15.54,12.65,5685.15,0.0
Southern Europe,2023-10-03,16.58,25.56,33.54,0.21,13.99,14.68,9177.46,0.0,17.41,28.73,26.1,0.03,15.64,10.66,3356.85,0.0,16.12,23.37,26.7,0.26,11.3,9.11,1832.85,0.0,15.99,24.48,30.73,0.17,14.76,13.83,7032.4,0.0
Southern Europe,2023-10-04,17.2,26.08,31.6,0.01,14.07,13.48,9373.04,0.0,17.32,28.5,27.07,0.07,15.98,11.49,3975.86,0.0,15.42,22.83,27.26,0.64,11.16,9.71,2486.8,0.0,15.69,24.37,29.15,0.3,15.17,12.64,5975.16,0.0
Southern Europe,2023-10-05,17.06,26.51,27.67,0.09,14.27,10.46,4922.88,0.0,17.46,29.22,25.76,0.03,15.82,9.88,2579.98,0.0,16.2,23.43,25.39,0.29,11.03,7.68,1108.32,0.0,16.16,24.46,27.04,0.32,15.52,10.03,2709.51,0.0
Southern Europe,2023-10-06,16.66,27.12,27.36,0.2,14.3,12.02,7945.22,0.0,16.81,29.56,27.94,0.09,15.72,12.81,5064.1,0.0,15.58,23.98,26.21,0.19,11.04,9.11,2178.96,0.0,15.87,25.3,26.31,0.3,15.0,11.63,4301.25,0.0
Southern Europe,2023-10-07,16.85,27.2,28.57,0.08,14.49,13.71,9394.71,0.0,16.97,29.38,27.6,0.08,15.21,13.17,5202.18,0.0,16.37,24.65,27.39,0.06,10.15,10.16,2673.1,0.0,16.38,25.97,25.97,0.07,14.76,11.63,4551.9,0.0
Southern Europe,2023-10-08,16.78,27.02,28.67,0.01,14.07,12.0,7163.18,0.0,17.03,29.23,26.05,0.0,14.82,11.38,3950.52,0.0,15.8,25.56,28.9,0.03,10.76,10.12,2587.31,0.0,16.17,26.57,27.6,0.01,15.0,11.36,3370.55,0.0
Southern Europe,2023-10-09,16.56,26.74,27.4,0.0,13.89,11.89,6398.89,0.0,16.67,28.37,26.75,0.0,14.93,11.74,4186.84,0.0,15.84,25.19,27.81,0.03,11.25,10.16,2125.85,0.0,16.15,26.31,26.28,0.01,15.37,10.92,3117.57,0.0
Southern Europe,2023-10-10,16.41,26.32,25.98,0.01,13.65,10.75,4857.64,0.0,16.68,27.85,25.07,0.01,14.23,10.45,2859.76,0.0,15.45,24.53,25.86,0.03,11.42,8.26,1235.29,0.0,15.57,25.53,24.31,0.02,15.63,9.5,2034.52,0.0
Southern Europe,2023-10-11,16.0,25.58,27.64,0.08,13.31,11.28,5211.03,0.0,16.22,27.01,24.75,0.08,13.75,9.8,2414.24,0.0,15.17,23.43,24.22,0.1,10.93,7.63,1105.38,0.0,15.19,24.6,23.41,0.11,15.12,8.43,1675.87,0.0
Southern Europe,2023-10-12,15.86,25.64,30.34,0.06,13.28,12.96,8525.12,0.0,16.37,27.24,24.07,0.03,13.83,9.63,2474.12,0.0,14.99,23.27,28.66,0.07,10.47,9.38,2153.79,0.0,14.91,24.89,29.79,0.1,15.09,12.49,6756.09,0.0
Southern Europe,2023-10-13,12.6,24.59,36.6,3.55,13.39,15.57,9685.56,0.0,13.7,26.21,30.19,0.19,14.23,12.13,3930.7,0.0,11.36,21.5,33.99,2.2,10.93,11.51,4219.48,0.0,10.73,23.45,38.58,5.01,14.93,16.67,14880.01,0.0
Southern Europe,2023-10-14,11.94,22.28,32.08,1.39,13.93,12.71,4856.82,0.0,12.49,23.37,31.49,2.09,15.72,12.04,3783.37,0.0,11.86,20.33,29.95,2.12,10.65,9.65,2350.17,0.0,12.4,22.08,33.76,2.05,14.96,13.11,4693.44,0.0
Southern Europe,2023-10-15,10.87,21.76,33.33,2.2,12.64,14.79,7533.69,0.0,11.8,23.34,30.44,1.18,13.79,12.23,3978.22,0.0,8.83,18.12,34.92,4.03,8.49,13.06,4650.47,0.0,9.78,20.86,41.41,3.76,13.31,17.29,10649.16,0.0
Southern Europe,2023-10-16,9.09,20.35,38.18,4.09,13.67,16.31,10244.92,0.0,10.14,22.04,32.79,1.76,14.92,14.27,5800.62,0.0,7.98,15.64,35.59,2.82,8.21,13.7,5921.47,0.0,7.34,19.1,42.71,4.44,13.25,20.16,23633.18,0.0
Southern Europe,2023-10-17,9.23,21.3,55.91,10.46,13.35,27.52,45950.59,0.0,10.07,22.85,51.56,5.67,14.87,24.44,29141.36,0.0,8.41,16.32,48.32,12.82,7.7,20.51,28024.74,0.0,9.26,19.88,57.63,14.46,12.34,30.25,72279.88,0.0
Southern Europe,2023-10-18,10.97,20.75,52.01,7.82,12.72,27.99,41210.66,0.0,10.76,21.53,44.61,3.18,14.45,25.91,28166.53,0.0,8.71,16.09,41.98,10.44,7.71,18.44,18905.95,0.0,9.81,19.27,49.53,7.75,12.24,26.46,45755.67,0.0
Southern Europe,2023-10-19,7.34,19.69,63.45,18.99,11.06,32.39,56702.54,0.0,6.04,20.33,66.35,23.8,11.97,32.83,65018.16,0.0,5.94,16.26,54.09,19.66,7.97,22.25,25783.66,0.0,6.81,19.07,61.57,20.67,11.14,31.72,66915.17,0.0
Southern Europe,2023-10-20,10.96,18.87,61.92,6.72,9.53,33.29,57175.31,0.0,11.82,19.29,53.71,2.7,10.11,30.66,42276.68,0.0,8.49,16.1,64.27,21.81,8.38,26.48,36143.76,0.0,9.53,18.61,63.54,17.18,10.52,31.8,61685.63,0.0
Southern Europe,2023-10-21,10.73,17.53,40.78,3.82,8.46,19.49,14098.5,0.0,12.2,18.73,33.18,2.05,9.03,16.19,9350.04,0.0,9.09,15.8,39.71,6.52,7.23,15.12,9659.96,0.0,9.61,17.7,38.9,6.55,9.86,15.75,10320.57,0.0
Southern Europe,2023-10-22,9.5,18.13,42.32,3.41,8.79,18.7,17685.22,0.0,7.95,18.46,48.72,11.77,9.47,21.14,23158.82,0.0,9.51,15.73,34.59,2.53,6.6,12.51,5365.27,0.0,8.94,17.66,40.57,4.59,9.79,16.65,12876.7,0.0
Southern Europe,2023-10-23,10.57,18.28,38.89,6.23,9.76,16.65,11463.13,0.0,10.19,18.77,38.26,4.15,10.34,15.89,10182.28,0.0,8.89,15.37,29.62,4.15,6.53,10.54,3200.17,0.0,9.96,17.67,33.21,6.06,9.99,13.9,8046.68,0.0
Southern Europe,2023-10-24,10.12,18.21,51.27,4.93,8.63,23.66,26043.32,0.0,10.54,18.47,43.2,4.88,9.26,20.34,16632.27,0.0,6.8,15.5,50.9,15.24,6.73,18.21,14830.35,0.0,7.45,18.24,55.69,13.35,10.19,24.69,34564.27,0.0
Southern Europe,2023-10-25,7.67,18.98,50.47,4.3,11.05,27.64,34737.43,0.0,9.24,20.46,43.09,1.99,11.97,23.99,22363.55,0.0,7.48,16.48,47.83,6.28,8.35,20.31,18025.73,0.0,7.56,18.47,46.61,5.52,11.85,25.49,30982.6,0.0
Southern Europe,2023-10-26,7.32,19.54,61.82,14.3,11.24,31.08,49363.85,0.0,8.1,20.74,58.9,4.62,13.25,28.92,41999.72,0.0,6.5,16.26,54.96,20.46,8.15,22.45,27065.47,0.0,6.92,18.74,58.38,15.48,11.69,27.88,47770.89,0.0
Southern Europe,2023-10-27,9.67,17.76,57.61,4.07,9.44,29.42,38347.37,0.0,10.16,18.98,46.33,1.68,10.85,24.28,21903.82,0.0,8.76,15.53,56.39,10.47,6.89,23.03,23097.94,0.0,9.37,17.93,60.25,8.65,10.45,28.67,38750.25,0.0
Southern Europe,2023-10-28,9.48,18.56,52.44,6.51,9.89,27.87,41113.07,0.0,10.84,19.69,41.41,1.51,11.18,22.01,18840.38,0.0,9.17,15.76,48.99,8.48,6.53,20.51,20146.15,0.0,9.29,18.02,53.93,8.19,9.88,27.78,45952.85,0.0
Southern Europe,2023-10-29,9.18,18.44,46.02,7.38,9.84,24.51,28597.16,0.0,9.5,19.51,40.81,5.98,11.3,22.21,19594.73,0.0,7.32,15.07,43.88,11.96,6.66,17.64,13356.2,0.0,8.01,17.7,47.08,8.31,9.96,23.36,28473.03,0.0
Southern Europe,2023-10-30,10.08,17.58,50.72,4.41,8.37,25.5,28581.63,0.0,11.1,18.57,44.21,6.88,9.83,21.5,18333.52,0.0,7.8,14.73,49.05,11.96,6.08,18.11,13188.07,0.0,9.06,17.38,50.31,10.75,9.63,22.94,25544.91,0.0
Southern Europe,2023-10-31,8.96,17.04,44.37,1.99,7.76,21.06,21029.39,0.0,7.63,17.2,31.01,1.13,8.38,14.55,8970.24,0.0,8.01,14.69,47.3,8.1,4.56,17.19,13181.78,0.0,8.37,17.1,50.23,4.2,9.01,22.3,21367.67,0.0
Southern Europe,2023-11-01,7.87,17.3,54.67,6.3,8.19,26.75,44349.97,0.0,8.0,18.51,42.95,2.13,8.92,22.09,21705.75,0.0,7.26,14.12,46.56,8.47,4.89,19.45,20778.59,0.01,6.97,16.64,51.44,9.02,8.32,25.38,47339.59,0.0
Southern Europe,2023-11-02,7.77,17.39,75.57,13.19,5.72,36.78,88331.45,0.0,7.85,18.71,70.26,8.27,7.83,36.84,82624.84,0.0,5.81,13.78,72.09,23.11,3.78,27.78,50322.24,0.01,6.68,16.53,75.45,16.26,6.63,36.57,97890.75,0.0
Southern Europe,2023-11-03,7.85,15.03,68.48,6.95,4.87,36.02,64673.25,0.0,8.28,16.17,59.12,2.7,6.39,32.01,47037.33,0.0,6.39,12.14,64.5,12.92,2.16,27.33,40055.1,0.02,6.84,14.73,69.29,10.64,5.28,33.76,61286.6,0.01
Southern Europe,2023-11-04,7.2,16.54,72.4,10.92,6.18,38.79,96200.82,0.0,6.86,17.66,63.53,5.97,8.0,34.21,64999.35,0.0,6.36,12.41,61.02,17.76,1.88,27.4,46045.9,0.02,7.25,15.56,66.4,12.72,5.52,36.97,107500.18,0.01
Southern Europe,2023-11-05,9.59,15.55,63.73,4.4,6.27,33.75,54194.2,0.0,10.39,16.73,48.94,1.39,7.21,27.86,34532.41,0.0,8.2,12.26,61.66,9.24,2.7,25.81,34176.41,0.03,9.02,15.1,62.88,7.15,6.59,31.76,52923.22,0.02
Southern Europe,2023-11-06,10.57,14.74,41.63,1.27,5.55,21.51,15566.23,0.0,11.23,15.93,35.37,0.25,6.21,18.95,10113.35,0.0,9.91,12.21,39.37,1.37,1.92,16.26,7942.42,0.03,10.04,14.63,42.51,2.2,5.5,20.83,16224.83,0.01
Southern Europe,2023-11-07,9.11,14.13,36.14,3.33,3.95,17.3,9613.68,0.0,10.57,15.18,30.67,1.0,3.78,14.81,5897.34,0.0,8.42,11.55,35.46,4.04,1.03,13.92,5600.05,0.03,8.82,14.18,38.44,5.38,5.07,16.56,9287.61,0.01
Southern Europe,2023-11-08,7.56,14.41,37.66,4.6,4.64,17.84,13236.3,0.0,8.52,15.43,27.23,1.36,5.08,12.77,4952.37,0.0,6.99,11.52,37.53,6.77,0.91,13.99,6893.54,0.03,7.01,14.67,40.52,4.95,5.08,18.95,20938.65,0.01
Southern Europe,2023-11-09,9.27,15.0,41.64,3.83,5.73,19.92,15397.53,0.0,9.58,16.45,36.51,2.31,6.94,18.25,10967.86,0.0,7.86,11.23,36.59,2.91,1.23,14.41,7278.05,0.03,7.78,14.21,39.32,3.37,5.35,17.8,15774.96,0.01
Southern Europe,2023-11-10,6.7,15.01,44.55,4.84,6.4,22.95,18875.9,0.0,8.21,16.06,36.43,1.66,6.66,18.7,11314.58,0.0,5.22,11.25,40.12,7.29,2.37,16.87,10251.31,0.03,6.03,14.53,41.97,6.7,6.84,19.9,15427.17,0.01
Southern Europe,2023-11-11,7.05,17.03,52.41,5.34,8.88,27.65,37126.15,0.0,7.92,18.48,42.55,2.18,9.64,22.61,21276.27,0.0,7.23,12.64,49.63,6.81,3.42,22.0,20938.16,0.03,7.78,15.7,49.07,4.86,8.23,23.67,27090.12,0.01
Southern Europe,2023-11-12,8.06,17.85,44.13,2.01,9.35,23.38,23758.17,0.0,8.14,18.99,34.53,1.0,9.87,19.03,12884.45,0.0,6.32,12.92,41.1,2.85,3.31,16.97,11722.0,0.04,6.86,16.17,41.08,2.72,8.5,19.92,16934.43,0.01
Southern Europe,2023-11-13,8.59,18.34,37.62,3.01,9.63,20.4,21514.55,0.0,9.74,19.65,26.76,0.79,10.32,13.81,6097.15,0.0,7.59,14.85,35.07,2.4,4.65,14.48,8100.35,0.04,8.47,17.34,36.07,3.36,9.0,19.43,20020.52,0.01
Southern Europe,2023-11-14,8.98,19.03,36.78,1.92,9.36,18.19,13752.27,0.0,10.47,20.27,25.45,0.08,9.35,12.82,5253.18,0.0,7.36,15.73,36.49,2.87,5.91,14.28,6973.01,0.03,7.85,17.99,35.28,3.28,10.17,16.91,11993.87,0.01
Southern Europe,2023-11-15,8.61,18.95,33.59,1.3,10.07,15.86,10764.97,0.0,10.05,20.23,25.53,0.33,9.34,12.28,5646.71,0.0,7.48,15.34,37.19,3.11,5.44,13.42,5830.81,0.03,8.43,17.78,34.91,1.17,9.93,14.93,7439.12,0.01
Southern Europe,2023-11-16,8.31,18.03,36.76,1.19,9.19,16.7,10413.36,0.0,9.04,19.11,25.52,0.23,9.04,11.51,4505.33,0.0,7.09,14.24,35.53,1.54,4.35,13.35,5500.42,0.03,7.58,16.72,34.82,1.36,8.45,13.91,9581.71,0.01
Southern Europe,2023-11-17,9.56,17.54,35.14,1.16,8.05,16.88,12266.29,0.0,9.43,18.88,28.68,0.5,8.98,14.09,8189.13,0.0,8.33,14.06,39.86,2.79,3.03,14.48,7895.89,0.03,8.6,16.47,38.17,1.4,7.69,16.68,9958.84,0.01
Southern Europe,2023-11-18,9.89,17.03,34.57,0.75,5.88,16.75,14380.4,0.0,10.44,18.44,28.41,0.8,6.91,14.41,9983.45,0.0,9.01,13.0,35.59,0.61,0.58,13.39,7910.72,0.03,9.43,15.5,34.79,0.12,6.18,14.16,6997.97,0.01
Southern Europe,2023-11-19,9.91,17.07,25.93,0.06,4.95,11.4,6559.56,0.0,10.73,18.54,23.14,0.01,5.93,10.77,4393.64,0.0,8.95,13.95,26.46,0.22,1.09,8.59,1961.28,0.03,9.1,16.28,24.56,0.05,5.7,10.3,2426.57,0.0
Southern Europe,2023-11-20,8.33,16.44,31.97,0.46,5.43,13.56,6983.0,0.0,9.8,17.84,25.44,0.08,6.26,10.8,3573.01,0.0,7.54,13.12,27.93,0.43,1.96,9.64,2402.88,0.03,7.09,15.41,34.09,0.73,6.54,14.01,7934.55,0.0
Southern Europe,2023-11-21,7.36,13.69,43.68,2.21,4.4,24.09,25125.4,0.0,9.05,15.32,37.08,0.82,5.11,21.01,17889.07,0.0,6.93,10.76,38.59,5.02,0.93,16.57,10802.44,0.03,7.38,13.81,44.54,2.49,5.22,23.83,30464.05,0.0
Southern Europe,2023-11-22,7.48,13.21,52.93,2.87,3.81,29.12,41776.33,0.0,9.14,15.07,44.72,2.37,3.76,26.0,29875.9,0.0,7.03,10.45,43.84,4.81,0.0,20.64,16080.63,0.03,8.04,13.6,50.65,1.98,4.02,25.65,30318.71,0.0
Southern Europe,2023-11-23,8.83,13.4,44.17,2.09,2.65,23.35,24915.49,0.0,9.86,14.75,35.14,0.9,2.9,19.79,15877.88,0.0,8.23,11.18,36.19,0.75,-1.0,15.78,9396.13,0.03,8.35,13.61,43.3,1.22,3.03,22.65,23721.9,0.0
Southern Europe,2023-11-24,9.2,14.72,33.72,0.49,2.69,18.07,15838.45,0.0,10.15,15.53,26.32,0.36,2.14,14.24,7880.67,0.0,8.34,12.68,35.23,1.57,-0.67,12.85,4444.64,0.03,8.76,14.21,33.85,0.34,3.04,15.4,8956.35,0.0
Southern Europe,2023-11-25,8.16,14.16,43.58,3.25,1.51,21.77,26840.99,0.0,9.37,15.52,34.6,3.05,1.41,16.94,16682.4,0.0,7.65,9.19,45.98,4.36,-3.55,16.62,12697.19,0.03,8.2,12.53,44.38,1.95,0.95,18.55,14886.0,0.0
Southern Europe,2023-11-26,8.94,12.61,33.02,0.36,0.06,14.05,10256.47,0.0,9.49,13.83,27.92,0.35,0.93,12.7,9354.55,0.0,7.86,8.1,34.3,0.5,-4.4,11.96,6048.88,0.04,8.07,11.99,32.16,0.07,0.8,11.67,4960.52,0.0
Southern Europe,2023-11-27,6.55,12.72,35.77,1.06,1.47,17.31,9768.24,0.0,7.83,13.24,30.12,0.36,1.95,14.7,6415.07,0.0,5.57,8.53,33.81,1.02,-2.79,13.03,5586.53,0.04,4.8,11.85,33.06,1.89,3.12,14.04,6935.67,0.0
Southern Europe,2023-11-28,4.79,13.57,45.32,6.43,5.78,23.94,26743.29,0.0,4.87,14.13,35.83,3.54,5.92,18.96,16360.16,0.0,4.46,9.83,44.19,8.13,0.87,17.4,13924.24,0.05,5.16,12.91,47.41,8.92,5.73,20.9,20080.87,0.0
Southern Europe,2023-11-29,5.48,14.62,44.58,4.55,7.05,23.72,22501.38,0.0,5.92,16.02,38.98,4.06,8.02,21.12,15362.83,0.0,5.7,9.79,41.33,5.32,0.84,18.03,12489.09,0.05,5.84,13.44,42.85,6.34,5.86,21.53,18586.7,0.0
Southern Europe,2023-11-30,4.51,15.27,52.35,10.48,5.95,26.74,33304.05,0.0,5.19,16.74,52.72,10.02,8.77,28.32,39654.93,0.0,2.9,10.29,45.33,17.52,0.54,17.77,16048.33,0.06,3.43,13.48,50.19,14.17,5.0,23.91,27091.71,0.01
Southern Europe,2023-12-01,5.81,13.72,50.47,5.45,3.83,26.52,32598.34,0.0,6.22,15.12,52.03,10.71,4.51,25.61,29736.22,0.0,4.61,10.12,46.58,12.02,1.66,19.28,20991.38,0.06,5.73,12.87,48.21,9.47,4.84,23.03,25481.23,0.01
Southern Europe,2023-12-02,7.08,12.24,43.68,1.16,2.45,22.72,24659.97,0.0,8.03,12.88,36.09,0.79,2.54,19.87,18242.44,0.0,5.72,9.36,48.37,7.79,-1.23,19.54,22396.8,0.07,6.52,12.05,45.64,4.28,2.81,19.56,18460.65,0.02
Southern Europe,2023-12-03,7.34,11.17,42.98,2.53,0.55,19.79,18545.07,0.0,8.13,12.09,29.47,0.45,0.91,14.02,7153.29,0.0,6.22,6.92,44.46,3.03,-4.3,15.54,9420.21,0.08,6.58,10.6,51.79,4.23,0.59,20.47,24649.32,0.02
Southern Europe,2023-12-04,6.17,10.98,43.45,4.36,1.65,22.06,21126.01,0.0,5.0,11.82,33.58,3.26,2.68,17.81,11385.9,0.0,5.36,6.59,37.16,4.14,-3.33,14.98,9496.02,0.08,5.55,10.29,44.25,4.99,1.31,20.04,21817.97,0.02
Southern Europe,2023-12-05,5.41,10.08,35.51,2.65,1.32,17.19,10663.73,0.0,4.7,10.8,30.79,2.68,2.26,16.51,8785.12,0.0,4.48,6.44,30.33,2.68,-2.74,12.25,5321.8,0.08,3.92,9.38,34.94,4.72,1.78,16.08,8462.35,0.03
Southern Europe,2023-12-06,6.42,10.88,28.69,1.64,1.07,13.52,7889.42,0.0,6.23,12.06,24.62,2.04,3.03,11.84,4536.6,0.0,5.66,7.26,26.38,1.78,-3.34,10.58,2928.46,0.08,5.94,10.79,31.92,0.76,1.62,14.47,6229.05,0.03
Southern Europe,2023-12-07,4.75,11.74,39.58,9.51,1.92,19.71,17482.97,0.0,5.41,13.16,30.59,4.77,3.87,13.93,7107.83,0.0,4.73,8.2,37.35,10.07,-2.71,14.91,8588.16,0.08,4.71,11.91,40.85,10.06,2.36,20.81,27362.34,0.03
Southern Europe,2023-12-08,7.04,11.2,44.4,2.56,2.1,22.75,22361.66,0.0,7.31,12.68,40.36,2.42,4.14,22.11,17814.1,0.0,5.63,7.15,34.19,4.21,-2.21,14.43,9368.57,0.08,5.44,11.09,36.93,3.46,2.83,17.92,14755.18,0.03
Southern Europe,2023-12-09,5.75,12.77,39.87,2.0,2.7,20.88,20884.83,0.0,6.08,13.62,30.53,0.51,3.54,16.01,9114.99,0.0,4.81,9.23,36.21,2.9,-1.14,15.12,9883.44,0.08,5.6,12.54,37.63,2.11,4.16,19.29,21258.04,0.03
Southern Europe,2023-12-10,5.58,14.39,40.45,2.89,5.45,21.02,21750.5,0.0,6.55,15.18,27.48,0.96,5.99,14.11,7683.71,0.0,4.63,10.13,41.04,4.29,0.65,16.02,9301.6,0.09,5.7,13.69,42.71,3.11,5.54,20.67,19376.31,0.03
Southern Europe,2023-12-11,7.06,15.17,36.58,1.22,5.67,20.19,20140.68,0.0,7.54,16.0,24.63,0.3,5.69,13.27,6263.53,0.0,5.69,11.4,35.45,2.21,1.79,15.05,9082.31,0.09,6.05,13.86,37.12,1.25,5.83,19.56,18319.83,0.03
Southern Europe,2023-12-12,5.83,15.54,40.91,5.05,6.34,22.36,21448.94,0.0,6.56,16.43,33.21,1.01,6.38,17.09,11406.45,0.0,4.58,12.01,37.61,8.02,2.54,15.92,10457.69,0.09,4.98,14.38,39.77,6.0,6.25,19.46,18592.02,0.03
Southern Europe,2023-12-13,6.37,13.18,50.62,2.57,4.01,26.99,29937.73,0.0,6.41,13.87,41.63,1.57,4.46,23.49,20290.56,0.0,5.0,9.55,43.39,5.96,0.93,19.38,16798.38,0.09,5.57,12.67,46.55,5.02,4.9,24.23,25771.24,0.03
Southern Europe,2023-12-14,6.38,11.76,43.21,1.97,2.4,23.34,23621.11,0.0,8.29,12.92,37.08,0.57,2.0,22.02,20321.81,0.0,6.33,9.28,38.86,3.41,-1.18,15.97,10329.48,0.09,6.42,11.41,41.26,2.67,2.83,20.35,15097.23,0.03
Southern Europe,2023-12-15,7.22,12.47,43.59,1.61,2.26,23.86,23185.13,0.0,8.21,13.65,38.18,1.64,1.88,23.1,20880.07,0.0,6.78,9.24,38.87,1.44,-2.39,17.97,11439.58,0.09,7.47,12.03,43.67,0.71,1.89,22.56,19445.0,0.03
Southern Europe,2023-12-16,7.83,11.12,41.71,1.88,-0.18,21.5,26417.82,0.0,8.39,12.29,32.74,2.3,0.23,19.28,16338.96,0.0,7.12,7.84,37.25,0.89,-4.42,16.22,14616.26,0.09,7.97,10.91,42.03,0.03,0.24,22.14,24374.74,0.03
Southern Europe,2023-12-17,8.31,11.14,28.88,0.09,-0.44,14.27,12599.0,0.0,8.89,12.02,24.89,0.07,-0.74,13.88,7720.12,0.01,7.63,9.62,25.67,0.11,-3.14,10.37,4455.02,0.09,8.28,11.9,30.56,0.01,0.47,15.49,9414.56,0.03
Southern Europe,2023-12-18,8.52,11.24,22.84,0.02,-1.14,11.11,4449.93,0.0,9.15,12.23,20.31,0.02,-1.28,11.28,3427.36,0.0,7.99,10.54,21.69,0.03,-3.33,8.87,1746.07,0.08,8.36,11.91,24.08,0.0,0.27,11.32,2743.71,0.03
Southern Europe,2023-12-19,8.49,11.94,25.44,0.22,-1.18,11.15,4664.75,0.0,9.23,12.68,20.36,0.01,-1.67,10.32,2811.31,0.0,7.84,10.38,22.8,0.07,-3.41,8.24,1542.31,0.08,8.07,12.32,27.44,0.27,0.21,11.58,4549.61,0.03
Southern Europe,2023-12-20,6.25,10.98,43.8,2.03,-0.21,22.58,27540.22,0.0,6.35,11.72,34.74,0.96,-0.85,18.81,17145.98,0.0,6.13,9.25,33.84,1.46,-2.99,14.54,9310.6,0.08,6.0,11.1,40.82,1.9,0.9,20.9,30452.21,0.03
Southern Europe,2023-12-21,6.77,11.56,39.08,0.98,1.07,20.39,18233.86,0.0,8.57,12.46,32.09,0.21,0.26,18.45,14298.58,0.0,6.61,9.24,35.48,0.54,-3.28,13.83,7108.44,0.08,6.48,11.51,43.15,0.6,1.17,21.62,23433.7,0.02
Southern Europe,2023-12-22,7.24,12.86,42.86,0.68,1.88,24.17,29962.78,0.0,8.44,14.33,34.86,0.38,1.21,19.75,18730.38,0.0,6.29,9.83,44.59,2.73,-1.63,17.7,13039.83,0.08,6.8,13.01,47.25,1.04,2.91,24.0,27438.44,0.02
Southern Europe,2023-12-23,7.81,12.7,34.17,0.14,1.4,19.06,17463.63,0.0,8.8,13.82,27.0,0.04,0.58,15.37,9787.2,0.0,7.13,10.8,35.48,0.38,-1.65,14.63,6021.88,0.09,7.55,13.41,34.85,0.25,2.6,18.02,12426.27,0.02
Southern Europe,2023-12-24,8.12,12.74,26.9,0.02,1.27,12.0,6314.73,0.0,8.43,13.2,21.65,0.01,0.79,10.0,3395.38,0.0,7.18,11.24,29.05,0.06,-1.75,10.84,2867.14,0.08,7.29,13.07,30.69,0.05,2.35,11.9,4522.07,0.02
Southern Europe,2023-12-25,8.22,12.21,20.99,0.06,0.57,9.66,3212.55,0.0,8.22,12.28,19.03,0.02,0.29,8.49,1926.89,0.0,7.32,10.64,22.66,0.05,-1.11,8.73,2233.14,0.08,6.97,12.23,22.53,0.68,2.79,9.58,1924.47,0.02
Southern Europe,2023-12-26,7.96,11.64,22.16,0.05,-0.19,9.53,3362.57,0.0,7.94,11.6,19.14,0.01,-0.27,7.81,1324.29,0.0,6.84,9.43,21.88,0.05,-2.15,7.76,1507.88,0.08,6.87,11.54,24.42,0.03,1.77,10.93,3321.29,0.02
Southern Europe,2023-12-27,7.83,11.9,26.35,0.72,-0.6,12.59,10510.83,0.0,8.52,11.74,21.28,0.0,-1.0,8.9,1650.96,0.0,6.88,9.65,23.9,0.35,-2.53,8.67,2786.69,0.07,6.75,11.68,29.26,0.72,0.9,15.85,16191.54,0.02
Southern Europe,2023-12-28,5.99,11.57,24.31,2.4,0.48,11.72,4843.28,0.0,7.56,12.44,18.15,0.11,-0.2,8.81,1803.05,0.0,5.26,9.63,25.11,3.47,-1.03,10.37,3477.57,0.07,5.15,11.57,28.61,2.86,2.55,15.39,11351.8,0.02
Southern Europe,2023-12-29,5.86,12.0,21.48,0.97,1.84,9.55,2018.98,0.0,6.13,12.45,18.42,0.26,1.69,8.49,1376.46,0.0,4.97,9.32,22.81,1.52,-0.32,8.76,1681.6,0.07,5.24,11.75,23.61,1.79,3.25,11.28,4105.2,0.02
Southern Europe,2023-12-30,6.62,12.26,31.36,0.61,2.25,12.71,10349.08,0.0,7.96,12.94,19.66,0.15,1.39,8.78,1907.09,0.0,5.56,9.3,28.44,0.71,-0.97,9.79,3609.35,0.07,6.09,11.99,31.99,1.31,3.33,13.38,11157.92,0.02
Southern Europe,2023-12-31,6.05,11.88,40.9,1.61,2.45,19.15,17471.15,0.0,5.75,12.72,29.9,0.65,2.52,14.87,7865.83,0.0,4.83,8.47,39.11,4.04,-0.77,14.9,9552.22,0.07,5.13,11.57,39.95,3.28,3.41,16.75,18266.04,0.02
Southern Europe,2024-01-01,7.41,11.55,33.61,0.66,1.96,16.33,11274.4,0.0,7.84,12.31,24.75,0.38,2.55,11.26,3697.62,0.0,6.4,8.31,34.75,2.07,-2.41,13.06,5356.48,0.08,6.41,11.32,35.64,1.54,2.87,16.25,10868.14,0.03
Southern Europe,2024-01-02,5.24,12.52,44.49,4.24,1.98,23.14,30747.51,0.0,6.32,13.85,31.68,0.9,2.19,16.12,10528.18,0.0,4.53,9.58,41.68,6.21,-1.8,17.31,14397.43,0.08,5.23,12.52,45.72,5.32,2.35,24.62,41595.3,0.02
Southern Europe,2024-01-03,5.16,13.61,41.58,3.92,4.93,22.49,20533.22,0.0,4.67,14.27,31.1,3.13,5.39,17.81,10972.73,0.0,4.43,10.22,41.29,6.16,1.05,17.41,10846.09,0.08,4.78,12.89,39.97,3.9,5.05,19.05,17074.78,0.03
Southern Europe,2024-01-04,5.76,12.87,40.68,3.78,4.1,19.54,15207.84,0.0,4.98,13.86,33.82,4.72,6.26,15.74,7911.89,0.0,5.29,9.9,41.58,3.61,0.07,15.37,8218.61,0.08,5.87,12.75,43.7,5.03,3.97,19.06,14544.68,0.03
Southern Europe,2024-01-05,6.1,10.62,46.4,3.33,1.2,23.39,23524.56,0.0,7.26,11.59,45.6,2.2,1.91,24.51,23427.07,0.0,4.68,7.41,39.51,6.2,-1.71,16.72,12298.46,0.09,5.2,10.51,43.21,7.41,1.87,22.8,22558.34,0.03
Southern Europe,2024-01-06,6.79,10.0,47.99,2.87,0.69,25.45,30184.64,0.0,8.07,11.09,41.5,2.44,0.61,22.83,24694.37,0.0,5.26,7.5,40.88,8.23,-1.67,17.84,16948.24,0.11,5.59,9.99,39.0,6.31,1.99,18.73,12824.01,0.04
Southern Europe,2024-01-07,6.99,8.96,43.3,4.13,-0.61,23.55,29054.98,0.0,8.17,10.46,34.8,3.56,-0.47,18.5,20238.79,0.0,5.68,6.49,37.03,5.28,-3.2,16.72,14588.8,0.11,6.08,9.02,35.38,6.22,0.83,16.68,13817.66,0.04
Southern Europe,2024-01-08,6.42,8.18,36.89,2.83,-1.87,19.21,17569.24,0.0,7.36,9.61,29.95,1.96,-1.78,15.27,11582.36,0.0,4.81,5.16,31.18,2.44,-5.11,14.12,9193.62,0.12,4.73,8.64,36.4,3.19,-0.59,16.74,10555.34,0.04
Southern Europe,2024-01-09,5.69,8.32,29.75,2.8,-1.15,13.44,7830.83,0.0,5.1,9.65,25.84,3.71,0.67,12.56,5542.25,0.0,4.57,4.49,25.63,2.47,-4.6,10.28,3614.0,0.12,5.46,8.78,30.34,2.52,0.13,14.57,7483.33,0.04
Southern Europe,2024-01-10,4.48,7.93,32.7,3.81,0.29,15.21,7856.2,0.0,5.35,9.55,28.3,2.06,1.41,13.57,5128.53,0.01,4.41,4.44,28.13,2.9,-3.99,11.7,3536.86,0.12,5.04,8.56,28.48,2.86,1.06,14.11,5111.63,0.04
Southern Europe,2024-01-11,6.69,7.29,31.61,1.48,-1.7,16.59,8876.91,0.01,7.29,9.49,25.66,0.74,-0.37,13.5,5539.84,0.01,7.42,5.28,26.45,0.68,-5.97,11.36,3491.33,0.12,6.5,8.37,30.55,1.19,-0.64,16.13,8886.59,0.04
Southern Europe,2024-01-12,8.15,8.2,35.9,1.18,-2.86,18.82,15938.4,0.01,8.68,10.47,32.28,0.46,-1.51,18.53,12395.93,0.01,7.67,5.53,33.66,0.28,-6.83,15.36,8463.24,0.12,8.27,9.73,40.92,0.39,-1.93,20.84,19150.9,0.04
Southern Europe,2024-01-13,6.93,10.59,34.3,1.48,-1.99,18.49,17570.03,0.0,7.26,12.02,28.9,0.57,-0.27,17.12,11876.17,0.01,6.84,7.4,30.84,2.07,-5.92,12.95,6108.82,0.11,6.43,10.72,39.33,4.26,-0.93,21.76,31617.91,0.04
Southern Europe,2024-01-14,6.14,12.32,37.25,3.51,1.42,19.58,14366.57,0.0,7.27,14.22,30.95,1.66,1.98,16.95,9830.13,0.0,5.88,8.66,34.14,4.91,-2.78,14.02,6643.0,0.11,5.72,11.91,36.51,6.53,1.74,18.79,15343.89,0.04
Southern Europe,2024-01-15,4.32,13.26,40.0,6.16,5.08,22.7,18824.28,0.0,4.42,14.35,36.09,4.45,6.21,21.2,15113.44,0.0,4.32,9.73,40.07,8.58,0.17,17.03,9941.09,0.11,4.2,12.6,41.49,7.49,5.37,20.88,16209.55,0.04
Southern Europe,2024-01-16,6.05,14.65,51.77,4.58,5.69,24.83,31896.01,0.0,6.86,16.03,45.02,3.23,6.74,23.88,26557.46,0.0,6.45,9.98,50.65,5.23,-0.4,18.84,17568.77,0.11,6.17,13.47,54.26,4.94,4.57,25.68,44867.2,0.04
Southern Europe,2024-01-17,5.81,14.05,63.55,8.1,4.9,35.59,73491.61,0.0,6.57,14.74,58.21,9.53,6.3,33.1,59695.08,0.0,3.85,9.46,54.95,12.3,0.01,24.76,36197.49,0.11,5.04,12.68,59.83,10.37,4.58,33.82,75447.86,0.04
Southern Europe,2024-01-18,6.62,14.19,60.44,4.24,5.14,30.49,48568.54,0.0,6.44,15.32,48.06,5.78,7.09,26.42,31606.7,0.0,5.75,10.78,54.79,8.35,1.94,21.73,26067.91,0.12,5.81,13.17,57.8,7.72,5.1,26.68,40636.84,0.05
Southern Europe,2024-01-19,5.53,11.11,50.44,8.06,1.05,26.29,33173.76,0.0,4.98,13.01,50.02,17.1,3.44,25.05,29856.37,0.0,5.65,8.02,47.89,7.28,-4.08,19.16,13952.08,0.12,6.3,10.77,57.63,8.04,1.36,27.94,38155.47,0.05
Southern Europe,2024-01-20,7.7,9.49,39.78,4.35,-2.91,18.48,15788.85,0.01,8.21,10.76,35.25,2.4,-0.93,16.09,12445.51,0.01,8.23,5.4,35.79,3.25,-8.17,14.36,10128.19,0.13,8.37,9.45,43.59,4.76,-3.04,20.35,22483.35,0.05
Southern Europe,2024-01-21,8.92,9.72,35.86,0.35,-2.57,19.12,22245.52,0.01,9.63,11.18,26.36,0.52,-0.89,13.19,8832.43,0.01,8.28,6.9,30.54,0.36,-7.38,12.16,6423.72,0.13,8.9,10.24,36.99,0.04,-1.68,17.99,15002.6,0.05
Southern Europe,2024-01-22,8.31,11.23,35.08,0.63,-0.97,18.34,18083.6,0.01,10.17,12.29,26.06,0.05,-0.86,12.62,6316.57,0.01,7.37,8.77,32.74,0.55,-4.6,12.68,6286.34,0.13,7.59,11.53,34.06,0.75,0.2,17.08,14852.59,0.05
Southern Europe,2024-01-23,8.69,13.87,31.67,0.37,2.25,15.91,9587.84,0.01,10.34,15.6,25.93,0.13,2.06,13.99,6152.15,0.01,8.57,11.07,32.53,0.59,-2.06,11.11,3536.21,0.13,8.8,13.55,33.57,0.24,2.92,15.57,7756.18,0.05
Southern Europe,2024-01-24,10.15,15.49,27.61,0.03,2.6,13.38,8823.87,0.0,10.87,16.72,23.81,0.01,3.01,13.52,5923.07,0.01,9.27,12.96,29.44,0.09,-0.92,10.37,3061.56,0.13,9.8,14.89,28.64,0.02,3.18,13.22,4647.88,0.05
Southern Europe,2024-01-25,10.14,16.31,25.72,0.03,3.1,12.5,7540.57,0.0,10.6,18.0,22.11,0.02,3.83,12.67,5445.76,0.01,8.85,13.83,28.23,0.56,-0.09,9.93,2592.29,0.12,9.52,15.47,28.14,0.01,4.34,13.38,5376.34,0.04
Southern Europe,2024-01-26,10.34,16.18,23.87,0.01,3.13,11.67,5337.13,0.0,10.81,17.91,21.44,0.01,3.89,12.06,4283.7,0.0,9.34,12.98,26.37,0.19,-0.55,9.65,1928.8,0.12,9.3,14.93,25.02,0.01,3.76,11.99,4065.57,0.04
Southern Europe,2024-01-27,9.42,15.55,26.38,0.13,2.98,13.49,7218.77,0.0,10.52,17.29,23.68,0.04,3.73,13.29,5851.29,0.0,9.42,12.9,30.98,0.13,-1.06,12.49,4433.78,0.11,9.37,14.95,28.02,0.1,3.9,14.11,6428.16,0.04
Southern Europe,2024-01-28,9.9,14.05,33.27,0.1,2.24,18.4,13051.85,0.0,10.16,15.35,25.24,0.03,2.92,13.73,6171.39,0.0,9.21,10.85,30.1,0.07,-1.86,13.04,5467.94,0.11,8.92,13.3,32.89,0.01,2.98,16.98,11506.64,0.04
Southern Europe,2024-01-29,9.72,13.18,31.21,0.2,2.12,16.25,10878.93,0.0,9.78,14.15,25.4,0.12,3.02,13.31,5645.38,0.0,9.74,10.94,27.1,0.02,-1.67,11.4,3787.78,0.11,9.34,12.94,28.92,0.01,2.82,15.29,8774.12,0.04
Southern Europe,2024-01-30,9.89,12.5,28.13,0.37,1.41,13.85,10203.1,0.0,10.73,13.78,25.68,0.14,2.37,13.84,6587.23,0.0,10.14,10.75,23.43,0.02,-2.06,9.37,2497.85,0.11,9.81,12.8,26.67,0.0,2.36,13.48,6483.24,0.04
Southern Europe,2024-01-31,10.71,12.95,25.8,0.08,0.79,12.55,11214.24,0.0,11.28,13.86,25.03,0.04,1.6,13.56,7279.88,0.0,10.47,11.35,21.77,0.0,-2.21,8.31,2399.28,0.11,10.62,13.48,23.64,0.0,2.06,11.71,5172.65,0.04
Southern Europe,2024-02-01,11.15,13.7,30.59,0.04,0.63,15.58,10957.65,0.0,11.95,14.97,23.95,0.01,0.97,13.01,5268.14,0.0,9.57,11.77,24.33,0.15,-2.58,9.59,2029.54,0.1,9.59,13.29,26.62,0.1,2.25,13.7,5555.67,0.04
Southern Europe,2024-02-02,10.93,13.47,34.94,0.07,1.31,18.09,14089.28,0.0,11.75,15.37,26.12,0.02,1.4,13.51,6113.03,0.0,10.18,11.63,31.47,0.09,-2.06,13.44,4709.01,0.1,10.43,13.74,31.14,0.08,2.11,15.1,8153.4,0.04
Southern Europe,2024-02-03,11.61,14.25,28.05,0.0,0.77,13.24,10416.33,0.0,12.29,15.13,24.5,0.02,1.42,13.25,6479.39,0.0,11.14,13.14,27.62,0.0,-1.94,10.85,3148.58,0.1,11.26,14.82,29.1,0.0,2.15,13.43,6201.92,0.04
Southern Europe,2024-02-04,11.79,15.25,23.0,0.0,1.78,10.04,5390.21,0.0,12.49,16.32,20.08,0.0,1.54,9.27,2839.92,0.0,11.11,13.85,23.64,0.0,-0.56,8.4,1477.57,0.1,10.68,14.73,24.59,0.01,3.35,11.2,3123.94,0.04
Southern Europe,2024-02-05,11.01,15.13,22.36,0.01,2.41,9.36,3385.45,0.0,11.16,16.12,19.81,0.01,2.5,8.83,2199.77,0.0,10.62,13.75,24.6,0.01,-0.06,8.14,1725.6,0.09,9.4,14.5,23.32,0.03,4.05,9.34,2365.2,0.03
Southern Europe,2024-02-06,10.73,14.54,28.52,0.01,2.97,12.93,5352.82,0.0,11.2,15.95,27.36,0.02,4.15,12.71,4229.93,0.0,10.45,12.31,27.31,0.03,0.2,10.35,3338.54,0.09,10.37,13.86,28.43,0.06,4.42,11.48,3033.61,0.03
Southern Europe,2024-02-07,9.47,14.17,39.53,0.44,2.71,20.21,17842.99,0.0,8.95,15.09,32.59,0.29,4.33,16.7,8176.87,0.0,8.32,11.32,36.65,0.54,0.39,15.48,8535.86,0.09,8.45,13.8,39.3,0.58,4.64,19.49,19591.97,0.03
Southern Europe,2024-02-08,7.42,13.71,58.58,6.24,3.25,29.58,58093.28,0.0,7.08,14.59,45.94,4.87,4.7,23.44,28003.93,0.0,6.77,10.92,51.56,8.76,0.57,22.95,34398.3,0.09,5.84,13.34,59.32,9.41,3.38,31.05,83421.59,0.03
Southern Europe,2024-02-09,6.27,13.4,54.14,12.03,3.92,29.61,42686.84,0.0,5.85,14.08,54.15,17.33,5.17,30.01,45801.99,0.0,4.66,9.88,48.83,19.02,1.77,20.86,19098.51,0.09,5.4,12.86,54.39,17.86,4.45,29.3,49834.76,0.03
Southern Europe,2024-02-10,8.66,11.39,60.58,6.19,2.02,33.57,52555.22,0.0,9.92,12.54,54.66,3.39,3.48,31.71,44211.7,0.0,6.02,8.11,52.36,11.74,0.41,24.22,29670.08,0.11,7.05,11.09,53.81,13.22,3.62,29.54,41279.17,0.04
Southern Europe,2024-02-11,6.62,10.9,53.67,5.06,1.05,27.77,34600.46,0.0,5.08,11.64,45.96,7.26,2.4,23.32,24947.51,0.0,5.43,8.31,46.71,10.58,-0.64,19.28,17180.06,0.11,6.16,11.73,51.43,9.6,2.47,23.91,24930.3,0.05
Southern Europe,2024-02-12,10.12,13.84,56.82,2.42,3.7,25.94,33562.85,0.0,10.23,15.95,48.54,3.76,6.11,24.32,27283.11,0.0,9.31,10.69,44.84,2.99,-0.21,17.29,15003.6,0.11,9.83,13.19,48.75,3.9,4.66,21.22,22580.93,0.05
Southern Europe,2024-02-13,9.98,14.89,36.61,1.16,4.11,17.41,10449.3,0.0,9.46,16.73,28.58,0.61,6.08,13.78,5618.43,0.0,9.63,11.9,35.07,1.36,0.38,13.54,5222.86,0.11,9.41,14.36,36.12,1.82,4.81,16.57,10201.45,0.05
Southern Europe,2024-02-14,10.74,15.89,37.38,0.43,5.12,19.71,17086.29,0.0,10.96,18.12,31.15,0.06,6.91,17.88,11394.28,0.0,10.91,13.26,33.9,0.54,1.07,13.7,6386.7,0.11,11.07,15.85,35.56,0.39,5.17,18.21,13145.25,0.05
Southern Europe,2024-02-15,10.17,16.08,44.11,3.75,4.89,21.58,19760.97,0.0,9.45,16.61,40.2,4.47,6.32,20.37,16511.88,0.0,9.53,12.84,37.59,4.69,0.57,14.97,9272.76,0.11,9.59,15.13,40.37,4.82,4.61,20.27,23590.26,0.05
Southern Europe,2024-02-16,10.54,13.57,34.63,2.13,3.64,17.46,11915.66,0.0,10.93,14.97,32.43,1.13,4.7,17.74,10088.21,0.0,10.83,12.01,25.89,1.19,0.6,10.0,3890.02,0.11,10.53,13.95,27.69,1.19,4.66,12.41,5738.52,0.04
Southern Europe,2024-02-17,13.74,14.42,31.23,0.09,1.96,14.42,8320.31,0.0,14.31,15.86,27.65,0.05,2.55,13.51,6003.06,0.0,12.77,13.55,23.34,0.22,-0.35,7.92,1718.14,0.1,13.15,15.02,26.18,0.15,4.04,11.83,5409.32,0.04
Southern Europe,2024-02-18,13.13,15.92,27.08,0.04,2.59,12.09,5419.07,0.0,14.26,17.03,22.34,0.01,2.53,10.84,3253.79,0.0,12.31,14.03,22.91,0.03,0.84,8.52,1610.66,0.1,12.43,15.43,25.09,0.04,4.5,12.02,4793.4,0.04
Southern Europe,2024-02-19,12.77,15.28,35.27,0.47,3.87,17.77,12472.88,0.0,13.84,17.43,28.0,0.18,3.83,14.21,6496.23,0.0,12.28,13.59,28.6,0.71,0.66,11.21,2936.56,0.1,11.83,15.14,31.52,0.52,4.9,15.23,7504.07,0.04
Southern Europe,2024-02-20,13.32,15.7,33.22,1.03,2.55,16.18,11035.17,0.0,14.35,17.75,25.97,0.41,3.56,13.45,5887.16,0.0,12.93,13.07,28.77,0.76,-0.34,11.58,3425.98,0.1,13.16,15.35,30.41,0.69,3.89,14.53,6926.95,0.04
Southern Europe,2024-02-21,10.81,14.74,34.1,0.91,2.5,15.35,10064.83,0.0,12.96,16.89,25.92,0.44,3.3,11.62,3887.57,0.0,11.1,12.21,30.81,0.37,-1.09,12.02,4553.57,0.09,11.64,14.48,34.13,0.17,3.88,15.22,9669.53,0.04
Southern Europe,2024-02-22,10.29,14.45,57.09,4.22,1.92,27.01,41311.44,0.0,10.52,15.72,49.46,1.43,4.65,23.27,24917.08,0.0,6.84,10.55,51.35,7.38,-0.33,20.94,22919.97,0.1,8.16,13.29,52.89,5.67,2.6,26.51,46152.28,0.04
Southern Europe,2024-02-23,10.82,10.91,58.99,4.91,0.24,31.6,46094.8,0.0,11.99,12.62,53.19,2.69,1.94,29.69,36006.37,0.0,8.54,7.76,54.05,13.86,-1.42,23.76,26520.76,0.13,9.5,10.93,56.86,11.47,1.48,30.23,49986.01,0.05
Southern Europe,2024-02-24,10.97,10.74,54.0,5.27,0.53,26.33,30165.22,0.0,12.28,12.55,49.61,2.02,1.87,27.14,27724.78,0.0,9.48,7.62,47.77,8.75,-2.56,20.07,17224.88,0.15,10.01,10.71,51.71,7.87,1.02,25.15,33203.64,0.06
Southern Europe,2024-02-25,6.41,12.29,55.62,13.3,2.52,31.12,61289.04,0.0,7.79,14.26,53.71,4.31,3.86,29.91,45583.04,0.0,6.96,9.15,50.33,14.51,-1.07,23.36,35517.01,0.16,7.42,12.01,50.7,12.71,2.61,29.65,66791.91,0.07
Southern Europe,2024-02-26,11.19,11.53,59.92,7.66,0.94,29.89,50544.19,0.0,12.34,12.82,56.77,6.72,2.84,30.85,44468.94,0.0,9.46,8.19,47.57,8.62,-1.52,20.84,25438.61,0.17,9.72,10.81,55.04,8.69,1.11,30.61,68194.53,0.07
Southern Europe,2024-02-27,11.42,11.18,59.61,2.89,0.11,32.48,54772.58,0.01,13.38,12.97,50.72,2.27,0.83,29.4,42417.46,0.0,9.64,9.0,45.46,8.95,-1.73,20.49,21156.39,0.19,10.71,11.11,52.75,10.54,0.97,30.16,53123.67,0.09
Southern Europe,2024-02-28,12.49,12.74,51.09,1.63,0.79,27.32,41807.01,0.0,14.56,14.55,43.31,1.18,0.72,24.03,27113.21,0.0,11.84,11.64,36.39,2.97,-0.81,14.85,9806.99,0.19,11.68,12.91,46.16,3.71,2.4,23.98,30798.28,0.09
Southern Europe,2024-02-29,11.78,13.17,54.97,6.03,1.67,25.16,30157.22,0.0,13.82,15.61,49.01,1.98,2.24,21.63,20345.45,0.0,10.59,11.12,46.77,4.23,-0.32,17.39,13668.36,0.18,10.81,12.88,50.79,7.04,2.46,23.17,30000.02,0.09
Southern Europe,2024-03-01,11.67,11.84,50.67,5.56,-0.17,25.69,31551.07,0.0,13.59,13.29,42.54,3.42,0.42,22.2,20569.16,0.0,8.1,9.16,42.24,9.36,-0.94,17.88,14505.87,0.17,10.48,11.57,43.9,8.8,1.79,23.17,28433.31,0.08
Southern Europe,2024-03-02,8.93,10.91,57.71,10.16,0.66,28.11,42088.82,0.0,9.19,12.58,55.85,5.38,2.16,27.64,40065.77,0.0,7.92,8.5,47.02,11.73,-1.24,19.7,22185.61,0.17,7.72,11.02,55.36,10.4,1.54,27.44,47463.28,0.08
Southern Europe,2024-03-03,13.32,10.74,51.14,2.42,-0.66,26.52,30574.93,0.01,13.35,12.17,49.56,1.75,0.5,27.04,30375.49,0.01,11.22,8.55,44.69,7.05,-1.92,18.77,15104.81,0.18,11.04,11.26,48.99,7.24,1.17,24.16,26513.56,0.09
Southern Europe,2024-03-04,11.05,12.27,50.36,5.16,0.87,24.9,27761.29,0.01,11.62,14.52,44.69,2.53,3.02,22.09,18074.91,0.01,11.24,10.37,44.88,6.28,-0.52,19.1,15845.81,0.18,11.43,11.99,50.64,7.58,2.23,23.76,27163.81,0.1
Southern Europe,2024-03-05,14.44,12.17,39.04,1.74,0.67,18.26,11670.98,0.0,15.53,13.94,32.27,2.1,1.77,16.11,8503.8,0.0,13.39,10.11,34.87,2.85,-1.89,12.69,5283.01,0.17,14.44,12.55,33.48,1.09,1.52,14.41,6963.34,0.09
Southern Europe,2024-03-06,16.24,13.34,33.65,0.89,-0.05,14.9,8588.23,0.0,16.74,15.09,28.3,0.57,0.61,11.91,4467.82,0.0,14.22,10.27,33.97,3.05,-2.78,11.46,3490.46,0.18,15.05,12.81,40.28,1.47,1.26,16.59,10306.4,0.09
Southern Europe,2024-03-07,12.53,12.43,50.8,5.24,1.11,24.65,27092.13,0.0,11.23,13.11,48.6,7.96,2.6,23.1,22565.31,0.0,11.08,8.4,41.69,7.38,-2.41,17.01,11822.8,0.18,12.05,11.51,48.58,7.68,0.96,24.67,34806.62,0.09
Southern Europe,2024-03-08,11.84,11.1,57.43,7.98,-0.1,27.44,39018.4,0.0,12.89,12.4,52.69,5.91,1.31,27.43,34989.9,0.0,10.66,7.81,45.99,11.14,-2.44,18.99,20494.29,0.18,10.75,11.08,54.65,8.83,0.6,28.08,51468.01,0.09
Southern Europe,2024-03-09,9.86,10.12,54.62,10.51,0.7,29.12,42468.95,0.01,8.77,11.15,53.66,12.58,2.2,28.98,40018.07,0.01,8.95,6.9,44.38,10.07,-1.79,19.37,16706.79,0.18,9.4,10.27,55.91,11.25,1.24,30.71,58233.88,0.09
Southern Europe,2024-03-10,12.17,12.14,58.56,5.53,1.13,31.15,49039.16,0.01,13.54,13.58,53.57,3.76,2.4,30.4,43199.54,0.01,9.82,8.92,56.21,13.13,-1.01,23.36,28823.7,0.2,10.97,11.73,59.81,13.81,2.14,30.37,47415.52,0.11
Southern Europe,2024-03-11,13.14,12.46,50.32,4.13,2.31,25.02,24903.94,0.0,14.12,14.4,42.23,1.92,2.77,21.6,18482.39,0.01,12.08,9.68,43.62,5.79,-1.36,16.92,14538.34,0.21,13.74,12.25,41.34,4.77,2.54,19.41,13981.16,0.11
Southern Europe,2024-03-12,16.75,14.24,34.15,1.43,1.73,16.26,10065.63,0.0,17.84,16.22,30.45,1.47,2.3,15.06,7359.13,0.0,16.18,11.67,31.76,1.95,-2.39,12.41,4191.47,0.21,16.06,14.05,31.51,0.93,2.3,14.27,5817.44,0.11
Southern Europe,2024-03-13,17.61,15.95,30.3,0.38,2.18,13.8,7444.57,0.0,17.61,17.5,29.2,0.17,3.19,14.32,6371.5,0.0,16.49,13.36,30.86,0.55,-0.89,11.29,3281.33,0.2,16.85,15.25,29.41,0.32,3.44,13.05,5301.49,0.1
Southern Europe,2024-03-14,15.76,15.97,35.64,1.12,3.33,15.89,9336.99,0.0,15.53,17.04,31.66,0.48,4.99,13.66,4711.78,0.0,14.36,12.82,33.26,0.94,0.2,12.38,4335.17,0.19,14.74,14.82,34.58,1.16,4.52,16.68,12580.6,0.1
Southern Europe,2024-03-15,15.85,16.3,31.53,0.71,4.91,14.68,6615.99,0.0,15.66,17.66,27.58,0.3,5.89,11.94,3756.62,0.0,15.43,13.77,28.71,1.09,2.09,10.53,3051.0,0.18,14.77,15.24,29.77,0.71,6.02,12.6,5409.71,0.1
Southern Europe,2024-03-16,15.21,17.16,30.3,0.85,5.2,12.99,5974.88,0.0,16.84,19.59,25.25,0.25,6.51,10.28,2643.07,0.0,13.74,14.51,29.7,1.08,2.18,9.81,2330.77,0.18,14.36,16.43,29.0,0.77,6.09,12.87,4875.65,0.09
Southern Europe,2024-03-17,16.17,18.6,30.52,0.74,6.59,13.7,7995.26,0.0,17.25,21.03,25.54,0.33,7.35,11.17,3985.81,0.0,15.28,15.67,28.84,0.64,2.84,9.83,2112.31,0.17,15.62,17.51,29.35,0.71,6.62,11.54,4041.97,0.09
Southern Europe,2024-03-18,16.73,19.3,28.93,0.5,6.91,11.62,4108.49,0.0,16.05,21.34,24.24,0.29,7.91,10.58,2899.13,0.0,14.45,15.76,29.17,1.85,3.44,8.76,1479.54,0.17,14.39,17.02,29.83,0.92,7.1,11.93,4276.39,0.08
Southern Europe,2024-03-19,16.72,18.92,32.02,1.4,6.52,12.65,4914.65,0.0,17.39,21.01,29.56,0.95,7.89,12.56,4047.29,0.0,16.26,15.43,30.88,1.52,2.35,10.35,2965.14,0.16,16.68,16.9,31.27,0.99,6.76,12.34,4586.67,0.08
Southern Europe,2024-03-20,17.17,17.74,38.54,2.09,5.85,16.14,8653.88,0.0,17.38,18.91,33.86,1.24,7.11,14.26,6281.65,0.0,17.4,14.57,30.76,1.47,1.68,9.75,2547.4,0.16,16.94,15.85,37.41,0.81,5.58,15.22,9744.8,0.08
Southern Europe,2024-03-21,18.06,19.25,38.04,1.31,5.27,18.54,17014.58,0.0,17.35,20.85,41.63,1.82,6.95,19.73,16468.38,0.0,17.46,16.88,37.83,1.74,2.14,14.61,7776.59,0.15,17.66,18.53,38.9,0.73,5.64,18.2,15916.47,0.07
Southern Europe,2024-03-22,18.1,20.62,36.18,0.73,6.44,17.25,19115.23,0.0,18.57,23.1,37.88,0.19,8.27,20.05,16347.49,0.0,18.59,18.28,34.12,0.48,3.49,13.24,5156.62,0.15,18.12,19.29,36.6,0.75,7.32,17.9,14418.27,0.07
Southern Europe,2024-03-23,18.76,18.33,44.13,0.24,5.64,22.59,27113.24,0.0,17.76,21.71,38.26,0.15,8.67,19.76,14563.57,0.0,17.61,16.27,42.63,1.21,2.92,16.69,9536.62,0.14,17.14,17.46,43.83,0.71,6.54,21.38,19980.92,0.07
Southern Europe,2024-03-24,18.98,17.31,46.31,0.98,4.07,23.66,27350.04,0.0,18.02,20.75,43.26,1.33,7.34,20.93,15760.25,0.0,18.14,13.77,43.34,1.74,0.55,17.38,9436.6,0.14,18.18,16.32,49.47,0.79,5.07,24.59,24945.22,0.06
Southern Europe,2024-03-25,11.86,13.87,46.34,5.64,3.64,21.27,18410.98,0.0,11.81,15.62,46.58,10.31,5.76,22.18,19203.91,0.0,15.78,11.49,43.28,2.8,-1.81,15.12,8467.99,0.14,13.17,13.26,48.7,4.61,2.02,22.4,26520.24,0.06
Southern Europe,2024-03-26,12.97,11.38,54.27,6.82,1.07,24.46,28984.43,0.0,14.09,12.22,52.95,5.96,1.86,26.37,30440.17,0.0,9.93,8.61,44.77,7.42,-2.26,17.86,13551.98,0.14,10.33,10.99,51.98,8.46,1.58,25.42,37540.95,0.06
Southern Europe,2024-03-27,13.09,14.51,72.18,9.04,1.25,34.55,71773.42,0.0,12.79,15.53,67.82,9.4,3.26,35.59,71722.74,0.0,10.08,10.87,67.04,17.05,-0.92,26.11,42309.29,0.15,10.62,13.0,69.74,14.65,1.61,33.65,73552.15,0.07
Southern Europe,2024-03-28,12.35,14.69,66.98,8.71,3.14,35.0,62423.62,0.0,13.23,16.59,63.73,11.28,6.15,34.42,61962.22,0.0,9.93,10.57,63.01,13.39,-0.8,24.71,30375.92,0.17,10.41,12.98,67.82,10.62,2.54,33.4,66940.28,0.08
Southern Europe,2024-03-29,14.66,15.71,52.59,7.28,3.98,24.5,27429.97,0.0,13.62,15.84,53.18,12.4,4.99,23.84,25692.14,0.0,13.71,12.51,45.81,5.78,0.93,17.11,11074.31,0.17,13.93,14.14,48.74,7.08,3.91,22.53,23658.34,0.08
Southern Europe,2024-03-30,15.49,14.23,49.63,5.57,2.87,24.59,26941.62,0.0,13.99,14.74,47.64,7.89,4.09,23.19,22607.65,0.0,13.28,12.21,45.28,9.16,1.74,17.34,12328.0,0.17,14.5,13.75,48.33,9.56,4.27,22.17,19609.7,0.08
Southern Europe,2024-03-31,13.86,13.84,52.92,6.85,3.35,26.17,30954.46,0.0,12.4,14.31,48.83,11.74,4.44,25.24,26345.61,0.0,13.18,11.7,49.18,10.78,1.78,18.96,16931.77,0.17,13.82,13.51,49.54,12.61,4.6,23.52,24353.59,0.09
Southern Europe,2024-04-01,18.49,15.42,56.43,2.99,2.77,28.23,36005.07,0.0,18.58,16.18,47.83,2.01,4.18,23.91,21808.11,0.0,15.58,12.75,59.83,11.73,0.83,22.52,22560.79,0.17,17.21,14.7,58.06,7.76,3.63,27.14,33407.9,0.09
Southern Europe,2024-04-02,15.14,15.2,51.3,3.27,3.62,24.21,28449.51,0.0,17.16,17.27,40.85,1.02,4.62,18.11,11390.37,0.0,15.24,12.81,53.59,5.59,0.67,19.81,16508.11,0.17,15.28,14.92,55.28,3.59,4.05,26.08,40038.78,0.09
Southern Europe,2024-04-03,18.7,17.08,40.05,0.55,5.37,19.93,17071.57,0.0,18.66,18.51,31.54,0.61,7.0,14.87,6066.62,0.0,15.08,13.68,37.48,1.28,2.13,15.07,8046.58,0.17,16.77,15.33,36.84,1.08,5.96,18.29,14959.06,0.08
Southern Europe,2024-04-04,21.51,19.22,39.1,0.25,5.43,18.03,16332.78,0.0,22.46,20.96,29.81,0.02,6.15,12.86,4706.22,0.0,20.33,16.26,39.84,0.08,2.12,14.12,6861.5,0.16,20.16,17.48,39.7,0.72,5.77,18.64,17419.28,0.08
Southern Europe,2024-04-05,21.48,21.54,44.74,0.65,6.95,23.16,33642.48,0.0,22.6,23.46,37.56,0.01,7.27,18.48,15245.24,0.0,20.71,18.62,43.05,0.18,3.78,17.54,16550.69,0.16,20.06,19.99,43.68,0.63,6.74,23.15,37132.84,0.08
Southern Europe,2024-04-06,17.8,21.62,49.66,2.17,8.38,24.61,36147.38,0.0,17.46,22.98,40.3,0.15,10.25,20.03,20736.55,0.0,16.6,18.73,42.8,2.88,5.56,16.44,15271.26,0.15,16.46,19.58,42.94,2.38,8.11,20.27,26350.29,0.07
Southern Europe,2024-04-07,19.0,21.13,39.97,1.1,9.89,16.23,9660.29,0.0,20.28,22.3,34.99,1.8,11.29,14.77,6727.6,0.0,19.54,19.6,33.29,1.68,6.46,11.6,4213.21,0.14,20.01,19.36,31.94,0.82,9.51,12.86,5541.56,0.07
Southern Europe,2024-04-08,19.21,18.73,52.92,4.12,6.3,23.9,24842.9,0.0,19.31,19.34,48.67,1.63,7.89,21.84,18010.09,0.0,18.45,16.77,44.24,4.9,4.54,16.86,11598.96,0.13,19.07,17.97,45.1,3.9,6.84,22.72,27698.69,0.06
Southern Europe,2024-04-09,22.08,16.94,41.76,0.24,3.58,20.78,18064.96,0.0,23.87,18.23,38.43,0.28,3.84,20.09,16253.92,0.0,20.05,15.93,35.6,3.01,2.39,13.28,7514.17,0.12,19.82,16.48,38.49,2.55,5.2,18.66,13774.43,0.06
Southern Europe,2024-04-10,22.37,18.31,39.65,0.36,4.05,18.23,15257.59,0.0,23.17,20.21,33.88,0.57,5.0,17.08,11493.12,0.0,18.68,16.01,36.75,3.23,2.34,14.3,7340.54,0.12,19.09,16.52,39.85,2.52,5.3,18.46,11617.15,0.05
Southern Europe,2024-04-11,22.6,20.59,40.15,0.41,6.2,19.89,15938.82,0.0,23.66,23.0,35.92,0.13,7.58,18.46,12038.75,0.0,22.47,19.89,31.95,0.25,4.34,13.37,5137.54,0.12,21.43,19.71,34.59,0.71,7.0,17.78,12432.33,0.05
Southern Europe,2024-04-12,24.28,23.13,31.84,0.04,7.55,15.55,11195.81,0.0,24.48,23.72,29.67,0.01,8.14,14.72,7290.36,0.0,23.77,21.89,28.45,0.03,6.18,11.5,4005.61,0.11,23.92,21.87,28.46,0.03,8.8,13.99,5877.96,0.05
Southern Europe,2024-04-13,24.24,24.45,29.28,0.01,9.34,13.16,6739.59,0.0,24.57,25.37,27.73,0.0,9.2,12.52,4562.91,0.0,23.64,22.79,26.27,0.0,7.9,9.12,1820.83,0.11,23.75,22.64,25.29,0.0,10.22,10.72,2714.11,0.04
Southern Europe,2024-04-14,24.3,24.87,28.85,0.02,9.8,12.4,6211.61,0.0,24.81,25.77,26.71,0.0,9.95,11.92,4124.65,0.0,23.98,23.44,27.56,0.04,8.28,9.03,1835.18,0.1,23.97,23.03,27.75,0.01,10.51,11.49,3990.46,0.04
Southern Europe,2024-04-15,22.61,22.61,39.84,0.44,9.41,17.94,12514.69,0.0,23.65,25.64,33.64,0.19,10.81,14.45,7160.88,0.0,22.07,20.86,39.12,0.3,8.22,13.55,5710.35,0.09,21.88,20.74,39.24,0.29,9.64,18.2,15782.91,0.03
Southern Europe,2024-04-16,20.91,20.18,47.64,1.53,7.54,22.78,24374.21,0.0,23.32,24.51,39.5,0.56,10.03,17.81,14436.21,0.0,20.98,18.17,49.43,3.23,4.09,17.99,14119.93,0.09,21.13,18.71,50.0,1.74,7.28,23.46,24857.9,0.03
Southern Europe,2024-04-17,21.19,17.22,46.38,1.47,5.48,23.54,23733.21,0.0,22.89,21.61,39.45,1.38,8.8,18.49,13769.66,0.0,21.15,14.27,41.91,3.53,1.29,16.89,9735.84,0.09,20.94,16.4,43.43,2.06,5.66,20.94,17693.57,0.03
Southern Europe,2024-04-18,22.3,16.95,43.42,0.9,4.18,22.03,21778.83,0.0,23.24,20.32,36.88,0.71,7.38,17.46,11602.28,0.0,21.21,13.82,39.88,1.41,0.45,16.2,8630.99,0.09,20.93,15.37,40.95,1.58,5.08,19.1,13974.65,0.03
Southern Europe,2024-04-19,21.76,17.69,43.14,2.91,3.1,18.93,19785.64,0.0,21.43,19.97,39.6,2.28,6.6,18.04,14056.06,0.0,21.23,14.63,38.83,2.41,-0.31,14.9,8357.98,0.09,21.8,16.55,43.55,2.35,4.57,18.08,13693.69,0.03
Southern Europe,2024-04-20,23.08,18.53,45.06,1.54,4.49,20.61,19186.09,0.0,22.19,20.8,39.25,2.14,7.71,16.18,9307.96,0.0,22.49,15.15,40.77,2.03,1.59,14.41,5556.54,0.09,21.91,16.66,45.98,2.07,5.41,19.89,15582.56,0.03
Southern Europe,2024-04-21,23.88,17.63,44.96,1.6,3.64,21.07,21951.46,0.0,23.16,20.22,37.51,2.97,6.66,14.85,8577.33,0.0,21.48,14.03,37.74,2.4,0.25,14.55,6403.36,0.09,23.56,16.34,41.61,1.95,4.38,18.84,18293.9,0.02
Southern Europe,2024-04-22,23.92,15.9,48.09,0.49,2.55,24.41,32137.14,0.0,22.7,18.86,40.73,1.46,5.54,19.64,15395.14,0.0,19.5,12.47,39.48,2.81,-0.33,15.72,9141.75,0.11,20.98,14.9,44.67,3.49,3.59,22.06,26572.36,0.03
Southern Europe,2024-04-23,19.38,15.03,48.49,1.84,2.05,22.73,20602.02,0.0,22.02,17.66,42.6,2.47,3.87,21.04,15827.82,0.0,18.75,12.29,40.36,3.94,-0.8,15.67,8680.46,0.12,20.3,14.3,45.26,3.25,2.67,21.03,16673.54,0.04
Southern Europe,2024-04-24,22.79,15.87,42.25,0.94,1.85,20.06,14622.38,0.0,24.75,19.0,35.1,0.53,4.15,17.26,9810.02,0.0,21.69,12.98,38.68,2.36,-0.62,14.99,6592.43,0.12,21.97,14.52,41.3,1.74,2.81,18.88,12358.97,0.04
Southern Europe,2024-04-25,18.36,15.2,40.34,1.85,3.73,16.59,9573.94,0.0,20.14,18.34,40.42,0.97,5.62,16.73,9464.07,0.0,18.79,11.7,37.05,2.09,0.2,12.86,4589.09,0.11,18.9,13.94,42.38,2.09,3.37,19.11,15479.45,0.03
Southern Europe,2024-04-26,18.58,16.08,40.44,3.35,4.32,15.85,7471.32,0.0,19.28,17.38,41.45,0.92,5.68,18.19,10143.19,0.0,17.05,12.19,38.06,4.95,0.76,12.72,4080.16,0.11,16.92,14.05,40.74,5.25,4.29,17.01,10066.47,0.03
Southern Europe,2024-04-27,18.9,15.95,47.0,5.51,5.42,20.92,16659.12,0.0,20.25,17.27,47.62,4.34,6.96,22.72,18550.56,0.0,17.97,12.88,39.03,5.66,1.91,13.93,6096.15,0.11,18.89,14.78,41.84,5.79,5.48,20.08,17627.14,0.04
Southern Europe,2024-04-28,23.43,16.96,35.78,0.93,4.31,14.12,6876.63,0.0,23.21,17.8,31.71,0.88,5.17,13.66,5348.28,0.0,20.81,14.63,32.19,3.16,1.93,10.55,2745.82,0.11,21.9,15.88,38.16,2.6,5.12,16.59,9831.6,0.04
Southern Europe,2024-04-29,21.68,17.21,35.69,1.3,5.23,15.43,8244.24,0.0,22.07,18.33,33.94,1.65,5.86,14.43,6630.23,0.0,22.74,16.46,32.36,1.34,2.57,11.34,2957.03,0.1,22.74,17.35,37.89,1.46,5.35,16.47,9776.5,0.03
Southern Europe,2024-04-30,20.72,18.17,41.96,2.94,5.64,18.64,12532.38,0.0,19.88,18.57,42.12,1.93,6.28,19.4,11749.08,0.0,19.22,16.27,40.78,2.66,3.62,15.01,6472.09,0.1,19.31,17.69,40.87,3.15,6.54,18.38,12356.1,0.03
Southern Europe,2024-05-01,19.16,15.07,51.1,4.79,5.32,24.13,21303.44,0.0,20.54,16.25,49.94,3.56,6.61,24.85,21373.73,0.0,16.22,13.28,46.38,6.6,4.08,17.87,11887.35,0.09,17.29,14.67,49.37,8.9,6.22,22.98,20211.06,0.03
Southern Europe,2024-05-02,22.02,15.58,46.9,2.8,3.52,22.02,17030.27,0.0,22.21,16.99,39.99,1.65,4.27,19.4,12046.05,0.0,16.89,13.03,44.41,10.03,2.98,16.88,10223.49,0.08,19.12,14.68,46.37,7.66,4.94,20.74,15257.43,0.02
Southern Europe,2024-05-03,20.12,16.78,47.94,2.58,4.36,22.05,19555.77,0.0,24.26,19.2,36.63,0.72,5.04,16.15,8561.39,0.0,15.63,13.4,42.05,4.43,2.55,15.87,9791.32,0.08,19.04,15.86,43.45,4.33,5.34,20.83,18437.37,0.02
Southern Europe,2024-05-04,21.38,19.82,47.63,4.06,6.89,22.19,21434.14,0.0,24.31,22.0,39.05,0.62,7.46,16.75,9532.42,0.0,18.51,16.21,42.24,4.33,4.04,16.44,11082.02,0.08,19.8,18.09,42.74,5.07,7.22,20.22,22921.73,0.02
Southern Europe,2024-05-05,19.42,19.78,45.8,5.65,8.79,19.56,13952.68,0.0,20.94,21.67,42.66,1.59,10.35,18.53,10928.41,0.0,18.29,17.04,42.27,8.01,5.92,14.93,7613.62,0.07,18.76,18.11,41.35,7.09,8.99,17.99,13236.91,0.01
Southern Europe,2024-05-06,22.82,18.99,37.08,0.89,8.01,15.99,7619.53,0.0,22.29,21.0,36.1,0.97,10.48,16.27,6901.55,0.0,20.22,15.92,34.42,1.94,5.83,12.62,4436.9,0.07,20.96,17.2,35.37,1.54,8.61,16.2,9778.76,0.01
Southern Europe,2024-05-07,24.16,19.96,41.62,0.51,7.22,17.96,11559.98,0.0,25.89,22.62,33.36,0.44,8.37,15.49,8202.56,0.0,20.88,17.06,32.4,3.43,5.2,11.91,4903.96,0.07,22.11,18.53,37.37,2.61,8.28,16.34,9275.15,0.01
Southern Europe,2024-05-08,24.89,21.4,39.16,2.12,7.52,17.94,16004.42,0.0,25.53,24.09,35.63,0.86,9.63,16.48,9869.65,0.0,23.11,18.94,33.18,2.55,5.86,12.51,5142.85,0.07,23.59,20.66,36.67,2.39,9.0,16.96,12868.28,0.01
Southern Europe,2024-05-09,23.09,22.26,36.18,1.78,8.49,16.59,15902.36,0.0,24.07,24.51,33.82,1.34,9.62,15.08,8780.14,0.0,22.04,19.59,32.23,1.57,6.47,12.96,5945.04,0.06,23.07,21.2,35.4,0.86,9.61,15.92,10731.01,0.01
Southern Europe,2024-05-10,25.13,23.22,37.93,0.95,10.18,17.06,16551.41,0.0,25.37,25.4,34.61,1.43,10.7,15.3,9310.59,0.0,23.88,20.42,33.49,1.63,7.53,11.45,4602.57,0.06,25.29,21.6,33.48,1.05,10.88,13.52,5822.02,0.01
Southern Europe,2024-05-11,24.85,22.87,39.59,1.3,10.05,16.62,10537.96,0.0,25.53,25.01,36.69,0.48,11.34,15.7,7949.29,0.0,24.55,20.16,33.37,1.51,7.69,11.4,3664.59,0.06,25.34,21.05,36.15,1.29,10.15,15.18,8647.79,0.01
Southern Europe,2024-05-12,24.08,22.45,30.95,0.27,9.96,11.49,3791.97,0.0,25.42,24.98,31.63,0.16,11.56,13.02,4965.55,0.0,23.08,19.42,29.01,1.76,7.95,8.57,1482.74,0.05,22.54,20.03,32.3,1.21,10.35,14.18,8431.29,0.01
Southern Europe,2024-05-13,20.06,22.15,41.7,2.8,10.01,16.21,10198.76,0.0,23.71,24.6,40.82,0.88,12.18,16.12,8999.75,0.0,18.24,18.23,36.51,4.01,7.35,11.89,4652.06,0.05,18.42,19.73,39.8,3.82,10.44,16.35,11806.4,0.0
Southern Europe,2024-05-14,21.58,18.26,42.83,5.25,8.89,19.66,14527.5,0.0,22.82,20.29,43.83,1.79,9.77,20.94,14920.17,0.0,18.84,15.2,39.83,4.78,6.19,14.74,7802.79,0.05,21.44,17.53,40.72,5.29,8.98,19.96,18859.99,0.0
Southern Europe,2024-05-15,22.68,17.92,42.74,1.78,7.16,19.4,13232.3,0.0,22.86,19.41,42.85,1.16,7.82,19.85,12221.04,0.0,17.07,14.4,40.07,11.51,5.42,14.96,6980.21,0.05,19.65,16.97,42.08,8.42,8.44,19.85,15714.4,0.0
Southern Europe,2024-05-16,20.33,18.4,45.01,2.26,7.34,20.18,15784.08,0.0,20.07,19.67,42.44,1.83,7.87,19.74,12272.24,0.0,17.35,15.88,42.06,11.88,5.31,15.96,8899.72,0.05,18.25,17.74,43.66,7.45,8.64,19.17,15484.82,0.0
Southern Europe,2024-05-17,22.96,19.45,38.9,2.98,8.74,16.35,8305.55,0.0,23.07,20.92,38.21,1.32,9.93,17.59,8498.5,0.0,22.43,16.83,39.65,3.23,6.2,13.79,5872.39,0.05,23.84,17.96,38.35,2.92,9.16,17.03,10004.79,0.0
Southern Europe,2024-05-18,21.91,20.5,37.03,3.57,8.74,13.79,5651.29,0.0,25.47,22.55,37.91,0.79,9.03,14.69,6456.43,0.0,21.0,17.63,34.38,3.07,5.95,11.17,2837.22,0.05,21.81,18.85,35.92,4.19,8.89,14.42,6679.57,0.0
Southern Europe,2024-05-19,21.28,19.82,35.93,4.66,10.05,13.43,5565.5,0.0,23.27,21.77,38.14,1.95,10.47,15.28,7164.31,0.0,23.17,18.12,32.47,2.22,7.06,10.08,2289.63,0.04,22.4,18.67,37.06,3.4,9.77,15.63,9190.42,0.0
Southern Europe,2024-05-20,24.09,20.08,36.59,1.94,9.76,14.88,6758.72,0.0,24.52,21.73,37.65,0.89,10.07,16.37,8078.46,0.0,23.39,18.42,32.17,2.29,7.48,10.46,2760.38,0.04,23.22,18.97,37.03,2.89,10.22,16.3,8969.63,0.0
Southern Europe,2024-05-21,23.18,19.51,43.16,2.69,9.19,18.24,11533.95,0.0,23.84,21.63,41.73,1.78,10.08,18.38,9943.78,0.0,18.76,17.19,40.17,9.46,7.63,14.22,6017.36,0.04,21.05,18.12,40.34,6.07,10.18,18.34,9666.92,0.0
Southern Europe,2024-05-22,23.59,19.82,40.79,1.5,8.61,17.68,9443.65,0.0,25.39,22.69,37.58,0.58,9.52,16.3,7608.26,0.0,22.02,17.21,35.3,3.34,6.47,13.09,4319.67,0.04,23.47,18.57,41.73,2.87,8.83,17.52,10191.5,0.0
Southern Europe,2024-05-23,26.19,20.97,36.67,0.56,8.06,15.49,7207.24,0.0,26.69,24.04,33.58,0.43,9.75,14.6,6904.64,0.0,24.8,18.01,31.59,2.09,5.69,10.44,2570.09,0.04,24.65,18.89,37.35,2.01,8.66,17.18,14555.36,0.0
Southern Europe,2024-05-24,27.42,22.83,33.29,0.27,9.19,13.48,5767.18,0.0,28.15,25.89,33.04,0.24,11.02,13.18,5264.49,0.0,26.03,19.81,29.11,1.11,5.95,9.07,1843.37,0.04,26.56,20.49,33.16,0.96,9.25,13.58,6486.16,0.0
Southern Europe,2024-05-25,23.9,23.57,37.32,1.58,10.57,14.25,6492.16,0.0,27.08,26.58,35.81,0.66,11.88,14.52,5670.97,0.0,23.56,20.08,32.54,2.01,6.86,10.22,2603.2,0.04,22.51,20.52,33.52,2.06,10.49,12.77,4794.08,0.0
Southern Europe,2024-05-26,25.09,22.98,38.98,1.02,11.1,15.09,7253.8,0.0,26.95,26.79,36.86,0.54,12.48,14.9,7101.63,0.0,24.42,19.87,31.64,1.66,7.89,10.23,2439.23,0.04,25.43,20.82,36.06,0.83,9.88,15.37,10096.09,0.0
Southern Europe,2024-05-27,25.66,22.26,37.15,0.57,10.6,16.73,10135.37,0.0,27.62,26.43,34.69,0.22,12.54,15.32,7952.5,0.0,24.6,20.35,30.39,1.96,8.04,10.21,2341.41,0.04,24.64,20.37,35.32,1.89,10.26,18.53,21207.48,0.0
Southern Europe,2024-05-28,27.34,24.66,34.24,0.47,10.25,14.13,7680.68,0.0,27.95,27.66,33.02,0.47,12.96,13.26,6303.62,0.0,25.63,21.63,30.17,2.54,8.62,9.79,2150.83,0.03,26.31,21.76,35.78,1.95,10.73,16.57,16052.59,0.0
Southern Europe,2024-05-29,27.02,25.67,34.79,1.1,12.65,14.14,8127.87,0.0,27.87,29.27,31.25,0.48,14.82,12.49,5429.45,0.0,25.89,22.44,29.44,1.74,9.83,9.47,2190.34,0.03,26.11,22.5,34.47,2.29,12.53,16.23,15839.03,0.0
Southern Europe,2024-05-30,25.12,25.16,42.66,0.55,12.31,18.18,14469.38,0.0,27.05,29.85,36.5,0.58,15.37,15.17,8396.82,0.0,22.82,22.26,34.66,4.2,10.67,11.72,4143.8,0.03,23.2,21.95,38.76,2.7,12.64,18.84,18241.32,0.0
Southern Europe,2024-05-31,26.45,22.97,47.53,1.61,10.74,25.02,30422.79,0.0,27.06,28.05,41.45,1.12,15.18,19.48,14633.22,0.0,22.64,20.43,44.42,9.48,8.59,18.48,11810.3,0.03,23.85,21.16,48.23,5.19,11.69,24.16,26236.45,0.0
Southern Europe,2024-06-01,25.89,22.87,45.85,0.99,10.65,23.6,29853.48,0.0,26.93,27.08,38.12,0.78,14.27,17.59,11661.18,0.0,25.8,21.16,38.92,2.24,8.03,16.8,10111.23,0.04,26.29,21.96,42.05,1.16,11.39,21.2,22189.68,0.0
Southern Europe,2024-06-02,26.86,23.78,43.23,1.83,11.0,20.56,23230.43,0.0,27.17,27.25,36.73,0.79,14.28,15.44,9093.97,0.0,25.59,21.84,37.16,2.31,8.64,13.65,7004.9,0.04,26.08,22.17,39.28,2.55,11.88,17.22,14892.56,0.0
Southern Europe,2024-06-03,26.73,24.54,40.16,1.72,11.99,17.34,15768.27,0.0,26.4,27.64,35.72,1.18,15.03,14.29,7008.0,0.0,23.81,21.75,34.67,4.36,9.91,11.47,4527.66,0.04,25.86,21.94,36.19,2.49,12.55,14.44,9510.95,0.0
Southern Europe,2024-06-04,27.39,26.16,35.55,0.16,12.83,12.97,5618.11,0.0,27.31,28.52,33.01,0.25,15.44,12.5,3842.9,0.0,25.89,22.91,33.29,1.13,10.49,9.92,2245.61,0.03,26.49,22.83,31.49,0.78,13.04,11.37,3850.03,0.0
Southern Europe,2024-06-05,26.66,27.26,34.87,0.59,14.17,13.14,5335.12,0.0,27.53,30.11,34.22,0.22,16.13,13.25,4855.88,0.0,26.47,23.94,33.53,1.07,11.18,9.75,2400.62,0.03,26.02,23.68,30.54,1.26,13.7,11.35,3424.58,0.0
Southern Europe,2024-06-06,26.4,28.52,37.5,0.21,15.27,15.5,10111.0,0.0,26.22,31.55,39.67,0.19,17.32,14.53,7572.86,0.0,26.08,25.26,32.65,0.74,12.21,9.74,2943.36,0.03,25.4,24.73,35.0,0.44,14.34,14.23,8428.1,0.0
Southern Europe,2024-06-07,25.9,28.94,40.7,0.88,16.39,17.8,15515.9,0.0,24.29,29.75,42.17,0.73,18.03,18.05,10957.16,0.0,24.21,26.15,34.78,0.93,14.45,11.72,4681.85,0.03,24.22,24.97,35.69,1.41,15.68,15.2,10018.72,0.0
Southern Europe,2024-06-08,22.93,26.44,40.98,5.29,15.7,16.29,11593.73,0.0,23.12,26.44,40.76,3.29,16.94,16.53,8352.03,0.0,22.14,23.63,33.5,5.12,13.92,10.15,2972.77,0.03,21.47,23.18,34.3,5.17,15.64,14.74,8062.62,0.0
Southern Europe,2024-06-09,21.01,23.82,42.8,3.07,14.19,20.49,19206.26,0.0,20.66,24.98,38.87,1.75,15.53,17.61,10841.83,0.0,20.28,22.53,37.16,3.89,13.38,12.29,5439.23,0.03,20.36,22.17,38.24,3.3,14.96,16.41,10680.08,0.0
Southern Europe,2024-06-10,24.54,23.18,42.76,1.96,13.26,19.99,15789.56,0.0,22.85,24.82,38.18,3.37,15.91,15.57,7796.97,0.0,24.03,21.98,37.44,4.88,12.28,13.63,5888.64,0.03,24.71,21.66,41.05,2.88,14.03,17.85,12038.85,0.0
Southern Europe,2024-06-11,23.84,22.83,39.2,1.66,12.32,18.04,11939.48,0.0,25.53,25.43,35.27,1.51,14.94,14.47,6769.87,0.0,23.69,20.79,34.12,4.88,10.44,12.51,3999.3,0.03,23.67,20.96,40.6,2.88,12.79,19.26,17696.27,0.0
Southern Europe,2024-06-12,24.62,22.77,40.49,2.23,12.24,17.99,11551.64,0.0,25.79,25.47,37.91,2.03,14.64,16.39,8203.43,0.0,23.34,20.45,35.47,5.62,10.1,12.77,4132.78,0.03,25.41,21.07,41.66,2.4,12.1,20.36,19660.41,0.0
Southern Europe,2024-06-13,26.27,24.91,41.33,1.09,11.25,16.2,9000.2,0.0,27.73,27.53,38.21,0.5,13.85,15.59,7066.64,0.0,25.54,21.16,39.31,3.39,9.19,12.28,4336.25,0.03,26.03,21.75,41.27,1.46,11.4,16.94,9999.99,0.0
Southern Europe,2024-06-14,26.4,25.54,44.24,0.72,13.0,18.86,12163.69,0.0,28.41,28.73,43.06,0.16,14.68,17.07,10325.84,0.0,22.82,20.99,40.86,1.72,9.56,13.8,6263.89,0.02,23.72,22.31,40.24,1.25,12.05,16.29,11014.56,0.0
Southern Europe,2024-06-15,27.68,24.24,39.03,0.13,12.03,17.33,10099.01,0.0,29.02,27.08,38.72,0.17,14.53,17.31,9195.18,0.0,23.89,20.4,35.92,4.67,9.29,12.4,4244.21,0.02,24.81,21.42,39.47,3.52,12.0,18.57,15366.53,0.0
Southern Europe,2024-06-16,25.93,25.72,38.79,0.48,12.81,15.8,8727.8,0.0,28.84,28.01,36.58,0.08,13.9,14.75,6248.75,0.0,25.03,22.25,35.73,1.17,10.09,11.58,3725.86,0.02,24.38,22.69,37.63,0.89,12.57,15.87,8998.63,0.0
Southern Europe,2024-06-17,25.9,26.92,40.27,2.4,15.17,16.06,9195.74,0.0,28.39,29.12,38.46,0.11,15.9,14.82,7182.19,0.0,24.07,23.08,37.01,2.82,11.84,11.27,3403.09,0.02,24.09,23.85,37.86,3.07,14.61,15.41,9853.17,0.0
Southern Europe,2024-06-18,25.18,26.44,40.05,3.88,15.6,16.3,9004.82,0.0,23.7,26.75,41.24,2.57,16.73,18.02,10219.48,0.0,25.06,23.23,34.04,5.87,12.7,11.06,3069.24,0.02,24.47,23.57,36.71,3.9,15.2,14.35,6529.35,0.0
Southern Europe,2024-06-19,25.04,25.6,37.23,3.43,14.75,14.51,7997.38,0.0,24.06,25.23,38.03,3.49,15.53,14.88,6972.1,0.0,23.92,23.52,33.2,3.74,12.64,10.04,2425.46,0.02,24.02,23.28,38.49,4.23,14.7,14.88,8727.97,0.0
Southern Europe,2024-06-20,23.05,24.49,39.59,5.26,14.67,16.82,9850.83,0.0,24.24,25.04,37.23,3.2,14.51,15.84,7143.22,0.0,23.07,23.68,36.37,2.94,13.76,12.16,4475.37,0.02,21.83,23.43,39.39,3.19,15.11,18.77,15027.69,0.0
Southern Europe,2024-06-21,26.79,26.32,37.01,0.13,14.22,15.21,8515.0,0.0,28.24,28.4,33.64,0.25,14.76,13.92,6188.91,0.0,25.68,25.03,35.33,5.11,13.63,10.65,2999.69,0.02,25.53,24.55,37.62,3.23,14.61,16.19,11541.67,0.0
Southern Europe,2024-06-22,25.29,26.45,40.08,0.15,14.85,17.03,11587.14,0.0,27.79,30.37,35.46,0.1,16.22,14.51,7738.35,0.0,26.2,24.73,36.07,0.98,12.76,12.13,3710.71,0.01,26.15,24.73,40.03,0.32,14.09,19.23,18703.25,0.0
Southern Europe,2024-06-23,24.5,26.31,41.71,0.42,15.19,18.96,13875.37,0.0,26.16,30.45,38.8,0.71,17.71,17.5,10887.3,0.0,22.39,24.14,37.73,4.29,13.32,13.37,5183.56,0.01,21.38,23.52,43.18,3.68,14.87,20.33,20171.72,0.0
Southern Europe,2024-06-24,26.98,27.62,37.29,0.98,16.05,15.87,11723.25,0.0,27.28,31.11,35.07,0.97,18.62,15.23,7750.3,0.0,25.03,25.41,32.61,2.24,14.54,11.37,3576.58,0.01,25.85,24.68,37.7,3.43,15.41,17.26,11900.15,0.0
Southern Europe,2024-06-25,24.75,27.88,38.46,2.27,16.83,14.83,8550.95,0.0,26.87,30.83,38.29,1.02,19.0,15.5,7343.52,0.0,24.12,24.68,35.23,3.99,15.16,10.64,2725.37,0.01,22.1,24.11,36.64,5.5,16.13,14.91,7376.16,0.0
Southern Europe,2024-06-26,25.14,28.01,40.25,1.7,17.74,15.58,8275.8,0.0,24.39,29.06,39.79,1.08,18.41,15.08,6708.73,0.0,24.24,24.87,34.61,3.22,14.25,10.27,2621.28,0.01,25.02,23.87,34.15,1.56,16.26,13.57,4930.26,0.0
Southern Europe,2024-06-27,25.73,28.13,39.76,1.65,17.39,15.38,8364.23,0.0,24.53,28.6,38.36,2.34,18.43,14.1,5681.08,0.0,24.8,25.41,34.1,3.66,14.84,10.57,2906.31,0.01,24.55,24.67,35.34,2.07,16.06,14.16,6326.99,0.0
Southern Europe,2024-06-28,24.0,27.17,40.59,3.33,16.82,17.04,11753.85,0.0,22.92,26.65,39.39,4.22,18.19,14.39,6548.24,0.0,22.66,24.92,32.5,6.19,15.35,10.44,3387.78,0.01,22.85,24.35,36.05,4.11,16.61,14.64,8557.7,0.0
Southern Europe,2024-06-29,21.38,24.75,42.0,4.24,16.05,18.58,12399.34,0.0,20.35,25.64,40.0,3.11,17.22,19.09,10603.37,0.0,20.62,23.83,37.65,2.84,15.19,13.01,4868.77,0.01,21.28,23.43,38.66,2.64,16.36,16.7,10512.97,0.0
Southern Europe,2024-06-30,24.55,26.38,36.8,1.42,16.59,14.18,6822.08,0.0,24.96,27.22,34.95,0.56,16.89,14.28,5318.71,0.0,23.42,23.95,34.34,3.31,14.77,10.67,2880.71,0.01,24.1,23.68,35.99,2.84,16.59,13.2,4817.93,0.0
Southern Europe,2024-07-01,27.07,26.8,41.39,1.26,15.34,17.96,12530.6,0.0,27.36,28.8,35.81,0.81,16.8,15.16,7256.57,0.0,25.04,25.1,33.87,3.44,14.13,10.85,2857.37,0.0,25.34,24.5,38.62,2.46,16.02,16.51,9762.56,0.0
Southern Europe,2024-07-02,26.94,26.12,42.36,2.21,15.17,19.65,16501.22,0.0,28.03,30.32,37.57,1.41,17.14,15.89,10073.37,0.0,25.28,24.43,36.72,4.14,12.91,13.36,4822.0,0.0,26.27,24.54,39.97,2.68,15.46,18.36,13786.34,0.0
Southern Europe,2024-07-03,27.88,27.12,37.97,0.49,14.71,17.27,12222.31,0.0,28.3,31.31,34.14,0.61,17.58,15.53,9121.84,0.0,24.1,23.46,31.89,2.02,13.01,11.08,3426.92,0.0,25.0,23.83,35.72,1.84,15.05,17.06,13342.43,0.0
Southern Europe,2024-07-04,27.47,28.17,35.88,1.42,15.4,16.37,10927.41,0.0,28.13,32.72,31.81,0.74,18.52,13.21,6296.39,0.0,26.89,25.44,30.78,1.3,12.58,10.58,2568.35,0.0,26.89,25.33,32.07,1.68,15.02,14.61,7287.37,0.0
Southern Europe,2024-07-05,28.01,29.95,38.6,0.32,16.7,15.45,8344.64,0.0,28.4,32.7,39.14,0.06,19.07,16.08,8003.79,0.0,27.07,26.81,33.95,0.21,13.89,10.67,3084.66,0.0,27.15,25.83,36.71,0.33,15.88,15.09,9530.14,0.0
Southern Europe,2024-07-06,25.14,26.22,44.74,1.76,15.0,19.03,13887.5,0.0,26.92,29.13,42.59,0.89,17.77,19.02,12267.21,0.0,24.67,23.88,38.75,2.72,13.92,13.69,5295.19,0.0,24.15,23.13,42.6,2.94,14.89,20.57,22444.09,0.0
Southern Europe,2024-07-07,27.61,26.81,38.45,0.34,13.93,15.72,8435.38,0.0,28.45,28.7,37.55,0.45,15.62,16.32,7952.42,0.0,25.76,24.22,33.5,3.47,12.75,10.7,2884.44,0.0,26.76,23.67,38.7,2.36,14.03,17.08,13885.73,0.0
Southern Europe,2024-07-08,27.23,29.02,39.17,0.49,16.6,16.25,9259.03,0.0,28.55,30.52,34.35,0.08,17.11,14.01,5221.87,0.0,27.0,26.34,34.48,0.73,14.04,10.66,3003.83,0.0,26.44,25.59,33.4,0.64,15.93,13.32,4976.71,0.0
Southern Europe,2024-07-09,23.85,29.02,41.45,1.47,18.18,17.5,10599.19,0.0,27.32,31.28,38.24,0.17,18.86,15.51,7105.44,0.0,22.91,26.2,35.66,1.96,15.81,11.75,3567.74,0.0,22.86,26.1,35.0,1.73,17.64,15.37,9314.97,0.0
Southern Europe,2024-07-10,25.74,30.58,37.55,0.56,19.14,15.25,7800.18,0.0,27.77,33.23,33.96,0.04,20.23,13.87,5338.83,0.0,25.03,27.94,34.07,1.1,17.08,11.31,3185.62,0.0,24.65,27.58,33.15,1.48,19.0,12.62,4567.0,0.0
Southern Europe,2024-07-11,26.82,31.28,41.3,0.66,20.27,16.49,9105.73,0.0,28.03,34.03,38.75,0.04,21.93,15.88,7840.55,0.0,26.43,28.27,35.0,0.92,18.16,12.0,3836.26,0.0,25.15,27.79,35.23,1.24,20.06,14.15,7028.76,0.0
Southern Europe,2024-07-12,27.6,29.02,41.0,0.3,18.22,18.49,12295.37,0.0,28.51,32.27,36.64,0.23,20.18,16.64,8885.35,0.0,25.07,26.84,34.49,4.84,16.96,11.56,3464.68,0.0,25.77,25.77,38.63,2.83,17.95,17.9,12381.9,0.0
Southern Europe,2024-07-13,26.9,29.68,38.9,0.17,16.52,16.47,8677.61,0.0,27.66,31.53,37.86,0.15,18.95,16.27,7718.74,0.0,26.64,26.88,33.56,1.14,14.87,10.61,2688.63,0.0,27.08,25.93,35.6,0.53,16.12,15.88,8663.72,0.0
Southern Europe,2024-07-14,26.8,30.23,40.14,0.56,18.37,16.77,9136.83,0.0,28.33,31.88,36.33,0.01,18.77,15.22,6159.27,0.0,26.05,27.15,37.32,0.53,14.76,11.6,3481.69,0.0,26.12,26.61,36.24,0.68,16.91,14.76,7159.45,0.0
Southern Europe,2024-07-15,26.72,29.26,45.2,1.97,18.06,19.16,13517.93,0.0,26.72,31.35,40.9,0.3,19.49,17.61,9387.45,0.0,26.6,26.4,37.95,3.44,16.1,14.28,6511.08,0.0,26.26,26.31,40.68,3.03,17.78,16.81,12255.19,0.0
Southern Europe,2024-07-16,28.17,29.92,38.79,0.19,17.17,14.96,7628.68,0.0,28.88,32.3,34.48,0.03,18.06,14.41,6432.63,0.0,27.08,27.36,31.09,0.52,15.2,9.56,2346.46,0.0,27.03,26.65,36.21,0.51,17.31,14.95,7531.78,0.0
Southern Europe,2024-07-17,27.95,31.58,37.15,0.08,18.18,15.25,7454.18,0.0,28.29,33.59,33.99,0.03,19.29,14.06,5798.52,0.0,26.73,28.66,31.08,0.5,16.15,10.36,2895.25,0.0,26.85,28.15,31.97,0.28,17.78,13.68,6011.38,0.0
Southern Europe,2024-07-18,27.1,32.89,38.63,0.07,20.27,14.38,7710.59,0.0,25.25,34.85,34.67,0.08,20.87,13.03,5036.04,0.0,26.84,29.63,30.77,0.49,17.59,9.7,2547.79,0.0,26.14,28.73,32.22,0.2,19.3,12.01,4070.3,0.0
Southern Europe,2024-07-19,27.54,33.17,39.43,0.08,20.83,14.69,7694.26,0.0,27.77,36.01,37.14,0.11,21.83,14.02,6122.07,0.0,26.25,29.82,32.8,1.35,18.54,9.85,2565.79,0.0,25.87,29.26,32.7,0.55,19.94,12.27,4455.36,0.0
Southern Europe,2024-07-20,24.99,31.06,46.12,0.91,20.11,18.76,13456.75,0.0,27.34,33.78,43.41,0.35,21.22,18.68,11873.98,0.0,23.35,26.75,40.01,3.0,17.48,13.2,5633.41,0.0,23.39,27.18,42.69,2.4,19.01,15.92,9952.24,0.0
Southern Europe,2024-07-21,27.14,28.29,41.83,0.28,17.42,18.91,14936.91,0.0,27.93,31.52,39.31,0.13,19.85,17.39,11691.05,0.0,25.61,26.39,35.49,2.3,15.54,12.06,5052.25,0.0,25.2,25.57,41.03,1.11,16.89,19.59,21298.76,0.0
Southern Europe,2024-07-22,26.72,30.68,40.07,0.8,16.46,17.11,12342.87,0.0,27.52,33.89,36.21,0.29,19.04,15.04,7926.89,0.0,26.28,29.16,33.84,0.87,15.57,11.77,4091.12,0.0,25.83,28.42,37.19,1.13,17.07,16.55,10909.53,0.0
Southern Europe,2024-07-23,27.57,32.76,37.35,0.23,19.24,16.94,13438.5,0.0,27.61,35.62,32.68,0.35,21.18,13.69,6327.44,0.0,26.32,29.79,30.8,1.62,17.48,10.92,3066.39,0.0,26.95,29.28,31.7,0.53,19.4,14.53,6555.51,0.0
Southern Europe,2024-07-24,27.06,32.9,39.24,0.22,20.56,17.26,12245.29,0.0,27.44,36.53,36.08,0.18,22.11,14.39,6657.48,0.0,25.87,29.68,33.89,0.93,18.2,11.0,3023.6,0.0,26.13,28.89,32.55,0.41,20.16,14.37,6749.19,0.0
Southern Europe,2024-07-25,26.78,31.1,40.74,0.35,19.73,17.81,11296.55,0.0,27.2,33.98,39.15,0.16,21.48,16.47,8877.29,0.0,26.11,28.02,35.19,0.6,17.37,12.05,4024.87,0.0,25.54,26.99,38.75,0.71,19.12,18.34,14593.62,0.0
Southern Europe,2024-07-26,26.66,30.95,38.01,0.09,19.08,14.9,7517.99,0.0,27.22,33.17,35.36,0.04,21.07,14.64,7294.42,0.0,25.8,28.24,32.08,0.47,16.94,11.14,2864.66,0.0,25.57,27.22,36.6,0.56,18.58,17.02,14675.11,0.0
Southern Europe,2024-07-27,26.23,31.67,37.67,0.1,19.46,13.88,7071.8,0.0,27.02,33.85,34.48,0.06,21.22,13.82,5367.89,0.0,26.1,29.04,31.39,0.43,17.52,9.61,2048.79,0.0,24.68,27.8,34.41,0.38,18.92,14.46,7509.84,0.0
Southern Europe,2024-07-28,26.56,32.77,40.18,0.02,19.93,16.66,13107.77,0.0,26.5,34.78,37.82,0.06,21.74,14.29,6882.26,0.0,25.65,30.66,34.14,1.89,18.24,10.68,3019.97,0.0,25.49,29.88,34.9,0.85,20.34,13.45,7849.03,0.0
Southern Europe,2024-07-29,23.86,33.41,43.36,0.28,21.05,17.07,11446.92,0.0,22.8,35.01,42.81,0.33,23.3,16.4,8985.33,0.0,22.9,29.71,40.31,0.86,19.11,12.54,4920.19,0.0,22.78,30.4,37.12,0.77,21.31,13.74,5675.62,0.0
Southern Europe,2024-07-30,25.78,32.9,43.68,0.42,21.2,18.97,12346.72,0.0,26.41,34.6,41.27,0.09,22.89,17.48,9618.72,0.0,25.65,29.42,36.84,0.98,18.4,13.11,5105.0,0.0,25.43,29.39,34.4,0.72,21.34,14.39,5532.48,0.0
Southern Europe,2024-07-31,27.23,32.59,38.91,0.01,20.08,14.85,7353.18,0.0,27.35,34.7,36.47,0.02,21.56,14.53,6089.84,0.0,26.56,29.69,32.09,0.63,17.23,9.69,2500.01,0.0,25.41,28.97,31.38,0.36,20.09,11.49,3687.97,0.0
Southern Europe,2024-08-01,26.26,32.23,40.17,0.08,19.68,15.63,9405.31,0.0,27.22,34.84,37.39,0.1,21.22,15.11,7301.83,0.0,25.31,29.13,34.42,0.72,17.41,10.11,2712.72,0.0,23.75,27.96,36.84,0.83,19.78,14.93,8661.61,0.0
Southern Europe,2024-08-02,25.6,30.09,41.79,0.53,18.73,18.2,12861.58,0.0,26.49,32.67,39.03,0.18,20.18,17.43,10126.05,0.0,24.68,27.95,35.23,1.18,17.01,11.43,3469.34,0.0,24.85,26.94,39.84,1.13,18.83,18.54,16281.25,0.0
Southern Europe,2024-08-03,26.08,31.15,40.2,0.56,18.06,15.37,9618.4,0.0,26.51,33.9,35.77,0.36,20.19,14.28,7172.98,0.0,25.09,28.68,34.84,1.51,16.24,10.89,2700.11,0.0,25.54,27.78,38.18,1.4,18.13,17.23,14868.68,0.0
Southern Europe,2024-08-04,25.94,31.72,36.52,0.36,19.17,14.3,7129.7,0.0,26.28,34.38,32.94,0.13,21.68,13.34,5305.16,0.0,25.18,28.71,32.15,1.07,16.74,10.13,2358.11,0.0,25.48,27.96,32.61,0.99,18.79,15.34,12422.26,0.0
Southern Europe,2024-08-05,25.3,31.71,36.35,0.44,20.1,14.0,5839.98,0.0,26.03,34.35,36.02,0.12,22.0,14.76,6411.9,0.0,25.08,28.4,32.98,0.56,17.48,10.39,2667.74,0.0,25.05,27.84,33.27,0.75,19.8,15.42,11102.33,0.0
Southern Europe,2024-08-06,24.58,31.25,38.4,0.36,19.93,14.33,6824.2,0.0,26.15,33.94,35.11,0.17,21.41,14.22,6078.04,0.0,23.98,28.16,32.03,0.64,17.37,10.29,2615.06,0.0,22.38,27.31,33.05,0.94,19.96,14.86,9041.81,0.0
Southern Europe,2024-08-07,24.43,31.33,38.28,0.78,19.71,14.91,8195.35,0.0,26.09,34.29,34.84,0.16,21.27,13.89,6244.7,0.0,23.51,28.83,31.2,0.92,17.46,9.91,2177.25,0.0,23.14,27.84,36.51,2.09,19.49,16.19,12315.11,0.0
Southern Europe,2024-08-08,25.1,32.01,36.53,0.32,20.39,14.23,7126.88,0.0,25.9,34.19,33.0,0.1,21.62,13.56,5697.13,0.0,24.61,29.38,30.93,0.71,17.16,9.71,2252.44,0.0,24.5,27.84,33.09,0.39,19.2,15.99,10848.77,0.0
Southern Europe,2024-08-09,25.32,32.92,36.91,0.12,20.98,14.53,7142.12,0.0,25.62,35.05,32.89,0.04,22.4,12.66,4755.65,0.0,24.6,30.2,30.14,0.33,18.26,9.85,2428.73,0.0,24.43,28.75,32.26,0.38,20.21,14.38,8251.74,0.0
Southern Europe,2024-08-10,25.21,33.86,38.7,0.04,21.25,16.89,12565.71,0.0,25.79,35.77,36.7,0.02,22.77,15.02,7468.27,0.0,24.57,31.56,34.91,0.12,19.34,11.2,3430.16,0.0,24.75,30.39,33.59,0.09,20.67,13.33,6345.66,0.0
Southern Europe,2024-08-11,25.42,33.46,40.45,0.01,21.15,17.58,11196.5,0.0,25.64,35.03,38.99,0.01,22.62,16.14,8916.56,0.0,24.67,31.15,34.49,0.13,19.36,11.11,3554.99,0.0,23.81,29.99,33.85,0.18,21.24,13.4,6466.27,0.0
Southern Europe,2024-08-12,24.56,32.0,38.75,0.16,20.89,14.65,7800.62,0.0,25.7,34.03,38.06,0.04,22.34,15.22,7453.76,0.0,24.44,29.69,35.63,0.18,18.29,10.57,3076.87,0.0,23.34,28.42,35.18,0.17,20.44,14.02,6821.72,0.0
Southern Europe,2024-08-13,21.1,29.68,40.03,1.9,20.07,14.77,7841.64,0.0,22.36,31.61,39.38,0.62,20.92,16.41,8219.88,0.0,21.16,27.68,34.97,1.01,18.07,10.35,2807.76,0.0,20.68,27.17,35.69,1.48,19.86,13.67,6227.44,0.0
Southern Europe,2024-08-14,22.66,27.92,41.3,1.66,17.87,17.31,11374.6,0.0,23.82,30.77,39.68,0.95,19.45,16.14,8834.67,0.0,22.98,27.86,35.55,2.73,16.7,11.17,3233.07,0.0,22.38,26.67,40.63,2.33,18.46,18.48,18004.96,0.0
Southern Europe,2024-08-15,24.33,29.01,38.88,0.28,16.8,17.71,12267.99,0.0,24.82,31.83,37.59,0.29,18.88,16.55,9133.79,0.0,23.84,28.75,33.28,0.25,15.79,11.68,3643.29,0.0,23.36,27.9,38.06,0.57,17.83,17.84,15671.19,0.0
Southern Europe,2024-08-16,24.55,30.69,35.7,0.15,18.1,15.51,10156.65,0.0,25.02,33.62,32.5,0.19,19.47,13.93,6095.64,0.0,23.53,29.91,31.6,0.41,16.81,10.21,2606.2,0.0,23.54,29.03,35.78,1.05,18.69,16.25,12850.16,0.0
Southern Europe,2024-08-17,22.82,31.11,39.68,0.36,19.57,15.62,10064.73,0.0,24.44,34.58,35.82,0.17,20.33,13.78,6981.1,0.0,22.33,28.94,36.04,0.84,18.08,10.61,3183.34,0.0,21.74,28.4,37.34,1.07,19.37,17.17,16459.32,0.0
Southern Europe,2024-08-18,21.73,29.22,42.83,1.33,19.43,17.85,11873.87,0.0,23.47,33.27,38.34,0.83,21.63,16.94,10677.75,0.0,19.65,26.77,35.52,4.58,17.9,11.55,3712.98,0.0,19.17,26.36,38.9,3.2,19.32,17.86,14063.35,0.0
Southern Europe,2024-08-19,23.55,29.18,39.62,1.45,17.33,16.62,10598.07,0.0,23.78,32.56,38.46,1.25,20.42,16.49,9919.03,0.0,20.07,26.55,34.73,3.36,16.28,11.8,3421.11,0.0,21.93,25.77,38.92,0.92,17.81,18.6,15199.67,0.0
Southern Europe,2024-08-20,22.49,28.96,40.25,1.71,17.55,16.17,10729.78,0.0,23.29,32.52,35.71,1.48,20.48,14.76,7923.77,0.0,21.69,26.68,32.38,1.68,15.8,11.0,3401.34,0.0,21.79,25.87,37.48,1.71,17.62,18.31,19759.25,0.0
Southern Europe,2024-08-21,22.86,29.36,38.82,0.7,18.12,17.3,11475.5,0.0,22.71,32.4,37.31,0.62,20.92,15.87,8353.85,0.0,22.53,27.65,32.9,0.85,15.84,11.77,3814.77,0.0,22.85,26.91,36.85,0.52,17.76,17.37,13718.97,0.0
Southern Europe,2024-08-22,22.97,30.05,35.73,0.31,19.31,13.63,5766.1,0.0,22.86,32.14,34.18,0.22,21.51,14.48,6019.29,0.0,22.4,26.93,31.12,0.42,16.21,10.39,2614.63,0.0,22.04,26.33,33.78,0.38,18.45,15.01,8833.82,0.0
Southern Europe,2024-08-23,22.92,30.93,34.98,0.4,19.29,12.74,5383.13,0.0,23.54,32.92,33.84,0.19,20.39,12.85,4885.44,0.0,22.8,28.37,28.53,0.36,15.82,8.4,1464.79,0.0,22.3,27.31,30.42,0.26,18.89,12.46,5166.53,0.0
Southern Europe,2024-08-24,21.61,30.34,40.49,0.57,18.93,17.05,10614.36,0.0,23.46,32.99,35.81,0.05,21.51,14.97,6811.29,0.0,21.18,27.69,34.74,1.22,16.9,11.38,3293.6,0.0,19.76,27.03,38.03,1.09,18.45,15.81,13090.12,0.0
Southern Europe,2024-08-25,21.68,28.12,41.63,0.36,17.54,19.05,13901.06,0.0,22.45,32.14,37.39,0.42,20.64,15.83,9407.26,0.0,21.5,27.2,35.12,0.63,15.74,12.3,4654.88,0.0,22.09,26.85,39.54,0.46,17.46,20.1,26462.62,0.0
Southern Europe,2024-08-26,22.03,29.26,36.57,0.17,17.48,16.83,10220.36,0.0,22.15,31.77,34.92,0.17,20.5,15.14,6878.81,0.0,20.79,27.48,32.62,0.64,15.57,11.59,3873.88,0.0,21.4,26.92,36.46,0.35,17.62,17.08,12684.38,0.0
Southern Europe,2024-08-27,22.03,29.96,33.95,0.24,19.06,13.69,5575.93,0.0,22.61,32.23,33.87,0.26,21.08,13.61,4826.96,0.0,21.68,27.45,32.63,1.05,15.83,10.78,2770.38,0.0,21.07,26.88,34.11,1.59,18.43,14.4,5919.57,0.0
Southern Europe,2024-08-28,20.85,29.94,35.34,0.45,19.0,14.05,5380.47,0.0,21.78,32.1,36.24,0.2,20.69,13.8,5125.64,0.0,21.68,27.49,31.37,0.31,15.31,10.02,2290.7,0.0,19.68,26.86,33.41,0.23,18.28,13.31,5637.85,0.0
Southern Europe,2024-08-29,18.42,27.96,38.04,3.49,19.39,14.89,7459.16,0.0,18.81,29.93,35.22,2.34,21.17,13.51,5498.67,0.0,20.36,27.13,32.0,1.16,16.28,10.35,2655.05,0.0,18.69,26.2,34.77,1.42,18.51,16.19,11674.3,0.0
Southern Europe,2024-08-30,19.09,28.01,37.74,2.1,19.01,15.21,8110.34,0.0,20.11,30.31,34.87,1.76,20.62,13.27,5179.35,0.0,20.7,27.34,31.28,0.72,16.21,10.44,2745.39,0.0,19.58,26.72,33.17,0.7,18.67,14.27,7403.87,0.0
Southern Europe,2024-08-31,18.45,27.78,36.6,2.25,19.0,14.46,6625.53,0.0,18.82,29.88,36.05,1.31,20.92,14.35,5851.7,0.0,18.85,26.94,32.77,1.2,16.6,10.55,2970.1,0.0,17.83,26.71,34.02,1.32,19.24,14.07,6944.45,0.0
Southern Europe,2024-09-01,20.4,27.38,33.59,2.4,18.56,12.31,4301.27,0.0,20.87,29.59,32.12,1.24,20.37,13.06,4835.01,0.0,20.08,26.5,31.78,0.55,16.32,9.9,2304.05,0.0,19.98,26.23,31.73,0.73,18.83,13.23,6560.13,0.0
Southern Europe,2024-09-02,17.91,26.71,34.27,2.38,18.14,13.08,6061.94,0.0,20.52,29.4,33.1,1.09,19.71,13.43,5621.04,0.0,18.04,25.22,31.47,1.2,15.35,9.77,2322.89,0.0,17.34,24.95,37.61,1.54,16.9,16.5,17681.85,0.0
Southern Europe,2024-09-03,17.33,25.46,36.43,4.23,16.98,15.86,9537.56,0.0,20.46,28.47,35.14,3.17,18.35,14.27,7389.81,0.0,17.85,24.77,31.3,2.09,14.61,10.38,2946.32,0.0,18.27,23.87,38.78,1.53,15.97,19.66,31119.09,0.0
Southern Europe,2024-09-04,18.55,24.47,39.24,4.22,15.45,17.43,11094.78,0.0,20.53,28.11,36.47,3.18,17.63,14.93,7658.16,0.0,19.45,24.52,33.25,3.79,13.86,11.51,4111.11,0.0,18.71,23.79,37.86,2.34,15.36,19.09,26208.59,0.0
Southern Europe,2024-09-05,17.48,24.0,38.99,1.72,14.68,16.45,9118.35,0.0,20.18,27.74,38.48,1.76,16.69,16.01,8704.42,0.0,15.39,22.31,38.99,8.47,13.5,12.88,4690.29,0.0,15.9,22.4,43.75,8.32,14.86,20.73,26388.36,0.0
Southern Europe,2024-09-06,18.36,24.15,38.91,3.5,14.62,16.69,9279.12,0.0,21.19,26.93,37.93,0.61,16.31,16.57,8655.53,0.0,16.41,21.12,34.86,2.49,11.72,12.01,4011.52,0.0,18.0,22.07,37.55,5.13,14.25,15.91,9473.87,0.0
Southern Europe,2024-09-07,19.21,25.31,35.41,1.12,14.81,14.14,5305.85,0.0,19.91,27.3,33.77,0.46,14.91,13.54,4611.9,0.0,18.3,23.02,32.56,1.41,12.13,10.78,2635.43,0.0,18.5,23.4,33.39,1.5,14.66,13.42,4982.67,0.0
Southern Europe,2024-09-08,20.04,25.19,37.9,0.92,14.94,15.62,7863.46,0.0,20.53,26.93,35.95,1.81,16.43,15.46,6990.43,0.0,16.52,22.77,34.81,9.1,13.09,10.52,2986.95,0.0,16.85,23.2,35.49,7.13,15.93,14.41,7113.16,0.0
Southern Europe,2024-09-09,18.62,24.57,40.2,4.23,13.55,18.42,13413.75,0.0,20.74,27.22,34.92,2.37,14.66,15.49,9111.23,0.0,17.04,22.92,40.07,12.05,11.71,13.43,6042.23,0.0,17.38,22.79,45.23,7.06,14.45,18.97,12439.56,0.0
Southern Europe,2024-09-10,19.39,24.14,41.24,1.92,13.84,19.53,15322.1,0.0,20.39,27.2,33.76,2.47,15.23,15.24,8960.17,0.0,18.6,22.58,34.81,3.36,10.86,12.82,4703.74,0.0,19.6,22.68,40.66,1.05,13.64,19.69,17567.5,0.0
Southern Europe,2024-09-11,18.94,23.99,38.7,0.39,12.77,18.31,13546.03,0.0,20.39,27.38,35.81,0.28,15.08,16.15,9947.07,0.0,17.52,21.91,35.99,1.07,10.59,12.95,4971.26,0.0,17.38,22.28,40.83,1.09,12.78,21.72,35668.06,0.0
Southern Europe,2024-09-12,16.24,23.19,44.88,1.91,13.48,20.59,16054.72,0.0,19.31,27.09,39.65,1.27,15.04,18.39,13841.63,0.0,14.5,20.25,46.25,7.7,9.76,17.29,10745.54,0.0,15.1,21.0,48.56,4.83,12.1,24.02,32403.5,0.0
Southern Europe,2024-09-13,18.85,21.1,50.69,2.89,10.44,25.74,27309.64,0.0,19.46,25.53,45.08,1.66,13.9,22.61,19029.23,0.0,16.44,18.0,50.66,5.7,6.94,20.77,14371.95,0.0,17.67,19.92,54.7,2.73,10.02,27.78,31984.98,0.0
Southern Europe,2024-09-14,19.93,22.43,40.14,0.41,8.84,19.87,20905.64,0.0,19.55,25.9,38.28,0.4,13.19,18.55,13839.1,0.0,17.27,18.9,41.94,1.7,5.39,16.46,9337.88,0.01,19.07,21.13,42.17,0.23,9.69,20.56,18139.61,0.0
Southern Europe,2024-09-15,19.94,23.54,39.4,0.46,9.8,19.57,18754.91,0.0,20.32,27.4,32.59,0.3,13.46,15.05,8177.54,0.0,17.96,20.97,35.62,1.24,6.81,14.61,6014.79,0.01,19.82,22.4,38.17,0.3,10.64,18.7,14167.69,0.0
Southern Europe,2024-09-16,19.41,23.61,41.31,0.7,9.79,21.48,25349.33,0.0,20.37,27.9,34.62,0.28,13.02,16.64,10152.03,0.0,17.44,20.96,37.37,1.38,6.84,15.59,7831.23,0.01,18.48,22.44,38.9,1.38,11.02,19.9,19578.51,0.0
Southern Europe,2024-09-17,18.27,22.25,43.94,1.29,10.53,22.82,26269.0,0.0,18.78,25.49,37.8,0.92,12.95,18.51,12232.1,0.0,16.84,19.42,40.14,2.38,7.33,16.48,10345.07,0.01,16.88,20.7,42.02,1.84,11.19,21.93,25126.67,0.0
Southern Europe,2024-09-18,16.38,22.63,35.65,2.0,12.04,15.61,10884.18,0.0,16.33,24.86,32.07,2.84,15.23,14.42,6160.04,0.0,15.68,20.13,34.6,2.68,8.1,12.77,5522.31,0.01,15.99,20.97,34.28,2.43,11.85,16.03,11655.04,0.0
Southern Europe,2024-09-19,15.61,22.36,34.72,3.42,13.26,14.2,6370.37,0.0,15.39,23.98,34.97,3.98,15.5,13.74,5476.55,0.0,14.75,20.08,32.72,3.75,9.86,11.29,3501.64,0.0,16.41,21.12,34.33,3.31,13.01,12.86,5002.55,0.0
Southern Europe,2024-09-20,15.1,21.8,32.66,3.33,13.55,13.34,4830.22,0.0,15.53,23.69,32.83,2.4,15.42,13.19,4366.32,0.0,14.19,19.56,31.41,2.74,10.16,10.91,2988.03,0.0,14.88,20.71,29.65,2.23,13.55,11.82,3663.47,0.0
Southern Europe,2024-09-21,14.32,21.09,34.7,6.41,13.9,14.99,6771.43,0.0,14.84,23.05,34.42,4.32,16.12,14.75,5593.74,0.0,14.92,19.3,30.11,3.52,10.3,10.08,2326.73,0.0,15.12,20.39,30.3,3.98,13.79,12.3,4403.93,0.0
Southern Europe,2024-09-22,15.94,21.46,29.74,1.9,12.5,12.2,3910.95,0.0,16.79,23.53,29.83,0.58,14.37,12.69,3658.75,0.0,15.11,19.07,27.05,1.11,8.66,9.09,1669.23,0.0,14.5,20.08,27.92,2.34,13.0,10.49,3144.41,0.0
Southern Europe,2024-09-23,17.17,21.58,33.44,1.08,11.76,14.17,5761.18,0.0,17.9,23.72,31.21,1.01,13.32,14.04,4788.11,0.0,15.57,19.0,30.48,4.34,8.35,10.42,2556.55,0.0,15.35,20.07,33.09,5.18,12.44,14.23,6768.27,0.0
Southern Europe,2024-09-24,14.14,21.29,35.56,2.19,12.23,16.11,7533.31,0.0,13.4,22.48,33.35,0.76,12.64,14.66,5712.98,0.0,11.09,17.64,32.81,6.45,8.95,12.43,3915.63,0.0,12.8,20.11,37.88,4.03,12.45,17.11,10320.65,0.0
Southern Europe,2024-09-25,12.19,22.53,47.37,4.46,13.2,22.46,26772.3,0.0,12.13,23.9,38.7,1.58,14.91,18.43,12405.33,0.0,12.12,19.53,44.61,6.52,9.95,17.13,14082.8,0.0,11.19,20.83,44.6,5.89,13.57,22.32,28996.75,0.0
Southern Europe,2024-09-26,15.07,23.32,55.08,7.87,14.2,28.5,42148.1,0.0,14.35,24.85,49.08,1.9,16.57,25.29,29027.69,0.0,11.48,19.41,53.86,20.09,11.08,21.7,23923.61,0.0,13.09,21.0,54.01,13.51,14.05,26.71,42597.16,0.0
Southern Europe,2024-09-27,16.57,21.09,44.99,1.37,11.29,23.14,19343.35,0.0,17.36,23.07,39.89,0.37,13.29,20.41,13208.73,0.0,14.84,18.5,43.76,3.42,9.08,17.76,11152.17,0.0,15.94,20.3,44.36,2.91,11.8,20.9,16892.94,0.0
Southern Europe,2024-09-28,17.0,20.52,37.78,1.54,9.15,17.08,9824.7,0.0,18.42,23.08,35.32,0.67,9.91,17.1,8859.43,0.0,16.34,18.46,37.0,3.26,6.24,13.99,5330.26,0.0,16.74,19.93,40.63,1.12,9.75,17.99,9407.94,0.0
Southern Europe,2024-09-29,17.11,21.95,39.36,0.56,9.2,18.87,16771.56,0.0,18.23,24.72,31.88,0.37,10.3,14.93,8791.38,0.0,15.6,18.25,36.1,1.29,5.2,13.92,6358.15,0.0,16.2,20.18,35.8,0.47,9.79,16.41,10336.67,0.0
Southern Europe,2024-09-30,17.25,22.79,30.04,0.28,10.27,14.08,8222.32,0.0,18.47,25.82,26.07,0.02,11.02,11.28,5114.04,0.0,15.66,19.14,28.18,0.4,7.01,9.6,2474.5,0.0,15.48,20.93,27.94,0.44,11.17,12.69,4701.82,0.0
Southern Europe,2024-10-01,14.94,22.94,33.54,2.21,11.82,15.47,7680.87,0.0,16.38,25.5,30.82,0.22,12.67,13.5,5009.44,0.0,12.18,18.97,31.05,2.64,7.92,11.01,3105.23,0.0,11.88,20.66,31.23,2.54,12.88,13.9,7092.6,0.0
Southern Europe,2024-10-02,10.45,22.05,45.23,9.81,13.63,20.15,15364.31,0.0,12.78,24.52,42.73,3.06,15.33,19.99,13952.58,0.0,9.55,18.52,41.87,11.63,11.02,15.87,9907.81,0.0,10.21,20.64,40.26,11.88,14.23,18.34,12930.63,0.0
Southern Europe,2024-10-03,13.27,20.99,45.09,3.75,12.52,22.51,21529.58,0.0,14.32,23.84,43.18,3.44,14.65,21.98,18452.13,0.0,9.13,17.33,38.59,9.02,10.1,15.65,10008.32,0.0,9.92,19.3,41.23,8.47,13.53,19.37,14585.87,0.0
Southern Europe,2024-10-04,15.32,21.21,37.95,1.58,11.05,17.39,12315.27,0.0,15.04,23.92,35.69,1.38,13.73,16.28,8863.17,0.0,11.65,17.46,36.06,6.2,8.79,12.65,7910.39,0.0,12.24,18.7,36.89,3.0,12.38,16.07,9154.15,0.0
Southern Europe,2024-10-05,12.48,21.66,42.09,3.95,11.7,18.41,13480.49,0.0,13.32,24.31,36.76,1.81,14.56,15.61,6983.96,0.0,10.62,17.37,38.77,7.14,8.47,14.22,7479.88,0.0,11.25,19.26,40.74,4.64,12.02,18.57,15233.68,0.0
Southern Europe,2024-10-06,12.23,21.59,42.43,5.72,13.27,20.67,17401.95,0.0,13.67,24.49,37.29,1.32,15.23,17.42,10554.61,0.0,9.95,16.89,37.36,9.54,8.56,15.5,10396.37,0.0,11.23,19.64,40.77,11.25,11.92,20.76,26136.06,0.0
Southern Europe,2024-10-07,11.71,21.64,48.35,6.3,11.94,22.11,21568.53,0.0,11.25,22.96,46.94,6.24,13.92,20.65,16561.42,0.0,10.6,17.17,40.66,11.19,7.56,15.57,9351.04,0.0,10.86,19.34,43.89,6.43,11.68,20.61,19795.67,0.0
Southern Europe,2024-10-08,11.29,20.23,52.1,5.94,11.11,26.74,33410.09,0.0,12.06,21.35,43.33,3.12,12.62,22.37,19111.74,0.0,8.07,16.78,51.93,19.82,8.83,20.28,19604.55,0.0,8.77,19.34,54.61,15.0,12.61,26.15,38319.89,0.0
Southern Europe,2024-10-09,10.17,21.19,68.79,11.67,11.93,32.85,69946.4,0.0,9.54,21.88,59.08,4.1,13.37,30.27,53099.65,0.0,9.45,18.18,65.06,18.17,8.77,25.21,42311.99,0.0,8.95,20.02,68.66,14.95,12.23,32.89,81866.15,0.0
Southern Europe,2024-10-10,13.33,19.69,40.63,0.69,10.86,19.11,13795.43,0.0,13.78,21.01,36.7,0.92,12.29,17.03,10805.89,0.0,11.47,17.56,42.09,10.5,8.1,15.85,10169.92,0.0,12.58,19.4,41.23,6.13,12.07,17.12,11701.42,0.0
Southern Europe,2024-10-11,12.1,20.05,42.27,3.56,9.54,18.47,15762.07,0.0,11.04,21.35,37.08,5.25,11.38,17.06,10747.29,0.0,10.41,16.85,42.41,4.13,6.45,15.46,9306.92,0.0,10.71,19.18,47.84,4.33,10.26,22.8,31586.86,0.0
Southern Europe,2024-10-12,10.86,20.24,39.15,6.51,12.55,18.75,14006.35,0.0,9.04,20.86,36.68,23.13,14.38,18.98,12693.92,0.0,10.91,17.21,35.79,4.16,8.5,13.25,5741.05,0.0,11.38,18.99,36.07,11.89,11.97,18.6,15806.64,0.0
Southern Europe,2024-10-13,14.0,22.07,34.1,1.03,11.84,14.33,6248.99,0.0,13.12,22.54,32.6,3.4,13.69,14.8,6751.41,0.0,12.86,19.03,33.05,0.79,8.34,11.42,3527.84,0.0,13.42,20.49,32.56,1.92,12.37,14.07,6767.28,0.0
Southern Europe,2024-10-14,12.74,22.41,29.28,1.01,13.05,12.04,4089.28,0.0,11.77,22.96,29.88,1.98,14.3,12.37,4015.39,0.0,12.3,19.41,26.52,0.37,8.79,9.16,1812.33,0.0,12.22,20.71,24.94,1.15,13.37,10.74,3202.43,0.0
Southern Europe,2024-10-15,10.58,21.05,39.54,5.6,13.73,18.37,14148.48,0.0,9.62,21.01,41.27,9.5,14.77,19.71,16528.46,0.0,10.84,18.92,31.4,3.49,9.9,11.51,4662.33,0.0,9.61,20.37,34.4,5.49,13.84,17.24,15316.34,0.0
Southern Europe,2024-10-16,10.73,21.04,43.07,8.41,12.73,20.65,18649.37,0.0,11.58,22.01,43.37,9.59,14.0,23.11,21341.11,0.0,8.67,17.76,35.74,12.35,9.72,13.57,6190.55,0.0,9.24,19.57,40.4,10.41,12.97,19.43,16784.46,0.0
Southern Europe,2024-10-17,10.2,18.01,48.05,7.79,9.9,22.81,21845.37,0.0,10.94,18.75,45.38,6.44,10.69,23.49,20311.03,0.0,8.76,15.48,37.57,7.87,8.71,14.82,9350.58,0.0,10.19,18.3,41.09,9.64,11.55,20.06,17081.46,0.0
Southern Europe,2024-10-18,10.44,17.59,39.22,2.15,8.95,20.71,15698.83,0.0,11.13,18.33,33.89,1.75,9.33,18.15,10397.98,0.0,6.87,15.37,32.24,9.36,7.87,13.03,6118.13,0.0,8.51,17.78,35.18,7.72,11.64,16.93,10612.96,0.0
Southern Europe,2024-10-19,8.76,18.41,39.25,5.36,10.47,19.5,14883.19,0.0,10.47,19.85,31.28,2.32,11.45,15.13,6650.4,0.0,6.95,15.86,35.74,6.41,8.42,15.07,7519.18,0.0,7.44,18.01,34.93,7.76,12.7,17.26,11366.67,0.0
Southern Europe,2024-10-20,11.33,19.94,33.49,2.63,11.22,16.88,14814.93,0.0,12.47,21.41,24.14,0.72,11.83,11.47,4482.99,0.0,10.07,17.53,30.04,2.57,9.0,12.0,4525.7,0.0,10.43,19.5,34.08,5.19,12.85,17.12,12643.69,0.0
Southern Europe,2024-10-21,12.27,20.29,31.2,1.65,11.01,14.77,7986.57,0.0,14.04,22.25,23.67,0.19,11.55,10.61,3434.13,0.0,11.12,18.05,25.39,1.04,7.94,9.25,1872.67,0.0,10.23,19.7,32.43,2.06,12.1,15.03,9008.34,0.0
Southern Europe,2024-10-22,10.54,19.08,33.87,1.13,10.95,17.89,12538.38,0.0,12.74,21.6,26.74,0.68,11.83,13.63,5818.29,0.0,11.19,17.77,28.64,0.81,8.13,11.27,3540.01,0.0,11.21,19.38,31.44,1.28,11.8,16.95,13691.53,0.0
Southern Europe,2024-10-23,11.99,19.83,30.19,0.69,10.0,15.22,11400.87,0.0,12.46,21.31,29.06,1.51,11.8,15.65,8027.15,0.0,10.47,17.81,26.2,2.65,7.85,10.66,3575.1,0.0,11.17,19.85,27.94,3.01,12.02,14.12,7824.13,0.0
Southern Europe,2024-10-24,11.15,19.81,35.91,1.79,11.04,17.18,12782.85,0.0,12.2,21.32,29.55,1.37,12.05,15.06,6765.02,0.0,9.35,17.1,32.58,4.42,8.67,11.87,4569.36,0.0,9.58,19.24,34.73,3.53,12.52,16.75,11738.82,0.0
Southern Europe,2024-10-25,9.54,17.51,36.39,5.58,9.28,17.13,10398.91,0.0,9.56,18.6,35.69,4.79,10.0,16.89,8525.08,0.0,9.37,14.93,29.8,2.92,6.3,11.59,3767.34,0.0,8.84,17.02,34.72,5.17,10.07,17.98,14468.52,0.0
Southern Europe,2024-10-26,9.97,15.01,35.71,4.27,6.67,17.15,9992.32,0.0,9.49,15.48,34.78,4.76,6.77,17.03,8772.37,0.0,8.21,13.8,29.61,5.74,5.96,10.7,3223.47,0.0,7.53,15.86,35.82,7.83,9.15,16.78,10743.05,0.0
Southern Europe,2024-10-27,9.62,15.13,33.61,2.91,6.23,15.34,7770.76,0.0,10.51,15.58,29.45,2.4,5.9,14.03,5394.9,0.0,9.52,14.91,30.22,1.64,5.35,10.28,3090.23,0.0,10.4,16.73,32.79,1.64,9.16,14.98,8612.38,0.0
Southern Europe,2024-10-28,10.05,17.39,36.15,3.28,7.2,18.98,13882.45,0.0,11.27,18.21,36.27,2.97,6.71,19.13,12615.2,0.0,10.56,16.62,31.17,0.78,5.59,13.45,7242.4,0.0,10.74,17.91,33.28,1.06,8.72,17.87,12030.01,0.0
Southern Europe,2024-10-29,9.49,18.29,40.6,7.32,9.02,21.77,24765.68,0.0,8.27,19.08,44.74,13.81,10.18,23.67,28260.23,0.0,10.49,17.47,31.62,3.84,6.7,15.3,13199.51,0.0,10.16,18.48,34.16,2.25,9.96,19.28,20571.24,0.0
Southern Europe,2024-10-30,9.78,18.35,41.05,6.99,9.8,21.27,21651.35,0.0,9.13,18.21,38.57,9.88,9.15,19.07,14124.29,0.0,10.72,17.16,33.93,2.5,6.69,14.36,8789.5,0.0,9.75,18.3,34.27,3.54,9.75,17.54,15544.37,0.0
Southern Europe,2024-10-31,10.37,18.45,36.99,2.12,9.57,18.13,11217.52,0.0,8.93,18.7,33.82,5.83,10.31,17.62,9552.05,0.0,9.55,16.47,32.38,2.1,6.88,13.59,5668.31,0.0,10.08,18.39,36.06,2.45,9.68,16.6,10558.29,0.0
Southern Europe,2024-11-01,10.44,18.32,30.28,1.55,9.78,14.48,6376.73,0.0,10.01,18.92,30.39,3.39,10.49,14.77,5781.61,0.0,10.41,16.68,28.1,1.6,6.54,10.57,2880.72,0.0,9.6,18.05,27.6,2.05,10.47,13.09,5233.44,0.0
Southern Europe,2024-11-02,10.71,18.32,27.48,1.33,8.53,12.8,5291.48,0.0,11.37,19.41,26.36,1.39,9.47,12.69,3907.79,0.0,11.16,17.22,25.61,0.23,5.4,10.03,2508.9,0.0,11.2,18.85,25.58,1.08,9.67,11.84,4388.7,0.0
Southern Europe,2024-11-03,10.55,18.06,34.23,0.41,8.73,17.7,12500.11,0.0,10.71,19.25,33.46,0.79,9.39,18.11,10281.6,0.0,10.5,16.08,27.8,0.27,5.01,12.18,4652.58,0.0,10.69,18.54,29.86,0.11,9.22,16.71,9798.67,0.0
Southern Europe,2024-11-04,9.45,17.82,32.3,1.32,9.04,16.51,8383.54,0.0,10.05,19.16,28.94,1.29,9.98,15.27,6716.88,0.0,9.68,16.06,26.59,1.05,5.06,11.14,3479.24,0.0,9.36,17.82,28.91,2.35,9.5,15.78,10877.05,0.0
Southern Europe,2024-11-05,10.02,18.1,26.69,1.49,9.32,12.74,5620.23,0.0,10.01,19.1,22.94,1.09,10.29,10.62,2900.5,0.0,8.49,15.36,24.58,2.0,5.44,9.56,2083.64,0.0,9.46,17.62,27.35,1.74,9.6,14.28,11159.43,0.0
Southern Europe,2024-11-06,10.74,18.24,25.64,0.31,8.71,12.61,7661.0,0.0,11.38,19.52,24.13,0.2,9.73,12.7,4559.19,0.0,10.09,16.05,23.4,0.24,5.51,8.91,1784.21,0.0,10.33,18.04,23.78,0.27,9.66,11.87,4089.56,0.0
Southern Europe,2024-11-07,10.29,17.89,28.07,0.49,8.38,14.73,10535.39,0.0,11.14,19.08,26.97,0.22,8.95,15.15,7625.58,0.0,10.28,15.55,23.33,0.08,4.09,10.04,2807.55,0.0,10.04,17.68,27.78,0.28,9.05,14.36,7300.03,0.0
Southern Europe,2024-11-08,8.26,17.24,30.22,1.07,8.37,13.88,7223.72,0.0,8.25,18.21,27.57,0.36,9.08,13.74,5873.78,0.0,8.61,14.4,26.88,0.64,4.27,9.66,2551.78,0.0,8.23,16.76,29.44,0.75,9.19,13.89,5856.39,0.0
Southern Europe,2024-11-09,9.23,16.42,30.51,0.93,7.92,14.62,6840.5,0.0,9.59,17.93,26.13,0.36,9.22,12.35,4140.07,0.0,9.44,13.9,24.49,0.51,3.61,9.47,2488.95,0.0,9.05,16.08,27.12,1.22,8.69,12.4,4085.21,0.0
Southern Europe,2024-11-10,8.78,16.09,32.24,1.83,6.96,17.08,9514.37,0.0,10.21,17.98,28.22,0.37,7.06,15.34,6986.45,0.0,8.28,13.7,26.98,1.23,3.63,10.81,2987.59,0.0,9.07,16.59,30.6,1.27,8.21,15.94,8714.97,0.0
Southern Europe,2024-11-11,9.0,15.05,38.54,1.46,6.11,20.54,16152.72,0.0,9.98,17.09,32.76,0.59,7.59,18.28,10412.03,0.0,9.03,12.43,31.89,0.54,2.71,14.19,6487.77,0.0,9.78,15.76,36.94,0.66,7.26,20.13,14956.9,0.0
Southern Europe,2024-11-12,8.68,13.56,45.2,2.52,3.8,23.81,27238.41,0.0,9.65,15.8,36.1,1.98,5.37,19.51,14421.15,0.0,8.16,10.66,37.14,2.12,0.46,17.05,11056.41,0.0,9.06,14.17,42.97,1.62,4.42,23.4,24795.88,0.0
Southern Europe,2024-11-13,6.78,11.77,43.43,4.29,2.8,22.59,24198.85,0.0,6.2,12.22,38.84,6.66,3.64,21.99,18511.82,0.0,7.57,9.6,41.08,3.46,-0.88,18.31,16401.69,0.0,7.96,12.58,43.89,4.61,2.78,23.4,27581.89,0.0
Southern Europe,2024-11-14,7.58,14.98,39.7,3.15,5.19,20.12,18760.25,0.0,6.64,16.02,38.81,6.98,6.26,21.41,16811.91,0.0,7.12,10.83,38.52,2.95,0.36,17.65,13512.83,0.01,7.85,14.28,40.26,5.29,3.89,20.79,21994.37,0.0
Southern Europe,2024-11-15,7.27,14.58,39.03,2.91,6.1,21.3,18234.57,0.0,7.44,16.69,38.77,5.18,8.03,21.82,17267.65,0.0,7.58,11.91,33.03,3.03,1.43,14.45,7561.35,0.01,7.65,14.78,40.37,2.81,5.22,21.06,19350.04,0.0
Southern Europe,2024-11-16,8.31,15.27,35.13,1.42,5.67,18.65,16354.32,0.0,8.53,16.68,35.83,3.33,6.93,20.33,16488.24,0.0,8.08,12.54,30.62,1.46,1.65,12.63,6340.61,0.01,8.7,15.59,34.79,1.09,5.65,18.55,16428.62,0.0
Southern Europe,2024-11-17,9.4,16.59,26.69,0.33,5.07,12.69,7890.97,0.0,9.15,17.75,27.11,0.74,6.89,13.23,6680.54,0.0,9.35,13.86,23.77,0.22,0.94,9.21,2455.94,0.01,8.57,15.74,29.86,0.35,6.21,14.02,8397.41,0.0
Southern Europe,2024-11-18,9.35,16.63,25.67,0.78,6.25,11.02,3765.56,0.0,9.93,17.82,21.76,0.63,7.41,8.74,1873.34,0.0,8.05,13.36,23.53,0.92,2.61,7.43,1096.28,0.0,8.35,15.67,26.94,0.78,7.29,9.09,1863.29,0.0
Southern Europe,2024-11-19,8.57,16.03,33.43,0.82,6.35,15.76,8667.18,0.0,9.34,17.22,26.15,0.63,7.71,12.5,4667.9,0.0,6.64,12.14,31.67,1.56,2.62,11.38,3997.3,0.0,7.36,14.78,33.36,1.16,7.48,14.1,8830.75,0.0
Southern Europe,2024-11-20,6.99,15.41,49.54,2.82,6.39,27.07,31591.3,0.0,8.89,16.56,39.53,1.22,6.87,22.38,20400.84,0.0,6.13,11.61,55.52,7.03,1.15,22.67,21877.59,0.01,6.19,14.38,54.12,5.29,6.53,25.42,29737.02,0.0
Southern Europe,2024-11-21,6.28,14.15,61.5,4.76,5.68,32.1,52097.14,0.0,6.92,15.16,51.4,1.09,6.15,27.1,32599.69,0.0,5.61,9.22,59.02,8.05,-0.44,24.02,30735.45,0.02,5.84,13.01,55.09,7.04,4.84,26.48,37040.2,0.01
Southern Europe,2024-11-22,7.56,14.24,56.55,4.95,3.52,26.48,36474.65,0.0,6.94,15.79,47.55,2.45,5.82,24.13,28525.58,0.0,6.45,9.66,62.17,9.4,-1.56,21.91,29229.87,0.04,6.8,13.09,56.94,4.99,3.68,24.64,29400.76,0.02
Southern Europe,2024-11-23,8.24,14.4,45.34,0.35,2.65,23.84,29693.43,0.0,9.05,16.6,37.46,0.5,5.34,19.16,15190.64,0.0,8.29,10.21,48.08,0.46,-2.97,18.65,15957.55,0.04,8.79,14.09,46.95,0.05,2.72,24.13,32429.56,0.02
Southern Europe,2024-11-24,7.99,15.72,50.91,2.31,4.13,28.74,55418.53,0.0,7.67,16.88,40.79,0.48,5.19,25.2,32645.0,0.0,6.51,11.53,44.9,1.78,-0.29,22.17,37281.55,0.03,6.44,15.34,49.76,4.34,4.41,29.87,78141.18,0.02
Southern Europe,2024-11-25,7.29,15.61,51.28,6.88,4.23,23.56,33344.26,0.0,7.28,16.83,46.19,5.45,6.05,23.63,29995.42,0.0,6.95,11.6,45.57,9.09,0.68,16.11,14668.24,0.03,6.66,14.25,47.22,8.77,5.1,19.49,23592.67,0.01
Southern Europe,2024-11-26,7.51,13.77,26.4,0.12,3.52,12.7,6083.64,0.0,7.81,14.37,20.85,0.14,4.46,10.17,2601.29,0.0,6.01,10.74,25.29,1.05,1.14,9.03,2277.7,0.03,6.33,14.0,26.92,0.95,5.94,12.45,5643.42,0.01
Southern Europe,2024-11-27,8.93,14.86,23.03,0.09,3.77,10.74,5627.19,0.0,9.54,15.48,19.27,0.18,3.44,9.59,2051.55,0.0,7.56,12.06,20.0,0.53,0.83,7.73,1227.93,0.02,7.99,14.81,27.11,0.36,5.26,13.65,7355.5,0.01
Southern Europe,2024-11-28,8.97,15.54,25.84,0.39,4.2,13.13,8966.99,0.0,9.32,16.5,23.46,0.13,4.63,13.4,6235.34,0.0,7.39,12.79,29.45,0.71,0.64,11.51,3723.83,0.02,7.94,15.65,32.31,0.55,5.67,17.22,14910.82,0.01
Southern Europe,2024-11-29,7.33,15.85,33.58,1.59,4.73,16.93,11182.06,0.0,8.0,17.44,25.8,1.02,6.27,13.97,6173.85,0.0,6.92,12.28,33.95,3.15,1.31,14.52,7142.0,0.02,6.51,15.13,35.13,1.63,6.14,16.46,10105.0,0.01
Southern Europe,2024-11-30,7.55,15.17,33.3,3.38,5.07,17.29,12328.35,0.0,8.34,17.16,24.67,3.59,6.53,13.46,6691.32,0.0,6.61,11.06,33.31,3.58,1.49,14.49,8645.95,0.03,7.47,14.33,34.23,1.23,5.52,17.54,12244.4,0.01
Southern Europe,2024-12-01,6.7,14.98,35.21,3.89,5.23,17.34,13689.83,0.0,6.77,16.32,29.91,6.52,6.21,15.04,9885.43,0.0,6.19,12.09,32.85,4.62,1.23,14.35,8070.76,0.03,6.05,14.48,34.92,1.64,5.48,16.18,10271.81,0.01
Southern Europe,2024-12-02,7.25,14.37,28.84,2.05,5.26,13.21,5280.33,0.0,7.28,16.03,25.65,1.51,6.21,12.75,4660.78,0.0,7.01,11.72,26.31,1.38,1.26,10.14,2746.99,0.03,7.2,14.03,28.01,0.79,4.9,12.52,5836.59,0.01
Southern Europe,2024-12-03,6.59,13.02,32.1,1.41,4.59,14.39,7440.09,0.0,7.37,14.45,28.25,0.81,5.53,12.92,5059.05,0.0,5.51,9.33,26.73,1.1,0.65,9.02,2618.41,0.03,5.54,12.66,32.28,1.8,4.79,13.98,9295.53,0.01
Southern Europe,2024-12-04,7.16,12.67,36.27,2.59,3.77,17.67,12538.56,0.0,7.48,14.44,34.64,1.84,4.75,17.86,10941.13,0.0,5.79,9.17,29.32,2.34,-0.25,12.01,5441.18,0.03,6.56,12.82,34.0,2.34,4.56,15.76,9554.86,0.01
Southern Europe,2024-12-05,6.36,13.33,35.61,4.92,3.49,18.75,13961.43,0.0,7.94,14.68,27.64,1.69,4.12,14.16,7852.93,0.0,5.74,8.89,31.14,1.9,-1.53,13.56,6866.28,0.03,6.16,12.57,36.16,1.96,3.69,17.18,13701.38,0.01
Southern Europe,2024-12-06,6.48,14.89,35.3,1.52,5.55,18.23,13849.81,0.0,7.56,15.78,27.03,0.6,5.35,13.86,8066.03,0.0,5.88,10.51,33.9,1.65,0.7,12.46,6143.17,0.04,6.19,13.57,37.52,1.04,5.18,16.04,10740.67,0.01
Southern Europe,2024-12-07,6.69,13.21,49.81,2.8,2.59,24.12,28550.93,0.0,7.43,15.19,40.88,2.02,3.86,20.01,19136.52,0.0,6.18,9.31,43.37,3.26,-2.1,16.94,14272.82,0.04,6.55,12.61,49.61,2.7,2.0,23.48,40183.74,0.01
Southern Europe,2024-12-08,6.23,9.83,60.67,5.36,0.12,32.8,55949.84,0.0,8.16,11.73,49.65,3.49,0.78,27.84,41275.07,0.0,5.01,6.75,49.23,7.18,-3.03,22.43,26948.6,0.05,5.47,9.84,60.15,10.29,0.31,33.01,65711.08,0.02
Southern Europe,2024-12-09,6.69,9.54,48.98,3.51,-0.23,27.02,31412.89,0.0,8.17,10.74,41.3,2.46,-0.05,23.52,23016.04,0.0,5.75,6.33,38.63,3.56,-2.9,17.16,13435.77,0.06,6.36,9.54,46.2,3.39,0.17,24.21,29898.39,0.02
Southern Europe,2024-12-10,6.73,9.27,36.59,1.67,0.1,18.05,11339.62,0.01,7.89,10.67,28.98,1.52,-0.09,14.73,6688.57,0.0,6.02,6.45,27.3,1.91,-3.16,11.97,4505.69,0.06,6.67,9.47,33.03,2.32,0.81,15.59,7426.45,0.02
Southern Europe,2024-12-11,6.55,8.94,26.11,0.7,-0.3,12.51,4271.47,0.01,7.54,10.53,24.16,0.61,-0.33,12.79,3640.69,0.0,6.32,6.48,25.13,0.7,-4.05,10.61,2526.27,0.06,7.16,9.7,26.69,1.26,-0.13,12.85,4406.73,0.02
Southern Europe,2024-12-12,6.67,9.76,27.48,1.4,-0.64,14.11,5661.94,0.01,6.83,10.55,27.78,2.95,-0.24,15.37,6457.53,0.0,6.84,6.97,25.62,0.34,-4.47,10.68,2883.55,0.05,6.94,9.91,28.4,3.02,-0.12,14.14,5648.47,0.02
Southern Europe,2024-12-13,6.72,10.44,27.62,1.24,0.58,13.0,5356.88,0.0,7.11,11.48,23.09,1.42,1.58,10.88,3544.83,0.0,6.44,7.11,23.07,0.69,-4.09,8.66,1717.59,0.05,6.04,10.14,26.12,1.73,1.07,12.53,4390.57,0.02
Southern Europe,2024-12-14,7.73,10.94,31.36,2.11,0.62,15.29,8046.74,0.0,7.85,11.88,26.16,1.41,0.73,13.39,5638.71,0.0,6.36,7.57,29.02,3.11,-3.21,10.66,4217.53,0.05,6.94,10.83,31.96,4.13,1.6,14.06,5810.4,0.02
Southern Europe,2024-12-15,6.92,10.36,37.72,0.85,0.08,20.14,15442.53,0.0,8.19,11.8,33.37,0.69,0.1,20.05,13964.33,0.0,7.13,7.72,33.68,0.93,-4.32,14.91,6502.85,0.05,7.15,10.71,37.04,0.59,0.52,18.5,10558.72,0.02
Southern Europe,2024-12-16,8.5,11.36,35.82,0.08,-0.91,19.57,21473.91,0.0,9.01,12.22,32.36,0.02,-0.54,20.05,17255.94,0.0,7.7,9.73,30.81,0.01,-4.43,13.86,7008.01,0.05,7.8,12.63,36.5,0.04,0.12,19.46,17175.85,0.02
Southern Europe,2024-12-17,8.03,13.18,29.26,0.32,-0.22,15.92,15398.08,0.0,8.35,13.25,24.49,0.05,0.13,13.39,6851.33,0.0,7.34,11.5,28.45,0.25,-2.2,11.73,5558.88,0.05,7.49,13.6,33.99,0.17,1.73,18.78,22709.08,0.02
Southern Europe,2024-12-18,7.26,14.13,33.84,2.19,2.6,16.82,16268.73,0.0,8.04,15.31,22.24,0.19,2.75,12.03,5591.55,0.0,6.26,11.26,30.0,2.25,0.02,13.05,8715.53,0.04,6.13,13.51,34.68,3.69,3.95,19.37,27478.1,0.01
Southern Europe,2024-12-19,6.27,13.42,48.04,3.35,2.62,23.68,26391.84,0.0,6.26,14.86,39.19,1.8,4.35,20.78,17803.79,0.0,5.2,9.99,44.98,6.43,-0.57,17.26,14586.92,0.04,5.34,12.74,47.59,5.04,3.32,21.59,23048.46,0.01
Southern Europe,2024-12-20,6.9,10.57,44.32,2.1,-0.09,23.44,25156.5,0.0,8.04,12.0,37.79,1.58,0.74,21.14,20344.05,0.0,6.29,7.03,51.05,5.37,-4.28,21.53,18985.37,0.05,6.59,10.35,52.43,3.36,0.41,24.24,24154.08,0.02
Southern Europe,2024-12-21,7.31,10.27,37.2,1.54,-0.93,19.52,16371.7,0.0,8.55,11.39,31.89,1.27,-1.16,19.19,13722.61,0.0,6.58,6.46,34.63,1.55,-5.99,14.02,7881.74,0.05,7.13,10.25,39.77,0.63,-0.63,19.77,15578.25,0.02
Southern Europe,2024-12-22,7.59,11.92,43.42,1.09,-0.08,21.11,21119.01,0.0,8.78,13.22,32.95,0.39,-0.76,17.61,14188.49,0.0,6.07,7.68,40.95,2.65,-4.53,14.43,9737.53,0.06,6.47,11.16,46.64,2.54,0.46,21.25,23653.11,0.02
Southern Europe,2024-12-23,6.02,9.85,59.32,5.51,-0.48,32.02,52561.69,0.0,7.74,12.15,49.58,3.0,0.41,28.58,41244.5,0.0,5.82,6.4,59.25,7.57,-4.73,24.8,27620.93,0.07,6.48,10.44,63.54,5.35,-0.48,30.02,48796.57,0.02
Southern Europe,2024-12-24,6.76,11.24,47.74,2.68,-0.5,26.68,31326.94,0.01,8.23,13.1,39.99,1.23,-0.11,23.68,23326.5,0.0,6.52,7.47,49.39,2.27,-4.77,22.83,19225.24,0.09,6.99,10.93,50.09,1.69,-0.44,23.83,20643.09,0.02
Southern Europe,2024-12-25,7.24,12.57,40.42,1.65,1.45,20.98,20554.65,0.01,8.2,13.96,31.44,0.92,1.08,18.49,12836.05,0.01,6.55,8.55,38.77,0.85,-3.56,17.3,14692.34,0.09,7.51,12.03,40.94,0.21,0.68,20.95,20438.1,0.02
Southern Europe,2024-12-26,6.74,11.72,31.96,1.98,1.65,17.13,20142.58,0.01,7.77,13.15,28.03,2.65,1.55,16.58,13166.83,0.01,6.65,8.87,31.06,1.13,-3.12,13.28,10429.36,0.09,7.2,11.96,33.65,0.06,1.33,17.3,14257.71,0.02
Southern Europe,2024-12-27,7.57,11.44,32.9,0.4,0.95,18.11,19215.75,0.01,8.17,12.51,29.23,0.3,1.09,16.7,12016.59,0.01,7.35,9.17,27.88,0.1,-2.96,11.91,6052.59,0.09,7.76,12.15,31.1,0.02,1.47,15.76,9389.93,0.02
Southern Europe,2024-12-28,7.81,10.49,27.03,0.27,-0.19,13.58,9963.2,0.01,8.58,11.69,25.78,0.18,0.1,14.32,7274.01,0.01,7.46,9.25,24.02,0.03,-3.19,9.84,2769.9,0.09,7.83,11.9,25.37,0.02,1.35,12.58,4516.11,0.02
Southern Europe,2024-12-29,7.93,10.1,22.42,0.09,-0.74,10.78,5379.33,0.01,8.76,11.45,21.55,0.07,-0.79,11.96,3789.16,0.01,7.59,8.5,20.9,0.0,-3.96,8.2,1298.33,0.08,8.03,11.64,21.85,0.07,0.73,10.18,2240.41,0.02
Southern Europe,2024-12-30,8.26,10.05,20.54,0.14,-1.26,9.12,3524.83,0.01,8.9,11.34,20.51,0.03,-0.9,11.01,3276.61,0.01,7.87,8.64,19.48,0.0,-4.38,6.85,922.62,0.08,8.26,11.4,21.21,0.0,0.53,9.66,2331.87,0.02
Southern Europe,2024-12-31,7.98,9.69,20.63,0.11,-1.28,9.02,2474.19,0.01,8.45,11.0,20.4,0.24,-0.81,10.56,2656.21,0.01,7.61,7.87,19.87,0.03,-4.39,7.43,1086.04,0.08,8.01,10.99,22.36,0.01,0.42,10.23,2487.57,0.02
Southern Europe,2025-01-01,8.0,9.74,24.35,0.08,-1.36,11.35,5616.03,0.01,8.4,11.0,23.08,0.11,-0.56,11.95,3922.7,0.0,7.64,7.8,22.75,0.03,-4.8,8.72,1923.6,0.07,7.95,10.91,26.16,0.05,-0.1,12.89,6309.64,0.02
Southern Europe,2025-01-02,7.66,10.24,29.09,0.11,-1.17,14.66,9365.99,0.01,8.84,11.59,21.97,0.06,-0.96,10.57,2970.26,0.0,6.48,7.52,30.72,0.34,-4.44,11.92,4392.99,0.07,6.78,10.68,30.83,0.1,0.36,15.44,10170.03,0.02
Southern Europe,2025-01-03,5.34,10.72,36.45,4.11,0.26,20.86,20709.22,0.01,7.4,11.96,26.75,0.88,0.08,14.63,8579.31,0.0,4.88,7.55,40.42,4.98,-3.45,17.86,12222.31,0.07,5.28,10.75,39.97,4.64,1.36,21.53,20760.43,0.02
Southern Europe,2025-01-04,6.56,11.44,35.31,0.98,1.79,19.12,18574.06,0.01,7.5,12.49,27.14,0.36,1.14,14.0,6481.21,0.0,6.18,7.09,34.59,1.13,-3.72,14.8,8466.1,0.08,6.07,11.21,37.82,1.37,1.84,19.91,23776.93,0.02
Southern Europe,2025-01-05,5.81,12.04,48.9,8.05,1.4,26.2,41375.36,0.01,5.19,12.68,42.61,5.53,2.87,23.05,25777.31,0.0,4.12,8.19,44.9,12.89,-2.24,21.16,27188.4,0.08,4.69,11.88,51.46,10.86,2.52,28.85,62462.4,0.02
Southern Europe,2025-01-06,6.15,11.65,50.04,3.77,2.01,25.43,28125.44,0.01,6.83,12.41,42.95,3.88,3.01,24.17,22657.48,0.0,4.87,8.09,46.08,7.2,-0.37,19.31,16103.62,0.08,5.87,11.38,47.57,6.49,3.2,23.19,27340.12,0.02
Southern Europe,2025-01-07,5.61,11.52,44.75,3.16,1.32,24.43,28109.2,0.0,6.85,12.19,34.73,0.74,1.35,18.42,13071.08,0.0,4.38,8.76,42.5,7.39,-1.5,19.16,16734.1,0.09,5.19,11.91,45.62,4.97,2.53,23.32,31677.72,0.03
Southern Europe,2025-01-08,6.3,13.21,52.33,5.56,3.66,28.45,49510.2,0.0,6.54,13.63,40.72,2.45,3.39,21.25,21125.64,0.0,4.96,9.95,48.26,8.21,-0.12,22.18,28391.92,0.09,5.58,12.62,53.87,7.14,3.18,28.06,59372.46,0.03
Southern Europe,2025-01-09,6.41,13.88,49.11,2.36,4.53,25.29,29664.31,0.0,6.98,14.77,38.71,1.3,5.77,20.51,17505.21,0.0,4.82,10.36,45.58,4.29,1.59,20.37,18447.43,0.08,5.78,12.96,44.97,3.54,5.4,21.41,22852.54,0.02
Southern Europe,2025-01-10,6.7,13.82,38.02,1.68,4.88,21.35,19206.92,0.0,6.97,14.36,29.03,0.36,4.8,14.69,7863.37,0.0,4.77,9.87,41.45,2.73,0.43,17.7,10488.48,0.08,5.52,13.08,41.44,2.45,5.2,20.9,17937.58,0.02
Southern Europe,2025-01-11,6.21,13.9,43.31,4.74,4.58,22.15,21571.63,0.0,6.38,15.57,36.09,1.31,5.92,20.14,16368.09,0.0,6.12,9.35,36.7,3.94,-0.65,15.01,11100.32,0.08,5.41,12.77,38.05,4.73,4.78,16.68,9152.09,0.01
Southern Europe,2025-01-12,7.53,10.95,47.52,5.64,-0.43,26.47,32990.73,0.0,8.24,13.14,40.78,2.94,1.82,22.66,22482.74,0.0,7.24,7.27,39.32,3.18,-5.06,18.57,15885.86,0.07,7.25,10.81,46.85,6.48,-0.05,24.64,30146.13,0.01
Southern Europe,2025-01-13,7.84,8.43,43.09,3.87,-3.21,25.05,29405.2,0.0,9.12,10.06,33.78,2.4,-2.42,19.81,17776.35,0.0,7.47,5.52,40.52,1.5,-6.96,19.13,18531.06,0.07,8.08,8.99,46.3,0.61,-2.49,25.21,31619.21,0.01
Southern Europe,2025-01-14,8.25,8.71,39.61,2.31,-3.77,21.2,21988.66,0.0,9.42,9.66,33.17,1.56,-3.68,19.33,14874.21,0.0,8.2,5.79,34.49,1.26,-7.45,15.41,13340.86,0.07,8.57,9.21,42.79,0.83,-2.99,21.65,24278.15,0.01
Southern Europe,2025-01-15,9.01,9.77,32.31,0.82,-3.56,16.35,10649.11,0.0,9.88,10.33,24.92,0.56,-4.08,13.2,5858.72,0.0,8.19,7.43,27.12,0.4,-7.1,10.08,3202.47,0.07,8.95,10.04,33.85,0.15,-2.55,15.01,7689.62,0.01
Southern Europe,2025-01-16,7.8,9.44,37.11,1.12,-2.18,19.05,14626.03,0.01,9.1,10.66,29.71,0.89,-2.95,15.79,10067.97,0.01,7.98,7.1,30.22,0.89,-6.28,13.01,5353.16,0.09,8.41,10.17,37.58,1.73,-1.5,19.47,16535.04,0.03
Southern Europe,2025-01-17,7.65,9.21,39.55,3.35,-1.93,20.99,19168.39,0.01,8.93,10.48,37.65,1.11,-1.57,21.55,18294.41,0.01,8.12,6.48,33.7,2.01,-6.1,15.66,10975.55,0.09,8.12,9.9,41.93,3.83,-1.24,21.83,23272.36,0.03
Southern Europe,2025-01-18,8.94,10.05,28.75,4.48,-1.76,14.45,8371.11,0.01,10.11,11.48,24.42,0.87,-1.83,13.4,7721.86,0.01,8.86,8.24,27.46,1.87,-6.04,11.28,4512.87,0.09,8.34,10.68,35.78,5.64,-1.16,16.74,12390.07,0.03
Southern Europe,2025-01-19,7.99,10.03,28.46,2.59,-1.68,13.66,6958.35,0.0,9.18,11.32,23.51,0.86,-1.72,11.1,4250.09,0.01,5.92,7.17,28.27,2.72,-4.39,11.36,3960.06,0.09,5.26,9.99,32.53,3.88,0.19,16.87,13827.59,0.03
Southern Europe,2025-01-20,5.54,10.51,30.21,4.21,0.91,15.95,9187.52,0.0,4.62,11.26,30.25,9.27,1.98,17.86,12117.4,0.01,4.73,7.93,26.27,4.21,-1.64,11.74,4636.8,0.09,4.27,11.01,32.99,10.23,3.0,18.21,16737.74,0.03
Southern Europe,2025-01-21,6.04,12.03,35.44,6.06,3.08,18.67,13769.5,0.0,5.49,13.09,36.49,12.44,4.78,20.67,18373.31,0.01,5.96,8.83,29.09,7.35,-0.79,12.87,7066.68,0.09,6.33,12.12,38.22,10.31,3.56,20.35,21120.72,0.04
Southern Europe,2025-01-22,6.53,13.01,41.39,5.19,3.79,21.7,22033.05,0.0,6.9,14.21,43.83,11.72,5.2,24.01,26806.04,0.0,4.89,8.71,33.96,7.49,-0.24,14.11,8493.39,0.09,5.34,11.95,41.04,11.82,3.86,21.4,25609.81,0.04
Southern Europe,2025-01-23,8.05,14.16,36.25,2.01,4.04,17.63,11137.51,0.0,7.82,14.94,32.93,6.77,5.61,16.96,9511.91,0.0,6.37,10.69,30.56,3.24,0.3,12.43,5072.71,0.09,7.75,13.3,37.5,4.29,4.1,17.11,14331.62,0.04
Southern Europe,2025-01-24,7.36,13.94,43.86,1.62,4.3,21.75,28590.92,0.0,7.63,14.8,32.17,0.78,5.72,16.23,8552.98,0.0,6.64,10.95,41.05,2.09,-0.25,16.52,14130.17,0.09,6.88,13.57,44.75,1.88,4.02,21.92,36409.31,0.04
Southern Europe,2025-01-25,7.45,12.75,44.66,4.35,3.18,21.84,22221.31,0.0,7.43,14.15,37.97,4.06,4.69,19.74,14865.59,0.0,7.04,9.88,40.27,5.47,-0.36,16.26,12725.94,0.08,6.9,12.4,43.53,5.67,3.78,19.78,23192.93,0.04
Southern Europe,2025-01-26,6.1,13.22,58.62,9.67,2.15,30.36,64849.07,0.0,6.31,14.22,47.58,2.2,3.66,24.23,31761.97,0.0,4.88,10.35,55.55,18.2,-0.9,23.21,36745.12,0.09,4.98,13.04,60.29,13.51,3.17,31.64,83856.81,0.04
Southern Europe,2025-01-27,7.11,14.36,63.71,11.28,2.62,34.77,78028.98,0.0,6.46,15.29,60.29,11.04,4.79,36.0,76754.21,0.0,5.06,10.44,57.81,17.59,-0.7,26.01,41197.57,0.1,5.85,13.43,62.82,12.5,2.68,35.89,97221.01,0.05
Southern Europe,2025-01-28,8.04,11.52,61.82,5.47,1.07,34.16,61004.25,0.0,9.3,12.59,56.36,4.12,2.63,31.75,48526.38,0.0,6.43,8.51,60.23,18.52,-1.86,26.33,37440.86,0.11,7.62,12.09,64.72,13.83,1.28,32.47,63134.02,0.06
Southern Europe,2025-01-29,6.18,10.51,58.21,7.1,0.99,27.97,44072.7,0.0,5.87,11.75,52.58,5.52,2.12,25.93,32095.35,0.0,7.08,8.47,50.31,8.9,-2.24,20.36,20067.48,0.12,6.81,11.14,60.75,8.72,0.85,29.19,65364.16,0.06
Southern Europe,2025-01-30,8.51,10.4,55.66,3.35,0.45,27.01,37687.05,0.0,9.91,12.0,47.87,1.53,1.7,25.39,28016.87,0.0,8.29,8.15,41.33,2.76,-2.6,17.39,15482.93,0.12,8.58,10.78,49.64,3.7,0.7,26.38,54819.78,0.06
Southern Europe,2025-01-31,10.95,11.41,34.87,0.3,-0.62,16.68,12363.88,0.01,11.45,12.16,34.67,0.33,0.09,17.57,11562.54,0.0,9.27,9.06,25.94,0.9,-3.56,10.05,3461.68,0.11,9.38,11.23,32.94,1.13,0.63,14.61,9064.07,0.06
Southern Europe,2025-02-01,8.41,11.43,34.62,1.36,0.5,16.56,9271.48,0.0,10.4,12.91,31.16,0.79,-0.11,14.62,6531.48,0.0,7.22,9.14,26.41,1.71,-1.51,10.32,3352.25,0.12,6.65,11.22,31.31,2.64,2.53,14.29,7146.55,0.06
Southern Europe,2025-02-02,8.94,10.78,37.42,3.42,0.21,17.18,11125.36,0.0,8.78,12.04,29.55,1.5,1.13,14.55,7315.71,0.0,8.41,8.89,34.25,1.99,-2.83,12.97,5530.43,0.11,8.73,11.43,42.39,4.21,1.22,20.66,26557.93,0.06
Southern Europe,2025-02-03,9.67,11.01,34.14,3.06,0.37,16.25,8340.76,0.0,9.95,12.14,34.15,3.09,0.83,17.9,10426.5,0.0,9.7,8.95,30.89,1.68,-3.65,13.05,5169.97,0.11,9.86,11.55,38.58,1.95,0.96,17.49,14233.82,0.06
Southern Europe,2025-02-04,10.89,11.16,27.76,1.04,-0.86,13.17,6313.04,0.0,11.75,12.47,23.69,1.06,-0.36,12.16,4242.63,0.0,10.56,8.78,24.39,0.64,-4.65,9.22,2547.99,0.11,10.72,11.61,24.91,0.17,0.5,11.08,2931.07,0.06
Southern Europe,2025-02-05,12.13,11.54,30.18,0.07,-1.2,16.3,9891.55,0.0,12.85,13.16,24.78,0.06,-1.12,13.04,4747.48,0.0,11.84,9.92,25.06,0.04,-4.75,10.03,2417.68,0.11,11.73,12.33,27.05,0.08,0.2,13.4,5602.28,0.06
Southern Europe,2025-02-06,11.83,11.34,27.43,0.56,-1.61,12.76,6333.25,0.0,12.97,12.73,21.77,0.06,-1.51,10.42,2821.24,0.0,11.36,8.89,24.37,0.26,-4.85,9.94,2789.44,0.1,11.22,11.77,26.03,0.22,0.03,11.9,4734.81,0.05
Southern Europe,2025-02-07,8.3,10.27,41.52,5.99,-1.23,20.08,15056.96,0.0,9.17,11.45,37.16,2.72,-0.42,16.68,9496.82,0.0,8.06,7.36,34.6,4.91,-4.15,14.32,6550.99,0.1,7.94,10.31,39.32,7.61,0.51,18.72,15021.48,0.05
Southern Europe,2025-02-08,10.03,10.08,37.71,2.96,-0.62,19.12,14951.4,0.0,10.72,11.6,32.25,1.51,1.71,16.43,9285.33,0.0,8.1,7.49,28.34,2.93,-3.31,11.81,4839.73,0.1,7.24,10.22,31.68,3.75,1.51,14.95,8060.23,0.06
Southern Europe,2025-02-09,9.61,12.16,30.43,2.78,0.57,15.44,9053.16,0.0,11.42,13.34,24.31,1.28,0.75,10.84,4047.76,0.0,7.39,9.18,25.81,4.57,-1.32,10.22,2612.38,0.11,8.24,11.75,27.85,4.19,3.06,13.38,6206.19,0.06
Southern Europe,2025-02-10,10.01,12.28,30.9,3.13,1.71,14.14,6695.19,0.0,10.39,13.54,27.7,0.86,2.49,12.35,4196.94,0.0,8.9,9.55,26.97,1.14,-0.51,9.23,2060.79,0.11,9.46,12.46,28.37,1.2,3.4,12.76,4540.99,0.06
Southern Europe,2025-02-11,10.21,12.42,35.11,3.14,1.85,17.11,10422.82,0.0,9.85,13.53,35.07,4.05,2.52,17.92,11594.42,0.0,6.64,8.66,28.79,4.57,-0.24,11.52,4562.54,0.1,7.91,12.07,35.69,5.17,3.68,16.92,12738.34,0.06
Southern Europe,2025-02-12,8.09,11.01,35.73,3.72,2.36,18.17,10929.96,0.0,9.72,12.59,35.27,2.21,3.31,18.61,10897.39,0.0,6.79,8.07,28.61,2.47,-0.25,12.07,4358.81,0.1,8.23,11.55,33.13,1.86,4.07,15.88,9198.86,0.05
Southern Europe,2025-02-13,10.56,12.85,29.87,1.32,1.58,15.11,8125.69,0.0,11.71,13.82,24.14,1.12,1.95,11.67,4064.29,0.0,8.21,9.71,26.71,1.91,-0.12,10.59,3074.89,0.1,9.64,12.68,29.36,1.6,3.75,13.96,7775.99,0.05
Southern Europe,2025-02-14,11.79,14.65,33.63,1.89,2.71,15.94,10221.68,0.0,12.83,15.63,26.97,1.71,2.74,12.03,5228.77,0.0,9.1,9.86,40.44,3.96,-1.59,14.36,6376.58,0.1,10.68,12.87,40.27,3.21,2.6,16.87,9691.9,0.05
Southern Europe,2025-02-15,11.07,14.33,37.43,2.24,2.47,17.77,12836.13,0.0,11.72,15.94,31.25,1.13,2.79,15.3,8267.7,0.0,10.36,9.38,36.67,1.84,-2.86,14.68,7685.67,0.11,10.2,12.97,39.51,2.87,2.01,18.74,13760.73,0.05
Southern Europe,2025-02-16,10.5,14.12,31.71,2.62,2.78,13.56,5930.76,0.0,12.1,15.76,28.76,0.93,3.36,13.09,4634.82,0.0,9.54,9.54,27.29,1.57,-2.21,10.39,2927.07,0.11,10.8,12.43,32.1,1.18,2.48,12.62,4929.44,0.05
Southern Europe,2025-02-17,11.56,13.49,26.18,0.59,2.44,11.48,3883.97,0.0,11.74,14.99,24.11,0.66,3.77,10.36,2585.03,0.0,10.08,8.69,24.83,0.55,-2.59,9.21,2349.81,0.11,10.34,12.08,25.89,0.14,1.92,10.9,3361.06,0.05
Southern Europe,2025-02-18,10.77,13.68,37.34,0.67,2.92,18.24,11698.67,0.0,10.85,15.12,35.57,0.8,3.95,17.81,9782.8,0.0,10.09,8.81,34.54,0.45,-2.61,13.5,5867.04,0.11,9.82,12.56,35.8,0.59,2.4,17.16,11138.41,0.05
Southern Europe,2025-02-19,11.47,13.61,29.62,0.58,3.05,13.25,6096.89,0.0,11.61,14.8,26.57,0.79,4.46,12.28,4600.14,0.0,10.24,8.46,26.79,0.56,-1.84,10.52,2869.93,0.11,10.91,12.29,27.26,0.58,4.12,12.48,4260.58,0.05
Southern Europe,2025-02-20,11.47,13.77,31.35,0.38,3.02,14.92,9840.56,0.0,13.7,15.57,24.65,0.14,3.46,10.24,2624.3,0.0,11.68,10.19,27.25,0.38,-2.29,10.69,3418.43,0.1,11.53,13.2,29.57,0.45,3.34,14.09,7872.79,0.05
Southern Europe,2025-02-21,9.95,13.14,47.19,4.17,2.78,22.76,26676.09,0.0,11.03,14.74,41.2,2.19,4.05,18.32,13259.03,0.0,10.12,9.76,40.49,6.23,-1.93,16.44,14631.49,0.1,9.53,13.15,44.87,5.28,2.76,21.08,29084.05,0.05
Southern Europe,2025-02-22,11.27,11.73,36.62,2.79,2.16,16.74,9614.63,0.0,11.52,12.84,33.28,2.81,3.73,15.47,6867.03,0.0,9.79,8.86,29.1,1.65,-1.56,11.12,3213.37,0.1,11.17,12.15,32.47,2.49,3.41,14.08,6748.54,0.05
Southern Europe,2025-02-23,14.38,13.48,28.32,0.08,0.49,12.97,6870.44,0.0,14.58,14.42,23.83,0.13,1.36,11.3,3474.42,0.0,12.3,10.91,23.25,0.14,-1.92,7.72,1394.87,0.09,13.58,13.78,27.23,0.31,2.74,12.19,6156.72,0.04
Southern Europe,2025-02-24,11.07,13.72,34.17,3.02,1.99,15.84,11572.12,0.0,12.46,14.91,25.93,0.33,2.65,11.0,3636.27,0.0,10.0,10.88,30.74,2.94,-0.35,11.4,5201.97,0.09,11.06,13.64,34.63,3.94,3.77,15.97,14015.13,0.04
Southern Europe,2025-02-25,10.0,12.45,41.25,2.52,2.54,18.8,13945.44,0.0,9.92,14.25,36.05,1.7,3.72,17.86,10868.5,0.0,8.91,9.97,35.91,2.89,0.51,13.66,7864.31,0.09,9.25,12.34,39.58,5.04,4.07,17.71,11995.27,0.04
Southern Europe,2025-02-26,13.87,12.85,32.95,1.88,0.75,15.76,8359.41,0.0,14.93,14.3,28.37,1.14,1.29,14.74,7246.51,0.0,11.64,10.32,30.55,3.69,-1.51,12.18,4760.4,0.09,12.31,12.36,35.67,4.49,2.53,16.14,7529.11,0.04
Southern Europe,2025-02-27,9.82,12.19,29.88,3.15,1.96,12.92,6197.16,0.0,11.56,14.02,28.74,2.3,3.4,11.89,4006.99,0.0,9.76,10.06,30.55,3.65,-0.95,10.79,3067.41,0.09,10.94,12.66,34.63,2.5,2.83,14.59,8308.51,0.04
Southern Europe,2025-02-28,12.56,13.04,34.86,1.62,1.92,16.26,10918.09,0.0,11.06,14.24,32.18,4.33,3.66,15.37,7095.73,0.0,11.74,10.5,30.92,2.29,-0.66,12.61,4699.27,0.09,11.21,12.61,34.1,3.73,2.72,17.12,12310.19,0.04
Southern Europe,2025-03-01,10.09,10.85,39.91,2.44,1.05,21.14,22385.98,0.0,9.47,12.44,33.38,4.09,3.64,17.08,10291.74,0.0,10.32,8.44,36.23,2.77,-1.82,16.42,11742.42,0.09,11.42,11.66,38.99,2.21,1.96,20.08,21059.33,0.04
Southern Europe,2025-03-02,8.46,9.24,43.11,4.12,0.28,22.08,22441.57,0.0,7.62,10.84,38.15,7.34,2.45,21.4,18138.87,0.0,10.65,7.54,39.89,2.27,-3.87,18.75,15025.13,0.09,11.22,11.22,43.78,2.75,0.74,22.17,21613.82,0.05
Southern Europe,2025-03-03,10.34,11.33,42.41,5.56,1.43,22.84,20959.24,0.0,9.43,12.66,38.07,8.65,3.28,21.4,16579.43,0.0,11.78,9.43,34.7,3.38,-2.76,16.6,10162.34,0.09,13.18,12.52,37.33,2.98,1.42,19.2,14490.59,0.05
Southern Europe,2025-03-04,13.0,13.16,41.1,2.38,2.59,22.62,20925.9,0.0,13.29,14.83,38.78,4.09,3.81,20.92,15375.49,0.0,14.65,11.76,33.83,1.55,-1.54,14.94,8318.74,0.09,14.21,13.93,34.6,1.53,2.66,17.9,11979.07,0.05
Southern Europe,2025-03-05,12.65,13.53,43.29,3.38,2.96,22.05,20296.81,0.0,11.59,14.73,41.69,6.79,4.66,22.63,19935.73,0.0,13.87,12.74,33.88,2.42,-1.02,14.07,8283.11,0.09,13.32,14.24,34.99,2.24,3.45,17.24,11255.35,0.04
Southern Europe,2025-03-06,11.31,13.81,40.37,4.79,3.76,20.33,17385.29,0.0,12.38,15.23,33.99,5.68,5.44,16.63,11219.01,0.0,12.47,12.59,33.48,3.61,0.32,12.57,6226.54,0.09,12.85,14.25,34.47,2.91,4.3,14.8,10573.34,0.04
Southern Europe,2025-03-07,11.35,13.97,48.28,4.28,3.62,23.45,26171.68,0.0,10.92,14.77,43.59,5.29,5.11,19.85,17810.7,0.0,12.39,12.42,44.13,3.98,-0.18,16.82,15410.19,0.08,10.98,14.21,51.25,4.18,3.25,24.46,43677.71,0.04
Southern Europe,2025-03-08,9.74,13.18,56.83,10.93,3.24,27.77,44241.32,0.0,10.17,13.71,55.42,13.52,3.88,27.15,38793.46,0.0,12.05,11.47,47.81,8.98,-0.57,18.86,21148.88,0.08,10.65,13.08,52.1,11.36,2.42,25.92,42490.72,0.04
Southern Europe,2025-03-09,14.5,12.92,43.94,3.81,1.7,20.73,18377.62,0.0,12.85,12.86,40.72,5.19,2.52,19.02,12245.18,0.0,13.5,11.57,39.51,3.46,-0.67,15.08,8255.17,0.08,13.11,13.13,45.28,6.32,2.69,20.57,18817.82,0.04
Southern Europe,2025-03-10,12.8,13.63,43.42,4.75,2.39,21.87,20825.83,0.0,11.89,14.19,44.2,8.95,3.51,21.15,19484.37,0.0,9.35,10.24,44.1,9.85,0.03,17.19,12498.54,0.08,11.29,13.46,48.01,13.07,3.9,23.0,26826.05,0.05
Southern Europe,2025-03-11,12.87,14.05,45.12,5.94,4.64,21.64,20066.69,0.0,12.6,14.6,47.9,8.95,5.28,24.8,26513.82,0.0,11.56,11.45,40.19,8.04,1.89,15.32,9699.97,0.09,12.95,13.61,46.02,8.21,5.6,22.21,23402.7,0.05
Southern Europe,2025-03-12,12.28,13.97,42.86,2.3,3.88,20.68,15980.11,0.0,11.31,14.64,40.37,2.99,5.01,20.05,13466.55,0.0,10.6,11.43,38.26,6.28,1.27,14.39,7996.67,0.09,9.35,13.19,38.65,6.71,5.06,16.1,8774.42,0.05
Southern Europe,2025-03-13,11.81,12.39,47.53,4.65,3.03,22.66,22726.09,0.0,10.56,13.46,43.49,7.85,5.12,20.4,19121.99,0.0,11.38,10.25,44.04,6.44,0.94,16.49,11094.3,0.1,12.88,12.21,49.05,6.1,3.88,21.78,20074.96,0.06
Southern Europe,2025-03-14,13.53,12.25,45.97,3.69,1.68,23.83,24889.66,0.0,13.07,13.22,40.22,5.62,3.46,19.18,14777.43,0.0,11.97,10.13,43.03,6.34,-0.48,17.61,15191.84,0.11,13.27,12.43,45.56,5.51,2.97,21.22,19066.42,0.06
Southern Europe,2025-03-15,15.64,12.9,42.81,1.81,1.14,19.14,14390.63,0.0,16.13,13.77,37.0,1.71,1.56,17.23,10447.15,0.0,13.0,11.07,36.67,6.74,-0.0,13.6,8937.06,0.11,13.88,12.87,40.19,5.83,3.16,16.57,8509.54,0.06
Southern Europe,2025-03-16,14.31,11.38,36.8,2.51,0.83,16.88,11191.04,0.0,13.56,13.49,39.09,5.54,2.96,17.9,10382.88,0.0,13.3,10.11,34.16,5.65,-0.41,12.48,5268.98,0.11,14.84,11.8,38.92,4.2,2.55,16.05,8822.71,0.06
Southern Europe,2025-03-17,12.53,11.62,41.34,5.32,0.2,19.37,14586.5,0.0,11.31,13.29,42.58,11.73,3.25,20.96,16434.08,0.0,12.82,9.91,38.13,4.5,-2.26,15.46,8058.35,0.11,13.99,12.71,42.6,6.06,1.91,20.0,16357.22,0.06
Southern Europe,2025-03-18,11.01,11.27,46.39,5.36,1.2,23.39,21272.03,0.0,11.74,12.94,44.88,9.23,3.49,23.98,21851.44,0.0,12.7,8.32,38.38,4.1,-2.79,15.59,9766.08,0.12,13.66,11.51,46.32,3.48,2.11,21.87,20138.95,0.06
Southern Europe,2025-03-19,15.04,13.49,51.99,1.33,1.95,26.93,37010.09,0.0,15.67,15.31,46.8,1.42,3.75,24.54,27312.94,0.0,16.18,10.65,46.86,0.62,-2.51,19.24,19805.85,0.11,14.62,13.61,53.12,2.42,1.88,27.7,51426.3,0.06
Southern Europe,2025-03-20,14.76,14.46,58.12,3.82,2.64,28.33,49525.5,0.0,14.07,15.24,51.57,7.82,4.45,27.01,41156.59,0.0,16.79,11.93,51.98,4.41,-1.86,20.49,30998.62,0.11,15.19,14.14,60.06,8.89,2.18,27.15,66792.53,0.06
Southern Europe,2025-03-21,14.0,13.71,54.8,8.42,2.75,28.23,42997.95,0.0,12.21,14.15,52.31,9.51,3.94,29.25,43768.21,0.0,12.43,11.23,45.3,10.93,-0.87,18.81,19593.46,0.11,12.29,13.58,53.32,10.57,2.89,28.57,56014.61,0.06
Southern Europe,2025-03-22,12.31,11.99,54.65,6.38,1.85,27.91,38396.7,0.0,13.06,12.86,52.75,4.6,2.58,28.74,37321.38,0.0,9.45,9.45,46.0,8.77,0.21,19.14,17856.21,0.1,10.89,12.09,52.49,10.36,3.0,27.75,53591.62,0.06
Southern Europe,2025-03-23,13.2,12.12,45.33,5.37,2.05,22.09,21559.81,0.0,13.61,12.7,41.27,5.8,2.6,19.79,15211.44,0.0,12.58,10.21,42.35,7.66,0.06,15.57,11916.67,0.11,13.33,12.64,43.91,8.41,3.46,20.77,21011.15,0.07
Southern Europe,2025-03-24,12.9,13.34,41.06,6.09,3.12,19.39,13542.76,0.0,15.64,14.61,34.86,2.44,2.54,17.18,9999.64,0.0,14.12,12.42,36.9,4.69,0.87,13.94,7961.27,0.11,14.45,13.48,39.22,5.04,4.0,17.88,14499.73,0.07
Southern Europe,2025-03-25,15.5,14.68,35.59,1.93,4.33,17.16,10029.64,0.0,16.52,15.89,31.81,1.76,4.3,14.55,6399.0,0.0,15.86,13.33,32.75,3.02,1.22,11.7,3732.15,0.11,16.88,14.47,34.12,1.78,4.87,14.59,7852.55,0.06
Southern Europe,2025-03-26,15.16,14.22,36.11,3.68,3.85,17.16,10515.65,0.0,17.74,16.59,31.45,1.56,4.01,13.68,6267.67,0.0,15.96,13.59,31.49,5.19,1.03,10.25,3251.73,0.1,17.14,14.65,33.11,4.63,4.55,13.46,5552.41,0.06
Southern Europe,2025-03-27,15.52,14.11,36.64,3.6,3.04,17.61,11260.18,0.0,17.13,15.86,32.17,2.18,4.19,15.25,7111.19,0.0,16.09,13.6,33.78,5.04,0.82,12.76,6201.03,0.1,16.77,14.52,33.5,2.51,4.42,15.14,7224.35,0.06
Southern Europe,2025-03-28,18.0,14.66,40.81,2.58,3.07,19.16,15759.05,0.0,19.87,17.3,34.67,1.87,3.99,16.52,10883.87,0.0,16.87,13.57,33.34,3.54,0.68,12.8,6429.17,0.09,17.4,15.08,35.89,1.85,4.19,16.56,11304.52,0.05
Southern Europe,2025-03-29,17.62,13.97,46.45,2.18,2.87,23.92,29579.74,0.0,19.64,17.44,40.0,1.5,4.25,20.14,20598.67,0.0,15.57,13.07,38.09,3.11,1.25,15.59,10508.91,0.09,16.22,14.58,40.36,3.09,4.76,19.73,17316.78,0.05
Southern Europe,2025-03-30,20.39,15.62,42.95,0.99,1.55,22.39,23245.82,0.0,21.42,17.53,37.45,1.0,2.89,20.32,16059.17,0.0,19.64,15.22,37.86,1.3,0.52,16.54,8831.08,0.09,20.63,16.45,40.57,0.77,3.94,20.85,16143.22,0.05
Southern Europe,2025-03-31,20.03,18.54,36.27,1.92,3.16,18.38,16899.59,0.0,21.29,20.25,30.77,1.26,4.03,16.57,10312.36,0.0,19.48,15.64,40.41,1.72,0.78,16.01,7930.45,0.08,20.19,17.33,40.05,1.54,4.08,19.85,16188.11,0.04
Southern Europe,2025-04-01,18.71,17.79,34.2,2.64,5.06,15.27,8206.5,0.0,17.63,18.4,32.13,2.03,6.13,14.55,6879.18,0.0,16.11,13.73,39.06,2.04,1.58,15.08,8159.1,0.08,17.31,15.51,39.7,1.53,4.89,17.8,11124.51,0.04
Southern Europe,2025-04-02,15.66,15.82,43.0,4.5,5.27,18.64,13219.41,0.0,15.52,17.0,43.13,3.58,6.92,17.82,10269.28,0.0,14.98,13.75,42.01,3.2,2.51,15.33,7872.12,0.08,14.49,15.11,47.83,4.46,5.11,20.91,20855.89,0.04
Southern Europe,2025-04-03,14.26,14.51,43.2,5.33,5.17,21.25,17699.1,0.0,13.38,15.68,39.25,7.3,6.98,18.88,13100.63,0.0,16.33,13.5,39.41,2.48,2.11,14.77,7493.9,0.08,16.57,15.41,39.86,5.0,5.34,19.44,18889.06,0.04
Southern Europe,2025-04-04,16.72,15.97,49.66,6.36,5.61,23.86,24969.11,0.0,15.54,16.33,51.32,11.29,7.13,25.8,30527.87,0.0,15.8,13.76,44.68,6.7,2.71,18.06,15685.99,0.08,16.9,15.85,51.26,7.27,5.52,25.27,38776.2,0.04
Southern Europe,2025-04-05,18.04,15.57,35.28,1.92,5.59,16.24,8015.39,0.0,18.07,16.71,30.87,1.01,6.66,15.1,6017.99,0.0,18.5,14.98,34.44,2.37,2.53,12.96,4898.86,0.07,19.19,16.23,34.53,1.64,6.25,14.88,7228.52,0.04
Southern Europe,2025-04-06,18.48,16.55,36.12,1.37,4.48,16.17,9386.32,0.0,18.65,17.49,33.52,1.17,5.62,14.1,6538.71,0.0,18.1,14.06,40.01,1.29,1.09,14.37,7415.68,0.07,17.84,16.11,41.34,2.53,5.24,18.28,12133.74,0.03
Southern Europe,2025-04-07,21.28,16.87,35.97,0.5,3.59,16.39,9490.49,0.0,21.3,18.55,29.85,0.81,5.19,13.21,5521.52,0.0,19.84,13.17,34.93,0.64,-0.08,12.85,5256.64,0.07,21.31,15.56,37.35,0.19,4.67,16.53,9387.77,0.03
Southern Europe,2025-04-08,21.58,18.12,34.67,0.39,4.27,16.18,12836.48,0.0,22.05,20.12,31.27,0.16,5.77,15.56,8220.56,0.0,20.42,14.62,34.09,0.35,0.7,11.97,4077.89,0.06,21.65,17.2,32.84,0.62,4.69,15.45,8115.79,0.03
Southern Europe,2025-04-09,21.89,19.03,30.92,0.5,5.16,14.35,12947.76,0.0,22.41,21.02,28.91,0.31,6.15,14.61,7543.73,0.0,22.0,16.22,30.3,0.31,1.42,10.38,2882.5,0.06,21.57,18.35,31.81,0.18,5.56,14.34,8051.3,0.03
Southern Europe,2025-04-10,20.83,18.43,38.47,0.85,6.07,18.66,20176.14,0.0,20.86,20.25,38.68,0.52,8.16,18.63,13735.09,0.0,20.72,16.9,35.85,0.75,2.38,13.16,5987.51,0.06,20.63,18.54,34.84,1.04,6.73,15.46,12254.62,0.03
Southern Europe,2025-04-11,17.52,17.29,41.4,3.68,5.99,20.1,18453.09,0.0,17.18,18.4,42.1,4.2,7.42,20.37,16466.96,0.0,18.37,16.52,35.61,2.43,3.11,12.9,6345.83,0.05,18.93,18.18,36.69,4.5,7.25,15.88,9733.82,0.02
Southern Europe,2025-04-12,16.94,17.68,34.83,4.32,7.29,14.3,6660.29,0.0,15.88,18.32,34.61,6.02,8.94,13.63,5341.32,0.0,17.57,16.03,33.34,3.54,4.39,10.23,2337.26,0.05,16.99,17.16,32.58,3.61,8.7,12.42,4959.32,0.02
Southern Europe,2025-04-13,17.72,17.54,33.66,2.04,7.63,14.1,6873.26,0.0,17.81,18.52,30.07,2.33,9.33,12.28,4561.02,0.0,15.41,15.11,31.85,2.78,5.05,10.87,3785.73,0.04,15.45,16.46,32.37,2.2,8.69,13.65,5449.0,0.02
Southern Europe,2025-04-14,15.31,16.39,51.89,4.84,6.62,22.41,23855.86,0.0,16.25,17.17,46.0,4.26,7.89,20.84,17390.7,0.0,11.55,13.63,45.53,8.07,4.35,16.78,13008.7,0.04,12.53,15.61,51.83,7.41,7.32,22.19,24370.98,0.01
Southern Europe,2025-04-15,17.65,13.83,49.58,6.43,4.26,23.88,24651.24,0.0,17.96,14.46,47.85,5.41,5.02,24.1,22565.31,0.0,14.87,12.24,47.35,9.37,3.49,18.97,18057.84,0.04,16.35,13.95,50.81,11.42,5.52,23.63,23690.56,0.01
Southern Europe,2025-04-16,18.55,14.4,50.46,2.85,2.58,24.74,26661.23,0.0,19.32,15.6,47.77,1.97,3.1,24.58,23409.82,0.0,15.17,13.63,51.27,8.27,2.52,19.3,16884.79,0.04,15.2,14.97,50.38,8.31,5.12,22.38,19390.72,0.01
Southern Europe,2025-04-17,18.26,16.46,48.35,2.57,4.13,23.61,25785.57,0.0,18.83,18.12,41.21,1.98,6.62,20.57,17125.29,0.0,13.06,14.56,48.67,11.7,3.54,18.83,15872.97,0.04,15.27,15.7,50.06,10.71,6.31,22.38,20374.59,0.02
Southern Europe,2025-04-18,18.34,16.92,49.5,6.29,5.92,22.84,20433.35,0.0,19.21,18.51,44.15,3.4,7.99,19.21,13278.22,0.0,16.51,13.78,47.41,8.83,3.48,18.29,12496.53,0.04,17.68,15.42,50.05,8.9,5.88,23.1,25462.76,0.02
Southern Europe,2025-04-19,18.78,13.94,50.79,7.33,3.53,24.19,28354.2,0.0,21.69,15.55,49.47,3.65,5.15,26.14,27086.0,0.0,16.45,12.18,44.52,7.69,1.83,18.38,15695.34,0.04,17.2,13.74,47.98,8.13,4.67,25.03,39428.4,0.01
Southern Europe,2025-04-20,18.34,15.47,38.94,2.23,4.08,17.34,12138.07,0.0,19.14,16.79,41.56,1.81,4.71,20.81,15585.6,0.0,17.0,14.18,38.53,3.42,2.61,13.99,7045.34,0.04,17.43,15.35,42.69,3.38,5.27,19.77,24262.0,0.01
Southern Europe,2025-04-21,18.94,17.06,29.97,1.86,5.71,12.38,3712.82,0.0,19.86,18.3,29.54,1.47,5.98,12.79,4101.71,0.0,17.67,15.42,29.94,2.12,3.57,10.09,2437.26,0.04,18.68,16.46,31.66,3.72,6.87,12.59,4133.3,0.01
Southern Europe,2025-04-22,20.06,16.99,33.88,1.9,6.39,14.48,6409.02,0.0,21.15,18.93,31.17,1.32,7.95,13.57,5066.71,0.0,20.9,16.54,30.8,1.33,3.98,10.2,2218.34,0.03,22.19,17.3,33.32,0.93,6.93,14.66,7473.87,0.01
Southern Europe,2025-04-23,23.22,19.27,33.57,0.67,5.89,14.26,7327.82,0.0,24.74,21.42,30.44,0.48,7.07,13.2,5803.36,0.0,21.97,17.76,29.97,2.53,4.36,9.29,2458.99,0.03,21.47,18.06,34.98,2.06,7.37,15.64,10530.55,0.01
Southern Europe,2025-04-24,23.68,20.79,34.13,1.19,7.69,16.23,12166.33,0.0,24.53,23.19,29.53,1.22,9.04,13.43,6507.27,0.0,21.47,18.82,30.42,3.64,5.89,10.43,3380.82,0.03,22.19,19.13,35.49,2.13,8.37,15.69,7611.04,0.01
Southern Europe,2025-04-25,22.39,20.38,37.72,2.89,8.23,14.64,7473.19,0.0,23.46,22.45,35.6,1.28,10.27,14.17,6807.71,0.0,20.52,16.96,36.81,3.38,5.74,12.01,4219.92,0.03,21.54,18.15,41.39,1.9,7.92,16.92,11898.77,0.01
Southern Europe,2025-04-26,22.04,17.6,40.04,2.03,7.27,19.04,13956.23,0.0,24.11,20.63,36.43,1.22,8.81,18.31,12111.55,0.0,21.1,16.07,34.51,2.62,4.42,13.7,6322.46,0.03,22.07,16.98,38.24,2.25,7.14,19.74,21644.25,0.0
Southern Europe,2025-04-27,22.42,18.28,39.06,1.43,5.84,18.46,12154.9,0.0,24.18,21.05,37.17,1.21,7.67,18.42,10585.69,0.0,21.93,17.16,33.95,2.47,4.33,13.48,5489.58,0.03,22.58,18.66,35.84,2.39,7.41,16.66,9422.96,0.0
Southern Europe,2025-04-28,24.06,19.77,38.61,1.66,6.39,19.13,23508.83,0.0,25.06,21.5,39.67,0.7,7.9,20.5,17547.34,0.0,23.65,18.64,35.02,1.36,4.61,13.85,7042.79,0.03,23.91,19.82,35.44,2.67,8.37,17.24,12318.4,0.0
Southern Europe,2025-04-29,23.3,19.79,45.72,0.48,7.4,23.92,27552.39,0.0,22.6,21.03,45.9,0.35,8.24,24.25,25399.85,0.0,23.76,19.2,41.62,0.52,5.28,16.24,11131.8,0.02,22.03,20.09,40.86,1.09,9.18,20.13,17940.88,0.0
Southern Europe,2025-04-30,21.16,19.43,45.52,4.78,7.19,21.63,19497.48,0.0,19.05,19.39,42.59,6.76,8.38,19.91,16041.19,0.0,18.98,17.7,37.71,7.52,5.25,13.83,7216.77,0.02,19.91,19.05,37.2,5.45,8.39,16.44,10539.98,0.0
Southern Europe,2025-05-01,23.68,20.46,43.78,1.6,7.56,19.57,14882.32,0.0,23.9,21.87,36.8,1.63,8.56,16.28,8378.3,0.0,23.89,18.91,35.78,1.07,5.07,12.62,4488.24,0.02,24.37,20.25,35.18,2.01,8.13,15.02,9252.48,0.0
Southern Europe,2025-05-02,19.81,19.8,46.24,8.23,9.19,20.1,16222.76,0.0,19.96,20.28,48.97,9.76,10.72,21.78,19090.82,0.0,21.39,18.83,39.56,6.15,7.21,14.13,7974.58,0.02,21.53,19.92,42.01,5.95,9.79,18.38,15486.5,0.0
Southern Europe,2025-05-03,22.99,20.78,38.89,2.34,9.74,16.7,8424.93,0.0,21.52,20.66,39.97,4.29,10.64,16.67,8782.89,0.0,21.78,18.87,40.39,3.12,8.1,13.51,5893.93,0.02,21.36,19.45,41.62,3.84,10.32,18.46,15480.44,0.0
Southern Europe,2025-05-04,20.7,19.22,39.11,3.73,9.31,16.86,9217.29,0.0,19.77,19.46,41.66,4.05,10.17,19.17,11296.93,0.0,18.51,17.24,36.15,8.21,7.57,12.85,5304.18,0.02,19.85,18.34,39.26,6.39,10.01,16.95,9552.18,0.0
Southern Europe,2025-05-05,20.39,18.23,46.09,2.99,8.1,21.02,16154.41,0.0,20.27,19.51,39.79,3.85,9.97,19.12,11635.35,0.0,17.62,16.15,40.06,11.08,7.12,15.05,7932.19,0.02,20.28,17.17,43.6,7.98,9.61,19.35,11954.56,0.0
Southern Europe,2025-05-06,22.17,17.36,39.8,1.49,6.48,19.19,12877.98,0.0,22.07,19.17,33.48,1.54,8.68,15.49,7108.07,0.0,19.45,15.54,35.59,4.38,5.7,13.51,5411.43,0.02,21.27,16.75,38.44,3.85,8.2,17.02,9002.46,0.0
Southern Europe,2025-05-07,23.25,18.61,35.41,0.79,6.11,15.23,8192.91,0.0,22.43,19.79,32.67,1.09,8.53,13.42,4639.37,0.0,19.11,15.68,33.18,4.86,4.72,11.91,4180.01,0.02,21.92,16.97,35.79,4.53,8.13,14.14,6870.13,0.0
Southern Europe,2025-05-08,21.09,18.03,35.01,3.83,7.67,13.62,6227.35,0.0,20.5,18.85,35.05,3.15,9.1,13.77,4580.62,0.0,19.07,15.11,33.5,5.69,5.01,10.49,2942.72,0.02,20.87,16.55,33.62,2.16,7.99,13.85,5369.15,0.0
Southern Europe,2025-05-09,19.95,17.92,33.16,3.77,7.83,12.3,4268.06,0.0,21.05,19.26,33.36,1.96,9.16,13.09,3805.26,0.0,18.54,14.88,31.38,6.08,5.53,9.85,2236.67,0.02,20.26,16.67,32.5,5.5,8.52,11.98,3710.93,0.0
Southern Europe,2025-05-10,19.94,17.11,41.54,5.82,8.23,17.43,9413.89,0.0,21.94,18.8,42.11,4.18,9.44,17.32,8964.07,0.0,19.77,14.74,34.57,4.46,4.89,11.54,3737.15,0.02,21.12,16.36,34.52,4.26,8.04,15.17,7618.57,0.0
Southern Europe,2025-05-11,21.38,17.07,38.5,2.67,7.03,15.99,7786.87,0.0,23.72,19.12,36.02,0.81,7.9,15.08,6117.71,0.0,21.29,15.18,33.76,2.37,3.81,11.49,3267.88,0.02,21.3,16.74,35.17,4.11,7.83,14.85,8272.57,0.0
Southern Europe,2025-05-12,22.07,17.62,36.06,3.21,6.44,14.28,5929.16,0.0,24.76,19.68,33.38,1.06,7.27,13.91,5117.62,0.0,20.74,15.61,34.68,5.26,4.3,10.79,2792.79,0.02,22.63,17.45,35.81,4.36,7.65,14.16,6448.76,0.0
Southern Europe,2025-05-13,21.94,17.98,34.37,2.06,7.69,12.68,4375.28,0.0,22.47,19.73,32.59,1.66,8.33,12.32,4374.04,0.0,20.46,15.49,31.13,3.46,5.52,9.91,2240.04,0.02,21.36,17.25,31.14,3.26,8.83,11.39,3382.87,0.0
Southern Europe,2025-05-14,21.98,18.01,34.25,2.64,7.71,12.16,4641.86,0.0,23.69,19.8,37.25,2.14,8.76,14.33,6555.77,0.0,22.82,16.18,32.86,1.51,4.62,9.87,2591.05,0.02,22.62,17.76,33.74,1.92,8.51,12.53,5423.68,0.0
Southern Europe,2025-05-15,19.81,17.94,41.14,3.03,8.19,18.09,11325.68,0.0,22.67,20.07,37.86,1.76,8.5,16.12,8287.63,0.0,22.69,17.45,36.21,2.9,4.75,12.37,4069.24,0.02,21.72,18.22,39.67,2.09,8.61,18.03,12326.29,0.0
Southern Europe,2025-05-16,23.64,19.0,40.7,3.94,7.79,20.17,15663.3,0.0,24.07,21.72,34.52,3.01,9.13,15.72,8885.38,0.0,22.55,16.41,38.02,4.61,4.88,13.92,6253.94,0.02,24.3,18.57,39.71,3.41,8.83,16.79,10047.2,0.0
Southern Europe,2025-05-17,26.41,20.99,34.41,0.64,7.59,14.04,8062.41,0.0,26.66,23.7,31.08,0.46,9.64,13.14,5112.27,0.0,25.13,17.83,32.32,1.05,4.44,11.07,3070.88,0.02,25.63,19.84,31.77,0.9,8.74,12.64,5086.65,0.0
Southern Europe,2025-05-18,25.4,22.56,41.24,1.72,8.88,16.54,8593.49,0.0,26.76,24.12,41.92,0.41,10.53,17.05,9113.44,0.0,25.12,18.75,41.67,1.88,5.47,14.63,5958.74,0.01,24.34,20.22,38.55,2.31,9.31,15.51,6778.52,0.0
Southern Europe,2025-05-19,24.34,20.01,42.01,2.39,9.11,17.85,9736.88,0.0,24.84,21.71,39.6,0.8,10.09,18.13,9293.46,0.0,23.2,17.98,38.31,2.55,5.83,13.99,5512.71,0.01,23.88,19.6,36.13,3.21,9.75,15.66,6563.01,0.0
Southern Europe,2025-05-20,25.13,21.73,37.3,0.55,9.38,16.81,10349.8,0.0,26.65,23.92,34.24,0.67,10.04,15.77,8709.31,0.0,22.96,19.21,32.81,3.95,7.32,10.57,4396.22,0.01,22.82,20.3,35.3,3.28,11.25,14.83,7469.5,0.0
Southern Europe,2025-05-21,25.59,22.2,39.23,1.14,9.84,16.83,9618.96,0.0,26.57,25.13,33.68,0.72,11.57,14.38,6922.66,0.0,23.37,19.58,34.81,3.1,8.02,11.27,4236.11,0.01,23.56,20.12,39.81,2.92,10.82,17.24,10941.54,0.0
Southern Europe,2025-05-22,25.16,21.01,43.59,0.97,10.06,20.73,15853.24,0.0,25.66,24.42,40.59,1.22,12.57,19.06,13042.99,0.0,20.65,18.11,38.97,9.05,7.92,14.62,6191.75,0.01,22.76,19.71,44.72,4.84,10.8,21.78,24084.95,0.0
Southern Europe,2025-05-23,25.68,20.65,41.52,1.78,8.39,20.29,14513.63,0.0,25.49,22.96,38.31,2.2,10.8,18.74,11871.41,0.0,24.82,18.12,39.28,4.02,6.1,14.87,6145.2,0.02,25.83,19.41,42.14,2.05,9.68,21.0,18401.15,0.0
Southern Europe,2025-05-24,27.25,22.17,36.67,0.34,8.3,16.93,10335.16,0.0,27.72,24.73,33.02,0.3,10.31,14.59,6515.03,0.0,25.99,18.99,32.45,0.81,5.95,11.59,3668.21,0.01,26.3,20.04,33.27,0.63,9.57,14.98,7410.31,0.0
Southern Europe,2025-05-25,26.44,23.05,39.15,1.2,9.25,16.6,10103.41,0.0,26.96,26.03,32.71,1.63,11.36,13.99,6692.45,0.0,25.24,19.82,35.81,1.72,6.56,11.69,4419.78,0.01,26.34,20.87,37.32,0.45,9.77,17.01,11375.1,0.0
Southern Europe,2025-05-26,26.6,23.46,36.87,0.29,10.14,15.98,8860.44,0.0,27.54,26.71,33.45,0.18,12.4,14.76,7221.84,0.0,25.47,20.82,32.41,1.78,7.28,10.57,2591.72,0.01,26.21,21.47,36.38,0.96,10.6,16.46,13643.19,0.0
Southern Europe,2025-05-27,28.01,24.93,32.86,0.22,10.44,14.08,7204.12,0.0,28.0,27.86,32.12,0.26,13.17,13.13,5349.32,0.0,25.13,21.59,30.39,1.82,8.43,10.33,2432.9,0.01,25.99,21.7,34.14,0.98,11.23,15.81,11868.35,0.0
Southern Europe,2025-05-28,27.97,26.28,35.25,0.72,12.01,15.17,9813.12,0.0,28.13,29.5,32.17,0.23,14.27,12.69,5286.44,0.0,26.58,23.57,32.37,1.86,8.98,10.31,2520.4,0.01,27.33,23.78,33.24,1.65,11.91,14.42,6704.3,0.0
Southern Europe,2025-05-29,26.94,27.56,37.23,1.26,13.29,16.08,12631.42,0.0,27.11,30.71,33.9,0.43,15.23,14.6,7404.79,0.0,26.0,24.5,39.33,1.52,10.6,12.51,4304.43,0.01,26.8,25.27,35.57,0.91,13.41,15.45,7246.9,0.0
Southern Europe,2025-05-30,26.33,27.19,40.94,0.71,14.54,16.22,11313.34,0.0,26.14,30.62,37.1,0.39,16.69,14.22,6700.36,0.0,26.03,24.43,37.33,0.36,11.67,12.15,4609.45,0.01,27.6,25.04,37.06,0.14,14.13,15.64,7887.95,0.0
Southern Europe,2025-05-31,27.18,27.46,37.69,0.18,14.8,14.11,8777.75,0.0,27.43,31.08,35.11,0.44,16.98,13.23,5179.36,0.0,26.93,25.6,34.61,0.47,12.18,9.98,2843.71,0.01,27.04,25.41,34.48,0.28,14.48,14.16,7333.63,0.0
Southern Europe,2025-06-01,24.65,26.78,37.78,0.61,14.8,14.44,6797.41,0.0,26.15,30.08,37.22,0.26,17.56,14.08,6045.54,0.0,24.63,24.33,34.41,1.38,12.66,10.25,2543.74,0.01,24.06,24.04,36.53,1.06,14.43,15.76,13690.42,0.0
Southern Europe,2025-06-02,23.69,24.56,38.95,3.28,13.56,16.44,9157.26,0.0,25.21,26.91,38.96,1.22,16.62,16.33,9005.54,0.0,23.38,22.87,34.29,4.11,11.98,11.42,3600.94,0.01,22.56,21.95,39.93,4.02,13.87,19.42,21343.38,0.0
Southern Europe,2025-06-03,24.06,23.74,39.51,2.89,13.38,15.88,7995.83,0.0,24.34,24.5,38.63,2.24,14.51,16.86,8905.61,0.0,23.12,21.57,37.85,3.96,11.58,12.6,4470.46,0.01,24.52,21.68,40.17,3.48,13.33,18.29,16697.61,0.0
Southern Europe,2025-06-04,25.19,23.8,35.81,1.0,12.85,14.97,6379.36,0.0,26.48,25.82,34.53,0.35,13.08,14.7,5873.09,0.0,23.37,21.72,38.13,4.02,10.83,12.37,4162.37,0.01,24.27,21.99,36.12,2.67,13.59,15.03,7486.07,0.0
Southern Europe,2025-06-05,26.48,25.47,34.45,0.32,13.12,14.37,6798.09,0.0,28.15,27.73,31.21,0.22,14.35,12.75,4302.26,0.0,24.23,22.64,36.02,2.37,11.06,11.61,3353.56,0.0,24.37,22.81,34.6,2.11,14.01,14.85,9193.43,0.0
Southern Europe,2025-06-06,26.92,26.66,35.45,0.47,14.54,13.96,5253.49,0.0,28.34,28.89,32.83,0.07,15.73,13.39,5005.39,0.0,24.98,23.76,34.73,0.94,11.68,11.0,2858.72,0.0,25.65,23.62,33.87,1.02,14.9,14.28,6006.32,0.0
Southern Europe,2025-06-07,27.96,27.29,35.76,0.1,14.52,14.73,6146.71,0.0,28.97,30.47,32.15,0.06,16.04,13.93,5670.97,0.0,26.25,24.07,33.55,1.45,12.22,10.78,2638.66,0.0,26.13,24.46,35.36,0.83,14.43,16.09,9998.89,0.0
Southern Europe,2025-06-08,28.85,28.29,36.47,0.01,14.71,16.09,10567.29,0.0,28.84,32.32,32.11,0.03,16.82,13.62,6334.43,0.0,27.52,26.1,33.7,1.26,12.61,11.25,3160.3,0.0,28.0,26.23,38.87,0.5,14.91,18.71,16799.72,0.0
Southern Europe,2025-06-09,27.63,29.81,36.68,0.1,16.12,14.87,11245.24,0.0,26.01,31.76,35.75,0.12,18.71,14.58,6898.48,0.0,27.17,26.67,33.88,0.41,12.9,12.14,4544.79,0.0,27.39,26.22,35.58,0.13,15.53,15.11,8710.03,0.0
Southern Europe,2025-06-10,25.15,30.27,40.43,1.39,17.62,15.32,9761.72,0.0,23.26,31.42,39.85,0.59,19.39,15.5,7377.4,0.0,24.78,27.07,35.73,1.63,14.53,10.74,3066.93,0.0,24.65,26.31,36.99,1.39,16.41,14.12,7091.17,0.0
Southern Europe,2025-06-11,23.53,27.43,44.57,2.7,17.43,17.48,11255.06,0.0,24.23,28.22,40.99,2.09,18.69,15.56,7912.98,0.0,25.95,25.09,39.6,3.15,13.77,13.33,6067.6,0.0,25.19,24.81,39.16,2.27,16.62,16.07,11178.41,0.0
Southern Europe,2025-06-12,26.36,27.45,36.83,0.72,15.9,14.56,6890.26,0.0,28.19,28.79,32.83,0.13,16.51,12.89,4243.89,0.0,24.24,24.65,33.68,1.13,13.63,11.53,3416.02,0.0,24.82,24.9,35.06,1.05,15.95,15.2,9302.07,0.0
Southern Europe,2025-06-13,26.31,28.51,41.34,0.65,16.57,15.27,6839.31,0.0,27.63,30.29,35.64,0.15,17.47,14.17,5599.04,0.0,26.05,26.02,35.81,1.14,14.26,11.35,3538.48,0.0,25.12,25.89,34.57,1.07,16.67,13.6,5224.86,0.0
Southern Europe,2025-06-14,26.26,27.83,37.3,0.53,16.44,14.13,6104.39,0.0,28.17,30.74,35.72,0.15,17.9,14.48,6814.11,0.0,25.55,25.48,32.16,0.62,13.77,9.74,2174.33,0.0,25.38,25.48,36.75,0.9,15.75,14.99,9771.14,0.0
Southern Europe,2025-06-15,27.3,27.52,39.24,0.46,15.41,17.45,11568.71,0.0,27.8,31.31,34.69,0.19,17.24,13.66,6460.89,0.0,27.3,27.08,33.13,0.77,13.16,11.2,3077.81,0.0,26.74,26.47,38.57,1.18,15.7,17.63,16060.83,0.0
Southern Europe,2025-06-16,27.79,29.97,38.49,0.32,15.79,16.14,14534.09,0.0,27.15,32.92,37.33,0.38,18.74,13.41,6145.52,0.0,26.75,27.7,36.06,1.55,14.03,12.29,4737.4,0.0,26.86,27.56,35.3,0.86,16.9,14.81,9180.44,0.0
Southern Europe,2025-06-17,26.9,30.61,37.57,0.39,18.03,14.92,10600.79,0.0,26.56,33.54,37.27,0.27,20.51,12.74,4684.78,0.0,25.11,27.81,33.21,0.86,15.13,10.49,3153.25,0.0,26.61,27.45,34.03,1.23,17.94,13.35,6280.44,0.0
Southern Europe,2025-06-18,26.39,30.73,38.87,1.55,18.16,13.91,7245.9,0.0,26.32,33.41,35.17,0.33,20.38,12.32,4197.04,0.0,27.23,28.51,34.89,0.65,15.58,10.1,2720.62,0.0,25.81,27.6,36.08,1.44,17.47,13.8,6474.36,0.0
Southern Europe,2025-06-19,25.5,30.44,40.39,1.35,19.06,12.82,6273.26,0.0,25.74,33.51,37.51,0.43,21.1,11.02,3685.35,0.0,25.75,28.39,35.23,2.13,16.45,9.65,2089.33,0.0,25.75,28.0,38.22,1.58,18.56,11.39,3447.76,0.0
Southern Europe,2025-06-20,27.5,30.87,35.17,0.65,18.63,13.72,8347.8,0.0,27.43,33.65,34.05,0.46,20.84,14.42,6875.61,0.0,26.48,28.51,37.3,1.67,16.72,12.68,4982.52,0.0,27.26,28.03,31.81,0.89,18.65,13.28,4766.26,0.0
Southern Europe,2025-06-21,26.73,29.77,37.31,0.36,18.23,13.61,5994.83,0.0,27.14,32.45,37.91,0.43,20.28,13.59,5588.88,0.0,26.48,26.47,35.52,1.1,15.32,11.3,3825.17,0.0,26.03,26.57,33.96,0.95,18.03,13.49,5036.01,0.0
Southern Europe,2025-06-22,27.1,29.81,38.52,0.25,17.9,14.14,6668.91,0.0,26.84,32.15,37.3,0.2,20.08,13.85,5774.84,0.0,27.49,27.13,31.45,0.32,14.35,9.4,2038.97,0.0,26.6,26.71,32.96,0.25,17.43,13.55,6570.54,0.0
Southern Europe,2025-06-23,26.78,30.56,39.1,0.19,17.78,14.72,8672.03,0.0,25.15,32.42,39.18,0.54,19.61,15.18,8103.84,0.0,25.47,28.49,39.2,0.45,15.41,11.56,4078.36,0.0,25.85,27.5,37.57,0.3,17.81,14.0,7217.12,0.0
Southern Europe,2025-06-24,25.55,30.14,41.51,1.08,18.52,15.37,8266.99,0.0,24.67,30.42,42.52,3.33,19.52,15.43,8452.57,0.0,23.89,26.7,38.5,3.7,15.87,12.23,4467.66,0.0,25.24,26.85,35.72,1.06,18.81,13.89,5954.73,0.0
Southern Europe,2025-06-25,27.3,29.04,39.66,1.22,17.6,16.29,8559.48,0.0,27.83,30.02,36.74,0.31,17.95,15.24,7186.8,0.0,26.02,27.11,35.17,1.21,15.88,11.01,3389.44,0.0,26.25,26.59,34.11,1.55,18.38,13.72,5117.62,0.0
Southern Europe,2025-06-26,28.82,29.84,35.08,0.1,17.12,13.98,6665.63,0.0,29.4,32.34,31.42,0.09,18.22,13.21,5536.94,0.0,27.28,28.35,33.16,1.53,16.1,9.25,2287.14,0.0,27.33,27.71,35.42,0.93,18.21,13.75,6692.07,0.0
Southern Europe,2025-06-27,28.86,32.17,36.06,0.06,18.64,14.43,9680.63,0.0,29.05,34.73,31.32,0.03,19.95,12.31,5517.91,0.0,27.92,29.84,32.54,0.34,16.32,10.03,2755.25,0.0,28.12,29.3,32.74,0.17,18.32,14.13,7301.37,0.0
Southern Europe,2025-06-28,28.13,32.51,39.06,0.03,20.05,17.79,14989.95,0.0,28.14,35.53,33.68,0.05,21.55,13.74,7091.7,0.0,27.82,30.99,37.76,0.08,17.53,12.72,5324.68,0.0,28.03,30.2,36.34,0.06,20.01,16.24,9173.61,0.0
Southern Europe,2025-06-29,28.17,32.7,41.72,0.12,20.25,18.13,15132.62,0.0,28.03,35.73,36.9,0.1,21.59,14.86,8030.3,0.0,27.56,31.36,39.79,0.12,18.26,12.27,5490.96,0.0,28.07,30.87,38.62,0.04,20.24,16.27,8938.8,0.0
Southern Europe,2025-06-30,28.36,33.2,37.63,0.11,19.97,14.64,10207.36,0.0,27.74,35.78,36.41,0.11,21.58,12.96,5825.79,0.0,26.74,31.52,34.59,0.68,18.7,10.45,2775.47,0.0,27.19,31.04,35.35,0.44,20.5,13.56,6787.35,0.0
Southern Europe,2025-07-01,27.39,32.59,38.54,0.14,20.21,14.33,9307.85,0.0,28.01,35.18,33.96,0.06,21.4,12.74,5255.81,0.0,27.15,30.99,35.26,0.77,18.31,10.63,2640.35,0.0,27.04,30.02,36.97,0.56,20.02,14.93,10677.21,0.0
Southern Europe,2025-07-02,25.94,31.07,41.4,0.76,19.6,16.64,14303.36,0.0,27.6,34.33,35.45,0.23,22.1,13.63,6314.74,0.0,26.71,29.54,36.03,0.57,17.5,11.28,3575.48,0.0,24.96,28.34,38.55,0.44,19.21,18.69,21563.57,0.0
Southern Europe,2025-07-03,26.68,30.77,41.16,1.5,18.87,18.01,19748.82,0.0,27.77,33.91,38.3,0.53,21.96,15.36,8424.14,0.0,26.23,30.06,35.01,1.67,16.91,12.31,5567.93,0.0,25.8,28.73,37.32,1.17,19.22,15.68,12727.6,0.0
Southern Europe,2025-07-04,27.24,31.49,39.24,0.51,19.67,15.89,13999.31,0.0,28.26,33.7,39.22,0.35,22.14,15.05,8284.41,0.0,26.94,30.32,36.39,0.86,18.23,11.98,5458.22,0.0,26.82,29.26,34.07,0.41,20.0,12.58,6394.61,0.0
Southern Europe,2025-07-05,26.53,30.66,38.87,1.04,20.19,15.32,9654.63,0.0,27.01,32.62,35.28,0.38,21.99,13.61,5567.2,0.0,25.25,28.53,34.63,1.65,18.36,10.98,3185.55,0.0,25.8,27.69,36.24,1.27,20.25,14.86,8699.99,0.0
Southern Europe,2025-07-06,26.83,30.0,39.3,0.13,18.62,15.79,8921.79,0.0,27.65,32.87,37.09,0.45,21.14,13.77,6781.63,0.0,25.25,27.79,39.41,2.51,17.07,11.61,3557.98,0.0,24.97,26.62,41.62,2.0,18.37,18.22,19468.79,0.0
Southern Europe,2025-07-07,26.66,28.87,46.35,0.74,17.61,20.13,15990.72,0.0,27.69,32.96,39.94,0.61,20.92,16.68,9738.5,0.0,26.22,26.95,43.22,4.15,16.08,14.98,6988.02,0.0,25.93,26.08,47.81,2.22,17.67,22.01,23932.66,0.0
Southern Europe,2025-07-08,28.11,28.72,46.31,0.7,15.84,21.96,22354.86,0.0,27.49,32.06,40.86,0.66,19.87,17.62,11117.36,0.0,26.12,26.02,47.47,4.63,12.75,17.64,10300.13,0.0,26.91,25.27,47.62,2.25,16.05,20.89,15627.0,0.0
Southern Europe,2025-07-09,26.47,29.12,43.49,0.84,16.56,18.38,14343.35,0.0,27.44,31.83,41.05,0.32,20.24,16.9,9252.55,0.0,27.36,25.67,40.23,1.23,12.24,15.08,7054.96,0.0,27.9,25.63,40.72,0.5,14.8,18.31,13156.13,0.0
Southern Europe,2025-07-10,27.25,29.13,37.21,0.2,17.53,15.51,8065.04,0.0,28.37,31.0,37.36,0.06,19.6,15.95,7721.01,0.0,27.84,25.49,37.72,0.28,12.97,12.36,4426.41,0.0,27.12,25.37,35.46,0.26,15.86,14.49,5768.41,0.0
Southern Europe,2025-07-11,24.0,27.39,38.35,1.52,17.36,15.29,6721.5,0.0,25.98,28.55,39.31,0.63,18.18,16.7,7848.24,0.0,23.93,23.38,35.29,2.28,12.41,11.36,3123.08,0.0,22.8,24.21,35.4,2.62,15.71,13.79,4904.37,0.0
Southern Europe,2025-07-12,23.82,26.08,36.5,3.48,16.36,12.91,4928.83,0.0,24.26,27.29,35.96,1.61,17.53,14.69,5766.62,0.0,23.96,23.94,34.72,2.31,12.99,10.38,2563.29,0.0,23.99,23.98,33.87,2.93,16.05,12.36,4038.84,0.0
Southern Europe,2025-07-13,26.16,28.55,36.54,0.55,16.34,13.81,5689.21,0.0,27.79,30.3,32.75,0.44,17.22,13.29,4489.8,0.0,25.11,25.44,36.98,3.8,13.83,10.98,2830.44,0.0,24.24,25.44,37.91,2.12,16.73,13.2,5351.12,0.0
Southern Europe,2025-07-14,27.51,29.81,38.31,0.12,18.03,14.76,6688.97,0.0,28.3,32.51,34.47,0.04,19.33,14.24,6462.46,0.0,27.08,27.29,32.41,1.13,15.17,10.0,2412.11,0.0,27.08,26.6,36.0,0.72,17.07,15.98,11778.68,0.0
Southern Europe,2025-07-15,28.36,30.58,37.63,0.11,17.96,16.73,10042.91,0.0,28.56,34.11,33.11,0.03,19.9,13.19,5859.19,0.0,27.03,28.96,32.05,0.71,15.18,10.86,3047.19,0.0,27.2,28.32,33.34,0.29,17.6,15.76,11268.32,0.0
Southern Europe,2025-07-16,28.65,32.67,36.09,0.05,18.6,15.17,8308.53,0.0,28.48,34.85,33.98,0.05,20.79,13.93,5617.79,0.0,26.84,29.6,35.15,1.61,16.9,11.43,2941.46,0.0,27.77,28.78,34.96,0.82,18.48,15.12,6593.03,0.0
Southern Europe,2025-07-17,26.68,31.74,39.71,0.28,19.51,15.01,7326.32,0.0,28.16,34.46,38.47,0.23,20.96,15.79,7764.71,0.0,26.34,27.75,39.92,1.12,15.76,12.03,3833.57,0.0,25.51,27.5,36.95,0.43,18.44,15.6,7489.27,0.0
Southern Europe,2025-07-18,26.5,29.4,42.99,0.66,18.13,17.56,10837.52,0.0,27.89,31.76,43.47,0.07,18.78,19.18,12286.17,0.0,26.61,25.67,40.15,0.42,13.76,13.02,5303.41,0.0,25.65,26.05,39.31,0.71,17.15,16.95,9241.45,0.0
Southern Europe,2025-07-19,26.14,28.25,42.25,0.69,16.97,17.86,12814.49,0.0,27.79,30.25,39.62,0.08,18.13,18.08,10112.89,0.0,24.15,25.14,39.38,1.46,14.3,13.1,5692.39,0.0,24.22,25.66,41.3,1.79,17.31,16.74,11359.25,0.0
Southern Europe,2025-07-20,26.14,28.51,45.47,1.23,17.02,20.24,15090.2,0.0,26.5,30.43,42.34,0.2,17.86,19.47,12178.29,0.0,24.77,25.4,40.15,3.56,14.63,15.17,6943.96,0.0,25.01,25.78,41.84,2.71,17.08,18.95,16391.57,0.0
Southern Europe,2025-07-21,27.81,28.9,37.04,0.12,16.31,15.71,7664.15,0.0,28.51,30.81,35.37,0.19,16.98,15.3,7033.38,0.0,25.31,26.13,38.43,4.75,14.33,12.62,4239.67,0.0,25.61,26.09,40.53,2.92,17.06,17.21,10958.28,0.0
Southern Europe,2025-07-22,27.39,30.21,38.97,0.15,17.07,15.2,6952.64,0.0,28.19,32.36,36.47,0.07,17.92,14.68,6732.41,0.0,26.95,27.04,36.88,0.37,14.43,11.64,3441.33,0.0,26.16,26.76,39.79,0.38,16.54,15.92,8793.46,0.0
Southern Europe,2025-07-23,24.94,28.58,40.14,0.32,17.42,16.73,9755.28,0.0,24.26,31.26,35.99,0.18,19.35,15.56,8165.12,0.0,25.05,26.4,36.18,1.05,14.73,11.79,3812.39,0.0,24.5,25.74,40.66,1.05,16.65,18.69,17808.29,0.0
Southern Europe,2025-07-24,24.42,27.56,43.95,0.99,15.65,20.41,16610.55,0.0,25.57,30.66,40.42,0.87,18.0,18.78,12920.77,0.0,24.38,26.0,38.17,3.83,14.23,14.27,6690.81,0.0,24.34,26.09,43.23,2.9,15.97,21.46,30596.87,0.0
Southern Europe,2025-07-25,26.88,29.02,42.23,0.23,15.95,20.71,18390.02,0.0,26.7,31.15,39.46,0.67,17.8,18.5,13290.57,0.0,24.53,26.64,36.58,1.89,14.13,13.36,6284.9,0.0,24.74,27.05,40.75,1.7,16.66,19.35,18617.38,0.0
Southern Europe,2025-07-26,25.64,29.33,41.37,0.73,16.22,18.61,15311.97,0.0,27.16,32.21,34.49,0.43,18.34,14.88,7731.03,0.0,23.19,26.96,35.7,3.51,14.44,12.61,4466.88,0.0,23.98,26.11,38.81,2.13,16.79,16.45,10426.22,0.0
Southern Europe,2025-07-27,27.02,29.28,42.15,0.4,16.48,18.18,12812.55,0.0,27.59,33.03,38.18,0.24,18.81,15.69,9125.55,0.0,25.64,27.14,38.66,2.81,14.18,13.0,4435.09,0.0,26.15,26.21,40.23,0.66,16.36,19.72,17809.64,0.0
Southern Europe,2025-07-28,24.98,27.25,49.72,2.08,16.54,23.25,23268.71,0.0,26.61,31.79,42.31,1.15,18.63,19.11,14851.21,0.0,21.92,24.83,42.01,3.6,14.19,15.51,7828.05,0.0,22.29,24.44,48.75,3.42,16.1,23.64,29198.04,0.0
Southern Europe,2025-07-29,25.23,26.44,47.72,1.45,15.06,24.44,24682.74,0.0,26.02,30.33,41.03,0.71,17.78,20.4,15744.25,0.0,23.69,24.39,41.51,2.73,12.2,17.78,10347.39,0.0,25.41,25.21,44.82,1.32,15.07,22.9,24591.37,0.0
Southern Europe,2025-07-30,25.92,27.49,40.39,0.46,15.51,20.39,18935.18,0.0,26.37,31.26,35.26,0.18,18.43,16.68,9917.4,0.0,24.48,25.08,33.74,1.08,12.8,13.42,5589.33,0.0,24.84,25.18,36.17,1.21,15.8,17.84,13763.24,0.0
Southern Europe,2025-07-31,26.28,28.56,39.44,0.53,16.28,18.69,17422.98,0.0,25.82,31.75,34.31,1.16,19.34,14.74,8044.07,0.0,25.2,26.09,33.26,1.38,13.34,12.04,4448.52,0.0,25.66,26.02,33.84,0.7,16.17,15.29,8882.92,0.0
Southern Europe,2025-08-01,25.29,28.23,40.11,0.46,16.16,17.45,13557.35,0.0,24.87,31.0,33.59,0.39,19.46,13.75,6111.58,0.0,23.68,25.93,32.62,2.54,13.69,10.79,3013.25,0.0,24.83,25.26,34.78,1.6,16.54,15.94,9919.87,0.0
Southern Europe,2025-08-02,26.04,29.33,41.23,0.24,16.4,18.77,18224.66,0.0,25.89,32.42,33.03,0.71,19.49,13.62,6454.47,0.0,23.45,26.31,33.82,3.47,14.06,11.6,3952.79,0.0,24.63,25.47,35.74,2.34,16.52,15.68,8561.41,0.0
Southern Europe,2025-08-03,25.98,29.75,40.27,0.86,16.71,18.27,16024.06,0.0,26.37,33.27,35.73,0.44,19.74,14.89,7165.32,0.0,24.97,26.99,36.86,1.49,14.01,12.71,4294.32,0.0,25.5,26.66,38.97,0.44,15.99,16.51,9330.25,0.0
Southern Europe,2025-08-04,25.97,30.83,38.52,0.52,17.48,16.34,11937.8,0.0,26.12,33.49,33.54,0.56,20.63,13.97,6686.83,0.0,24.36,27.93,33.58,1.6,14.54,11.54,3755.83,0.0,25.48,27.49,33.03,0.41,17.02,13.43,5611.65,0.0
Southern Europe,2025-08-05,25.04,30.14,42.18,0.81,18.19,18.98,16562.61,0.0,25.46,33.86,34.69,0.59,21.12,14.21,6281.9,0.0,24.6,28.32,34.84,0.88,15.64,11.55,3506.17,0.0,24.69,27.07,36.26,1.09,17.43,15.29,9145.0,0.0
Southern Europe,2025-08-06,25.44,31.06,39.43,0.18,17.56,16.37,11494.36,0.0,25.87,33.14,35.88,0.3,20.69,14.99,6360.4,0.0,23.8,27.93,34.66,2.56,15.52,12.3,4142.8,0.0,24.54,27.25,34.44,1.37,17.6,13.57,6784.19,0.0
Southern Europe,2025-08-07,26.42,32.23,35.66,0.03,19.0,14.64,8692.85,0.0,26.35,34.12,34.65,0.08,20.54,12.99,4956.25,0.0,25.33,29.2,32.36,1.07,15.97,9.55,2458.51,0.0,24.76,27.77,30.7,0.91,18.12,11.13,2841.98,0.0
Southern Europe,2025-08-08,25.78,32.43,35.17,0.03,19.63,15.47,10883.16,0.0,25.8,34.03,34.34,0.02,21.4,13.81,6067.24,0.0,25.61,30.27,32.72,0.09,16.82,10.28,2915.62,0.0,25.74,28.44,28.85,0.03,18.71,11.07,2746.99,0.0
Southern Europe,2025-08-09,25.64,32.98,36.46,0.01,20.16,14.75,11157.14,0.0,25.94,34.95,32.89,0.01,21.46,12.41,5280.2,0.0,25.43,31.5,31.29,0.02,18.37,9.72,2532.84,0.0,25.43,29.51,29.85,0.01,19.57,10.8,3837.96,0.0
Southern Europe,2025-08-10,25.89,34.04,38.61,0.01,19.92,17.4,14786.58,0.0,26.26,35.89,35.07,0.0,21.63,14.83,7456.94,0.0,25.41,32.75,36.38,0.05,18.67,11.97,4328.76,0.0,24.81,31.28,30.27,0.03,19.84,12.08,6020.74,0.0
Southern Europe,2025-08-11,25.16,34.28,38.56,0.03,20.83,15.84,10958.48,0.0,25.62,36.85,32.5,0.05,22.48,13.04,5772.55,0.0,24.51,32.09,34.53,0.2,18.73,11.75,4291.79,0.0,24.78,31.16,34.71,0.11,20.38,13.47,5169.85,0.0
Southern Europe,2025-08-12,23.69,33.84,42.9,0.25,21.22,15.89,11503.45,0.0,24.33,36.63,40.88,0.13,23.06,13.61,6694.33,0.0,23.32,31.91,40.58,0.46,19.05,11.57,3985.36,0.0,23.49,31.12,37.74,0.48,20.77,13.86,6707.79,0.0
Southern Europe,2025-08-13,22.61,31.79,38.97,0.72,20.92,15.12,11461.19,0.0,23.96,34.91,36.57,0.22,22.62,14.93,7704.4,0.0,23.49,31.13,38.65,0.85,18.82,11.43,3769.94,0.0,23.31,30.24,35.47,0.29,20.73,14.89,9929.24,0.0
Southern Europe,2025-08-14,23.85,32.29,36.18,0.29,20.25,14.92,12165.61,0.0,24.75,35.08,33.51,0.14,21.98,13.58,6430.16,0.0,23.42,31.11,35.22,0.32,18.67,11.27,3536.18,0.0,23.1,30.41,33.01,0.45,20.74,12.16,5605.56,0.0
Southern Europe,2025-08-15,24.12,32.75,37.41,0.21,20.54,15.47,11619.8,0.0,24.88,35.35,34.56,0.07,21.56,14.45,7257.62,0.0,23.93,31.09,38.79,0.38,18.22,12.69,4823.26,0.0,23.51,30.16,32.65,0.45,20.5,13.23,5671.52,0.0
Southern Europe,2025-08-16,23.7,33.01,34.8,0.36,19.63,13.47,8236.36,0.0,24.32,36.34,31.85,0.12,21.42,12.33,4954.38,0.0,23.29,31.27,34.79,0.4,17.4,10.04,2485.2,0.0,23.4,30.38,31.74,0.47,19.6,12.05,4027.1,0.0
Southern Europe,2025-08-17,23.87,33.01,34.85,0.31,19.86,12.79,5507.91,0.0,24.1,36.46,34.92,0.14,22.06,12.96,5101.96,0.0,23.02,29.91,35.24,1.29,17.52,10.07,2534.29,0.0,23.12,29.41,32.89,1.0,19.63,13.04,5673.35,0.0
Southern Europe,2025-08-18,21.37,30.29,42.52,0.78,19.3,14.89,7440.85,0.0,21.37,33.91,40.91,0.35,21.16,15.01,8053.65,0.0,21.79,26.74,35.55,0.94,16.03,11.29,3285.03,0.0,21.13,26.79,36.03,1.32,18.79,15.87,9371.26,0.0
Southern Europe,2025-08-19,22.27,27.43,39.17,0.92,17.54,15.93,8396.13,0.0,23.88,30.11,37.51,0.5,19.1,17.16,9292.0,0.0,21.48,25.23,34.78,1.53,14.9,11.14,3519.61,0.0,21.24,25.05,37.47,1.55,17.34,17.49,12965.77,0.0
Southern Europe,2025-08-20,22.45,26.61,40.89,0.66,16.28,17.97,10613.05,0.0,23.75,28.79,39.76,0.82,17.45,18.05,10345.38,0.0,19.75,24.09,36.56,5.77,14.34,12.34,4481.26,0.0,20.54,24.4,39.63,4.93,17.25,18.46,13618.82,0.0
Southern Europe,2025-08-21,21.58,26.8,42.04,1.2,16.38,18.59,12125.34,0.0,23.45,29.23,35.65,0.92,17.36,15.93,8708.85,0.0,20.2,24.45,38.14,4.57,13.91,13.04,6246.2,0.0,20.79,24.36,40.22,4.2,16.76,18.7,13062.23,0.0
Southern Europe,2025-08-22,22.89,27.1,39.0,0.87,16.19,17.62,10712.48,0.0,23.64,30.03,34.72,0.62,18.26,14.11,6334.96,0.0,21.52,25.08,35.74,3.63,13.72,12.76,4031.02,0.0,22.49,24.93,38.01,1.48,16.49,17.58,9858.92,0.0
Southern Europe,2025-08-23,23.24,28.33,35.47,0.5,16.16,13.73,6415.62,0.0,23.57,30.31,34.92,0.28,18.36,14.06,5289.87,0.0,22.51,25.41,31.56,2.5,13.42,10.73,2781.22,0.0,22.45,25.17,32.91,1.85,16.52,13.59,6030.18,0.0
Southern Europe,2025-08-24,22.51,28.92,34.75,0.33,17.46,12.96,4908.23,0.0,22.85,30.44,32.93,0.27,18.85,12.96,4406.68,0.0,20.84,24.8,32.02,1.03,13.67,9.43,2143.9,0.0,20.85,24.81,31.66,1.2,17.08,12.51,4250.26,0.0
Southern Europe,2025-08-25,21.76,29.14,36.04,0.22,18.43,13.58,5348.06,0.0,21.82,31.08,34.61,0.19,19.8,12.82,4751.04,0.0,22.05,25.96,30.85,0.34,14.08,8.42,1597.13,0.0,21.24,25.92,33.02,0.32,17.87,12.26,4343.88,0.0
Southern Europe,2025-08-26,21.51,29.23,39.46,0.94,18.43,13.55,5959.88,0.0,22.54,31.57,35.08,0.22,20.21,13.23,5377.67,0.0,22.19,25.92,32.71,0.35,14.16,9.49,2070.84,0.0,20.68,25.64,34.92,0.59,17.65,14.2,8608.9,0.0
Southern Europe,2025-08-27,20.16,27.32,40.58,3.15,17.64,15.22,8064.2,0.0,22.49,29.8,40.09,0.89,19.41,16.65,9002.35,0.0,18.56,24.19,35.61,2.39,14.25,11.0,3622.47,0.0,18.57,24.48,39.22,3.6,17.49,16.33,11231.43,0.0
Southern Europe,2025-08-28,22.25,25.5,44.65,1.53,15.3,21.05,16031.17,0.0,23.44,27.41,42.36,1.13,16.38,20.8,13690.24,0.0,18.96,23.04,41.78,10.77,13.27,14.97,7312.98,0.0,19.43,23.85,42.77,7.46,16.34,20.05,16469.37,0.0
Southern Europe,2025-08-29,19.07,25.9,46.29,1.95,14.34,21.15,16323.81,0.0,21.97,28.13,41.83,0.92,14.66,19.1,11062.1,0.0,17.62,23.35,45.1,8.66,12.15,16.8,9985.26,0.0,17.91,23.58,42.87,8.01,15.51,19.4,16779.62,0.0
Southern Europe,2025-08-30,20.1,26.59,41.61,2.23,15.8,17.59,10618.55,0.0,22.42,29.69,37.5,1.25,17.28,15.85,7404.07,0.0,18.17,22.9,39.13,4.57,12.86,13.61,4993.73,0.0,18.5,24.01,39.8,3.16,16.15,16.67,9545.93,0.0
Southern Europe,2025-08-31,19.92,25.68,45.82,2.36,15.35,18.5,11920.47,0.0,20.88,28.16,45.91,0.91,17.01,19.23,12483.55,0.0,19.65,21.84,40.87,2.78,11.32,14.5,6838.49,0.0,19.92,23.33,41.85,2.65,14.45,17.63,12799.1,0.0
Southern Europe,2025-09-01,21.29,23.67,40.11,0.98,12.93,19.15,12369.21,0.0,22.46,25.72,38.76,0.24,13.99,19.41,11124.95,0.0,18.27,20.94,36.56,3.0,10.77,13.93,5818.3,0.0,19.58,22.46,37.5,3.01,14.16,17.31,13025.13,0.0
Southern Europe,2025-09-02,19.86,25.47,40.53,0.85,12.92,17.3,11227.72,0.0,22.11,27.54,33.06,0.77,13.47,13.95,5777.11,0.0,17.79,22.54,35.46,3.21,10.69,12.62,4487.29,0.0,18.79,23.5,37.44,3.86,14.38,16.14,11204.34,0.0
Southern Europe,2025-09-03,20.7,27.05,40.57,0.86,14.43,18.03,12912.77,0.0,22.51,29.88,35.36,0.16,15.42,14.0,6078.02,0.0,18.78,23.41,36.6,1.79,11.45,12.81,5123.66,0.0,19.29,24.53,38.07,0.63,14.81,16.78,14042.39,0.0
Southern Europe,2025-09-04,21.15,25.82,37.65,0.59,14.59,17.24,8889.71,0.0,22.21,28.92,32.98,0.12,16.35,16.17,7515.49,0.0,19.59,23.17,32.68,0.88,11.64,11.81,3370.12,0.0,20.32,24.09,35.94,1.31,14.91,15.57,9163.43,0.0
Southern Europe,2025-09-05,21.76,27.34,36.52,0.14,13.98,17.19,12076.38,0.0,21.5,30.17,34.73,0.29,15.87,16.87,10309.65,0.0,20.87,24.71,32.32,0.98,11.09,11.23,3484.09,0.0,21.56,25.51,36.29,0.22,14.34,15.93,11465.33,0.0
Southern Europe,2025-09-06,20.97,28.68,44.37,0.18,16.26,20.27,18300.9,0.0,21.33,31.05,39.25,0.05,17.28,17.33,11195.61,0.0,21.13,25.4,39.67,0.06,11.55,14.28,7529.68,0.0,21.11,26.02,37.45,0.36,15.41,15.44,9413.84,0.0
Southern Europe,2025-09-07,16.94,26.73,39.66,1.62,17.1,18.05,10713.94,0.0,16.69,28.32,34.59,1.35,18.96,14.95,7033.37,0.0,17.02,23.39,33.09,2.4,12.3,11.87,3968.37,0.0,17.96,24.61,37.44,4.6,16.11,15.92,10383.79,0.0
Southern Europe,2025-09-08,18.86,25.07,38.07,0.9,15.13,15.81,8386.07,0.0,19.53,27.75,35.63,0.5,17.73,14.44,6797.32,0.0,18.39,22.46,31.21,0.93,12.27,10.16,2586.81,0.0,18.27,23.04,37.95,0.99,14.86,17.25,16563.9,0.0
Southern Europe,2025-09-09,18.82,24.52,39.17,0.93,13.54,16.52,9786.86,0.0,19.96,26.11,37.78,0.77,14.63,17.09,9865.71,0.0,17.2,21.57,35.08,1.85,11.43,11.17,3797.03,0.0,16.8,22.64,41.13,2.85,13.95,17.58,15278.16,0.0
Southern Europe,2025-09-10,14.74,24.63,44.82,6.28,14.36,19.68,13897.23,0.0,16.75,26.47,42.15,3.34,15.0,19.57,12361.57,0.0,11.89,21.44,42.22,12.08,12.81,16.05,10015.2,0.0,12.77,22.44,40.59,16.35,15.76,19.09,14464.08,0.0
Southern Europe,2025-09-11,18.58,25.43,41.32,2.2,15.03,18.42,10754.3,0.0,20.65,28.82,34.52,1.1,16.6,16.08,7401.17,0.0,16.76,22.17,38.92,5.15,11.93,13.84,5437.86,0.0,17.73,23.06,36.56,2.86,15.45,16.69,9651.5,0.0
Southern Europe,2025-09-12,18.95,26.14,35.82,0.16,15.35,14.24,5822.99,0.0,20.56,29.95,33.16,0.12,17.06,14.1,5862.22,0.0,18.2,22.77,32.37,1.09,12.22,10.44,2539.18,0.0,18.44,23.87,32.73,0.57,15.25,14.48,6609.83,0.0
Southern Europe,2025-09-13,19.06,26.13,35.34,0.74,15.22,14.62,6955.66,0.0,20.11,29.28,33.6,0.41,17.38,14.74,6306.75,0.0,17.44,22.66,32.0,1.34,11.75,10.36,2433.44,0.0,17.65,23.56,32.49,1.42,14.92,13.51,6300.54,0.0
Southern Europe,2025-09-14,19.49,27.04,33.45,0.3,15.76,14.53,7833.26,0.0,20.58,29.65,30.44,0.14,16.83,13.32,5746.41,0.0,18.54,23.97,32.17,1.11,13.03,10.07,2228.14,0.0,18.06,24.39,34.77,0.6,16.14,15.79,11876.86,0.0
Southern Europe,2025-09-15,19.46,27.34,35.8,0.22,15.97,13.66,7051.53,0.0,20.6,30.68,31.41,0.04,18.14,12.38,5282.87,0.0,18.99,24.59,30.08,0.28,12.54,9.24,1822.37,0.0,18.13,24.54,33.74,0.37,15.27,14.92,11865.31,0.0
Southern Europe,2025-09-16,20.18,28.05,34.74,0.15,15.33,14.03,7517.02,0.0,20.63,31.07,31.03,0.09,17.83,11.99,4265.24,0.0,18.82,25.26,29.95,0.95,12.22,10.05,2184.48,0.0,19.23,25.49,34.27,0.24,15.34,14.4,7479.47,0.0
Southern Europe,2025-09-17,20.14,29.05,31.57,0.21,16.01,12.32,6764.41,0.0,20.34,31.79,28.99,0.08,17.86,11.63,4355.99,0.0,19.22,25.34,30.75,0.53,12.23,9.51,2500.9,0.0,18.9,25.61,30.17,0.43,15.66,12.13,4402.51,0.0
Southern Europe,2025-09-18,19.64,29.25,36.42,0.02,15.91,16.11,10653.09,0.0,19.7,31.71,31.47,0.02,17.54,13.66,5942.92,0.0,19.37,26.25,31.58,0.02,11.87,10.88,3526.88,0.0,18.39,26.43,32.09,0.03,15.38,12.96,4968.13,0.0
Southern Europe,2025-09-19,18.57,28.77,40.32,0.28,16.59,16.95,12487.56,0.0,17.99,30.64,38.4,0.21,18.76,14.2,7269.64,0.0,18.53,26.76,35.37,0.15,13.38,12.09,4872.22,0.0,17.94,26.88,33.34,0.04,16.5,13.09,5148.34,0.0
Southern Europe,2025-09-20,17.64,26.8,40.91,1.32,15.59,17.03,12078.61,0.0,18.59,29.53,38.42,0.32,18.09,14.05,6903.9,0.0,17.43,24.56,35.0,0.54,12.16,11.82,4050.44,0.0,16.8,25.14,36.45,1.02,15.26,14.15,8176.45,0.0
Southern Europe,2025-09-21,17.02,22.67,43.92,2.64,12.12,19.11,14061.67,0.0,18.84,25.72,41.0,0.97,14.33,18.66,11361.23,0.0,17.25,21.1,39.06,1.89,10.43,13.94,5832.51,0.0,17.06,21.93,42.5,3.24,12.99,19.77,19800.59,0.0
Southern Europe,2025-09-22,18.92,21.43,38.13,0.66,9.63,18.69,11912.2,0.0,19.88,23.65,35.19,0.94,10.34,17.71,10228.19,0.0,15.98,19.74,36.73,7.86,8.7,13.58,5656.49,0.0,16.56,20.65,41.01,7.11,11.36,21.0,26368.92,0.0
Southern Europe,2025-09-23,17.95,21.42,38.87,0.85,9.72,18.07,11935.49,0.0,19.05,23.92,34.83,1.71,10.55,16.93,9157.62,0.0,16.3,19.75,33.54,5.44,8.03,13.27,5276.68,0.0,16.45,20.81,39.45,4.73,11.01,18.08,12711.36,0.0
Southern Europe,2025-09-24,16.58,21.16,36.2,1.48,9.36,17.22,10435.82,0.0,17.92,23.88,33.83,0.98,10.57,15.95,8418.2,0.0,14.82,19.07,33.92,4.52,7.36,12.91,5452.03,0.0,15.2,20.29,35.58,2.79,10.6,16.15,9037.7,0.0
Southern Europe,2025-09-25,18.5,22.11,32.79,0.23,9.51,15.39,8361.55,0.0,18.65,24.57,29.94,0.28,11.43,13.23,4744.52,0.0,16.84,19.4,28.13,1.38,7.05,10.02,2379.76,0.0,17.34,20.4,31.94,0.8,10.01,13.71,5806.67,0.0
Southern Europe,2025-09-26,18.31,22.81,32.04,0.17,9.75,13.04,6153.36,0.0,18.15,25.19,30.42,0.34,11.86,12.05,3809.38,0.0,14.44,19.28,30.75,2.09,7.63,9.73,2069.24,0.0,16.3,20.34,27.81,1.13,10.63,10.22,3320.63,0.0
Southern Europe,2025-09-27,15.1,23.1,37.0,2.37,9.98,15.35,9894.64,0.0,15.95,25.14,35.67,1.02,12.01,14.18,6551.34,0.0,12.2,18.78,35.66,4.51,7.17,11.86,4742.63,0.0,12.8,20.79,40.32,4.37,10.62,16.98,25497.37,0.0
Southern Europe,2025-09-28,13.06,21.74,43.5,5.43,12.67,19.38,16647.53,0.0,10.68,21.58,41.6,6.95,14.22,19.55,15543.6,0.0,12.19,18.36,39.08,7.8,8.3,16.18,10727.88,0.0,14.5,20.21,46.77,3.86,11.52,24.96,51929.24,0.0
Southern Europe,2025-09-29,13.64,20.06,37.32,2.19,11.6,19.15,12234.2,0.0,13.62,22.04,32.84,2.84,13.7,15.13,6846.52,0.0,15.67,18.63,33.3,1.1,7.61,13.93,6088.0,0.0,15.36,20.25,35.54,0.87,11.51,18.12,13833.46,0.0
Southern Europe,2025-09-30,15.76,21.62,30.25,0.54,10.82,14.28,6919.34,0.0,15.61,23.34,28.65,1.71,13.16,13.37,4745.13,0.0,14.99,18.53,27.92,0.9,7.21,10.83,2987.38,0.0,16.09,20.66,30.37,0.61,11.4,14.76,7361.22,0.0
Southern Europe,2025-10-01,16.24,22.33,31.73,2.38,10.7,14.24,7109.68,0.0,16.53,24.36,28.0,1.03,13.11,12.48,4369.04,0.0,14.73,18.6,29.15,1.76,7.59,10.29,3184.63,0.0,15.54,20.73,34.84,1.75,11.42,14.67,8095.73,0.0
Southern Europe,2025-10-02,15.87,21.82,35.95,3.08,9.64,16.07,11336.65,0.0,15.98,24.36,30.84,3.42,12.29,13.61,7220.48,0.0,14.49,17.54,34.56,3.63,5.42,13.6,8277.71,0.0,16.4,19.96,35.95,0.76,9.88,16.48,10649.25,0.0
Southern Europe,2025-10-03,15.04,21.49,36.28,1.26,9.55,16.35,13358.41,0.0,16.52,24.61,31.45,1.49,11.94,13.79,7206.3,0.0,14.68,17.32,34.65,2.22,4.75,12.98,7997.63,0.0,14.88,19.62,35.55,0.68,9.42,15.29,8703.71,0.0
Southern Europe,2025-10-04,15.2,22.07,37.51,0.54,9.73,16.99,9356.5,0.0,17.18,25.24,32.93,0.11,11.59,14.79,6410.94,0.0,13.83,18.11,34.79,1.05,5.44,12.15,3991.5,0.0,13.57,19.69,35.05,0.82,9.5,16.05,9272.04,0.0
Southern Europe,2025-10-05,14.86,20.08,42.54,2.21,8.85,21.92,17577.55,0.0,16.64,24.1,34.97,1.28,11.64,17.53,12023.3,0.0,14.13,17.11,44.22,6.06,5.07,17.57,10772.46,0.0,13.75,18.87,46.35,5.52,8.61,21.81,19253.2,0.0
Southern Europe,2025-10-06,15.63,21.35,39.25,1.68,7.89,18.52,17591.7,0.0,14.95,24.14,34.23,1.49,11.74,16.5,10537.68,0.0,14.81,18.11,36.15,1.54,3.75,14.7,7482.7,0.0,16.16,20.62,36.69,0.62,8.21,16.69,11052.24,0.0
Southern Europe,2025-10-07,15.55,21.91,33.45,0.93,9.66,14.86,11985.77,0.0,16.05,24.57,29.1,0.71,12.14,12.74,6770.87,0.0,14.51,19.24,33.27,0.82,6.41,12.07,5201.9,0.0,15.08,21.06,31.24,0.25,10.49,12.52,4583.55,0.0
Southern Europe,2025-10-08,14.44,21.67,37.52,0.3,10.27,16.25,10214.67,0.0,14.69,23.34,31.89,0.19,12.65,14.48,6927.02,0.0,13.99,19.0,31.6,0.31,7.57,11.53,4959.4,0.0,14.5,20.08,35.68,0.36,10.97,15.49,8119.32,0.0
Southern Europe,2025-10-09,14.64,20.22,35.32,0.63,10.16,17.64,12441.63,0.0,15.1,22.59,31.99,1.77,11.92,13.46,5655.26,0.0,13.95,18.61,30.14,0.97,7.55,11.26,3577.83,0.0,14.45,19.75,33.84,0.37,10.61,16.18,10464.45,0.0
Southern Europe,2025-10-10,13.88,20.25,35.75,1.22,9.49,18.05,14149.59,0.0,14.01,22.69,32.93,1.75,11.97,16.53,8476.16,0.0,14.37,19.15,32.28,0.81,6.89,13.3,5839.46,0.0,14.73,20.61,34.6,0.15,10.72,17.54,14834.56,0.0
Southern Europe,2025-10-11,13.79,20.98,37.19,0.6,9.68,17.91,10774.35,0.0,14.28,22.92,36.3,0.57,12.02,18.44,10336.85,0.0,13.96,19.46,32.79,0.38,7.43,13.39,5392.12,0.0,14.68,21.66,34.78,0.38,10.95,17.12,11449.3,0.0
Southern Europe,2025-10-12,13.5,21.14,34.15,0.38,10.43,16.27,9344.15,0.0,14.03,23.1,33.17,0.45,12.19,16.12,7730.85,0.0,13.65,19.32,30.1,0.17,7.38,11.53,3516.95,0.0,13.69,21.43,30.59,0.21,11.42,14.88,7559.24,0.0
Southern Europe,2025-10-13,12.82,20.97,26.99,1.8,11.68,10.4,3113.85,0.0,13.74,23.1,27.36,1.66,13.36,10.95,3231.8,0.0,12.37,18.94,23.47,0.51,8.52,7.49,1193.93,0.0,13.4,20.9,25.31,0.55,12.72,10.98,3472.08,0.0
Southern Europe,2025-10-14,13.6,21.58,25.49,0.64,11.15,9.64,2612.89,0.0,14.6,23.8,23.5,0.44,12.63,9.56,1797.75,0.0,12.51,18.93,22.05,0.49,7.78,7.16,787.33,0.0,13.52,20.67,25.63,0.39,11.83,10.79,3047.58,0.0
Southern Europe,2025-10-15,13.11,21.29,27.34,2.16,10.82,11.13,5305.93,0.0,14.03,23.77,24.83,0.54,12.45,10.09,2806.23,0.0,12.81,18.84,26.2,0.91,7.6,8.86,1814.07,0.0,12.19,20.15,27.81,1.97,11.62,11.64,4372.0,0.0
Southern Europe,2025-10-16,11.95,20.54,29.3,2.18,11.05,12.68,6966.58,0.0,12.48,22.93,26.24,0.99,12.92,11.84,4338.74,0.0,11.21,17.96,27.03,1.44,7.91,9.46,2656.82,0.0,11.53,19.52,29.99,1.49,11.62,13.59,5818.76,0.0
Southern Europe,2025-10-17,12.4,20.63,29.24,2.72,10.68,12.49,7147.24,0.0,13.19,22.71,28.33,1.78,12.27,12.11,4600.17,0.0,11.46,17.81,26.16,1.91,7.4,9.21,2348.59,0.0,12.54,19.65,28.7,1.46,11.09,12.02,3973.81,0.0
Southern Europe,2025-10-18,13.03,21.31,28.69,0.6,10.26,12.32,5904.58,0.0,14.23,23.38,24.49,0.34,11.43,11.72,3760.22,0.0,12.36,18.46,28.52,0.6,6.74,10.11,2473.26,0.0,12.95,20.4,27.48,0.38,10.49,12.17,3534.43,0.0
Southern Europe,2025-10-19,10.45,19.7,39.06,4.07,10.63,19.64,16306.48,0.0,12.92,22.52,33.88,0.9,11.7,15.91,8069.54,0.0,9.63,16.27,36.69,4.15,7.38,14.53,7866.35,0.0,9.72,18.86,38.26,3.23,10.73,19.36,18417.89,0.0
Southern Europe,2025-10-20,10.41,18.98,40.77,2.45,10.43,20.63,18259.46,0.0,11.29,20.97,37.35,1.37,13.11,19.2,12757.94,0.0,8.3,14.96,35.13,3.74,6.57,14.94,8610.5,0.0,9.42,17.64,37.47,3.17,11.1,18.43,17369.89,0.0
Southern Europe,2025-10-21,9.91,19.84,45.36,4.43,11.36,23.51,23139.61,0.0,9.71,21.53,41.45,2.6,13.16,21.08,15694.45,0.0,8.13,16.32,41.84,6.26,8.29,18.13,13485.34,0.0,9.04,18.47,43.05,5.51,12.13,22.25,24258.0,0.0
Southern Europe,2025-10-22,10.16,20.42,50.6,3.51,12.68,26.87,37285.03,0.0,10.42,22.26,43.56,1.13,14.41,23.61,21391.44,0.0,8.33,16.95,45.47,4.45,9.34,20.26,22069.03,0.0,8.78,19.35,44.63,4.01,12.91,23.87,35533.31,0.0
Southern Europe,2025-10-23,10.95,19.93,62.86,4.09,10.72,28.84,44323.96,0.0,11.67,22.86,49.0,1.95,14.13,25.84,33008.2,0.0,7.84,16.14,62.43,10.73,7.46,21.92,27194.9,0.0,8.81,18.97,59.81,7.54,11.19,24.36,35773.76,0.0
Southern Europe,2025-10-24,11.23,19.21,41.7,1.92,9.06,19.44,14825.36,0.0,11.33,22.68,39.19,1.6,13.06,18.86,11629.48,0.0,10.19,15.92,48.15,3.38,5.51,15.79,10391.24,0.0,10.83,18.46,44.64,1.19,9.77,20.12,14978.15,0.0
Southern Europe,2025-10-25,8.97,18.51,35.48,4.1,10.34,16.86,8707.16,0.0,10.88,21.97,33.74,2.31,13.26,15.49,6728.48,0.0,8.29,14.8,36.32,4.58,5.65,13.18,5051.06,0.01,8.81,17.68,38.54,3.82,9.69,17.73,12024.55,0.0
Southern Europe,2025-10-26,10.66,17.43,40.38,2.47,8.05,20.71,15144.39,0.0,10.25,19.57,35.37,3.33,11.09,16.95,9694.74,0.0,10.47,14.65,40.04,3.55,3.98,16.03,7642.1,0.01,10.77,17.34,43.0,4.04,8.79,20.49,14347.42,0.0
Southern Europe,2025-10-27,12.52,17.98,33.93,0.83,5.97,15.93,10984.93,0.0,12.16,19.8,30.78,1.54,8.36,14.82,8356.0,0.0,11.12,14.75,36.27,1.81,2.06,12.98,5548.78,0.01,11.58,17.11,36.73,1.21,7.25,16.16,8268.41,0.0
Southern Europe,2025-10-28,11.5,18.94,33.35,2.59,6.28,14.84,8764.21,0.0,11.42,20.84,33.88,3.58,8.21,14.76,7045.63,0.0,10.82,16.09,36.42,2.64,2.7,12.0,3779.22,0.01,9.91,18.53,39.76,4.45,7.97,16.38,10768.56,0.0
Southern Europe,2025-10-29,8.87,17.91,37.97,6.44,9.04,18.07,11575.72,0.0,7.85,18.65,36.0,13.66,11.23,16.53,10215.84,0.0,8.59,14.87,33.27,5.61,5.4,12.69,4985.65,0.01,8.04,16.7,38.35,7.78,10.05,16.49,10575.07,0.0
Southern Europe,2025-10-30,9.91,18.21,39.17,1.17,9.08,18.26,14712.1,0.0,10.11,19.29,32.23,1.42,11.23,14.16,6560.02,0.0,7.81,15.06,39.79,5.33,6.14,14.86,9257.48,0.01,8.38,17.55,41.47,4.48,10.43,18.56,17742.88,0.0
Southern Europe,2025-10-31,7.95,18.19,39.94,8.18,9.77,20.58,20605.96,0.0,8.82,19.37,34.29,2.19,11.24,17.21,11067.34,0.0,6.0,15.42,37.56,13.55,7.33,17.1,15567.76,0.01,6.38,18.12,43.07,11.19,11.38,23.9,39042.64,0.0
Southern Europe,2025-11-01,8.54,17.9,36.9,4.35,9.96,17.61,12213.09,0.0,8.74,19.3,32.2,2.43,11.38,16.21,8480.91,0.0,7.66,15.68,35.86,7.75,7.39,13.2,6232.05,0.01,8.67,17.97,40.57,5.77,10.74,16.91,15875.66,0.0
Southern Europe,2025-11-02,10.59,17.42,34.4,0.48,8.35,17.29,10303.11,0.0,11.39,19.13,29.35,0.91,9.63,14.81,6529.0,0.0,8.25,14.54,34.44,5.07,5.27,12.43,5255.93,0.01,9.08,17.19,33.41,3.17,9.7,14.62,8397.48,0.0
Southern Europe,2025-11-03,11.42,18.29,30.46,1.76,6.43,14.42,7186.36,0.0,12.24,19.66,27.3,0.82,7.13,13.66,5384.58,0.0,10.57,15.5,36.04,2.72,2.78,13.25,4993.97,0.01,11.01,17.8,33.9,1.51,7.44,15.11,6245.49,0.0
Southern Europe,2025-11-04,10.3,18.08,39.4,1.2,6.93,20.84,22739.24,0.0,10.99,19.86,30.47,0.87,8.16,16.08,8826.74,0.0,9.1,14.9,37.86,0.98,3.07,16.22,11631.62,0.01,9.63,17.97,40.82,0.67,7.12,21.04,23949.16,0.0
Southern Europe,2025-11-05,8.07,17.61,51.73,8.14,7.35,26.93,38565.8,0.0,7.72,18.9,47.17,9.14,9.02,24.89,28730.7,0.0,7.79,14.94,45.45,10.87,2.6,19.65,24401.24,0.01,8.75,17.76,51.9,9.02,6.39,26.17,49604.44,0.0
Southern Europe,2025-11-06,9.0,14.72,47.88,4.47,5.6,23.97,27266.57,0.0,9.66,15.89,41.64,2.2,6.89,21.58,16965.58,0.0,8.97,12.91,36.28,3.8,2.1,15.93,11608.49,0.01,9.27,15.55,40.7,5.37,5.63,19.88,23431.27,0.0
Southern Europe,2025-11-07,7.52,15.01,36.28,4.88,5.48,18.22,12751.01,0.0,7.59,16.2,33.08,3.38,6.76,16.85,8964.5,0.0,6.99,12.53,33.15,6.04,2.68,14.36,7658.81,0.01,7.75,15.45,35.77,5.74,6.62,17.87,16432.08,0.0
Southern Europe,2025-11-08,9.13,14.84,41.38,3.92,6.07,20.1,15867.6,0.0,10.28,16.34,37.45,3.04,7.18,19.34,13099.21,0.0,8.61,11.96,31.19,3.82,2.26,12.18,6256.49,0.01,9.42,14.88,33.73,3.12,6.62,14.71,7547.56,0.0
Southern Europe,2025-11-09,9.91,15.64,31.58,2.66,4.91,14.83,8330.77,0.0,10.67,16.77,24.77,2.14,5.02,12.29,4762.29,0.0,9.28,12.61,25.94,2.42,1.19,9.65,2832.91,0.01,9.32,15.14,30.76,1.89,5.66,13.81,6645.07,0.0
Southern Europe,2025-11-10,8.72,15.5,32.89,3.98,5.57,16.69,9266.69,0.0,9.71,16.77,25.47,2.59,5.42,11.17,3765.69,0.0,7.43,12.72,28.73,3.67,2.4,11.83,3775.5,0.01,9.31,15.63,32.58,1.38,6.18,14.99,8169.71,0.0
Southern Europe,2025-11-11,9.77,16.82,39.83,1.08,6.05,20.09,22887.1,0.0,10.82,18.49,29.35,0.25,6.26,15.19,7457.84,0.0,8.64,13.87,37.09,1.01,2.89,15.5,13015.28,0.01,9.38,16.67,39.39,0.59,6.22,21.02,30224.14,0.0
Southern Europe,2025-11-12,9.56,18.06,46.97,3.88,6.3,24.72,33036.21,0.0,10.5,19.86,41.82,1.34,7.46,22.76,24086.18,0.0,8.34,14.32,40.34,4.0,2.47,17.63,19583.13,0.01,7.92,17.09,44.27,5.47,6.4,23.51,39088.16,0.0
Southern Europe,2025-11-13,7.22,17.33,47.95,9.08,7.52,25.54,38315.78,0.0,5.86,17.62,47.44,12.92,8.54,26.82,43683.43,0.0,6.74,14.05,41.46,13.05,3.66,18.9,23750.53,0.01,6.46,16.43,48.02,15.19,7.52,25.61,50991.52,0.0
Southern Europe,2025-11-14,7.77,15.96,48.78,7.61,6.54,25.35,34094.15,0.0,7.25,16.29,48.08,12.19,8.09,25.04,30652.79,0.0,6.96,13.15,43.68,7.31,3.28,18.61,19743.34,0.01,6.79,15.71,49.25,14.91,6.79,25.62,44192.26,0.01
Southern Europe,2025-11-15,6.98,15.61,45.2,7.28,6.19,24.08,28530.47,0.0,5.77,16.26,48.07,12.74,7.9,23.0,24753.08,0.0,5.49,12.44,36.87,8.76,3.72,16.79,12771.22,0.01,6.39,15.64,46.49,10.91,7.47,23.9,32541.54,0.01
Southern Europe,2025-11-16,8.01,15.3,44.32,3.47,6.64,20.77,15700.68,0.0,8.38,16.1,39.72,3.21,8.07,19.05,11644.63,0.0,5.85,12.4,38.48,9.33,4.33,16.34,9604.77,0.01,6.59,15.46,41.47,9.91,8.04,19.62,16928.46,0.0
Southern Europe,2025-11-17,8.18,15.48,41.19,2.27,6.86,19.68,15436.28,0.0,8.27,15.74,33.39,3.69,7.54,16.06,9080.26,0.0,6.73,12.86,44.09,6.23,3.46,16.18,11098.86,0.01,7.6,15.33,45.69,6.25,7.73,19.48,13336.86,0.0
Southern Europe,2025-11-18,8.3,13.7,38.25,2.71,4.43,19.4,15753.7,0.0,9.51,15.35,30.82,2.02,5.44,16.54,9629.77,0.0,7.39,10.64,36.85,4.23,0.65,14.2,6779.45,0.01,7.6,13.22,39.48,3.92,4.92,17.09,9972.19,0.0
Southern Europe,2025-11-19,7.94,12.5,34.31,1.45,2.93,15.23,7482.7,0.0,9.06,13.95,28.56,1.18,3.88,12.68,4871.32,0.0,7.32,9.0,29.82,2.08,-0.78,10.07,2798.6,0.02,7.89,12.11,34.2,2.24,3.15,15.71,10669.81,0.0
Southern Europe,2025-11-20,8.56,11.69,40.7,2.23,2.26,20.93,14194.45,0.0,9.78,13.25,33.53,1.62,2.56,18.05,10524.76,0.0,7.67,8.51,36.21,3.09,-1.38,14.59,6857.84,0.02,7.98,11.32,40.17,3.15,1.99,19.94,20508.4,0.01
Southern Europe,2025-11-21,7.89,9.89,44.06,3.5,0.43,22.78,18591.09,0.01,9.43,11.96,40.99,2.22,1.02,22.35,18193.96,0.0,6.39,6.47,40.41,5.49,-2.96,17.08,9443.84,0.03,7.54,9.68,42.14,4.04,0.62,21.25,17025.62,0.01
Southern Europe,2025-11-22,8.18,9.87,39.26,1.86,-1.08,20.74,16914.6,0.01,9.86,11.7,33.12,1.84,-0.61,18.75,13490.05,0.0,7.11,6.16,35.64,4.61,-5.44,15.95,9563.43,0.04,7.68,9.58,37.69,2.46,-1.15,17.12,11358.84,0.02
Southern Europe,2025-11-23,7.49,11.83,39.99,1.73,0.97,20.85,17783.4,0.01,9.21,13.32,30.32,1.06,0.81,15.85,8909.62,0.0,6.56,6.94,37.33,2.88,-4.47,15.71,9864.06,0.04,7.37,10.91,36.82,1.68,0.6,18.06,16689.43,0.01
Southern Europe,2025-11-24,5.2,13.1,54.05,7.52,2.84,28.64,38091.52,0.01,5.29,13.79,47.35,3.8,4.37,26.43,30700.24,0.0,3.82,8.68,48.67,9.91,-1.22,22.07,24815.59,0.04,4.01,12.02,51.84,10.34,3.03,26.66,36830.69,0.01
Southern Europe,2025-11-25,7.43,12.01,49.88,4.88,2.6,27.63,32023.86,0.0,8.9,13.34,45.06,2.44,3.4,25.06,25328.17,0.0,6.48,8.85,43.97,6.22,-1.33,19.21,18748.48,0.04,7.09,11.74,48.64,7.29,2.99,24.61,25571.15,0.01
Southern Europe,2025-11-26,8.11,11.24,42.84,1.7,1.47,22.13,20255.1,0.0,9.37,12.88,38.71,1.33,1.67,21.03,17440.66,0.0,7.49,8.37,37.78,2.71,-2.55,15.3,9237.32,0.04,8.0,11.2,38.93,1.34,1.75,18.47,11494.52,0.01
Southern Europe,2025-11-27,8.3,11.31,35.34,2.37,0.27,18.84,16049.19,0.0,9.13,12.8,32.17,3.39,0.35,18.16,12986.92,0.0,7.52,7.95,31.76,3.48,-3.94,13.61,7502.6,0.04,8.43,11.15,35.99,1.12,0.58,16.85,10656.83,0.01
Southern Europe,2025-11-28,7.89,11.85,28.85,2.44,0.97,14.35,7847.06,0.0,9.03,13.32,24.11,2.59,0.76,12.59,5521.99,0.0,7.64,8.52,25.31,1.4,-4.22,9.91,3412.0,0.04,7.9,11.58,29.4,0.21,0.94,14.79,7186.0,0.01
Southern Europe,2025-11-29,7.11,11.47,29.93,2.56,1.11,14.36,6979.82,0.0,8.23,12.57,24.68,0.87,1.2,11.24,3513.57,0.0,6.26,8.9,26.42,2.24,-2.58,10.08,2600.03,0.04,6.76,11.84,32.13,3.86,1.78,13.6,6994.14,0.01
Southern Europe,2025-11-30,7.15,10.84,36.37,2.52,1.11,17.63,11861.49,0.0,7.08,12.06,35.98,2.87,2.57,17.88,10792.48,0.0,7.03,8.49,31.95,1.01,-2.27,12.55,5302.46,0.04,7.53,11.3,36.83,2.3,1.6,17.97,19961.67,0.01
Southern Europe,2025-12-01,8.16,11.7,30.45,0.84,-0.04,14.19,9025.9,0.0,9.01,12.87,25.68,0.41,0.86,13.06,5181.3,0.0,6.81,8.52,26.99,1.36,-2.7,10.62,3514.44,0.04,7.23,11.71,33.63,2.5,1.9,15.72,13092.23,0.01
Southern Europe,2025-12-02,6.1,10.52,35.54,4.17,1.18,17.26,10968.98,0.0,6.62,11.75,31.23,2.97,2.21,15.74,7395.06,0.0,5.59,7.74,31.41,5.55,-1.51,12.51,5269.41,0.03,5.45,10.85,38.33,6.7,2.38,17.7,16323.22,0.01
Southern Europe,2025-12-03,6.87,10.33,39.21,2.11,0.58,19.87,15302.75,0.0,7.76,11.41,36.06,2.17,1.47,20.2,13497.4,0.0,5.4,7.49,31.38,2.27,-1.75,14.18,7213.16,0.03,6.28,11.01,37.48,3.77,1.99,19.0,15687.72,0.01
Southern Europe,2025-12-04,4.31,10.57,48.32,10.72,2.42,25.49,28376.87,0.0,4.63,12.35,43.94,4.19,3.18,24.62,23660.7,0.0,3.73,7.8,41.8,5.96,-0.14,19.95,18141.0,0.03,4.6,11.47,43.84,6.16,3.55,22.61,24058.84,0.01
Southern Europe,2025-12-05,5.42,12.43,44.64,6.0,3.33,24.12,25063.92,0.01,5.18,13.82,38.71,5.12,4.13,21.64,16670.31,0.0,4.47,9.55,37.03,5.68,-0.03,16.71,12226.25,0.03,5.68,12.96,39.3,3.86,4.44,20.83,20416.76,0.01
Southern Europe,2025-12-06,5.85,14.28,42.71,3.33,6.12,24.05,23796.02,0.0,6.1,15.25,34.71,3.07,7.47,19.77,13639.17,0.0,4.88,10.92,37.38,5.44,1.76,17.93,12678.28,0.03,6.26,13.7,37.51,2.08,5.76,20.63,19738.88,0.01
Southern Europe,2025-12-07,7.15,13.9,35.3,0.76,5.52,20.36,19811.91,0.0,7.68,15.1,25.18,0.36,6.31,13.33,5497.15,0.0,5.72,11.05,31.21,1.12,1.73,13.93,7442.04,0.02,6.77,13.65,34.72,0.69,5.34,19.18,19220.6,0.01
Southern Europe,2025-12-08,7.56,13.87,34.01,0.5,3.76,17.38,17046.65,0.0,8.19,14.67,24.44,0.21,3.93,11.78,4405.89,0.0,6.54,11.76,33.25,0.67,1.1,13.24,7312.61,0.02,7.21,14.21,36.22,0.32,4.51,19.48,23693.27,0.01
Southern Europe,2025-12-09,6.81,14.28,37.43,3.59,3.42,19.6,23490.29,0.0,7.49,15.36,27.16,3.07,3.43,15.41,9280.37,0.0,5.64,11.42,35.53,4.95,0.68,15.54,15982.41,0.02,5.73,14.29,39.75,7.7,4.0,19.65,33038.77,0.01
Southern Europe,2025-12-10,5.95,12.7,23.84,2.78,4.32,10.82,3698.41,0.0,5.0,12.97,24.15,7.79,5.35,12.6,4564.86,0.0,6.6,11.21,23.06,0.98,0.64,8.35,1891.36,0.02,6.26,12.88,23.11,3.44,5.05,10.84,3707.65,0.01
Southern Europe,2025-12-11,7.37,12.85,29.54,0.66,3.11,13.95,7451.0,0.0,7.73,13.84,24.24,0.2,4.16,12.06,3589.96,0.0,6.51,10.64,26.66,0.43,-0.17,9.57,2935.43,0.02,6.69,12.93,29.45,0.64,3.8,13.43,8127.53,0.01
Southern Europe,2025-12-12,5.62,11.74,31.35,4.88,3.43,15.4,9798.71,0.0,5.38,12.9,29.2,5.64,4.6,16.19,9022.36,0.0,5.1,9.52,28.57,7.28,-0.06,11.93,5230.73,0.03,4.79,12.11,32.74,11.08,3.84,15.62,10343.64,0.01
Southern Europe,2025-12-13,7.12,12.75,29.69,0.51,3.18,16.0,15329.54,0.0,7.68,14.58,34.05,0.83,4.88,21.13,18169.51,0.0,7.37,10.96,27.35,0.23,-0.41,12.91,6100.1,0.03,7.34,13.38,29.59,0.37,3.9,16.81,11273.18,0.01
Southern Europe,2025-12-14,7.33,12.13,27.32,0.6,1.94,14.55,9598.41,0.0,7.84,13.61,29.84,1.01,3.33,18.24,12050.07,0.0,7.36,10.24,23.12,0.07,-1.59,9.63,3158.39,0.03,7.53,13.07,26.74,0.08,2.96,14.37,7155.83,0.01
Southern Europe,2025-12-15,5.39,11.4,33.99,4.78,2.52,16.49,10464.22,0.0,5.65,12.29,28.56,3.89,3.63,13.9,5916.47,0.0,4.97,8.77,28.83,3.41,-1.75,11.02,3943.71,0.03,4.78,11.46,34.77,7.14,2.83,16.14,11745.67,0.01
Southern Europe,2025-12-16,4.31,10.55,39.36,6.2,3.07,20.3,17588.39,0.0,4.56,10.92,35.37,10.58,3.36,19.13,15186.32,0.0,3.49,7.67,34.91,7.57,-0.57,14.86,8377.56,0.03,4.09,10.6,45.75,9.49,3.1,24.33,47525.14,0.01
Southern Europe,2025-12-17,6.58,12.72,32.36,1.36,3.42,16.23,9283.04,0.0,7.41,13.21,27.29,1.24,3.24,14.27,6874.69,0.0,5.17,9.58,25.8,3.2,0.18,10.56,3708.52,0.03,6.08,12.59,35.0,2.18,4.29,14.64,8961.91,0.02
Southern Europe,2025-12-18,6.76,13.1,36.13,2.44,3.55,17.72,18143.41,0.0,7.58,13.5,24.29,0.17,3.44,11.69,4547.09,0.0,5.28,10.18,33.67,2.49,0.39,13.12,8520.86,0.02,5.49,13.04,36.67,4.75,4.44,18.34,26271.1,0.01
Southern Europe,2025-12-19,5.02,11.3,25.73,4.21,3.46,11.46,4172.82,0.0,4.91,12.34,23.44,4.69,4.17,12.06,4215.06,0.0,4.74,9.12,26.68,5.24,0.05,9.11,2430.05,0.02,5.47,12.16,31.03,5.42,4.13,14.29,10247.45,0.01
Southern Europe,2025-12-20,5.1,10.82,33.54,2.75,2.62,16.09,9964.26,0.0,6.0,11.61,30.7,2.23,3.34,15.35,7184.6,0.0,4.83,8.37,29.22,2.89,-0.53,11.2,4006.01,0.02,4.7,11.07,39.3,3.54,2.88,18.61,14431.98,0.01
Southern Europe,2025-12-21,4.51,8.95,40.38,6.66,0.4,20.61,16364.2,0.01,4.82,9.84,40.03,6.19,1.07,20.37,15148.57,0.0,5.05,6.81,32.81,5.61,-1.96,13.73,6378.9,0.04,4.47,9.57,41.57,7.78,1.5,19.96,17075.56,0.02
Southern Europe,2025-12-22,6.06,8.59,36.64,1.84,-0.33,19.71,12757.16,0.01,5.92,9.01,33.94,1.03,-0.27,18.55,9988.59,0.0,5.04,6.18,29.01,2.8,-2.73,13.8,6386.25,0.04,5.34,9.74,34.86,4.35,0.99,18.31,11996.88,0.02
Southern Europe,2025-12-23,5.3,9.81,37.21,2.83,0.86,20.07,15096.07,0.0,4.59,10.35,32.94,3.98,1.87,17.68,10698.08,0.0,4.04,7.37,29.05,4.34,-1.47,13.32,6885.12,0.03,4.44,10.52,36.52,7.16,2.59,17.53,11196.93,0.02
Southern Europe,2025-12-24,5.86,10.02,39.36,2.82,0.41,20.6,15664.97,0.0,6.43,10.84,30.47,3.56,1.68,16.31,8769.74,0.0,4.51,6.93,36.75,5.76,-2.18,15.53,8370.31,0.03,5.11,9.76,41.21,5.8,0.99,20.82,18120.97,0.02
Southern Europe,2025-12-25,5.97,8.03,35.53,1.64,-0.83,16.32,11749.09,0.0,6.33,9.47,27.57,3.62,0.11,14.19,7456.0,0.0,5.01,5.48,31.95,2.51,-3.2,13.88,6767.16,0.04,5.95,9.05,35.18,3.1,0.27,16.53,13620.44,0.03
Southern Europe,2025-12-26,5.9,8.62,28.24,2.8,-0.63,14.1,6030.46,0.0,7.0,9.75,23.71,2.12,0.18,12.36,4867.82,0.0,6.39,6.05,26.07,1.27,-4.36,11.52,4069.25,0.04,6.68,9.59,30.21,2.17,0.53,14.35,6641.0,0.03
Southern Europe,2025-12-27,6.22,9.95,40.83,2.7,-0.11,20.14,15094.39,0.0,6.81,10.74,38.49,3.03,-0.83,21.01,17072.39,0.0,7.26,7.86,37.8,0.74,-4.94,16.64,9893.24,0.04,6.72,10.52,40.51,1.81,-0.89,22.14,18732.26,0.03
Southern Europe,2025-12-28,7.09,11.05,37.82,1.54,0.79,19.92,13896.27,0.0,6.85,11.64,38.58,2.62,1.84,21.51,16210.34,0.0,7.0,9.38,37.76,0.45,-3.18,15.95,8925.79,0.04,7.47,11.97,36.22,0.77,1.11,17.95,11964.35,0.03
Southern Europe,2025-12-29,7.59,10.96,23.19,0.25,0.28,10.35,3205.84,0.0,8.0,11.66,22.49,0.42,0.62,11.56,3779.77,0.0,7.62,8.91,23.57,0.08,-4.18,8.57,1639.32,0.04,7.81,11.37,22.7,0.3,0.96,9.78,2339.0,0.03
Southern Europe,2025-12-30,7.48,10.23,29.94,0.48,-0.29,13.25,6961.78,0.0,8.02,11.2,25.0,0.2,-0.13,10.58,4211.52,0.0,6.93,7.5,30.06,0.29,-4.99,10.38,4387.62,0.04,7.13,10.45,27.14,0.27,0.27,10.52,3300.03,0.03
Southern Europe,2025-12-31,7.23,8.05,30.99,0.5,-2.0,15.93,9870.87,0.0,7.53,9.39,25.67,0.2,-1.43,13.52,7083.8,0.0,6.95,4.09,28.82,0.29,-6.71,11.92,5261.49,0.04,7.15,8.28,32.05,0.2,-1.64,15.89,9848.36,0.03
