Region,Technology,Country,Year,Latitude_Round,Longitude_Round,Total_Capacity
Northern Europe,Bioenergy,Denmark,2023,56.0,12.52,1155.0
Northern Europe,Bioenergy,Denmark,2023,56.0,10.73,481.0
Northern Europe,Bioenergy,Denmark,2023,56.0,8.94,202.0
Northern Europe,Bioenergy,Denmark,2023,55.0,10.46,59.0
Northern Europe,Bioenergy,Denmark,2023,55.0,13.95,37.0
Northern Europe,Bioenergy,Denmark,2024,56.0,12.52,1155.0
Northern Europe,Bioenergy,Denmark,2024,56.0,10.73,481.0
Northern Europe,Bioenergy,Denmark,2024,56.0,8.94,202.0
Northern Europe,Bioenergy,Denmark,2024,55.0,10.46,59.0
Northern Europe,Bioenergy,Denmark,2024,55.0,13.95,37.0
Northern Europe,Bioenergy,Denmark,2025,56.0,12.52,1155.0
Northern Europe,Bioenergy,Denmark,2025,56.0,10.73,481.0
Northern Europe,Bioenergy,Denmark,2025,56.0,8.94,202.0
Northern Europe,Bioenergy,Denmark,2025,55.0,10.46,59.0
Northern Europe,Bioenergy,Denmark,2025,55.0,13.95,37.0
Northern Europe,Bioenergy,Estonia,2023,59.0,25.24,56.0
Northern Europe,Bioenergy,Estonia,2023,58.0,26.42,25.0
Northern Europe,Bioenergy,Estonia,2023,58.0,24.53,24.0
Northern Europe,Bioenergy,Estonia,2024,59.0,25.24,56.0
Northern Europe,Bioenergy,Estonia,2024,58.0,26.42,25.0
Northern Europe,Bioenergy,Estonia,2024,58.0,24.53,24.0
Northern Europe,Bioenergy,Estonia,2025,59.0,25.24,56.0
Northern Europe,Bioenergy,Estonia,2025,58.0,26.42,25.0
Northern Europe,Bioenergy,Estonia,2025,58.0,24.53,24.0
Northern Europe,Bioenergy,Finland,2023,61.0,28.88,405.0
Northern Europe,Bioenergy,Finland,2023,64.0,22.81,385.0
Northern Europe,Bioenergy,Finland,2023,66.0,24.59,378.0
Northern Europe,Bioenergy,Finland,2023,61.0,26.81,324.0
Northern Europe,Bioenergy,Finland,2023,62.0,25.56,313.0
Northern Europe,Bioenergy,Finland,2023,63.0,26.43,295.0
Northern Europe,Bioenergy,Finland,2023,61.0,24.75,261.0
Northern Europe,Bioenergy,Finland,2023,60.0,26.0,217.8
Northern Europe,Bioenergy,Finland,2023,65.0,26.03,177.0
Northern Europe,Bioenergy,Finland,2023,60.0,24.0,163.0
Northern Europe,Bioenergy,Finland,2023,63.0,30.84,154.0
Northern Europe,Bioenergy,Finland,2023,61.0,20.63,151.0
Northern Europe,Bioenergy,Finland,2023,60.0,22.0,130.0
Northern Europe,Bioenergy,Finland,2023,63.0,22.03,120.0
Northern Europe,Bioenergy,Finland,2023,63.0,28.63,118.0
Northern Europe,Bioenergy,Finland,2023,62.0,27.69,93.0
Northern Europe,Bioenergy,Finland,2023,62.0,21.3,81.0
Northern Europe,Bioenergy,Finland,2023,62.0,23.43,60.0
Northern Europe,Bioenergy,Finland,2024,61.0,28.88,405.0
Northern Europe,Bioenergy,Finland,2024,64.0,22.81,385.0
Northern Europe,Bioenergy,Finland,2024,61.0,26.81,324.0
Northern Europe,Bioenergy,Finland,2024,62.0,25.56,313.0
Northern Europe,Bioenergy,Finland,2024,63.0,26.43,295.0
Northern Europe,Bioenergy,Finland,2024,66.0,24.59,295.0
Northern Europe,Bioenergy,Finland,2024,61.0,24.75,261.0
Northern Europe,Bioenergy,Finland,2024,60.0,26.0,217.8
Northern Europe,Bioenergy,Finland,2024,65.0,26.03,177.0
Northern Europe,Bioenergy,Finland,2024,60.0,24.0,163.0
Northern Europe,Bioenergy,Finland,2024,63.0,30.84,154.0
Northern Europe,Bioenergy,Finland,2024,61.0,20.63,151.0
Northern Europe,Bioenergy,Finland,2024,60.0,22.0,130.0
Northern Europe,Bioenergy,Finland,2024,63.0,22.03,120.0
Northern Europe,Bioenergy,Finland,2024,63.0,28.63,118.0
Northern Europe,Bioenergy,Finland,2024,62.0,27.69,93.0
Northern Europe,Bioenergy,Finland,2024,62.0,21.3,81.0
Northern Europe,Bioenergy,Finland,2024,62.0,23.43,60.0
Northern Europe,Bioenergy,Finland,2025,61.0,28.88,405.0
Northern Europe,Bioenergy,Finland,2025,64.0,22.81,385.0
Northern Europe,Bioenergy,Finland,2025,61.0,26.81,324.0
Northern Europe,Bioenergy,Finland,2025,62.0,25.56,313.0
Northern Europe,Bioenergy,Finland,2025,63.0,26.43,295.0
Northern Europe,Bioenergy,Finland,2025,66.0,24.59,295.0
Northern Europe,Bioenergy,Finland,2025,61.0,24.75,261.0
Northern Europe,Bioenergy,Finland,2025,60.0,26.0,217.8
Northern Europe,Bioenergy,Finland,2025,65.0,26.03,177.0
Northern Europe,Bioenergy,Finland,2025,60.0,24.0,163.0
Northern Europe,Bioenergy,Finland,2025,63.0,30.84,154.0
Northern Europe,Bioenergy,Finland,2025,61.0,20.63,151.0
Northern Europe,Bioenergy,Finland,2025,60.0,22.0,130.0
Northern Europe,Bioenergy,Finland,2025,63.0,22.03,120.0
Northern Europe,Bioenergy,Finland,2025,63.0,28.63,118.0
Northern Europe,Bioenergy,Finland,2025,62.0,27.69,93.0
Northern Europe,Bioenergy,Finland,2025,62.0,21.3,81.0
Northern Europe,Bioenergy,Finland,2025,62.0,23.43,60.0
Northern Europe,Bioenergy,Ireland,2023,53.0,-6.65,106.4
Northern Europe,Bioenergy,Ireland,2023,54.0,-6.81,17.0
Northern Europe,Bioenergy,Ireland,2024,53.0,-6.65,106.4
Northern Europe,Bioenergy,Ireland,2024,54.0,-6.81,17.0
Northern Europe,Bioenergy,Ireland,2025,53.0,-6.65,106.4
Northern Europe,Bioenergy,Ireland,2025,54.0,-6.81,17.0
Northern Europe,Bioenergy,Latvia,2023,57.0,23.87,23.0
Northern Europe,Bioenergy,Latvia,2024,57.0,23.87,23.0
Northern Europe,Bioenergy,Latvia,2025,57.0,23.87,23.0
Northern Europe,Bioenergy,Lithuania,2023,55.0,24.41,44.0
Northern Europe,Bioenergy,Lithuania,2023,56.0,21.46,20.0
Northern Europe,Bioenergy,Lithuania,2024,55.0,24.41,124.0
Northern Europe,Bioenergy,Lithuania,2024,56.0,21.46,20.0
Northern Europe,Bioenergy,Lithuania,2025,55.0,24.41,124.0
Northern Europe,Bioenergy,Lithuania,2025,56.0,21.46,20.0
Northern Europe,Bioenergy,Sweden,2023,59.0,17.47,416.3
Northern Europe,Bioenergy,Sweden,2023,59.0,15.53,387.0
Northern Europe,Bioenergy,Sweden,2023,60.0,16.0,356.0
Northern Europe,Bioenergy,Sweden,2023,62.0,17.04,227.0
Northern Europe,Bioenergy,Sweden,2023,60.0,18.0,219.0
Northern Europe,Bioenergy,Sweden,2023,58.0,15.1,206.8
Northern Europe,Bioenergy,Sweden,2023,59.0,13.59,203.0
Northern Europe,Bioenergy,Sweden,2023,61.0,16.5,190.7
Northern Europe,Bioenergy,Sweden,2023,57.0,16.52,179.0
Northern Europe,Bioenergy,Sweden,2023,57.0,12.85,154.0
Northern Europe,Bioenergy,Sweden,2023,56.0,12.52,149.6
Northern Europe,Bioenergy,Sweden,2023,63.0,19.82,130.0
Northern Europe,Bioenergy,Sweden,2023,58.0,13.21,82.0
Northern Europe,Bioenergy,Sweden,2023,64.0,20.53,70.0
Northern Europe,Bioenergy,Sweden,2023,58.0,11.32,69.2
Northern Europe,Bioenergy,Sweden,2023,57.0,14.69,69.0
Northern Europe,Bioenergy,Sweden,2023,56.0,14.31,57.1
Northern Europe,Bioenergy,Sweden,2023,66.0,22.13,52.0
Northern Europe,Bioenergy,Sweden,2023,63.0,15.42,40.0
Northern Europe,Bioenergy,Sweden,2023,63.0,17.62,40.0
Northern Europe,Bioenergy,Sweden,2023,65.0,21.3,36.0
Northern Europe,Bioenergy,Sweden,2024,59.0,17.47,416.3
Northern Europe,Bioenergy,Sweden,2024,59.0,15.53,387.0
Northern Europe,Bioenergy,Sweden,2024,60.0,16.0,356.0
Northern Europe,Bioenergy,Sweden,2024,62.0,17.04,227.0
Northern Europe,Bioenergy,Sweden,2024,60.0,18.0,219.0
Northern Europe,Bioenergy,Sweden,2024,58.0,15.1,206.8
Northern Europe,Bioenergy,Sweden,2024,59.0,13.59,203.0
Northern Europe,Bioenergy,Sweden,2024,61.0,16.5,190.7
Northern Europe,Bioenergy,Sweden,2024,57.0,16.52,179.0
Northern Europe,Bioenergy,Sweden,2024,57.0,12.85,154.0
Northern Europe,Bioenergy,Sweden,2024,56.0,12.52,149.6
Northern Europe,Bioenergy,Sweden,2024,63.0,19.82,130.0
Northern Europe,Bioenergy,Sweden,2024,58.0,13.21,82.0
Northern Europe,Bioenergy,Sweden,2024,64.0,20.53,70.0
Northern Europe,Bioenergy,Sweden,2024,58.0,11.32,69.2
Northern Europe,Bioenergy,Sweden,2024,57.0,14.69,69.0
Northern Europe,Bioenergy,Sweden,2024,56.0,14.31,57.1
Northern Europe,Bioenergy,Sweden,2024,66.0,22.13,52.0
Northern Europe,Bioenergy,Sweden,2024,63.0,15.42,40.0
Northern Europe,Bioenergy,Sweden,2024,63.0,17.62,40.0
Northern Europe,Bioenergy,Sweden,2024,65.0,21.3,36.0
Northern Europe,Bioenergy,Sweden,2025,59.0,17.47,416.3
Northern Europe,Bioenergy,Sweden,2025,59.0,15.53,387.0
Northern Europe,Bioenergy,Sweden,2025,60.0,16.0,356.0
Northern Europe,Bioenergy,Sweden,2025,62.0,17.04,227.0
Northern Europe,Bioenergy,Sweden,2025,60.0,18.0,219.0
Northern Europe,Bioenergy,Sweden,2025,58.0,15.1,206.8
Northern Europe,Bioenergy,Sweden,2025,59.0,13.59,203.0
Northern Europe,Bioenergy,Sweden,2025,61.0,16.5,190.7
Northern Europe,Bioenergy,Sweden,2025,57.0,16.52,179.0
Northern Europe,Bioenergy,Sweden,2025,57.0,12.85,154.0
Northern Europe,Bioenergy,Sweden,2025,56.0,12.52,149.6
Northern Europe,Bioenergy,Sweden,2025,63.0,19.82,130.0
Northern Europe,Bioenergy,Sweden,2025,58.0,13.21,82.0
Northern Europe,Bioenergy,Sweden,2025,64.0,20.53,70.0
Northern Europe,Bioenergy,Sweden,2025,58.0,11.32,69.2
Northern Europe,Bioenergy,Sweden,2025,57.0,14.69,69.0
Northern Europe,Bioenergy,Sweden,2025,56.0,14.31,57.1
Northern Europe,Bioenergy,Sweden,2025,66.0,22.13,52.0
Northern Europe,Bioenergy,Sweden,2025,63.0,15.42,40.0
Northern Europe,Bioenergy,Sweden,2025,63.0,17.62,40.0
Northern Europe,Bioenergy,Sweden,2025,65.0,21.3,36.0
Northern Europe,Hydro,Finland,2023,66.0,24.59,669.0
Northern Europe,Hydro,Finland,2023,65.0,26.03,633.0
Northern Europe,Hydro,Finland,2023,66.0,27.04,391.0
Northern Europe,Hydro,Finland,2023,61.0,28.88,254.0
Northern Europe,Hydro,Finland,2023,61.0,22.69,187.0
Northern Europe,Hydro,Finland,2023,63.0,30.84,126.0
Northern Europe,Hydro,Finland,2023,61.0,26.81,100.0
Northern Europe,Hydro,Finland,2023,65.0,28.39,99.0
Northern Europe,Hydro,Finland,2023,64.0,25.09,45.0
Northern Europe,Hydro,Finland,2023,67.0,25.59,41.0
Northern Europe,Hydro,Finland,2024,66.0,24.59,669.0
Northern Europe,Hydro,Finland,2024,65.0,26.03,633.0
Northern Europe,Hydro,Finland,2024,66.0,27.04,391.0
Northern Europe,Hydro,Finland,2024,61.0,28.88,254.0
Northern Europe,Hydro,Finland,2024,61.0,22.69,187.0
Northern Europe,Hydro,Finland,2024,63.0,30.84,126.0
Northern Europe,Hydro,Finland,2024,61.0,26.81,100.0
Northern Europe,Hydro,Finland,2024,65.0,28.39,99.0
Northern Europe,Hydro,Finland,2024,64.0,25.09,45.0
Northern Europe,Hydro,Finland,2024,67.0,25.59,41.0
Northern Europe,Hydro,Finland,2025,66.0,24.59,669.0
Northern Europe,Hydro,Finland,2025,65.0,26.03,633.0
Northern Europe,Hydro,Finland,2025,66.0,27.04,391.0
Northern Europe,Hydro,Finland,2025,61.0,28.88,254.0
Northern Europe,Hydro,Finland,2025,61.0,22.69,187.0
Northern Europe,Hydro,Finland,2025,63.0,30.84,126.0
Northern Europe,Hydro,Finland,2025,61.0,26.81,100.0
Northern Europe,Hydro,Finland,2025,65.0,28.39,99.0
Northern Europe,Hydro,Finland,2025,64.0,25.09,45.0
Northern Europe,Hydro,Finland,2025,67.0,25.59,41.0
Northern Europe,Hydro,Ireland,2023,53.0,-6.65,330.0
Northern Europe,Hydro,Ireland,2023,53.0,-8.31,85.0
Northern Europe,Hydro,Ireland,2023,54.0,-8.51,45.0
Northern Europe,Hydro,Ireland,2024,53.0,-6.65,330.0
Northern Europe,Hydro,Ireland,2024,53.0,-8.31,85.0
Northern Europe,Hydro,Ireland,2024,54.0,-8.51,45.0
Northern Europe,Hydro,Ireland,2025,53.0,-6.65,330.0
Northern Europe,Hydro,Ireland,2025,53.0,-8.31,85.0
Northern Europe,Hydro,Ireland,2025,54.0,-8.51,45.0
Northern Europe,Hydro,Latvia,2023,57.0,25.71,894.0
Northern Europe,Hydro,Latvia,2023,57.0,23.87,642.0
Northern Europe,Hydro,Latvia,2024,57.0,25.71,894.0
Northern Europe,Hydro,Latvia,2024,57.0,23.87,642.0
Northern Europe,Hydro,Latvia,2025,57.0,25.71,894.0
Northern Europe,Hydro,Latvia,2025,57.0,23.87,642.0
Northern Europe,Hydro,Lithuania,2023,55.0,24.41,1001.0
Northern Europe,Hydro,Lithuania,2024,55.0,24.41,1001.0
Northern Europe,Hydro,Lithuania,2025,55.0,24.41,1001.0
Northern Europe,Hydro,Norway,2023,60.0,6.0,3701.0
Northern Europe,Hydro,Norway,2023,61.0,8.25,3099.0
Northern Europe,Hydro,Norway,2023,61.0,6.19,2626.0
Northern Europe,Hydro,Norway,2023,59.0,7.77,2542.0
Northern Europe,Hydro,Norway,2023,59.0,5.82,2429.0
Northern Europe,Hydro,Norway,2023,60.0,8.0,2237.0
Northern Europe,Hydro,Norway,2023,66.0,14.75,1151.0
Northern Europe,Hydro,Norway,2023,60.0,12.0,1030.0
Northern Europe,Hydro,Norway,2023,63.0,8.81,903.0
Northern Europe,Hydro,Norway,2023,63.0,11.01,842.0
Northern Europe,Hydro,Norway,2023,62.0,8.52,763.0
Northern Europe,Hydro,Norway,2023,62.0,10.65,761.0
Northern Europe,Hydro,Norway,2023,62.0,6.39,742.0
Northern Europe,Hydro,Norway,2023,61.0,10.31,673.0
Northern Europe,Hydro,Norway,2023,67.0,12.8,632.0
Northern Europe,Hydro,Norway,2023,60.0,10.0,606.0
Northern Europe,Hydro,Norway,2023,67.0,15.36,581.0
Northern Europe,Hydro,Norway,2023,68.0,18.69,395.0
Northern Europe,Hydro,Norway,2023,59.0,11.65,380.0
Northern Europe,Hydro,Norway,2023,65.0,11.83,380.0
Northern Europe,Hydro,Norway,2023,68.0,16.02,368.0
Northern Europe,Hydro,Norway,2023,69.0,19.53,333.0
Northern Europe,Hydro,Norway,2023,58.0,7.55,257.0
Northern Europe,Hydro,Norway,2023,70.0,23.39,205.0
Northern Europe,Hydro,Norway,2023,64.0,11.41,182.0
Northern Europe,Hydro,Norway,2023,58.0,5.66,150.0
Northern Europe,Hydro,Norway,2023,61.0,12.38,126.0
Northern Europe,Hydro,Norway,2023,66.0,12.29,95.0
Northern Europe,Hydro,Norway,2023,59.0,9.71,76.0
Northern Europe,Hydro,Norway,2023,58.0,9.44,55.0
Northern Europe,Hydro,Norway,2023,69.0,30.69,54.0
Northern Europe,Hydro,Norway,2023,62.0,4.26,50.0
Northern Europe,Hydro,Norway,2023,70.0,26.31,50.0
Northern Europe,Hydro,Norway,2023,68.0,13.35,45.0
Northern Europe,Hydro,Norway,2023,65.0,14.2,30.0
Northern Europe,Hydro,Norway,2024,60.0,6.0,3761.0
Northern Europe,Hydro,Norway,2024,61.0,8.25,3099.0
Northern Europe,Hydro,Norway,2024,61.0,6.19,2626.0
Northern Europe,Hydro,Norway,2024,59.0,7.77,2542.0
Northern Europe,Hydro,Norway,2024,59.0,5.82,2429.0
Northern Europe,Hydro,Norway,2024,60.0,8.0,2237.0
Northern Europe,Hydro,Norway,2024,66.0,14.75,1151.0
Northern Europe,Hydro,Norway,2024,60.0,12.0,1030.0
Northern Europe,Hydro,Norway,2024,63.0,8.81,903.0
Northern Europe,Hydro,Norway,2024,63.0,11.01,842.0
Northern Europe,Hydro,Norway,2024,62.0,8.52,763.0
Northern Europe,Hydro,Norway,2024,62.0,10.65,761.0
Northern Europe,Hydro,Norway,2024,62.0,6.39,742.0
Northern Europe,Hydro,Norway,2024,61.0,10.31,673.0
Northern Europe,Hydro,Norway,2024,67.0,12.8,632.0
Northern Europe,Hydro,Norway,2024,60.0,10.0,606.0
Northern Europe,Hydro,Norway,2024,67.0,15.36,581.0
Northern Europe,Hydro,Norway,2024,65.0,11.83,423.0
Northern Europe,Hydro,Norway,2024,68.0,18.69,395.0
Northern Europe,Hydro,Norway,2024,59.0,11.65,380.0
Northern Europe,Hydro,Norway,2024,68.0,16.02,368.0
Northern Europe,Hydro,Norway,2024,69.0,19.53,333.0
Northern Europe,Hydro,Norway,2024,58.0,7.55,257.0
Northern Europe,Hydro,Norway,2024,70.0,23.39,205.0
Northern Europe,Hydro,Norway,2024,64.0,11.41,182.0
Northern Europe,Hydro,Norway,2024,58.0,5.66,150.0
Northern Europe,Hydro,Norway,2024,61.0,12.38,126.0
Northern Europe,Hydro,Norway,2024,66.0,12.29,95.0
Northern Europe,Hydro,Norway,2024,59.0,9.71,76.0
Northern Europe,Hydro,Norway,2024,58.0,9.44,55.0
Northern Europe,Hydro,Norway,2024,69.0,30.69,54.0
Northern Europe,Hydro,Norway,2024,62.0,4.26,50.0
Northern Europe,Hydro,Norway,2024,70.0,26.31,50.0
Northern Europe,Hydro,Norway,2024,68.0,13.35,45.0
Northern Europe,Hydro,Norway,2024,65.0,14.2,30.0
Northern Europe,Hydro,Norway,2025,60.0,6.0,3761.0
Northern Europe,Hydro,Norway,2025,61.0,8.25,3099.0
Northern Europe,Hydro,Norway,2025,61.0,6.19,2626.0
Northern Europe,Hydro,Norway,2025,59.0,7.77,2542.0
Northern Europe,Hydro,Norway,2025,59.0,5.82,2429.0
Northern Europe,Hydro,Norway,2025,60.0,8.0,2237.0
Northern Europe,Hydro,Norway,2025,66.0,14.75,1151.0
Northern Europe,Hydro,Norway,2025,60.0,12.0,1030.0
Northern Europe,Hydro,Norway,2025,63.0,8.81,903.0
Northern Europe,Hydro,Norway,2025,63.0,11.01,842.0
Northern Europe,Hydro,Norway,2025,62.0,8.52,763.0
Northern Europe,Hydro,Norway,2025,62.0,10.65,761.0
Northern Europe,Hydro,Norway,2025,62.0,6.39,742.0
Northern Europe,Hydro,Norway,2025,61.0,10.31,673.0
Northern Europe,Hydro,Norway,2025,67.0,12.8,632.0
Northern Europe,Hydro,Norway,2025,60.0,10.0,606.0
Northern Europe,Hydro,Norway,2025,67.0,15.36,581.0
Northern Europe,Hydro,Norway,2025,65.0,11.83,423.0
Northern Europe,Hydro,Norway,2025,68.0,18.69,395.0
Northern Europe,Hydro,Norway,2025,59.0,11.65,380.0
Northern Europe,Hydro,Norway,2025,68.0,16.02,368.0
Northern Europe,Hydro,Norway,2025,69.0,19.53,333.0
Northern Europe,Hydro,Norway,2025,58.0,7.55,257.0
Northern Europe,Hydro,Norway,2025,70.0,23.39,205.0
Northern Europe,Hydro,Norway,2025,64.0,11.41,182.0
Northern Europe,Hydro,Norway,2025,58.0,5.66,150.0
Northern Europe,Hydro,Norway,2025,61.0,12.38,126.0
Northern Europe,Hydro,Norway,2025,66.0,12.29,95.0
Northern Europe,Hydro,Norway,2025,59.0,9.71,76.0
Northern Europe,Hydro,Norway,2025,58.0,9.44,55.0
Northern Europe,Hydro,Norway,2025,69.0,30.69,54.0
Northern Europe,Hydro,Norway,2025,62.0,4.26,50.0
Northern Europe,Hydro,Norway,2025,70.0,26.31,50.0
Northern Europe,Hydro,Norway,2025,68.0,13.35,45.0
Northern Europe,Hydro,Norway,2025,65.0,14.2,30.0
Northern Europe,Hydro,Sweden,2023,67.0,20.47,2765.0
Northern Europe,Hydro,Sweden,2023,63.0,17.62,1400.0
Northern Europe,Hydro,Sweden,2023,64.0,15.97,1107.0
Northern Europe,Hydro,Sweden,2023,64.0,20.53,1072.0
Northern Europe,Hydro,Sweden,2023,63.0,15.42,987.0
Northern Europe,Hydro,Sweden,2023,65.0,18.93,601.0
Northern Europe,Hydro,Sweden,2023,67.0,17.92,539.0
Northern Europe,Hydro,Sweden,2023,66.0,19.67,489.0
Northern Europe,Hydro,Sweden,2023,61.0,14.44,468.0
Northern Europe,Hydro,Sweden,2023,65.0,16.56,456.0
Northern Europe,Hydro,Sweden,2023,62.0,14.91,411.0
Northern Europe,Hydro,Sweden,2023,61.0,16.5,397.0
Northern Europe,Hydro,Sweden,2023,64.0,18.25,318.0
Northern Europe,Hydro,Sweden,2023,63.0,13.22,314.0
Northern Europe,Hydro,Sweden,2023,58.0,13.21,308.0
Northern Europe,Hydro,Sweden,2023,68.0,18.69,304.0
Northern Europe,Hydro,Sweden,2023,65.0,21.3,283.0
Northern Europe,Hydro,Sweden,2023,64.0,13.69,207.0
Northern Europe,Hydro,Sweden,2023,61.0,12.38,204.0
Northern Europe,Hydro,Sweden,2023,65.0,14.2,163.0
Northern Europe,Hydro,Sweden,2023,62.0,12.78,156.0
Northern Europe,Hydro,Sweden,2023,66.0,22.13,153.0
Northern Europe,Hydro,Sweden,2023,66.0,14.75,146.0
Northern Europe,Hydro,Sweden,2023,60.0,16.0,137.0
Northern Europe,Hydro,Sweden,2023,60.0,12.0,87.0
Northern Europe,Hydro,Sweden,2023,60.0,14.0,76.0
Northern Europe,Hydro,Sweden,2023,62.0,17.04,46.0
Northern Europe,Hydro,Sweden,2023,60.0,18.0,43.0
Northern Europe,Hydro,Sweden,2023,59.0,13.59,40.0
Northern Europe,Hydro,Sweden,2023,58.0,11.32,36.0
Northern Europe,Hydro,Sweden,2023,57.0,12.85,34.0
Northern Europe,Hydro,Sweden,2023,66.0,17.21,31.0
Northern Europe,Hydro,Sweden,2024,67.0,20.47,2765.0
Northern Europe,Hydro,Sweden,2024,63.0,17.62,1400.0
Northern Europe,Hydro,Sweden,2024,64.0,15.97,1107.0
Northern Europe,Hydro,Sweden,2024,64.0,20.53,1072.0
Northern Europe,Hydro,Sweden,2024,63.0,15.42,987.0
Northern Europe,Hydro,Sweden,2024,65.0,18.93,601.0
Northern Europe,Hydro,Sweden,2024,67.0,17.92,539.0
Northern Europe,Hydro,Sweden,2024,66.0,19.67,489.0
Northern Europe,Hydro,Sweden,2024,61.0,14.44,468.0
Northern Europe,Hydro,Sweden,2024,65.0,16.56,456.0
Northern Europe,Hydro,Sweden,2024,62.0,14.91,411.0
Northern Europe,Hydro,Sweden,2024,61.0,16.5,397.0
Northern Europe,Hydro,Sweden,2024,64.0,18.25,318.0
Northern Europe,Hydro,Sweden,2024,63.0,13.22,314.0
Northern Europe,Hydro,Sweden,2024,58.0,13.21,308.0
Northern Europe,Hydro,Sweden,2024,68.0,18.69,304.0
Northern Europe,Hydro,Sweden,2024,65.0,21.3,283.0
Northern Europe,Hydro,Sweden,2024,64.0,13.69,207.0
Northern Europe,Hydro,Sweden,2024,61.0,12.38,204.0
Northern Europe,Hydro,Sweden,2024,65.0,14.2,163.0
Northern Europe,Hydro,Sweden,2024,62.0,12.78,156.0
Northern Europe,Hydro,Sweden,2024,66.0,22.13,153.0
Northern Europe,Hydro,Sweden,2024,66.0,14.75,146.0
Northern Europe,Hydro,Sweden,2024,60.0,16.0,137.0
Northern Europe,Hydro,Sweden,2024,60.0,12.0,87.0
Northern Europe,Hydro,Sweden,2024,60.0,14.0,76.0
Northern Europe,Hydro,Sweden,2024,62.0,17.04,46.0
Northern Europe,Hydro,Sweden,2024,60.0,18.0,43.0
Northern Europe,Hydro,Sweden,2024,59.0,13.59,40.0
Northern Europe,Hydro,Sweden,2024,58.0,11.32,36.0
Northern Europe,Hydro,Sweden,2024,57.0,12.85,34.0
Northern Europe,Hydro,Sweden,2024,66.0,17.21,31.0
Northern Europe,Hydro,Sweden,2025,67.0,20.47,2765.0
Northern Europe,Hydro,Sweden,2025,63.0,17.62,1400.0
Northern Europe,Hydro,Sweden,2025,64.0,15.97,1107.0
Northern Europe,Hydro,Sweden,2025,64.0,20.53,1072.0
Northern Europe,Hydro,Sweden,2025,63.0,15.42,987.0
Northern Europe,Hydro,Sweden,2025,65.0,18.93,601.0
Northern Europe,Hydro,Sweden,2025,67.0,17.92,539.0
Northern Europe,Hydro,Sweden,2025,66.0,19.67,489.0
Northern Europe,Hydro,Sweden,2025,61.0,14.44,468.0
Northern Europe,Hydro,Sweden,2025,65.0,16.56,456.0
Northern Europe,Hydro,Sweden,2025,62.0,14.91,411.0
Northern Europe,Hydro,Sweden,2025,61.0,16.5,397.0
Northern Europe,Hydro,Sweden,2025,64.0,18.25,318.0
Northern Europe,Hydro,Sweden,2025,63.0,13.22,314.0
Northern Europe,Hydro,Sweden,2025,58.0,13.21,308.0
Northern Europe,Hydro,Sweden,2025,68.0,18.69,304.0
Northern Europe,Hydro,Sweden,2025,65.0,21.3,283.0
Northern Europe,Hydro,Sweden,2025,64.0,13.69,207.0
Northern Europe,Hydro,Sweden,2025,61.0,12.38,204.0
Northern Europe,Hydro,Sweden,2025,65.0,14.2,163.0
Northern Europe,Hydro,Sweden,2025,62.0,12.78,156.0
Northern Europe,Hydro,Sweden,2025,66.0,22.13,153.0
Northern Europe,Hydro,Sweden,2025,66.0,14.75,146.0
Northern Europe,Hydro,Sweden,2025,60.0,16.0,137.0
Northern Europe,Hydro,Sweden,2025,60.0,12.0,87.0
Northern Europe,Hydro,Sweden,2025,60.0,14.0,76.0
Northern Europe,Hydro,Sweden,2025,62.0,17.04,46.0
Northern Europe,Hydro,Sweden,2025,60.0,18.0,43.0
Northern Europe,Hydro,Sweden,2025,59.0,13.59,40.0
Northern Europe,Hydro,Sweden,2025,58.0,11.32,36.0
Northern Europe,Hydro,Sweden,2025,57.0,12.85,34.0
Northern Europe,Hydro,Sweden,2025,66.0,17.21,31.0
Northern Europe,Solar,Denmark,2023,56.0,8.94,887.4
Northern Europe,Solar,Denmark,2023,55.0,12.2,363.1
Northern Europe,Solar,Denmark,2023,55.0,8.72,353.9
Northern Europe,Solar,Denmark,2023,57.0,9.18,304.7
Northern Europe,Solar,Denmark,2023,55.0,10.46,214.0
Northern Europe,Solar,Denmark,2023,56.0,10.73,115.7
Northern Europe,Solar,Denmark,2023,56.0,12.52,66.1
Northern Europe,Solar,Denmark,2023,57.0,11.02,46.8
Northern Europe,Solar,Denmark,2023,58.0,11.32,22.0
Northern Europe,Solar,Denmark,2023,55.0,15.69,14.0
Northern Europe,Solar,Denmark,2023,58.0,9.44,6.4
Northern Europe,Solar,Denmark,2024,56.0,8.94,1131.1
Northern Europe,Solar,Denmark,2024,55.0,12.2,367.0
Northern Europe,Solar,Denmark,2024,55.0,8.72,357.6
Northern Europe,Solar,Denmark,2024,55.0,10.46,331.0
Northern Europe,Solar,Denmark,2024,57.0,9.18,309.4
Northern Europe,Solar,Denmark,2024,56.0,10.73,115.7
Northern Europe,Solar,Denmark,2024,56.0,12.52,69.8
Northern Europe,Solar,Denmark,2024,57.0,11.02,48.0
Northern Europe,Solar,Denmark,2024,58.0,11.32,22.0
Northern Europe,Solar,Denmark,2024,55.0,15.69,14.0
Northern Europe,Solar,Denmark,2024,58.0,9.44,6.4
Northern Europe,Solar,Denmark,2025,56.0,8.94,1351.8
Northern Europe,Solar,Denmark,2025,55.0,10.46,557.0
Northern Europe,Solar,Denmark,2025,55.0,8.72,415.9
Northern Europe,Solar,Denmark,2025,55.0,12.2,367.0
Northern Europe,Solar,Denmark,2025,57.0,9.18,315.5
Northern Europe,Solar,Denmark,2025,56.0,10.73,134.2
Northern Europe,Solar,Denmark,2025,57.0,11.02,119.6
Northern Europe,Solar,Denmark,2025,56.0,12.52,80.5
Northern Europe,Solar,Denmark,2025,58.0,11.32,22.0
Northern Europe,Solar,Denmark,2025,55.0,15.69,14.0
Northern Europe,Solar,Denmark,2025,58.0,9.44,6.4
Northern Europe,Solar,Estonia,2023,58.0,26.42,164.0
Northern Europe,Solar,Estonia,2023,59.0,25.24,150.5
Northern Europe,Solar,Estonia,2023,59.0,27.18,118.6
Northern Europe,Solar,Estonia,2023,59.0,23.3,82.8
Northern Europe,Solar,Estonia,2023,58.0,24.53,55.4
Northern Europe,Solar,Estonia,2023,59.0,29.12,5.1
Northern Europe,Solar,Estonia,2023,58.0,28.31,3.0
Northern Europe,Solar,Estonia,2024,59.0,23.3,235.1
Northern Europe,Solar,Estonia,2024,59.0,25.24,188.1
Northern Europe,Solar,Estonia,2024,58.0,26.42,183.4
Northern Europe,Solar,Estonia,2024,59.0,27.18,150.4
Northern Europe,Solar,Estonia,2024,58.0,24.53,69.3
Northern Europe,Solar,Estonia,2024,59.0,29.12,5.1
Northern Europe,Solar,Estonia,2024,58.0,28.31,3.0
Northern Europe,Solar,Estonia,2025,59.0,25.24,372.9
Northern Europe,Solar,Estonia,2025,59.0,23.3,236.9
Northern Europe,Solar,Estonia,2025,58.0,26.42,192.5
Northern Europe,Solar,Estonia,2025,59.0,27.18,162.5
Northern Europe,Solar,Estonia,2025,58.0,24.53,72.7
Northern Europe,Solar,Estonia,2025,59.0,29.12,5.1
Northern Europe,Solar,Estonia,2025,58.0,28.31,3.0
Northern Europe,Solar,Finland,2023,64.0,25.09,10.0
Northern Europe,Solar,Finland,2023,65.0,26.03,9.3
Northern Europe,Solar,Finland,2023,62.0,27.69,9.0
Northern Europe,Solar,Finland,2023,63.0,22.03,9.0
Northern Europe,Solar,Finland,2023,61.0,24.75,7.3
Northern Europe,Solar,Finland,2023,60.0,24.0,3.2
Northern Europe,Solar,Finland,2023,61.0,22.69,3.0
Northern Europe,Solar,Finland,2023,62.0,23.43,1.1
Northern Europe,Solar,Finland,2024,61.0,20.63,32.0
Northern Europe,Solar,Finland,2024,65.0,26.03,18.1
Northern Europe,Solar,Finland,2024,64.0,25.09,18.0
Northern Europe,Solar,Finland,2024,62.0,27.69,17.0
Northern Europe,Solar,Finland,2024,61.0,24.75,13.6
Northern Europe,Solar,Finland,2024,60.0,24.0,10.0
Northern Europe,Solar,Finland,2024,63.0,22.03,9.0
Northern Europe,Solar,Finland,2024,61.0,22.69,3.0
Northern Europe,Solar,Finland,2024,64.0,22.81,1.6
Northern Europe,Solar,Finland,2024,62.0,23.43,1.1
Northern Europe,Solar,Finland,2025,66.0,24.59,70.0
Northern Europe,Solar,Finland,2025,64.0,25.09,44.0
Northern Europe,Solar,Finland,2025,61.0,20.63,32.0
Northern Europe,Solar,Finland,2025,65.0,26.03,18.1
Northern Europe,Solar,Finland,2025,62.0,27.69,17.0
Northern Europe,Solar,Finland,2025,61.0,24.75,13.6
Northern Europe,Solar,Finland,2025,60.0,24.0,10.0
Northern Europe,Solar,Finland,2025,63.0,22.03,9.0
Northern Europe,Solar,Finland,2025,61.0,22.69,3.0
Northern Europe,Solar,Finland,2025,64.0,22.81,1.6
Northern Europe,Solar,Finland,2025,62.0,23.43,1.1
Northern Europe,Solar,Ireland,2023,53.0,-6.65,353.5
Northern Europe,Solar,Ireland,2023,52.0,-6.5,116.9
Northern Europe,Solar,Ireland,2023,52.0,-8.12,46.5
Northern Europe,Solar,Ireland,2023,54.0,-6.81,29.1
Northern Europe,Solar,Ireland,2023,53.0,-8.31,4.0
Northern Europe,Solar,Ireland,2024,53.0,-6.65,466.6
Northern Europe,Solar,Ireland,2024,52.0,-8.12,201.5
Northern Europe,Solar,Ireland,2024,52.0,-6.5,116.9
Northern Europe,Solar,Ireland,2024,54.0,-6.81,30.1
Northern Europe,Solar,Ireland,2024,53.0,-8.31,4.0
Northern Europe,Solar,Ireland,2025,53.0,-6.65,574.6
Northern Europe,Solar,Ireland,2025,52.0,-8.12,201.5
Northern Europe,Solar,Ireland,2025,52.0,-6.5,116.9
Northern Europe,Solar,Ireland,2025,54.0,-6.81,30.1
Northern Europe,Solar,Ireland,2025,53.0,-8.31,4.0
Northern Europe,Solar,Latvia,2023,57.0,23.87,71.8
Northern Europe,Solar,Latvia,2023,56.0,25.04,15.2
Northern Europe,Solar,Latvia,2023,58.0,26.42,13.5
Northern Europe,Solar,Latvia,2023,57.0,22.03,11.3
Northern Europe,Solar,Latvia,2023,56.0,23.25,5.2
Northern Europe,Solar,Latvia,2023,57.0,25.71,4.5
Northern Europe,Solar,Latvia,2023,56.0,28.61,3.2
Northern Europe,Solar,Latvia,2023,58.0,24.53,2.8
Northern Europe,Solar,Latvia,2023,57.0,27.54,1.8
Northern Europe,Solar,Latvia,2024,57.0,23.87,131.1
Northern Europe,Solar,Latvia,2024,57.0,25.71,60.7
Northern Europe,Solar,Latvia,2024,57.0,22.03,33.6
Northern Europe,Solar,Latvia,2024,56.0,26.82,24.4
Northern Europe,Solar,Latvia,2024,56.0,25.04,20.5
Northern Europe,Solar,Latvia,2024,58.0,26.42,13.5
Northern Europe,Solar,Latvia,2024,56.0,21.46,11.6
Northern Europe,Solar,Latvia,2024,58.0,24.53,10.8
Northern Europe,Solar,Latvia,2024,56.0,23.25,9.4
Northern Europe,Solar,Latvia,2024,57.0,27.54,6.1
Northern Europe,Solar,Latvia,2024,58.0,22.64,4.1
Northern Europe,Solar,Latvia,2024,56.0,28.61,3.2
Northern Europe,Solar,Latvia,2025,56.0,25.04,165.5
Northern Europe,Solar,Latvia,2025,57.0,23.87,133.6
Northern Europe,Solar,Latvia,2025,57.0,22.03,127.6
Northern Europe,Solar,Latvia,2025,57.0,25.71,62.2
Northern Europe,Solar,Latvia,2025,56.0,26.82,26.3
Northern Europe,Solar,Latvia,2025,56.0,21.46,23.0
Northern Europe,Solar,Latvia,2025,58.0,26.42,13.5
Northern Europe,Solar,Latvia,2025,58.0,24.53,10.8
Northern Europe,Solar,Latvia,2025,56.0,23.25,9.4
Northern Europe,Solar,Latvia,2025,57.0,27.54,6.1
Northern Europe,Solar,Latvia,2025,58.0,22.64,4.1
Northern Europe,Solar,Latvia,2025,56.0,28.61,3.2
Northern Europe,Solar,Lithuania,2023,55.0,24.41,128.9
Northern Europe,Solar,Lithuania,2023,56.0,25.04,103.1
Northern Europe,Solar,Lithuania,2023,56.0,23.25,54.1
Northern Europe,Solar,Lithuania,2023,56.0,21.46,45.8
Northern Europe,Solar,Lithuania,2023,54.0,23.82,39.2
Northern Europe,Solar,Lithuania,2023,55.0,26.15,34.1
Northern Europe,Solar,Lithuania,2023,55.0,22.66,22.7
Northern Europe,Solar,Lithuania,2023,54.0,25.52,8.8
Northern Europe,Solar,Lithuania,2023,56.0,26.82,4.1
Northern Europe,Solar,Lithuania,2024,55.0,24.41,183.1
Northern Europe,Solar,Lithuania,2024,55.0,26.15,136.1
Northern Europe,Solar,Lithuania,2024,56.0,25.04,114.8
Northern Europe,Solar,Lithuania,2024,56.0,23.25,74.4
Northern Europe,Solar,Lithuania,2024,56.0,21.46,64.9
Northern Europe,Solar,Lithuania,2024,54.0,23.82,52.9
Northern Europe,Solar,Lithuania,2024,55.0,22.66,46.3
Northern Europe,Solar,Lithuania,2024,54.0,25.52,10.1
Northern Europe,Solar,Lithuania,2024,56.0,26.82,4.1
Northern Europe,Solar,Lithuania,2025,55.0,26.15,216.1
Northern Europe,Solar,Lithuania,2025,55.0,24.41,200.0
Northern Europe,Solar,Lithuania,2025,56.0,23.25,131.3
Northern Europe,Solar,Lithuania,2025,56.0,25.04,114.8
Northern Europe,Solar,Lithuania,2025,56.0,21.46,78.1
Northern Europe,Solar,Lithuania,2025,54.0,23.82,63.2
Northern Europe,Solar,Lithuania,2025,55.0,22.66,53.9
Northern Europe,Solar,Lithuania,2025,54.0,25.52,10.1
Northern Europe,Solar,Lithuania,2025,56.0,26.82,4.1
Northern Europe,Solar,Norway,2023,61.0,10.31,7.0
Northern Europe,Solar,Norway,2023,60.0,10.0,3.6
Northern Europe,Solar,Norway,2023,60.0,12.0,2.7
Northern Europe,Solar,Norway,2023,59.0,11.65,2.5
Northern Europe,Solar,Norway,2023,59.0,9.71,1.2
Northern Europe,Solar,Norway,2024,61.0,10.31,7.0
Northern Europe,Solar,Norway,2024,60.0,10.0,3.6
Northern Europe,Solar,Norway,2024,60.0,12.0,2.7
Northern Europe,Solar,Norway,2024,59.0,11.65,2.5
Northern Europe,Solar,Norway,2024,63.0,11.01,1.6
Northern Europe,Solar,Norway,2024,59.0,9.71,1.2
Northern Europe,Solar,Norway,2025,59.0,7.77,14.8
Northern Europe,Solar,Norway,2025,61.0,10.31,7.0
Northern Europe,Solar,Norway,2025,60.0,10.0,5.0
Northern Europe,Solar,Norway,2025,60.0,12.0,2.7
Northern Europe,Solar,Norway,2025,59.0,11.65,2.5
Northern Europe,Solar,Norway,2025,63.0,11.01,1.6
Northern Europe,Solar,Norway,2025,59.0,9.71,1.2
Northern Europe,Solar,Norway,2025,60.0,8.0,1.0
Northern Europe,Solar,Sweden,2023,56.0,14.31,50.1
Northern Europe,Solar,Sweden,2023,60.0,16.0,35.6
Northern Europe,Solar,Sweden,2023,58.0,15.1,26.4
Northern Europe,Solar,Sweden,2023,55.0,13.95,19.2
Northern Europe,Solar,Sweden,2023,58.0,11.32,14.7
Northern Europe,Solar,Sweden,2023,59.0,17.47,13.5
Northern Europe,Solar,Sweden,2023,57.0,12.85,12.0
Northern Europe,Solar,Sweden,2023,61.0,16.5,8.3
Northern Europe,Solar,Sweden,2023,57.0,16.52,5.7
Northern Europe,Solar,Sweden,2023,59.0,15.53,5.5
Northern Europe,Solar,Sweden,2023,56.0,12.52,5.0
Northern Europe,Solar,Sweden,2023,56.0,16.09,5.0
Northern Europe,Solar,Sweden,2023,60.0,18.0,4.3
Northern Europe,Solar,Sweden,2023,63.0,15.42,3.0
Northern Europe,Solar,Sweden,2023,58.0,13.21,2.9
Northern Europe,Solar,Sweden,2023,65.0,21.3,1.2
Northern Europe,Solar,Sweden,2023,60.0,12.0,1.0
Northern Europe,Solar,Sweden,2023,60.0,14.0,1.0
Northern Europe,Solar,Sweden,2023,61.0,12.38,1.0
Northern Europe,Solar,Sweden,2024,59.0,17.47,58.4
Northern Europe,Solar,Sweden,2024,56.0,14.31,50.1
Northern Europe,Solar,Sweden,2024,58.0,13.21,46.5
Northern Europe,Solar,Sweden,2024,57.0,12.85,45.8
Northern Europe,Solar,Sweden,2024,58.0,15.1,45.8
Northern Europe,Solar,Sweden,2024,60.0,16.0,42.6
Northern Europe,Solar,Sweden,2024,56.0,12.52,20.2
Northern Europe,Solar,Sweden,2024,55.0,13.95,19.2
Northern Europe,Solar,Sweden,2024,58.0,16.98,14.9
Northern Europe,Solar,Sweden,2024,58.0,11.32,14.7
Northern Europe,Solar,Sweden,2024,59.0,15.53,12.4
Northern Europe,Solar,Sweden,2024,56.0,16.09,11.7
Northern Europe,Solar,Sweden,2024,61.0,16.5,8.3
Northern Europe,Solar,Sweden,2024,57.0,16.52,8.2
Northern Europe,Solar,Sweden,2024,59.0,13.59,7.4
Northern Europe,Solar,Sweden,2024,57.0,14.69,6.1
Northern Europe,Solar,Sweden,2024,60.0,18.0,5.3
Northern Europe,Solar,Sweden,2024,61.0,14.44,4.3
Northern Europe,Solar,Sweden,2024,63.0,15.42,3.0
Northern Europe,Solar,Sweden,2024,65.0,21.3,1.2
Northern Europe,Solar,Sweden,2024,60.0,12.0,1.0
Northern Europe,Solar,Sweden,2024,60.0,14.0,1.0
Northern Europe,Solar,Sweden,2024,61.0,12.38,1.0
Northern Europe,Solar,Sweden,2025,58.0,15.1,150.9
Northern Europe,Solar,Sweden,2025,56.0,14.31,89.4
Northern Europe,Solar,Sweden,2025,60.0,18.0,69.3
Northern Europe,Solar,Sweden,2025,59.0,17.47,58.4
Northern Europe,Solar,Sweden,2025,57.0,12.85,49.8
Northern Europe,Solar,Sweden,2025,60.0,16.0,47.6
Northern Europe,Solar,Sweden,2025,58.0,13.21,46.5
Northern Europe,Solar,Sweden,2025,56.0,12.52,25.7
Northern Europe,Solar,Sweden,2025,55.0,13.95,19.2
Northern Europe,Solar,Sweden,2025,59.0,15.53,18.5
Northern Europe,Solar,Sweden,2025,58.0,11.32,15.7
Northern Europe,Solar,Sweden,2025,58.0,16.98,14.9
Northern Europe,Solar,Sweden,2025,56.0,16.09,11.7
Northern Europe,Solar,Sweden,2025,61.0,16.5,9.3
Northern Europe,Solar,Sweden,2025,57.0,16.52,8.2
Northern Europe,Solar,Sweden,2025,57.0,14.69,7.6
Northern Europe,Solar,Sweden,2025,59.0,13.59,7.4
Northern Europe,Solar,Sweden,2025,61.0,14.44,5.8
Northern Europe,Solar,Sweden,2025,63.0,15.42,3.0
Northern Europe,Solar,Sweden,2025,65.0,21.3,1.2
Northern Europe,Solar,Sweden,2025,60.0,12.0,1.0
Northern Europe,Solar,Sweden,2025,60.0,14.0,1.0
Northern Europe,Solar,Sweden,2025,61.0,12.38,1.0
Northern Europe,Wind,Denmark,2023,55.0,12.2,1034.0
Northern Europe,Wind,Denmark,2023,56.0,8.94,853.0
Northern Europe,Wind,Denmark,2023,57.0,11.02,727.6
Northern Europe,Wind,Denmark,2023,57.0,9.18,663.8
Northern Europe,Wind,Denmark,2023,56.0,7.15,616.0
Northern Europe,Wind,Denmark,2023,55.0,8.72,315.8
Northern Europe,Wind,Denmark,2023,55.0,10.46,200.0
Northern Europe,Wind,Denmark,2023,56.0,10.73,130.1
Northern Europe,Wind,Denmark,2023,56.0,12.52,51.0
Northern Europe,Wind,Denmark,2023,57.0,7.34,45.0
Northern Europe,Wind,Denmark,2023,58.0,9.44,17.0
Northern Europe,Wind,Denmark,2024,55.0,12.2,1034.0
Northern Europe,Wind,Denmark,2024,56.0,8.94,853.0
Northern Europe,Wind,Denmark,2024,56.0,7.15,786.0
Northern Europe,Wind,Denmark,2024,57.0,11.02,727.6
Northern Europe,Wind,Denmark,2024,57.0,9.18,663.8
Northern Europe,Wind,Denmark,2024,55.0,8.72,315.8
Northern Europe,Wind,Denmark,2024,57.0,7.34,225.0
Northern Europe,Wind,Denmark,2024,55.0,10.46,200.0
Northern Europe,Wind,Denmark,2024,56.0,10.73,130.1
Northern Europe,Wind,Denmark,2024,56.0,12.52,51.0
Northern Europe,Wind,Denmark,2024,58.0,9.44,17.0
Northern Europe,Wind,Denmark,2025,55.0,12.2,1034.0
Northern Europe,Wind,Denmark,2025,56.0,8.94,853.0
Northern Europe,Wind,Denmark,2025,56.0,7.15,786.0
Northern Europe,Wind,Denmark,2025,57.0,11.02,727.6
Northern Europe,Wind,Denmark,2025,57.0,9.18,663.8
Northern Europe,Wind,Denmark,2025,55.0,8.72,315.8
Northern Europe,Wind,Denmark,2025,57.0,7.34,225.0
Northern Europe,Wind,Denmark,2025,55.0,10.46,200.0
Northern Europe,Wind,Denmark,2025,56.0,10.73,130.1
Northern Europe,Wind,Denmark,2025,56.0,12.52,51.0
Northern Europe,Wind,Denmark,2025,58.0,9.44,17.0
Northern Europe,Wind,Estonia,2023,59.0,27.18,145.0
Northern Europe,Wind,Estonia,2023,59.0,23.3,129.0
Northern Europe,Wind,Estonia,2023,58.0,24.53,57.0
Northern Europe,Wind,Estonia,2024,59.0,25.24,255.0
Northern Europe,Wind,Estonia,2024,59.0,27.18,247.0
Northern Europe,Wind,Estonia,2024,59.0,23.3,129.0
Northern Europe,Wind,Estonia,2024,58.0,24.53,57.0
Northern Europe,Wind,Estonia,2025,59.0,25.24,255.0
Northern Europe,Wind,Estonia,2025,59.0,27.18,247.0
Northern Europe,Wind,Estonia,2025,59.0,23.3,129.0
Northern Europe,Wind,Estonia,2025,58.0,24.53,57.0
Northern Europe,Wind,Finland,2023,64.0,25.09,1284.8
Northern Europe,Wind,Finland,2023,62.0,21.3,1023.4
Northern Europe,Wind,Finland,2023,63.0,22.03,887.0
Northern Europe,Wind,Finland,2023,64.0,22.81,676.6
Northern Europe,Wind,Finland,2023,66.0,24.59,509.0
Northern Europe,Wind,Finland,2023,63.0,24.23,477.6
Northern Europe,Wind,Finland,2023,64.0,27.37,344.0
Northern Europe,Wind,Finland,2023,65.0,26.03,339.6
Northern Europe,Wind,Finland,2023,65.0,28.39,241.5
Northern Europe,Wind,Finland,2023,65.0,23.66,181.5
Northern Europe,Wind,Finland,2023,62.0,23.43,150.8
Northern Europe,Wind,Finland,2023,66.0,27.04,126.0
Northern Europe,Wind,Finland,2023,61.0,22.69,109.8
Northern Europe,Wind,Finland,2023,67.0,28.15,97.0
Northern Europe,Wind,Finland,2023,63.0,26.43,51.0
Northern Europe,Wind,Finland,2023,68.0,26.69,51.0
Northern Europe,Wind,Finland,2023,67.0,25.59,27.0
Northern Europe,Wind,Finland,2023,66.0,29.5,23.0
Northern Europe,Wind,Finland,2023,61.0,28.88,21.0
Northern Europe,Wind,Finland,2023,62.0,25.56,18.0
Northern Europe,Wind,Finland,2023,60.0,24.0,15.0
Northern Europe,Wind,Finland,2023,61.0,26.81,12.0
Northern Europe,Wind,Finland,2023,62.0,27.69,10.0
Northern Europe,Wind,Finland,2024,64.0,25.09,1473.6
Northern Europe,Wind,Finland,2024,63.0,22.03,1346.3
Northern Europe,Wind,Finland,2024,62.0,21.3,1152.6
Northern Europe,Wind,Finland,2024,64.0,22.81,676.6
Northern Europe,Wind,Finland,2024,63.0,24.23,620.6
Northern Europe,Wind,Finland,2024,66.0,24.59,609.3
Northern Europe,Wind,Finland,2024,65.0,23.66,424.7
Northern Europe,Wind,Finland,2024,64.0,27.37,344.0
Northern Europe,Wind,Finland,2024,65.0,26.03,339.6
Northern Europe,Wind,Finland,2024,65.0,28.39,297.5
Northern Europe,Wind,Finland,2024,62.0,23.43,150.8
Northern Europe,Wind,Finland,2024,66.0,27.04,126.0
Northern Europe,Wind,Finland,2024,61.0,22.69,109.8
Northern Europe,Wind,Finland,2024,67.0,28.15,97.0
Northern Europe,Wind,Finland,2024,61.0,20.63,93.0
Northern Europe,Wind,Finland,2024,63.0,26.43,51.0
Northern Europe,Wind,Finland,2024,68.0,26.69,51.0
Northern Europe,Wind,Finland,2024,67.0,25.59,27.0
Northern Europe,Wind,Finland,2024,66.0,29.5,23.0
Northern Europe,Wind,Finland,2024,61.0,28.88,21.0
Northern Europe,Wind,Finland,2024,62.0,25.56,18.0
Northern Europe,Wind,Finland,2024,60.0,24.0,15.0
Northern Europe,Wind,Finland,2024,61.0,26.81,12.0
Northern Europe,Wind,Finland,2024,62.0,27.69,10.0
Northern Europe,Wind,Finland,2025,64.0,25.09,1473.6
Northern Europe,Wind,Finland,2025,63.0,22.03,1438.7
Northern Europe,Wind,Finland,2025,62.0,21.3,1152.6
Northern Europe,Wind,Finland,2025,64.0,22.81,676.6
Northern Europe,Wind,Finland,2025,63.0,24.23,620.6
Northern Europe,Wind,Finland,2025,66.0,24.59,609.3
Northern Europe,Wind,Finland,2025,65.0,26.03,525.6
Northern Europe,Wind,Finland,2025,65.0,23.66,424.7
Northern Europe,Wind,Finland,2025,64.0,27.37,344.0
Northern Europe,Wind,Finland,2025,65.0,28.39,297.5
Northern Europe,Wind,Finland,2025,62.0,27.69,155.2
Northern Europe,Wind,Finland,2025,62.0,23.43,150.8
Northern Europe,Wind,Finland,2025,61.0,22.69,148.2
Northern Europe,Wind,Finland,2025,66.0,27.04,126.0
Northern Europe,Wind,Finland,2025,67.0,28.15,97.0
Northern Europe,Wind,Finland,2025,61.0,20.63,93.0
Northern Europe,Wind,Finland,2025,63.0,26.43,51.0
Northern Europe,Wind,Finland,2025,68.0,26.69,51.0
Northern Europe,Wind,Finland,2025,67.0,25.59,27.0
Northern Europe,Wind,Finland,2025,66.0,29.5,23.0
Northern Europe,Wind,Finland,2025,61.0,28.88,21.0
Northern Europe,Wind,Finland,2025,62.0,25.56,18.0
Northern Europe,Wind,Finland,2025,60.0,24.0,15.0
Northern Europe,Wind,Finland,2025,61.0,26.81,12.0
Northern Europe,Wind,Ireland,2023,52.0,-9.75,1124.5
Northern Europe,Wind,Ireland,2023,53.0,-9.97,636.4
Northern Europe,Wind,Ireland,2023,53.0,-8.31,451.8
Northern Europe,Wind,Ireland,2023,53.0,-6.65,381.0
Northern Europe,Wind,Ireland,2023,52.0,-8.12,321.2
Northern Europe,Wind,Ireland,2023,54.0,-8.51,308.0
Northern Europe,Wind,Ireland,2023,55.0,-8.72,277.0
Northern Europe,Wind,Ireland,2023,54.0,-6.81,207.6
Northern Europe,Wind,Ireland,2023,54.0,-10.21,195.0
Northern Europe,Wind,Ireland,2023,55.0,-6.97,177.0
Northern Europe,Wind,Ireland,2023,52.0,-6.5,39.0
Northern Europe,Wind,Ireland,2024,52.0,-9.75,1124.5
Northern Europe,Wind,Ireland,2024,53.0,-9.97,636.4
Northern Europe,Wind,Ireland,2024,53.0,-8.31,614.4
Northern Europe,Wind,Ireland,2024,53.0,-6.65,481.0
Northern Europe,Wind,Ireland,2024,52.0,-8.12,321.2
Northern Europe,Wind,Ireland,2024,54.0,-8.51,308.0
Northern Europe,Wind,Ireland,2024,55.0,-8.72,277.0
Northern Europe,Wind,Ireland,2024,54.0,-6.81,207.6
Northern Europe,Wind,Ireland,2024,54.0,-10.21,195.0
Northern Europe,Wind,Ireland,2024,55.0,-6.97,177.0
Northern Europe,Wind,Ireland,2024,52.0,-6.5,39.0
Northern Europe,Wind,Ireland,2025,52.0,-9.75,1124.5
Northern Europe,Wind,Ireland,2025,53.0,-9.97,636.4
Northern Europe,Wind,Ireland,2025,53.0,-8.31,614.4
Northern Europe,Wind,Ireland,2025,53.0,-6.65,481.0
Northern Europe,Wind,Ireland,2025,52.0,-8.12,321.2
Northern Europe,Wind,Ireland,2025,54.0,-8.51,308.0
Northern Europe,Wind,Ireland,2025,55.0,-8.72,277.0
Northern Europe,Wind,Ireland,2025,54.0,-6.81,207.6
Northern Europe,Wind,Ireland,2025,54.0,-10.21,195.0
Northern Europe,Wind,Ireland,2025,55.0,-6.97,177.0
Northern Europe,Wind,Ireland,2025,52.0,-6.5,39.0
Northern Europe,Wind,Latvia,2023,57.0,22.03,100.0
Northern Europe,Wind,Latvia,2024,57.0,22.03,100.0
Northern Europe,Wind,Latvia,2025,57.0,22.03,100.0
Northern Europe,Wind,Lithuania,2023,56.0,21.46,285.0
Northern Europe,Wind,Lithuania,2023,55.0,22.66,193.0
Northern Europe,Wind,Lithuania,2023,55.0,20.92,132.0
Northern Europe,Wind,Lithuania,2023,55.0,24.41,120.0
Northern Europe,Wind,Lithuania,2023,56.0,25.04,66.0
Northern Europe,Wind,Lithuania,2024,56.0,21.46,328.0
Northern Europe,Wind,Lithuania,2024,55.0,22.66,193.0
Northern Europe,Wind,Lithuania,2024,55.0,20.92,132.0
Northern Europe,Wind,Lithuania,2024,55.0,24.41,120.0
Northern Europe,Wind,Lithuania,2024,56.0,23.25,75.0
Northern Europe,Wind,Lithuania,2024,56.0,25.04,66.0
Northern Europe,Wind,Lithuania,2025,56.0,23.25,389.0
Northern Europe,Wind,Lithuania,2025,56.0,21.46,328.0
Northern Europe,Wind,Lithuania,2025,55.0,22.66,273.0
Northern Europe,Wind,Lithuania,2025,55.0,20.92,132.0
Northern Europe,Wind,Lithuania,2025,55.0,24.41,120.0
Northern Europe,Wind,Lithuania,2025,56.0,25.04,66.0
Northern Europe,Wind,Norway,2023,59.0,5.82,857.6
Northern Europe,Wind,Norway,2023,64.0,9.12,748.0
Northern Europe,Wind,Norway,2023,61.0,6.19,682.0
Northern Europe,Wind,Norway,2023,66.0,12.29,400.0
Northern Europe,Wind,Norway,2023,63.0,8.81,331.0
Northern Europe,Wind,Norway,2023,64.0,11.41,327.0
Northern Europe,Wind,Norway,2023,58.0,5.66,305.0
Northern Europe,Wind,Norway,2023,62.0,4.26,286.0
Northern Europe,Wind,Norway,2023,70.0,17.54,281.0
Northern Europe,Wind,Norway,2023,68.0,16.02,198.0
Northern Europe,Wind,Norway,2023,61.0,12.38,168.0
Northern Europe,Wind,Norway,2023,60.0,12.0,154.0
Northern Europe,Wind,Norway,2023,60.0,6.0,151.0
Northern Europe,Wind,Norway,2023,71.0,27.64,136.0
Northern Europe,Wind,Norway,2023,65.0,11.83,94.0
Northern Europe,Wind,Norway,2023,61.0,2.06,88.0
Northern Europe,Wind,Norway,2023,63.0,11.01,88.0
Northern Europe,Wind,Norway,2023,59.0,7.77,79.8
Northern Europe,Wind,Norway,2023,58.0,7.55,71.0
Northern Europe,Wind,Norway,2023,59.0,11.65,54.0
Northern Europe,Wind,Norway,2023,70.0,20.47,54.0
Northern Europe,Wind,Norway,2023,71.0,30.72,52.0
Northern Europe,Wind,Norway,2023,61.0,4.13,51.0
Northern Europe,Wind,Norway,2023,69.0,13.95,50.0
Northern Europe,Wind,Norway,2023,71.0,24.57,38.0
Northern Europe,Wind,Norway,2023,63.0,6.61,34.0
Northern Europe,Wind,Norway,2023,69.0,16.74,25.0
Northern Europe,Wind,Norway,2024,59.0,5.82,857.6
Northern Europe,Wind,Norway,2024,64.0,9.12,748.0
Northern Europe,Wind,Norway,2024,61.0,6.19,682.0
Northern Europe,Wind,Norway,2024,66.0,12.29,400.0
Northern Europe,Wind,Norway,2024,63.0,8.81,331.0
Northern Europe,Wind,Norway,2024,64.0,11.41,327.0
Northern Europe,Wind,Norway,2024,58.0,5.66,305.0
Northern Europe,Wind,Norway,2024,62.0,4.26,286.0
Northern Europe,Wind,Norway,2024,70.0,17.54,281.0
Northern Europe,Wind,Norway,2024,68.0,16.02,198.0
Northern Europe,Wind,Norway,2024,61.0,12.38,168.0
Northern Europe,Wind,Norway,2024,60.0,12.0,154.0
Northern Europe,Wind,Norway,2024,60.0,6.0,151.0
Northern Europe,Wind,Norway,2024,71.0,27.64,136.0
Northern Europe,Wind,Norway,2024,65.0,11.83,94.0
Northern Europe,Wind,Norway,2024,61.0,2.06,88.0
Northern Europe,Wind,Norway,2024,63.0,11.01,88.0
Northern Europe,Wind,Norway,2024,59.0,7.77,79.8
Northern Europe,Wind,Norway,2024,58.0,7.55,71.0
Northern Europe,Wind,Norway,2024,59.0,11.65,54.0
Northern Europe,Wind,Norway,2024,70.0,20.47,54.0
Northern Europe,Wind,Norway,2024,71.0,30.72,52.0
Northern Europe,Wind,Norway,2024,61.0,4.13,51.0
Northern Europe,Wind,Norway,2024,69.0,13.95,50.0
Northern Europe,Wind,Norway,2024,71.0,24.57,38.0
Northern Europe,Wind,Norway,2024,63.0,6.61,34.0
Northern Europe,Wind,Norway,2024,69.0,16.74,25.0
Northern Europe,Wind,Norway,2025,59.0,5.82,857.6
Northern Europe,Wind,Norway,2025,64.0,9.12,748.0
Northern Europe,Wind,Norway,2025,61.0,6.19,682.0
Northern Europe,Wind,Norway,2025,66.0,12.29,400.0
Northern Europe,Wind,Norway,2025,63.0,8.81,331.0
Northern Europe,Wind,Norway,2025,64.0,11.41,327.0
Northern Europe,Wind,Norway,2025,58.0,5.66,305.0
Northern Europe,Wind,Norway,2025,62.0,4.26,286.0
Northern Europe,Wind,Norway,2025,70.0,17.54,281.0
Northern Europe,Wind,Norway,2025,68.0,16.02,198.0
Northern Europe,Wind,Norway,2025,61.0,12.38,168.0
Northern Europe,Wind,Norway,2025,60.0,12.0,154.0
Northern Europe,Wind,Norway,2025,60.0,6.0,151.0
Northern Europe,Wind,Norway,2025,71.0,27.64,136.0
Northern Europe,Wind,Norway,2025,65.0,11.83,94.0
Northern Europe,Wind,Norway,2025,61.0,2.06,88.0
Northern Europe,Wind,Norway,2025,63.0,11.01,88.0
Northern Europe,Wind,Norway,2025,59.0,7.77,79.8
Northern Europe,Wind,Norway,2025,58.0,7.55,71.0
Northern Europe,Wind,Norway,2025,59.0,11.65,54.0
Northern Europe,Wind,Norway,2025,70.0,20.47,54.0
Northern Europe,Wind,Norway,2025,71.0,30.72,52.0
Northern Europe,Wind,Norway,2025,61.0,4.13,51.0
Northern Europe,Wind,Norway,2025,69.0,13.95,50.0
Northern Europe,Wind,Norway,2025,71.0,24.57,38.0
Northern Europe,Wind,Norway,2025,63.0,6.61,34.0
Northern Europe,Wind,Norway,2025,69.0,16.74,25.0
Northern Europe,Wind,Sweden,2023,65.0,21.3,2274.0
Northern Europe,Wind,Sweden,2023,63.0,15.42,1340.5
Northern Europe,Wind,Sweden,2023,62.0,14.91,1238.6
Northern Europe,Wind,Sweden,2023,64.0,18.25,1188.0
Northern Europe,Wind,Sweden,2023,63.0,17.62,1143.5
Northern Europe,Wind,Sweden,2023,61.0,16.5,881.0
Northern Europe,Wind,Sweden,2023,64.0,15.97,759.5
Northern Europe,Wind,Sweden,2023,57.0,14.69,671.0
Northern Europe,Wind,Sweden,2023,59.0,11.65,511.9
Northern Europe,Wind,Sweden,2023,57.0,16.52,454.4
Northern Europe,Wind,Sweden,2023,59.0,13.59,374.9
Northern Europe,Wind,Sweden,2023,57.0,12.85,366.0
Northern Europe,Wind,Sweden,2023,65.0,16.56,313.0
Northern Europe,Wind,Sweden,2023,62.0,17.04,298.4
Northern Europe,Wind,Sweden,2023,56.0,12.52,274.4
Northern Europe,Wind,Sweden,2023,65.0,18.93,265.0
Northern Europe,Wind,Sweden,2023,67.0,23.03,264.0
Northern Europe,Wind,Sweden,2023,60.0,16.0,258.0
Northern Europe,Wind,Sweden,2023,59.0,15.53,242.0
Northern Europe,Wind,Sweden,2023,58.0,13.21,240.0
Northern Europe,Wind,Sweden,2023,64.0,20.53,236.8
Northern Europe,Wind,Sweden,2023,58.0,15.1,215.7
Northern Europe,Wind,Sweden,2023,60.0,14.0,206.4
Northern Europe,Wind,Sweden,2023,56.0,14.31,146.0
Northern Europe,Wind,Sweden,2023,61.0,14.44,124.0
Northern Europe,Wind,Sweden,2023,62.0,12.78,114.0
Northern Europe,Wind,Sweden,2023,57.0,18.36,83.2
Northern Europe,Wind,Sweden,2023,58.0,16.98,78.0
Northern Europe,Wind,Sweden,2023,68.0,21.36,78.0
Northern Europe,Wind,Sweden,2023,60.0,18.0,51.0
Northern Europe,Wind,Sweden,2023,60.0,12.0,39.6
Northern Europe,Wind,Sweden,2023,56.0,16.09,37.0
Northern Europe,Wind,Sweden,2023,59.0,17.47,32.0
Northern Europe,Wind,Sweden,2023,64.0,13.69,30.0
Northern Europe,Wind,Sweden,2023,66.0,17.21,30.0
Northern Europe,Wind,Sweden,2023,58.0,11.32,27.0
Northern Europe,Wind,Sweden,2023,58.0,18.87,13.2
Northern Europe,Wind,Sweden,2023,61.0,12.38,12.0
Northern Europe,Wind,Sweden,2023,63.0,13.22,11.0
Northern Europe,Wind,Sweden,2024,65.0,21.3,2274.0
Northern Europe,Wind,Sweden,2024,63.0,15.42,1397.5
Northern Europe,Wind,Sweden,2024,62.0,14.91,1238.6
Northern Europe,Wind,Sweden,2024,63.0,17.62,1230.5
Northern Europe,Wind,Sweden,2024,64.0,18.25,1188.0
Northern Europe,Wind,Sweden,2024,61.0,16.5,881.0
Northern Europe,Wind,Sweden,2024,64.0,15.97,759.5
Northern Europe,Wind,Sweden,2024,57.0,14.69,671.0
Northern Europe,Wind,Sweden,2024,59.0,11.65,511.9
Northern Europe,Wind,Sweden,2024,57.0,16.52,454.4
Northern Europe,Wind,Sweden,2024,59.0,13.59,374.9
Northern Europe,Wind,Sweden,2024,57.0,12.85,366.0
Northern Europe,Wind,Sweden,2024,60.0,16.0,351.0
Northern Europe,Wind,Sweden,2024,65.0,16.56,313.0
Northern Europe,Wind,Sweden,2024,62.0,17.04,298.4
Northern Europe,Wind,Sweden,2024,56.0,12.52,274.4
Northern Europe,Wind,Sweden,2024,65.0,18.93,265.0
Northern Europe,Wind,Sweden,2024,67.0,23.03,264.0
Northern Europe,Wind,Sweden,2024,58.0,15.1,254.7
Northern Europe,Wind,Sweden,2024,60.0,14.0,253.4
Northern Europe,Wind,Sweden,2024,59.0,15.53,242.0
Northern Europe,Wind,Sweden,2024,58.0,13.21,240.0
Northern Europe,Wind,Sweden,2024,64.0,20.53,236.8
Northern Europe,Wind,Sweden,2024,58.0,16.98,157.0
Northern Europe,Wind,Sweden,2024,56.0,14.31,146.0
Northern Europe,Wind,Sweden,2024,61.0,14.44,124.0
Northern Europe,Wind,Sweden,2024,62.0,12.78,114.0
Northern Europe,Wind,Sweden,2024,60.0,18.0,99.0
Northern Europe,Wind,Sweden,2024,57.0,18.36,83.2
Northern Europe,Wind,Sweden,2024,68.0,21.36,78.0
Northern Europe,Wind,Sweden,2024,60.0,12.0,39.6
Northern Europe,Wind,Sweden,2024,56.0,16.09,37.0
Northern Europe,Wind,Sweden,2024,59.0,17.47,32.0
Northern Europe,Wind,Sweden,2024,64.0,13.69,30.0
Northern Europe,Wind,Sweden,2024,66.0,17.21,30.0
Northern Europe,Wind,Sweden,2024,58.0,11.32,27.0
Northern Europe,Wind,Sweden,2024,58.0,18.87,13.2
Northern Europe,Wind,Sweden,2024,61.0,12.38,12.0
Northern Europe,Wind,Sweden,2024,63.0,13.22,11.0
Northern Europe,Wind,Sweden,2025,65.0,21.3,2274.0
Northern Europe,Wind,Sweden,2025,63.0,17.62,1630.5
Northern Europe,Wind,Sweden,2025,63.0,15.42,1397.5
Northern Europe,Wind,Sweden,2025,62.0,14.91,1308.6
Northern Europe,Wind,Sweden,2025,64.0,18.25,1188.0
Northern Europe,Wind,Sweden,2025,64.0,15.97,913.5
Northern Europe,Wind,Sweden,2025,61.0,16.5,881.0
Northern Europe,Wind,Sweden,2025,57.0,14.69,788.0
Northern Europe,Wind,Sweden,2025,59.0,11.65,549.1
Northern Europe,Wind,Sweden,2025,57.0,16.52,454.4
Northern Europe,Wind,Sweden,2025,58.0,15.1,438.1
Northern Europe,Wind,Sweden,2025,57.0,12.85,422.0
Northern Europe,Wind,Sweden,2025,59.0,13.59,374.9
Northern Europe,Wind,Sweden,2025,60.0,16.0,351.0
Northern Europe,Wind,Sweden,2025,64.0,20.53,334.8
Northern Europe,Wind,Sweden,2025,58.0,13.21,325.2
Northern Europe,Wind,Sweden,2025,65.0,16.56,313.0
Northern Europe,Wind,Sweden,2025,62.0,17.04,298.4
Northern Europe,Wind,Sweden,2025,56.0,12.52,274.4
Northern Europe,Wind,Sweden,2025,65.0,18.93,265.0
Northern Europe,Wind,Sweden,2025,67.0,23.03,264.0
Northern Europe,Wind,Sweden,2025,60.0,14.0,253.4
Northern Europe,Wind,Sweden,2025,59.0,15.53,242.0
Northern Europe,Wind,Sweden,2025,58.0,16.98,157.0
Northern Europe,Wind,Sweden,2025,56.0,14.31,146.0
Northern Europe,Wind,Sweden,2025,61.0,14.44,124.0
Northern Europe,Wind,Sweden,2025,62.0,12.78,114.0
Northern Europe,Wind,Sweden,2025,60.0,18.0,99.0
Northern Europe,Wind,Sweden,2025,57.0,18.36,83.2
Northern Europe,Wind,Sweden,2025,68.0,21.36,78.0
Northern Europe,Wind,Sweden,2025,60.0,12.0,39.6
Northern Europe,Wind,Sweden,2025,56.0,16.09,37.0
Northern Europe,Wind,Sweden,2025,59.0,17.47,32.0
Northern Europe,Wind,Sweden,2025,64.0,13.69,30.0
Northern Europe,Wind,Sweden,2025,66.0,17.21,30.0
Northern Europe,Wind,Sweden,2025,58.0,11.32,27.0
Northern Europe,Wind,Sweden,2025,58.0,18.87,13.2
Northern Europe,Wind,Sweden,2025,61.0,12.38,12.0
Northern Europe,Wind,Sweden,2025,63.0,13.22,11.0
Southern Europe,Bioenergy,Italy,2023,41.0,14.58,175.5
Southern Europe,Bioenergy,Italy,2023,46.0,10.08,104.0
Southern Europe,Bioenergy,Italy,2023,45.0,11.31,91.6
Southern Europe,Bioenergy,Italy,2023,39.0,16.73,73.0
Southern Europe,Bioenergy,Italy,2023,45.0,7.07,65.0
Southern Europe,Bioenergy,Italy,2023,46.0,8.64,59.0
Southern Europe,Bioenergy,Italy,2023,42.0,12.11,46.0
Southern Europe,Bioenergy,Italy,2023,40.0,15.66,41.0
Southern Europe,Bioenergy,Italy,2023,40.0,9.14,37.0
Southern Europe,Bioenergy,Italy,2023,44.0,12.51,30.0
Southern Europe,Bioenergy,Italy,2023,41.0,15.9,25.2
Southern Europe,Bioenergy,Italy,2023,39.0,9.01,22.8
Southern Europe,Bioenergy,Italy,2023,46.0,12.96,20.9
Southern Europe,Bioenergy,Italy,2023,45.0,8.49,20.0
Southern Europe,Bioenergy,Italy,2024,41.0,14.58,175.5
Southern Europe,Bioenergy,Italy,2024,46.0,10.08,104.0
Southern Europe,Bioenergy,Italy,2024,45.0,11.31,91.6
Southern Europe,Bioenergy,Italy,2024,39.0,16.73,73.0
Southern Europe,Bioenergy,Italy,2024,45.0,7.07,65.0
Southern Europe,Bioenergy,Italy,2024,46.0,8.64,59.0
Southern Europe,Bioenergy,Italy,2024,42.0,12.11,46.0
Southern Europe,Bioenergy,Italy,2024,40.0,15.66,41.0
Southern Europe,Bioenergy,Italy,2024,40.0,9.14,37.0
Southern Europe,Bioenergy,Italy,2024,44.0,12.51,30.0
Southern Europe,Bioenergy,Italy,2024,41.0,15.9,25.2
Southern Europe,Bioenergy,Italy,2024,39.0,9.01,22.8
Southern Europe,Bioenergy,Italy,2024,46.0,12.96,20.9
Southern Europe,Bioenergy,Italy,2024,45.0,8.49,20.0
Southern Europe,Bioenergy,Italy,2025,41.0,14.58,175.5
Southern Europe,Bioenergy,Italy,2025,46.0,10.08,104.0
Southern Europe,Bioenergy,Italy,2025,45.0,11.31,91.6
Southern Europe,Bioenergy,Italy,2025,39.0,16.73,73.0
Southern Europe,Bioenergy,Italy,2025,45.0,7.07,65.0
Southern Europe,Bioenergy,Italy,2025,46.0,8.64,59.0
Southern Europe,Bioenergy,Italy,2025,42.0,12.11,46.0
Southern Europe,Bioenergy,Italy,2025,40.0,15.66,41.0
Southern Europe,Bioenergy,Italy,2025,40.0,9.14,37.0
Southern Europe,Bioenergy,Italy,2025,44.0,12.51,30.0
Southern Europe,Bioenergy,Italy,2025,41.0,15.9,25.2
Southern Europe,Bioenergy,Italy,2025,39.0,9.01,22.8
Southern Europe,Bioenergy,Italy,2025,46.0,12.96,20.9
Southern Europe,Bioenergy,Italy,2025,45.0,8.49,20.0
Southern Europe,Bioenergy,Portugal,2023,40.0,-9.14,241.9
Southern Europe,Bioenergy,Portugal,2023,38.0,-8.88,53.9
Southern Europe,Bioenergy,Portugal,2023,39.0,-9.01,50.0
Southern Europe,Bioenergy,Portugal,2023,41.0,-7.95,35.1
Southern Europe,Bioenergy,Portugal,2023,41.0,-9.28,26.5
Southern Europe,Bioenergy,Portugal,2023,42.0,-8.07,25.0
Southern Europe,Bioenergy,Portugal,2023,40.0,-7.83,23.7
Southern Europe,Bioenergy,Portugal,2023,33.0,-16.69,4.2
Southern Europe,Bioenergy,Portugal,2024,40.0,-9.14,241.9
Southern Europe,Bioenergy,Portugal,2024,38.0,-8.88,53.9
Southern Europe,Bioenergy,Portugal,2024,39.0,-9.01,50.0
Southern Europe,Bioenergy,Portugal,2024,41.0,-7.95,35.1
Southern Europe,Bioenergy,Portugal,2024,41.0,-9.28,26.5
Southern Europe,Bioenergy,Portugal,2024,42.0,-8.07,25.0
Southern Europe,Bioenergy,Portugal,2024,40.0,-7.83,23.7
Southern Europe,Bioenergy,Portugal,2024,33.0,-16.69,4.2
Southern Europe,Bioenergy,Portugal,2025,40.0,-9.14,241.9
Southern Europe,Bioenergy,Portugal,2025,38.0,-8.88,53.9
Southern Europe,Bioenergy,Portugal,2025,39.0,-9.01,50.0
Southern Europe,Bioenergy,Portugal,2025,41.0,-7.95,35.1
Southern Europe,Bioenergy,Portugal,2025,41.0,-9.28,26.5
Southern Europe,Bioenergy,Portugal,2025,42.0,-8.07,25.0
Southern Europe,Bioenergy,Portugal,2025,40.0,-7.83,23.7
Southern Europe,Bioenergy,Portugal,2025,33.0,-16.69,4.2
Southern Europe,Bioenergy,Serbia,2023,45.0,21.21,30.0
Southern Europe,Bioenergy,Serbia,2023,44.0,20.85,4.8
Southern Europe,Bioenergy,Serbia,2023,44.0,22.24,2.4
Southern Europe,Bioenergy,Serbia,2024,45.0,21.21,30.0
Southern Europe,Bioenergy,Serbia,2024,44.0,20.85,4.8
Southern Europe,Bioenergy,Serbia,2024,44.0,22.24,2.4
Southern Europe,Bioenergy,Serbia,2025,45.0,21.21,30.0
Southern Europe,Bioenergy,Serbia,2025,44.0,20.85,4.8
Southern Europe,Bioenergy,Serbia,2025,44.0,22.24,2.4
Southern Europe,Bioenergy,Spain,2023,37.0,-6.26,137.0
Southern Europe,Bioenergy,Spain,2023,43.0,-8.2,100.0
Southern Europe,Bioenergy,Spain,2023,44.0,-6.95,77.0
Southern Europe,Bioenergy,Spain,2023,43.0,-2.73,57.0
Southern Europe,Bioenergy,Spain,2023,43.0,-1.37,54.5
Southern Europe,Bioenergy,Spain,2023,39.0,-3.86,50.0
Southern Europe,Bioenergy,Spain,2023,42.0,-1.35,50.0
Southern Europe,Bioenergy,Spain,2023,43.0,-6.84,50.0
Southern Europe,Bioenergy,Spain,2023,40.0,2.61,38.0
Southern Europe,Bioenergy,Spain,2023,39.0,-6.43,35.0
Southern Europe,Bioenergy,Spain,2023,42.0,-8.07,35.0
Southern Europe,Bioenergy,Spain,2023,41.0,2.65,31.8
Southern Europe,Bioenergy,Spain,2023,40.0,-3.92,29.0
Southern Europe,Bioenergy,Spain,2023,37.0,-5.01,27.1
Southern Europe,Bioenergy,Spain,2023,38.0,-3.81,25.0
Southern Europe,Bioenergy,Spain,2023,42.0,1.35,25.0
Southern Europe,Bioenergy,Spain,2024,37.0,-6.26,137.0
Southern Europe,Bioenergy,Spain,2024,43.0,-8.2,100.0
Southern Europe,Bioenergy,Spain,2024,44.0,-6.95,77.0
Southern Europe,Bioenergy,Spain,2024,43.0,-2.73,57.0
Southern Europe,Bioenergy,Spain,2024,43.0,-1.37,54.5
Southern Europe,Bioenergy,Spain,2024,39.0,-3.86,50.0
Southern Europe,Bioenergy,Spain,2024,42.0,-1.35,50.0
Southern Europe,Bioenergy,Spain,2024,43.0,-6.84,50.0
Southern Europe,Bioenergy,Spain,2024,40.0,2.61,38.0
Southern Europe,Bioenergy,Spain,2024,39.0,-6.43,35.0
Southern Europe,Bioenergy,Spain,2024,42.0,-8.07,35.0
Southern Europe,Bioenergy,Spain,2024,41.0,2.65,31.8
Southern Europe,Bioenergy,Spain,2024,40.0,-3.92,29.0
Southern Europe,Bioenergy,Spain,2024,37.0,-5.01,27.1
Southern Europe,Bioenergy,Spain,2024,38.0,-3.81,25.0
Southern Europe,Bioenergy,Spain,2024,42.0,1.35,25.0
Southern Europe,Bioenergy,Spain,2025,37.0,-6.26,137.0
Southern Europe,Bioenergy,Spain,2025,43.0,-8.2,100.0
Southern Europe,Bioenergy,Spain,2025,44.0,-6.95,77.0
Southern Europe,Bioenergy,Spain,2025,43.0,-2.73,57.0
Southern Europe,Bioenergy,Spain,2025,43.0,-1.37,54.5
Southern Europe,Bioenergy,Spain,2025,39.0,-3.86,50.0
Southern Europe,Bioenergy,Spain,2025,42.0,-1.35,50.0
Southern Europe,Bioenergy,Spain,2025,43.0,-6.84,50.0
Southern Europe,Bioenergy,Spain,2025,40.0,2.61,38.0
Southern Europe,Bioenergy,Spain,2025,39.0,-6.43,35.0
Southern Europe,Bioenergy,Spain,2025,42.0,-8.07,35.0
Southern Europe,Bioenergy,Spain,2025,41.0,2.65,31.8
Southern Europe,Bioenergy,Spain,2025,40.0,-3.92,29.0
Southern Europe,Bioenergy,Spain,2025,37.0,-5.01,27.1
Southern Europe,Bioenergy,Spain,2025,38.0,-3.81,25.0
Southern Europe,Bioenergy,Spain,2025,42.0,1.35,25.0
Southern Europe,Hydro,Bosnia and Herzegovina,2023,43.0,17.78,938.0
Southern Europe,Hydro,Bosnia and Herzegovina,2023,44.0,18.07,454.0
Southern Europe,Hydro,Bosnia and Herzegovina,2023,44.0,19.46,315.0
Southern Europe,Hydro,Bosnia and Herzegovina,2023,45.0,16.97,110.0
Southern Europe,Hydro,Bosnia and Herzegovina,2023,43.0,19.14,100.0
Southern Europe,Hydro,Bosnia and Herzegovina,2023,44.0,16.68,78.0
Southern Europe,Hydro,Bosnia and Herzegovina,2024,43.0,17.78,938.0
Southern Europe,Hydro,Bosnia and Herzegovina,2024,44.0,18.07,454.0
Southern Europe,Hydro,Bosnia and Herzegovina,2024,44.0,19.46,315.0
Southern Europe,Hydro,Bosnia and Herzegovina,2024,45.0,16.97,110.0
Southern Europe,Hydro,Bosnia and Herzegovina,2024,43.0,19.14,100.0
Southern Europe,Hydro,Bosnia and Herzegovina,2024,44.0,16.68,78.0
Southern Europe,Hydro,Bosnia and Herzegovina,2025,43.0,17.78,973.0
Southern Europe,Hydro,Bosnia and Herzegovina,2025,44.0,18.07,454.0
Southern Europe,Hydro,Bosnia and Herzegovina,2025,44.0,19.46,315.0
Southern Europe,Hydro,Bosnia and Herzegovina,2025,45.0,16.97,110.0
Southern Europe,Hydro,Bosnia and Herzegovina,2025,43.0,19.14,100.0
Southern Europe,Hydro,Bosnia and Herzegovina,2025,44.0,16.68,78.0
Southern Europe,Hydro,Croatia,2023,43.0,16.41,584.0
Southern Europe,Hydro,Croatia,2023,44.0,16.68,320.0
Southern Europe,Hydro,Croatia,2023,45.0,15.56,314.0
Southern Europe,Hydro,Croatia,2023,44.0,15.29,240.0
Southern Europe,Hydro,Croatia,2023,46.0,15.84,172.0
Southern Europe,Hydro,Croatia,2023,45.0,14.14,127.0
Southern Europe,Hydro,Croatia,2023,43.0,17.78,126.0
Southern Europe,Hydro,Croatia,2023,46.0,17.27,76.0
Southern Europe,Hydro,Croatia,2024,43.0,16.41,584.0
Southern Europe,Hydro,Croatia,2024,44.0,16.68,320.0
Southern Europe,Hydro,Croatia,2024,45.0,15.56,314.0
Southern Europe,Hydro,Croatia,2024,44.0,15.29,240.0
Southern Europe,Hydro,Croatia,2024,46.0,15.84,172.0
Southern Europe,Hydro,Croatia,2024,45.0,14.14,127.0
Southern Europe,Hydro,Croatia,2024,43.0,17.78,126.0
Southern Europe,Hydro,Croatia,2024,46.0,17.27,76.0
Southern Europe,Hydro,Croatia,2025,43.0,16.41,584.0
Southern Europe,Hydro,Croatia,2025,44.0,16.68,320.0
Southern Europe,Hydro,Croatia,2025,45.0,15.56,314.0
Southern Europe,Hydro,Croatia,2025,44.0,15.29,240.0
Southern Europe,Hydro,Croatia,2025,46.0,15.84,172.0
Southern Europe,Hydro,Croatia,2025,45.0,14.14,127.0
Southern Europe,Hydro,Croatia,2025,43.0,17.78,126.0
Southern Europe,Hydro,Croatia,2025,46.0,17.27,76.0
Southern Europe,Hydro,Greece,2023,39.0,21.87,1037.0
Southern Europe,Hydro,Greece,2023,40.0,22.19,952.0
Southern Europe,Hydro,Greece,2023,41.0,23.85,500.0
Southern Europe,Hydro,Greece,2023,39.0,20.59,300.0
Southern Europe,Hydro,Greece,2023,40.0,20.89,210.0
Southern Europe,Hydro,Greece,2023,38.0,21.57,70.0
Southern Europe,Hydro,Greece,2023,41.0,22.53,50.0
Southern Europe,Hydro,Greece,2024,39.0,21.87,1037.0
Southern Europe,Hydro,Greece,2024,40.0,22.19,952.0
Southern Europe,Hydro,Greece,2024,41.0,23.85,500.0
Southern Europe,Hydro,Greece,2024,39.0,20.59,300.0
Southern Europe,Hydro,Greece,2024,40.0,20.89,210.0
Southern Europe,Hydro,Greece,2024,38.0,21.57,70.0
Southern Europe,Hydro,Greece,2024,41.0,22.53,50.0
Southern Europe,Hydro,Greece,2025,39.0,21.87,1037.0
Southern Europe,Hydro,Greece,2025,40.0,22.19,952.0
Southern Europe,Hydro,Greece,2025,41.0,23.85,500.0
Southern Europe,Hydro,Greece,2025,39.0,20.59,300.0
Southern Europe,Hydro,Greece,2025,40.0,20.89,210.0
Southern Europe,Hydro,Greece,2025,38.0,21.57,70.0
Southern Europe,Hydro,Greece,2025,41.0,22.53,50.0
Southern Europe,Hydro,Italy,2023,46.0,10.08,4685.0
Southern Europe,Hydro,Italy,2023,46.0,8.64,1570.0
Southern Europe,Hydro,Italy,2023,44.0,6.95,1314.0
Southern Europe,Hydro,Italy,2023,46.0,11.52,1228.0
Southern Europe,Hydro,Italy,2023,41.0,14.58,1133.0
Southern Europe,Hydro,Italy,2023,46.0,12.96,1118.0
Southern Europe,Hydro,Italy,2023,39.0,16.73,754.0
Southern Europe,Hydro,Italy,2023,45.0,7.07,748.0
Southern Europe,Hydro,Italy,2023,43.0,13.67,739.0
Southern Europe,Hydro,Italy,2023,46.0,7.2,536.0
Southern Europe,Hydro,Italy,2023,47.0,10.26,516.0
Southern Europe,Hydro,Italy,2023,37.0,15.03,500.0
Southern Europe,Hydro,Italy,2023,47.0,11.73,451.0
Southern Europe,Hydro,Italy,2023,43.0,12.31,445.0
Southern Europe,Hydro,Italy,2023,44.0,11.12,311.0
Southern Europe,Hydro,Italy,2023,40.0,9.14,282.0
Southern Europe,Hydro,Italy,2023,40.0,15.66,230.0
Southern Europe,Hydro,Italy,2023,42.0,13.46,176.0
Southern Europe,Hydro,Italy,2023,42.0,14.8,118.0
Southern Europe,Hydro,Italy,2023,44.0,9.73,97.0
Southern Europe,Hydro,Italy,2023,45.0,9.9,90.0
Southern Europe,Hydro,Italy,2023,38.0,12.69,80.0
Southern Europe,Hydro,Italy,2023,38.0,15.23,65.0
Southern Europe,Hydro,Italy,2023,45.0,11.31,50.0
Southern Europe,Hydro,Italy,2024,46.0,10.08,4685.0
Southern Europe,Hydro,Italy,2024,46.0,8.64,1570.0
Southern Europe,Hydro,Italy,2024,44.0,6.95,1314.0
Southern Europe,Hydro,Italy,2024,46.0,11.52,1228.0
Southern Europe,Hydro,Italy,2024,41.0,14.58,1133.0
Southern Europe,Hydro,Italy,2024,46.0,12.96,1118.0
Southern Europe,Hydro,Italy,2024,39.0,16.73,754.0
Southern Europe,Hydro,Italy,2024,45.0,7.07,748.0
Southern Europe,Hydro,Italy,2024,43.0,13.67,739.0
Southern Europe,Hydro,Italy,2024,46.0,7.2,536.0
Southern Europe,Hydro,Italy,2024,47.0,10.26,516.0
Southern Europe,Hydro,Italy,2024,37.0,15.03,500.0
Southern Europe,Hydro,Italy,2024,47.0,11.73,451.0
Southern Europe,Hydro,Italy,2024,43.0,12.31,445.0
Southern Europe,Hydro,Italy,2024,44.0,11.12,311.0
Southern Europe,Hydro,Italy,2024,40.0,9.14,282.0
Southern Europe,Hydro,Italy,2024,40.0,15.66,230.0
Southern Europe,Hydro,Italy,2024,42.0,13.46,176.0
Southern Europe,Hydro,Italy,2024,42.0,14.8,118.0
Southern Europe,Hydro,Italy,2024,44.0,9.73,97.0
Southern Europe,Hydro,Italy,2024,45.0,9.9,90.0
Southern Europe,Hydro,Italy,2024,38.0,12.69,80.0
Southern Europe,Hydro,Italy,2024,38.0,15.23,65.0
Southern Europe,Hydro,Italy,2024,45.0,11.31,50.0
Southern Europe,Hydro,Italy,2025,46.0,10.08,4685.0
Southern Europe,Hydro,Italy,2025,46.0,8.64,1570.0
Southern Europe,Hydro,Italy,2025,44.0,6.95,1314.0
Southern Europe,Hydro,Italy,2025,46.0,11.52,1228.0
Southern Europe,Hydro,Italy,2025,41.0,14.58,1133.0
Southern Europe,Hydro,Italy,2025,46.0,12.96,1118.0
Southern Europe,Hydro,Italy,2025,39.0,16.73,754.0
Southern Europe,Hydro,Italy,2025,45.0,7.07,748.0
Southern Europe,Hydro,Italy,2025,43.0,13.67,739.0
Southern Europe,Hydro,Italy,2025,46.0,7.2,536.0
Southern Europe,Hydro,Italy,2025,47.0,10.26,516.0
Southern Europe,Hydro,Italy,2025,37.0,15.03,500.0
Southern Europe,Hydro,Italy,2025,47.0,11.73,451.0
Southern Europe,Hydro,Italy,2025,43.0,12.31,445.0
Southern Europe,Hydro,Italy,2025,44.0,11.12,311.0
Southern Europe,Hydro,Italy,2025,40.0,9.14,282.0
Southern Europe,Hydro,Italy,2025,40.0,15.66,230.0
Southern Europe,Hydro,Italy,2025,42.0,13.46,176.0
Southern Europe,Hydro,Italy,2025,42.0,14.8,118.0
Southern Europe,Hydro,Italy,2025,44.0,9.73,97.0
Southern Europe,Hydro,Italy,2025,45.0,9.9,90.0
Southern Europe,Hydro,Italy,2025,38.0,12.69,80.0
Southern Europe,Hydro,Italy,2025,38.0,15.23,65.0
Southern Europe,Hydro,Italy,2025,45.0,11.31,50.0
Southern Europe,Hydro,Montenegro,2023,43.0,19.14,649.0
Southern Europe,Hydro,Montenegro,2024,43.0,19.14,649.0
Southern Europe,Hydro,Montenegro,2025,43.0,19.14,649.0
Southern Europe,Hydro,North Macedonia,2023,42.0,20.18,166.0
Southern Europe,Hydro,North Macedonia,2023,42.0,21.53,118.0
Southern Europe,Hydro,North Macedonia,2023,41.0,22.53,114.0
Southern Europe,Hydro,North Macedonia,2023,41.0,19.88,84.0
Southern Europe,Hydro,North Macedonia,2023,41.0,21.2,42.0
Southern Europe,Hydro,North Macedonia,2024,42.0,20.18,166.0
Southern Europe,Hydro,North Macedonia,2024,42.0,21.53,118.0
Southern Europe,Hydro,North Macedonia,2024,41.0,22.53,114.0
Southern Europe,Hydro,North Macedonia,2024,41.0,19.88,84.0
Southern Europe,Hydro,North Macedonia,2024,41.0,21.2,42.0
Southern Europe,Hydro,North Macedonia,2025,42.0,20.18,166.0
Southern Europe,Hydro,North Macedonia,2025,42.0,21.53,118.0
Southern Europe,Hydro,North Macedonia,2025,41.0,22.53,114.0
Southern Europe,Hydro,North Macedonia,2025,41.0,19.88,84.0
Southern Europe,Hydro,North Macedonia,2025,41.0,21.2,42.0
Southern Europe,Hydro,Portugal,2023,42.0,-8.07,2380.0
Southern Europe,Hydro,Portugal,2023,41.0,-7.95,2198.0
Southern Europe,Hydro,Portugal,2023,41.0,-6.63,1629.0
Southern Europe,Hydro,Portugal,2023,40.0,-7.83,820.0
Southern Europe,Hydro,Portugal,2023,38.0,-7.61,515.0
Southern Europe,Hydro,Portugal,2023,39.0,-7.72,81.0
Southern Europe,Hydro,Portugal,2024,42.0,-8.07,2540.0
Southern Europe,Hydro,Portugal,2024,41.0,-7.95,2198.0
Southern Europe,Hydro,Portugal,2024,41.0,-6.63,1629.0
Southern Europe,Hydro,Portugal,2024,40.0,-7.83,820.0
Southern Europe,Hydro,Portugal,2024,38.0,-7.61,515.0
Southern Europe,Hydro,Portugal,2024,39.0,-7.72,81.0
Southern Europe,Hydro,Portugal,2025,42.0,-8.07,2540.0
Southern Europe,Hydro,Portugal,2025,41.0,-7.95,2198.0
Southern Europe,Hydro,Portugal,2025,41.0,-6.63,1629.0
Southern Europe,Hydro,Portugal,2025,40.0,-7.83,820.0
Southern Europe,Hydro,Portugal,2025,38.0,-7.61,515.0
Southern Europe,Hydro,Portugal,2025,39.0,-7.72,81.0
Southern Europe,Hydro,Serbia,2023,44.0,19.46,1211.0
Southern Europe,Hydro,Serbia,2023,43.0,19.14,102.0
Southern Europe,Hydro,Serbia,2023,43.0,23.24,80.0
Southern Europe,Hydro,Serbia,2023,43.0,21.88,51.0
Southern Europe,Hydro,Serbia,2023,43.0,20.51,36.0
Southern Europe,Hydro,Serbia,2024,44.0,19.46,1211.0
Southern Europe,Hydro,Serbia,2024,43.0,19.14,102.0
Southern Europe,Hydro,Serbia,2024,43.0,23.24,80.0
Southern Europe,Hydro,Serbia,2024,43.0,21.88,51.0
Southern Europe,Hydro,Serbia,2024,43.0,20.51,36.0
Southern Europe,Hydro,Serbia,2025,44.0,19.46,1211.0
Southern Europe,Hydro,Serbia,2025,43.0,19.14,102.0
Southern Europe,Hydro,Serbia,2025,43.0,23.24,80.0
Southern Europe,Hydro,Serbia,2025,43.0,21.88,51.0
Southern Europe,Hydro,Serbia,2025,43.0,20.51,36.0
Southern Europe,Hydro,Slovenia,2023,46.0,15.84,431.0
Southern Europe,Hydro,Slovenia,2023,46.0,12.96,212.0
Southern Europe,Hydro,Slovenia,2023,47.0,16.13,191.0
Southern Europe,Hydro,Slovenia,2023,47.0,14.66,128.0
Southern Europe,Hydro,Slovenia,2023,46.0,14.4,108.0
Southern Europe,Hydro,Slovenia,2024,46.0,15.84,431.0
Southern Europe,Hydro,Slovenia,2024,46.0,12.96,212.0
Southern Europe,Hydro,Slovenia,2024,47.0,16.13,191.0
Southern Europe,Hydro,Slovenia,2024,47.0,14.66,128.0
Southern Europe,Hydro,Slovenia,2024,46.0,14.4,108.0
Southern Europe,Hydro,Slovenia,2025,46.0,15.84,431.0
Southern Europe,Hydro,Slovenia,2025,46.0,12.96,212.0
Southern Europe,Hydro,Slovenia,2025,47.0,16.13,191.0
Southern Europe,Hydro,Slovenia,2025,47.0,14.66,128.0
Southern Europe,Hydro,Slovenia,2025,46.0,14.4,108.0
Southern Europe,Hydro,Spain,2023,41.0,-6.63,2791.0
Southern Europe,Hydro,Spain,2023,39.0,-1.29,1955.0
Southern Europe,Hydro,Spain,2023,42.0,-6.73,1610.0
Southern Europe,Hydro,Spain,2023,40.0,-6.53,1291.0
Southern Europe,Hydro,Spain,2023,42.0,-8.07,1146.0
Southern Europe,Hydro,Spain,2023,43.0,1.37,1076.0
Southern Europe,Hydro,Spain,2023,41.0,0.0,673.0
Southern Europe,Hydro,Spain,2023,43.0,-6.84,640.0
Southern Europe,Hydro,Spain,2023,40.0,-7.83,500.0
Southern Europe,Hydro,Spain,2023,37.0,-5.01,454.0
Southern Europe,Hydro,Spain,2023,40.0,-5.22,429.0
Southern Europe,Hydro,Spain,2023,43.0,-8.2,428.0
Southern Europe,Hydro,Spain,2023,43.0,0.0,409.0
Southern Europe,Hydro,Spain,2023,43.0,-4.1,360.0
Southern Europe,Hydro,Spain,2023,42.0,-5.38,329.0
Southern Europe,Hydro,Spain,2023,42.0,1.35,322.0
Southern Europe,Hydro,Spain,2023,40.0,-2.61,315.0
Southern Europe,Hydro,Spain,2023,43.0,-5.47,308.0
Southern Europe,Hydro,Spain,2023,42.0,0.0,249.0
Southern Europe,Hydro,Spain,2023,38.0,-6.35,240.0
Southern Europe,Hydro,Spain,2023,40.0,-3.92,182.0
Southern Europe,Hydro,Spain,2023,39.0,-5.15,157.0
Southern Europe,Hydro,Spain,2023,42.0,2.69,145.0
Southern Europe,Hydro,Spain,2023,43.0,-2.73,84.0
Southern Europe,Hydro,Spain,2023,28.0,-13.59,52.0
Southern Europe,Hydro,Spain,2023,38.0,-2.54,40.0
Southern Europe,Hydro,Spain,2023,40.0,-1.31,40.0
Southern Europe,Hydro,Spain,2023,38.0,-5.08,34.0
Southern Europe,Hydro,Spain,2024,41.0,-6.63,2791.0
Southern Europe,Hydro,Spain,2024,39.0,-1.29,1955.0
Southern Europe,Hydro,Spain,2024,42.0,-6.73,1610.0
Southern Europe,Hydro,Spain,2024,40.0,-6.53,1291.0
Southern Europe,Hydro,Spain,2024,42.0,-8.07,1146.0
Southern Europe,Hydro,Spain,2024,43.0,1.37,1076.0
Southern Europe,Hydro,Spain,2024,41.0,0.0,673.0
Southern Europe,Hydro,Spain,2024,43.0,-6.84,640.0
Southern Europe,Hydro,Spain,2024,40.0,-7.83,500.0
Southern Europe,Hydro,Spain,2024,37.0,-5.01,454.0
Southern Europe,Hydro,Spain,2024,40.0,-5.22,429.0
Southern Europe,Hydro,Spain,2024,43.0,-8.2,428.0
Southern Europe,Hydro,Spain,2024,43.0,0.0,409.0
Southern Europe,Hydro,Spain,2024,43.0,-4.1,360.0
Southern Europe,Hydro,Spain,2024,42.0,-5.38,329.0
Southern Europe,Hydro,Spain,2024,42.0,1.35,322.0
Southern Europe,Hydro,Spain,2024,40.0,-2.61,315.0
Southern Europe,Hydro,Spain,2024,43.0,-5.47,308.0
Southern Europe,Hydro,Spain,2024,42.0,0.0,249.0
Southern Europe,Hydro,Spain,2024,38.0,-6.35,240.0
Southern Europe,Hydro,Spain,2024,40.0,-3.92,182.0
Southern Europe,Hydro,Spain,2024,39.0,-5.15,157.0
Southern Europe,Hydro,Spain,2024,42.0,2.69,145.0
Southern Europe,Hydro,Spain,2024,43.0,-2.73,84.0
Southern Europe,Hydro,Spain,2024,28.0,-13.59,52.0
Southern Europe,Hydro,Spain,2024,38.0,-2.54,40.0
Southern Europe,Hydro,Spain,2024,40.0,-1.31,40.0
Southern Europe,Hydro,Spain,2024,38.0,-5.08,34.0
Southern Europe,Hydro,Spain,2025,41.0,-6.63,2791.0
Southern Europe,Hydro,Spain,2025,39.0,-1.29,1955.0
Southern Europe,Hydro,Spain,2025,42.0,-6.73,1610.0
Southern Europe,Hydro,Spain,2025,40.0,-6.53,1291.0
Southern Europe,Hydro,Spain,2025,42.0,-8.07,1146.0
Southern Europe,Hydro,Spain,2025,43.0,1.37,1076.0
Southern Europe,Hydro,Spain,2025,41.0,0.0,673.0
Southern Europe,Hydro,Spain,2025,43.0,-6.84,640.0
Southern Europe,Hydro,Spain,2025,40.0,-7.83,500.0
Southern Europe,Hydro,Spain,2025,37.0,-5.01,454.0
Southern Europe,Hydro,Spain,2025,40.0,-5.22,429.0
Southern Europe,Hydro,Spain,2025,43.0,-8.2,428.0
Southern Europe,Hydro,Spain,2025,43.0,0.0,409.0
Southern Europe,Hydro,Spain,2025,43.0,-4.1,360.0
Southern Europe,Hydro,Spain,2025,42.0,-5.38,329.0
Southern Europe,Hydro,Spain,2025,42.0,1.35,322.0
Southern Europe,Hydro,Spain,2025,40.0,-2.61,315.0
Southern Europe,Hydro,Spain,2025,43.0,-5.47,308.0
Southern Europe,Hydro,Spain,2025,42.0,0.0,249.0
Southern Europe,Hydro,Spain,2025,38.0,-6.35,240.0
Southern Europe,Hydro,Spain,2025,40.0,-3.92,182.0
Southern Europe,Hydro,Spain,2025,39.0,-5.15,157.0
Southern Europe,Hydro,Spain,2025,42.0,2.69,145.0
Southern Europe,Hydro,Spain,2025,43.0,-2.73,84.0
Southern Europe,Hydro,Spain,2025,28.0,-13.59,52.0
Southern Europe,Hydro,Spain,2025,38.0,-2.54,40.0
Southern Europe,Hydro,Spain,2025,40.0,-1.31,40.0
Southern Europe,Hydro,Spain,2025,38.0,-5.08,34.0
Southern Europe,Solar,Bosnia and Herzegovina,2023,43.0,17.78,152.3
Southern Europe,Solar,Bosnia and Herzegovina,2023,45.0,16.97,18.6
Southern Europe,Solar,Bosnia and Herzegovina,2023,45.0,18.38,5.9
Southern Europe,Solar,Bosnia and Herzegovina,2023,45.0,15.56,4.9
Southern Europe,Solar,Bosnia and Herzegovina,2023,44.0,18.07,4.7
Southern Europe,Solar,Bosnia and Herzegovina,2023,44.0,16.68,1.2
Southern Europe,Solar,Bosnia and Herzegovina,2024,43.0,17.78,340.3
Southern Europe,Solar,Bosnia and Herzegovina,2024,45.0,18.38,48.1
Southern Europe,Solar,Bosnia and Herzegovina,2024,45.0,16.97,37.8
Southern Europe,Solar,Bosnia and Herzegovina,2024,44.0,16.68,29.2
Southern Europe,Solar,Bosnia and Herzegovina,2024,44.0,18.07,8.0
Southern Europe,Solar,Bosnia and Herzegovina,2024,45.0,15.56,4.9
Southern Europe,Solar,Bosnia and Herzegovina,2024,43.0,19.14,2.2
Southern Europe,Solar,Bosnia and Herzegovina,2025,43.0,17.78,405.7
Southern Europe,Solar,Bosnia and Herzegovina,2025,45.0,18.38,51.7
Southern Europe,Solar,Bosnia and Herzegovina,2025,45.0,16.97,37.8
Southern Europe,Solar,Bosnia and Herzegovina,2025,44.0,16.68,29.2
Southern Europe,Solar,Bosnia and Herzegovina,2025,44.0,18.07,8.0
Southern Europe,Solar,Bosnia and Herzegovina,2025,45.0,15.56,4.9
Southern Europe,Solar,Bosnia and Herzegovina,2025,43.0,19.14,2.2
Southern Europe,Solar,Croatia,2023,46.0,17.27,64.5
Southern Europe,Solar,Croatia,2023,46.0,15.84,47.8
Southern Europe,Solar,Croatia,2023,44.0,16.68,26.2
Southern Europe,Solar,Croatia,2023,44.0,15.29,19.4
Southern Europe,Solar,Croatia,2023,46.0,18.71,18.4
Southern Europe,Solar,Croatia,2023,45.0,14.14,13.3
Southern Europe,Solar,Croatia,2023,45.0,18.38,12.2
Southern Europe,Solar,Croatia,2023,43.0,16.41,3.8
Southern Europe,Solar,Croatia,2023,45.0,16.97,2.1
Southern Europe,Solar,Croatia,2023,45.0,15.56,1.8
Southern Europe,Solar,Croatia,2024,46.0,17.27,73.2
Southern Europe,Solar,Croatia,2024,44.0,16.68,55.4
Southern Europe,Solar,Croatia,2024,46.0,15.84,52.2
Southern Europe,Solar,Croatia,2024,46.0,18.71,30.8
Southern Europe,Solar,Croatia,2024,44.0,15.29,19.4
Southern Europe,Solar,Croatia,2024,45.0,14.14,16.2
Southern Europe,Solar,Croatia,2024,45.0,18.38,14.1
Southern Europe,Solar,Croatia,2024,43.0,16.41,3.8
Southern Europe,Solar,Croatia,2024,45.0,16.97,2.1
Southern Europe,Solar,Croatia,2024,45.0,15.56,1.8
Southern Europe,Solar,Croatia,2025,46.0,17.27,73.2
Southern Europe,Solar,Croatia,2025,44.0,16.68,55.4
Southern Europe,Solar,Croatia,2025,46.0,15.84,52.2
Southern Europe,Solar,Croatia,2025,46.0,18.71,33.4
Southern Europe,Solar,Croatia,2025,44.0,15.29,19.4
Southern Europe,Solar,Croatia,2025,45.0,14.14,16.2
Southern Europe,Solar,Croatia,2025,45.0,18.38,14.1
Southern Europe,Solar,Croatia,2025,43.0,16.41,3.8
Southern Europe,Solar,Croatia,2025,45.0,16.97,2.1
Southern Europe,Solar,Croatia,2025,45.0,15.56,1.8
Southern Europe,Solar,Greece,2023,40.0,22.19,980.2
Southern Europe,Solar,Greece,2023,41.0,22.53,681.9
Southern Europe,Solar,Greece,2023,39.0,21.87,550.7
Southern Europe,Solar,Greece,2023,39.0,23.16,485.6
Southern Europe,Solar,Greece,2023,39.0,20.59,358.4
Southern Europe,Solar,Greece,2023,38.0,22.84,263.0
Southern Europe,Solar,Greece,2023,41.0,23.85,248.6
Southern Europe,Solar,Greece,2023,41.0,25.18,230.0
Southern Europe,Solar,Greece,2023,40.0,23.5,190.6
Southern Europe,Solar,Greece,2023,38.0,21.57,190.2
Southern Europe,Solar,Greece,2023,41.0,21.2,184.2
Southern Europe,Solar,Greece,2023,37.0,22.54,175.9
Southern Europe,Solar,Greece,2023,41.0,26.5,131.9
Southern Europe,Solar,Greece,2023,38.0,24.11,102.1
Southern Europe,Solar,Greece,2023,40.0,20.89,36.8
Southern Europe,Solar,Greece,2023,37.0,21.29,20.9
Southern Europe,Solar,Greece,2023,38.0,20.3,12.0
Southern Europe,Solar,Greece,2023,40.0,19.58,8.0
Southern Europe,Solar,Greece,2023,42.0,26.91,7.7
Southern Europe,Solar,Greece,2023,37.0,23.79,6.5
Southern Europe,Solar,Greece,2023,42.0,25.57,3.5
Southern Europe,Solar,Greece,2023,39.0,19.3,1.0
Southern Europe,Solar,Greece,2024,40.0,22.19,1181.2
Southern Europe,Solar,Greece,2024,39.0,21.87,779.7
Southern Europe,Solar,Greece,2024,41.0,22.53,684.9
Southern Europe,Solar,Greece,2024,39.0,23.16,492.6
Southern Europe,Solar,Greece,2024,39.0,20.59,436.4
Southern Europe,Solar,Greece,2024,41.0,23.85,402.4
Southern Europe,Solar,Greece,2024,38.0,22.84,345.7
Southern Europe,Solar,Greece,2024,37.0,22.54,245.9
Southern Europe,Solar,Greece,2024,41.0,25.18,241.0
Southern Europe,Solar,Greece,2024,40.0,23.5,191.6
Southern Europe,Solar,Greece,2024,38.0,21.57,190.2
Southern Europe,Solar,Greece,2024,41.0,21.2,185.2
Southern Europe,Solar,Greece,2024,41.0,26.5,132.9
Southern Europe,Solar,Greece,2024,38.0,24.11,108.1
Southern Europe,Solar,Greece,2024,40.0,20.89,36.8
Southern Europe,Solar,Greece,2024,37.0,21.29,20.9
Southern Europe,Solar,Greece,2024,38.0,20.3,12.0
Southern Europe,Solar,Greece,2024,40.0,19.58,8.0
Southern Europe,Solar,Greece,2024,42.0,26.91,7.7
Southern Europe,Solar,Greece,2024,37.0,23.79,6.5
Southern Europe,Solar,Greece,2024,42.0,25.57,3.5
Southern Europe,Solar,Greece,2024,39.0,19.3,1.0
Southern Europe,Solar,Greece,2025,40.0,22.19,1433.2
Southern Europe,Solar,Greece,2025,39.0,21.87,779.7
Southern Europe,Solar,Greece,2025,41.0,22.53,686.9
Southern Europe,Solar,Greece,2025,39.0,23.16,494.6
Southern Europe,Solar,Greece,2025,39.0,20.59,437.4
Southern Europe,Solar,Greece,2025,41.0,23.85,402.4
Southern Europe,Solar,Greece,2025,38.0,22.84,345.7
Southern Europe,Solar,Greece,2025,37.0,22.54,245.9
Southern Europe,Solar,Greece,2025,41.0,25.18,241.0
Southern Europe,Solar,Greece,2025,40.0,23.5,192.6
Southern Europe,Solar,Greece,2025,38.0,21.57,190.2
Southern Europe,Solar,Greece,2025,41.0,21.2,188.2
Southern Europe,Solar,Greece,2025,41.0,26.5,134.9
Southern Europe,Solar,Greece,2025,38.0,24.11,109.1
Southern Europe,Solar,Greece,2025,40.0,20.89,36.8
Southern Europe,Solar,Greece,2025,37.0,21.29,20.9
Southern Europe,Solar,Greece,2025,38.0,20.3,12.0
Southern Europe,Solar,Greece,2025,40.0,19.58,8.0
Southern Europe,Solar,Greece,2025,42.0,26.91,7.7
Southern Europe,Solar,Greece,2025,37.0,23.79,6.5
Southern Europe,Solar,Greece,2025,42.0,25.57,3.5
Southern Europe,Solar,Greece,2025,39.0,19.3,1.0
Southern Europe,Solar,Italy,2023,42.0,12.11,511.0
Southern Europe,Solar,Italy,2023,45.0,11.31,330.1
Southern Europe,Solar,Italy,2023,41.0,17.23,258.3
Southern Europe,Solar,Italy,2023,41.0,14.58,226.5
Southern Europe,Solar,Italy,2023,41.0,15.9,213.6
Southern Europe,Solar,Italy,2023,41.0,13.25,208.3
Southern Europe,Solar,Italy,2023,37.0,15.03,195.2
Southern Europe,Solar,Italy,2023,45.0,8.49,190.5
Southern Europe,Solar,Italy,2023,41.0,7.95,179.1
Southern Europe,Solar,Italy,2023,43.0,13.67,176.5
Southern Europe,Solar,Italy,2023,42.0,14.8,172.9
Southern Europe,Solar,Italy,2023,42.0,13.46,158.2
Southern Europe,Solar,Italy,2023,45.0,9.9,141.4
Southern Europe,Solar,Italy,2023,46.0,12.96,141.2
Southern Europe,Solar,Italy,2023,37.0,13.77,138.4
Southern Europe,Solar,Italy,2023,40.0,18.28,135.3
Southern Europe,Solar,Italy,2023,45.0,12.73,130.7
Southern Europe,Solar,Italy,2023,40.0,9.14,124.3
Southern Europe,Solar,Italy,2023,38.0,12.69,124.2
Southern Europe,Solar,Italy,2023,42.0,16.15,96.6
Southern Europe,Solar,Italy,2023,43.0,12.31,85.0
Southern Europe,Solar,Italy,2023,38.0,13.96,80.7
Southern Europe,Solar,Italy,2023,39.0,16.73,76.7
Southern Europe,Solar,Italy,2023,44.0,11.12,74.8
Southern Europe,Solar,Italy,2023,39.0,9.01,70.4
Southern Europe,Solar,Italy,2023,40.0,15.66,68.7
Southern Europe,Solar,Italy,2023,46.0,10.08,68.6
Southern Europe,Solar,Italy,2023,44.0,12.51,66.3
Southern Europe,Solar,Italy,2023,40.0,16.97,65.4
Southern Europe,Solar,Italy,2023,38.0,15.23,63.2
Southern Europe,Solar,Italy,2023,44.0,6.95,58.5
Southern Europe,Solar,Italy,2023,46.0,8.64,56.7
Southern Europe,Solar,Italy,2023,41.0,9.28,54.0
Southern Europe,Solar,Italy,2023,45.0,7.07,51.6
Southern Europe,Solar,Italy,2023,41.0,18.55,48.0
Southern Europe,Solar,Italy,2023,46.0,11.52,33.7
Southern Europe,Solar,Italy,2023,43.0,10.94,30.3
Southern Europe,Solar,Italy,2023,44.0,9.73,14.7
Southern Europe,Solar,Italy,2023,47.0,11.73,14.2
Southern Europe,Solar,Italy,2023,46.0,14.4,9.6
Southern Europe,Solar,Italy,2023,44.0,8.34,4.9
Southern Europe,Solar,Italy,2024,42.0,12.11,646.0
Southern Europe,Solar,Italy,2024,45.0,11.31,330.1
Southern Europe,Solar,Italy,2024,45.0,8.49,278.0
Southern Europe,Solar,Italy,2024,41.0,17.23,258.3
Southern Europe,Solar,Italy,2024,41.0,14.58,226.5
Southern Europe,Solar,Italy,2024,41.0,15.9,213.6
Southern Europe,Solar,Italy,2024,41.0,13.25,208.3
Southern Europe,Solar,Italy,2024,37.0,15.03,197.8
Southern Europe,Solar,Italy,2024,41.0,7.95,179.1
Southern Europe,Solar,Italy,2024,43.0,13.67,176.5
Southern Europe,Solar,Italy,2024,38.0,12.69,175.2
Southern Europe,Solar,Italy,2024,42.0,14.8,172.9
Southern Europe,Solar,Italy,2024,42.0,13.46,158.2
Southern Europe,Solar,Italy,2024,37.0,13.77,146.9
Southern Europe,Solar,Italy,2024,45.0,9.9,141.4
Southern Europe,Solar,Italy,2024,46.0,12.96,141.2
Southern Europe,Solar,Italy,2024,40.0,18.28,135.3
Southern Europe,Solar,Italy,2024,45.0,12.73,130.7
Southern Europe,Solar,Italy,2024,40.0,9.14,124.3
Southern Europe,Solar,Italy,2024,42.0,16.15,96.6
Southern Europe,Solar,Italy,2024,43.0,12.31,85.0
Southern Europe,Solar,Italy,2024,38.0,13.96,80.7
Southern Europe,Solar,Italy,2024,39.0,16.73,76.7
Southern Europe,Solar,Italy,2024,44.0,11.12,74.8
Southern Europe,Solar,Italy,2024,39.0,9.01,70.4
Southern Europe,Solar,Italy,2024,40.0,15.66,68.7
Southern Europe,Solar,Italy,2024,46.0,10.08,68.6
Southern Europe,Solar,Italy,2024,44.0,12.51,66.3
Southern Europe,Solar,Italy,2024,40.0,16.97,65.4
Southern Europe,Solar,Italy,2024,38.0,15.23,63.2
Southern Europe,Solar,Italy,2024,44.0,6.95,58.5
Southern Europe,Solar,Italy,2024,46.0,8.64,56.7
Southern Europe,Solar,Italy,2024,41.0,9.28,54.0
Southern Europe,Solar,Italy,2024,45.0,7.07,51.6
Southern Europe,Solar,Italy,2024,41.0,18.55,48.0
Southern Europe,Solar,Italy,2024,46.0,11.52,33.7
Southern Europe,Solar,Italy,2024,43.0,10.94,30.3
Southern Europe,Solar,Italy,2024,44.0,9.73,14.7
Southern Europe,Solar,Italy,2024,47.0,11.73,14.2
Southern Europe,Solar,Italy,2024,46.0,14.4,9.6
Southern Europe,Solar,Italy,2024,44.0,8.34,4.9
Southern Europe,Solar,Italy,2025,42.0,12.11,794.0
Southern Europe,Solar,Italy,2025,45.0,11.31,330.1
Southern Europe,Solar,Italy,2025,45.0,8.49,278.0
Southern Europe,Solar,Italy,2025,41.0,17.23,258.3
Southern Europe,Solar,Italy,2025,41.0,14.58,226.5
Southern Europe,Solar,Italy,2025,41.0,15.9,213.6
Southern Europe,Solar,Italy,2025,41.0,13.25,208.3
Southern Europe,Solar,Italy,2025,37.0,15.03,197.8
Southern Europe,Solar,Italy,2025,41.0,7.95,179.1
Southern Europe,Solar,Italy,2025,43.0,13.67,176.5
Southern Europe,Solar,Italy,2025,38.0,12.69,175.2
Southern Europe,Solar,Italy,2025,42.0,14.8,172.9
Southern Europe,Solar,Italy,2025,46.0,12.96,164.7
Southern Europe,Solar,Italy,2025,42.0,13.46,158.2
Southern Europe,Solar,Italy,2025,37.0,13.77,146.9
Southern Europe,Solar,Italy,2025,45.0,9.9,141.4
Southern Europe,Solar,Italy,2025,40.0,18.28,135.3
Southern Europe,Solar,Italy,2025,45.0,12.73,130.7
Southern Europe,Solar,Italy,2025,40.0,9.14,124.3
Southern Europe,Solar,Italy,2025,42.0,16.15,96.6
Southern Europe,Solar,Italy,2025,43.0,12.31,85.0
Southern Europe,Solar,Italy,2025,38.0,13.96,80.7
Southern Europe,Solar,Italy,2025,39.0,16.73,76.7
Southern Europe,Solar,Italy,2025,44.0,11.12,74.8
Southern Europe,Solar,Italy,2025,39.0,9.01,70.4
Southern Europe,Solar,Italy,2025,40.0,15.66,68.7
Southern Europe,Solar,Italy,2025,46.0,10.08,68.6
Southern Europe,Solar,Italy,2025,44.0,12.51,66.3
Southern Europe,Solar,Italy,2025,40.0,16.97,65.4
Southern Europe,Solar,Italy,2025,38.0,15.23,63.2
Southern Europe,Solar,Italy,2025,44.0,6.95,58.5
Southern Europe,Solar,Italy,2025,46.0,8.64,56.7
Southern Europe,Solar,Italy,2025,41.0,9.28,54.0
Southern Europe,Solar,Italy,2025,45.0,7.07,51.6
Southern Europe,Solar,Italy,2025,41.0,18.55,48.0
Southern Europe,Solar,Italy,2025,46.0,11.52,33.7
Southern Europe,Solar,Italy,2025,43.0,10.94,30.3
Southern Europe,Solar,Italy,2025,44.0,9.73,14.7
Southern Europe,Solar,Italy,2025,47.0,11.73,14.2
Southern Europe,Solar,Italy,2025,46.0,14.4,9.6
Southern Europe,Solar,Italy,2025,44.0,8.34,4.9
Southern Europe,Solar,Montenegro,2023,43.0,19.14,5.1
Southern Europe,Solar,Montenegro,2023,42.0,18.84,1.2
Southern Europe,Solar,Montenegro,2024,42.0,18.84,11.8
Southern Europe,Solar,Montenegro,2024,43.0,19.14,5.1
Southern Europe,Solar,Montenegro,2025,42.0,18.84,11.8
Southern Europe,Solar,Montenegro,2025,43.0,19.14,5.1
Southern Europe,Solar,North Macedonia,2023,42.0,21.53,154.1
Southern Europe,Solar,North Macedonia,2023,41.0,21.2,97.6
Southern Europe,Solar,North Macedonia,2023,41.0,22.53,65.9
Southern Europe,Solar,North Macedonia,2023,42.0,22.88,38.9
Southern Europe,Solar,North Macedonia,2024,42.0,21.53,198.9
Southern Europe,Solar,North Macedonia,2024,41.0,21.2,106.4
Southern Europe,Solar,North Macedonia,2024,41.0,22.53,85.4
Southern Europe,Solar,North Macedonia,2024,42.0,22.88,49.5
Southern Europe,Solar,North Macedonia,2025,42.0,21.53,198.9
Southern Europe,Solar,North Macedonia,2025,41.0,21.2,106.4
Southern Europe,Solar,North Macedonia,2025,41.0,22.53,85.4
Southern Europe,Solar,North Macedonia,2025,42.0,22.88,49.5
Southern Europe,Solar,Portugal,2023,39.0,-9.01,472.5
Southern Europe,Solar,Portugal,2023,37.0,-7.51,394.8
Southern Europe,Solar,Portugal,2023,38.0,-7.61,363.0
Southern Europe,Solar,Portugal,2023,39.0,-7.72,228.5
Southern Europe,Solar,Portugal,2023,40.0,-7.83,155.6
Southern Europe,Solar,Portugal,2023,37.0,-8.76,149.1
Southern Europe,Solar,Portugal,2023,38.0,-8.88,130.0
Southern Europe,Solar,Portugal,2023,41.0,-6.63,82.9
Southern Europe,Solar,Portugal,2023,42.0,-6.73,40.0
Southern Europe,Solar,Portugal,2023,40.0,-9.14,37.8
Southern Europe,Solar,Portugal,2023,41.0,-7.95,28.6
Southern Europe,Solar,Portugal,2023,33.0,-16.69,17.8
Southern Europe,Solar,Portugal,2023,40.0,-6.53,9.2
Southern Europe,Solar,Portugal,2023,41.0,-9.28,6.4
Southern Europe,Solar,Portugal,2023,39.0,-28.31,1.0
Southern Europe,Solar,Portugal,2024,39.0,-9.01,884.5
Southern Europe,Solar,Portugal,2024,39.0,-7.72,416.9
Southern Europe,Solar,Portugal,2024,37.0,-7.51,394.8
Southern Europe,Solar,Portugal,2024,40.0,-7.83,384.6
Southern Europe,Solar,Portugal,2024,38.0,-7.61,363.0
Southern Europe,Solar,Portugal,2024,37.0,-8.76,185.7
Southern Europe,Solar,Portugal,2024,38.0,-8.88,130.0
Southern Europe,Solar,Portugal,2024,40.0,-9.14,110.8
Southern Europe,Solar,Portugal,2024,41.0,-6.63,82.9
Southern Europe,Solar,Portugal,2024,42.0,-6.73,40.0
Southern Europe,Solar,Portugal,2024,41.0,-7.95,28.6
Southern Europe,Solar,Portugal,2024,33.0,-16.69,17.8
Southern Europe,Solar,Portugal,2024,40.0,-6.53,9.2
Southern Europe,Solar,Portugal,2024,41.0,-9.28,6.4
Southern Europe,Solar,Portugal,2024,39.0,-28.31,1.0
Southern Europe,Solar,Portugal,2025,39.0,-9.01,1156.5
Southern Europe,Solar,Portugal,2025,39.0,-7.72,416.9
Southern Europe,Solar,Portugal,2025,37.0,-7.51,394.8
Southern Europe,Solar,Portugal,2025,40.0,-7.83,384.6
Southern Europe,Solar,Portugal,2025,38.0,-7.61,363.0
Southern Europe,Solar,Portugal,2025,41.0,-7.95,251.3
Southern Europe,Solar,Portugal,2025,37.0,-8.76,185.7
Southern Europe,Solar,Portugal,2025,38.0,-8.88,130.0
Southern Europe,Solar,Portugal,2025,40.0,-9.14,110.8
Southern Europe,Solar,Portugal,2025,41.0,-6.63,82.9
Southern Europe,Solar,Portugal,2025,42.0,-6.73,40.0
Southern Europe,Solar,Portugal,2025,33.0,-16.69,17.8
Southern Europe,Solar,Portugal,2025,40.0,-6.53,9.2
Southern Europe,Solar,Portugal,2025,41.0,-9.28,6.4
Southern Europe,Solar,Portugal,2025,39.0,-28.31,1.0
Southern Europe,Solar,Serbia,2023,45.0,19.8,21.5
Southern Europe,Solar,Serbia,2023,43.0,21.88,15.3
Southern Europe,Solar,Serbia,2023,44.0,20.85,13.4
Southern Europe,Solar,Serbia,2023,42.0,20.18,10.6
Southern Europe,Solar,Serbia,2023,46.0,20.15,5.0
Southern Europe,Solar,Serbia,2023,45.0,22.63,4.6
Southern Europe,Solar,Serbia,2023,42.0,21.53,2.8
Southern Europe,Solar,Serbia,2023,45.0,21.21,1.2
Southern Europe,Solar,Serbia,2024,45.0,19.8,41.8
Southern Europe,Solar,Serbia,2024,43.0,21.88,24.7
Southern Europe,Solar,Serbia,2024,46.0,20.15,21.8
Southern Europe,Solar,Serbia,2024,44.0,22.24,16.0
Southern Europe,Solar,Serbia,2024,44.0,20.85,15.9
Southern Europe,Solar,Serbia,2024,42.0,20.18,10.6
Southern Europe,Solar,Serbia,2024,45.0,22.63,4.6
Southern Europe,Solar,Serbia,2024,42.0,21.53,2.8
Southern Europe,Solar,Serbia,2024,45.0,21.21,1.2
Southern Europe,Solar,Serbia,2025,46.0,20.15,64.5
Southern Europe,Solar,Serbia,2025,45.0,19.8,48.7
Southern Europe,Solar,Serbia,2025,44.0,20.85,24.8
Southern Europe,Solar,Serbia,2025,43.0,21.88,24.7
Southern Europe,Solar,Serbia,2025,44.0,22.24,16.0
Southern Europe,Solar,Serbia,2025,42.0,20.18,10.6
Southern Europe,Solar,Serbia,2025,45.0,22.63,4.6
Southern Europe,Solar,Serbia,2025,42.0,21.53,2.8
Southern Europe,Solar,Serbia,2025,43.0,20.51,1.3
Southern Europe,Solar,Serbia,2025,45.0,21.21,1.2
Southern Europe,Solar,Slovenia,2023,46.0,15.84,36.4
Southern Europe,Solar,Slovenia,2023,46.0,14.4,25.6
Southern Europe,Solar,Slovenia,2023,47.0,16.13,13.1
Southern Europe,Solar,Slovenia,2023,46.0,12.96,2.7
Southern Europe,Solar,Slovenia,2023,47.0,14.66,2.4
Southern Europe,Solar,Slovenia,2024,46.0,15.84,37.9
Southern Europe,Solar,Slovenia,2024,46.0,14.4,28.7
Southern Europe,Solar,Slovenia,2024,47.0,16.13,13.1
Southern Europe,Solar,Slovenia,2024,46.0,12.96,2.7
Southern Europe,Solar,Slovenia,2024,47.0,14.66,2.4
Southern Europe,Solar,Slovenia,2025,46.0,15.84,40.2
Southern Europe,Solar,Slovenia,2025,46.0,14.4,31.0
Southern Europe,Solar,Slovenia,2025,47.0,16.13,14.4
Southern Europe,Solar,Slovenia,2025,46.0,12.96,5.6
Southern Europe,Solar,Slovenia,2025,47.0,14.66,2.4
Southern Europe,Solar,Spain,2023,37.0,-6.26,3227.2
Southern Europe,Solar,Spain,2023,39.0,-6.43,2593.3
Southern Europe,Solar,Spain,2023,38.0,-6.35,1686.3
Southern Europe,Solar,Spain,2023,38.0,-1.27,1658.6
Southern Europe,Solar,Spain,2023,39.0,-3.86,1657.9
Southern Europe,Solar,Spain,2023,41.0,0.0,1628.7
Southern Europe,Solar,Spain,2023,41.0,-2.65,1597.6
Southern Europe,Solar,Spain,2023,40.0,-5.22,1578.4
Southern Europe,Solar,Spain,2023,40.0,-6.53,1540.0
Southern Europe,Solar,Spain,2023,40.0,-2.61,1337.0
Southern Europe,Solar,Spain,2023,39.0,-1.29,1097.7
Southern Europe,Solar,Spain,2023,39.0,-5.15,1087.0
Southern Europe,Solar,Spain,2023,38.0,-5.08,1080.1
Southern Europe,Solar,Spain,2023,41.0,-5.3,893.8
Southern Europe,Solar,Spain,2023,37.0,-2.5,854.0
Southern Europe,Solar,Spain,2023,42.0,-1.35,785.9
Southern Europe,Solar,Spain,2023,39.0,-2.57,715.5
Southern Europe,Solar,Spain,2023,40.0,-3.92,634.4
Southern Europe,Solar,Spain,2023,37.0,-3.76,484.3
Southern Europe,Solar,Spain,2023,37.0,-5.01,472.4
Southern Europe,Solar,Spain,2023,42.0,-5.38,467.3
Southern Europe,Solar,Spain,2023,41.0,-1.33,388.3
Southern Europe,Solar,Spain,2023,42.0,-4.04,323.2
Southern Europe,Solar,Spain,2023,41.0,-3.98,295.3
Southern Europe,Solar,Spain,2023,38.0,-3.81,277.8
Southern Europe,Solar,Spain,2023,40.0,-1.31,258.9
Southern Europe,Solar,Spain,2023,37.0,-7.51,242.5
Southern Europe,Solar,Spain,2023,42.0,0.0,190.0
Southern Europe,Solar,Spain,2023,42.0,-2.69,187.4
Southern Europe,Solar,Spain,2023,40.0,2.61,177.3
Southern Europe,Solar,Spain,2023,38.0,-2.54,171.7
Southern Europe,Solar,Spain,2023,42.0,1.35,144.3
Southern Europe,Solar,Spain,2023,39.0,0.0,122.9
Southern Europe,Solar,Spain,2023,40.0,3.92,120.4
Southern Europe,Solar,Spain,2023,36.0,-6.18,113.4
Southern Europe,Solar,Spain,2023,40.0,0.0,101.9
Southern Europe,Solar,Spain,2023,40.0,-7.83,99.8
Southern Europe,Solar,Spain,2023,43.0,-5.47,98.0
Southern Europe,Solar,Spain,2023,41.0,-6.63,94.7
Southern Europe,Solar,Spain,2023,28.0,-16.99,88.5
Southern Europe,Solar,Spain,2023,39.0,-7.72,86.0
Southern Europe,Solar,Spain,2023,39.0,2.57,80.2
Southern Europe,Solar,Spain,2023,38.0,-7.61,73.6
Southern Europe,Solar,Spain,2023,41.0,1.33,70.9
Southern Europe,Solar,Spain,2023,28.0,-15.86,66.2
Southern Europe,Solar,Spain,2023,37.0,-1.25,47.0
Southern Europe,Solar,Spain,2023,42.0,2.69,44.0
Southern Europe,Solar,Spain,2023,43.0,-2.73,40.4
Southern Europe,Solar,Spain,2023,41.0,2.65,28.1
Southern Europe,Solar,Spain,2023,36.0,-4.94,20.7
Southern Europe,Solar,Spain,2023,29.0,-13.72,19.7
Southern Europe,Solar,Spain,2023,42.0,-8.07,12.0
Southern Europe,Solar,Spain,2023,42.0,-6.73,11.7
Southern Europe,Solar,Spain,2023,43.0,-4.1,11.6
Southern Europe,Solar,Spain,2023,43.0,-6.84,10.4
Southern Europe,Solar,Spain,2023,43.0,-1.37,10.1
Southern Europe,Solar,Spain,2023,39.0,1.29,8.7
Southern Europe,Solar,Spain,2023,43.0,-8.2,8.4
Southern Europe,Solar,Spain,2023,43.0,0.0,6.6
Southern Europe,Solar,Spain,2023,28.0,-13.59,3.5
Southern Europe,Solar,Spain,2023,29.0,-18.29,1.9
Southern Europe,Solar,Spain,2023,39.0,3.86,1.5
Southern Europe,Solar,Spain,2023,38.0,0.0,1.2
Southern Europe,Solar,Spain,2024,37.0,-6.26,3685.1
Southern Europe,Solar,Spain,2024,39.0,-6.43,3327.7
Southern Europe,Solar,Spain,2024,39.0,-3.86,1801.0
Southern Europe,Solar,Spain,2024,38.0,-6.35,1754.5
Southern Europe,Solar,Spain,2024,38.0,-1.27,1749.3
Southern Europe,Solar,Spain,2024,41.0,0.0,1643.7
Southern Europe,Solar,Spain,2024,41.0,-2.65,1605.7
Southern Europe,Solar,Spain,2024,40.0,-5.22,1596.9
Southern Europe,Solar,Spain,2024,40.0,-2.61,1561.1
Southern Europe,Solar,Spain,2024,40.0,-6.53,1540.0
Southern Europe,Solar,Spain,2024,38.0,-5.08,1182.8
Southern Europe,Solar,Spain,2024,39.0,-1.29,1109.3
Southern Europe,Solar,Spain,2024,39.0,-5.15,1088.5
Southern Europe,Solar,Spain,2024,41.0,-5.3,911.8
Southern Europe,Solar,Spain,2024,37.0,-2.5,862.1
Southern Europe,Solar,Spain,2024,42.0,-1.35,845.6
Southern Europe,Solar,Spain,2024,37.0,-5.01,753.0
Southern Europe,Solar,Spain,2024,39.0,-2.57,716.6
Southern Europe,Solar,Spain,2024,40.0,-3.92,697.6
Southern Europe,Solar,Spain,2024,37.0,-3.76,547.6
Southern Europe,Solar,Spain,2024,42.0,-5.38,527.7
Southern Europe,Solar,Spain,2024,41.0,-1.33,464.4
Southern Europe,Solar,Spain,2024,37.0,-7.51,369.4
Southern Europe,Solar,Spain,2024,42.0,-4.04,355.3
Southern Europe,Solar,Spain,2024,41.0,-3.98,328.7
Southern Europe,Solar,Spain,2024,38.0,-3.81,297.5
Southern Europe,Solar,Spain,2024,40.0,-1.31,283.4
Southern Europe,Solar,Spain,2024,42.0,-2.69,212.8
Southern Europe,Solar,Spain,2024,42.0,0.0,197.4
Southern Europe,Solar,Spain,2024,36.0,-6.18,187.3
Southern Europe,Solar,Spain,2024,40.0,2.61,180.8
Southern Europe,Solar,Spain,2024,38.0,-2.54,175.2
Southern Europe,Solar,Spain,2024,39.0,0.0,174.0
Southern Europe,Solar,Spain,2024,42.0,1.35,171.5
Southern Europe,Solar,Spain,2024,40.0,3.92,120.4
Southern Europe,Solar,Spain,2024,40.0,0.0,108.6
Southern Europe,Solar,Spain,2024,41.0,-6.63,108.2
Southern Europe,Solar,Spain,2024,40.0,-7.83,99.8
Southern Europe,Solar,Spain,2024,43.0,-5.47,98.0
Southern Europe,Solar,Spain,2024,41.0,1.33,89.1
Southern Europe,Solar,Spain,2024,28.0,-16.99,88.5
Southern Europe,Solar,Spain,2024,39.0,-7.72,87.9
Southern Europe,Solar,Spain,2024,39.0,2.57,80.2
Southern Europe,Solar,Spain,2024,38.0,-7.61,73.6
Southern Europe,Solar,Spain,2024,28.0,-15.86,69.0
Southern Europe,Solar,Spain,2024,43.0,-4.1,61.6
Southern Europe,Solar,Spain,2024,37.0,-1.25,49.4
Southern Europe,Solar,Spain,2024,43.0,-2.73,47.6
Southern Europe,Solar,Spain,2024,42.0,2.69,47.2
Southern Europe,Solar,Spain,2024,29.0,-13.72,33.3
Southern Europe,Solar,Spain,2024,41.0,2.65,28.1
Southern Europe,Solar,Spain,2024,36.0,-4.94,20.7
Southern Europe,Solar,Spain,2024,42.0,-8.07,13.0
Southern Europe,Solar,Spain,2024,42.0,-6.73,11.7
Southern Europe,Solar,Spain,2024,43.0,-6.84,10.4
Southern Europe,Solar,Spain,2024,43.0,-1.37,10.1
Southern Europe,Solar,Spain,2024,39.0,1.29,8.7
Southern Europe,Solar,Spain,2024,43.0,-8.2,8.4
Southern Europe,Solar,Spain,2024,43.0,0.0,6.6
Southern Europe,Solar,Spain,2024,28.0,-13.59,5.0
Southern Europe,Solar,Spain,2024,42.0,-9.42,2.0
Southern Europe,Solar,Spain,2024,29.0,-18.29,1.9
Southern Europe,Solar,Spain,2024,39.0,3.86,1.5
Southern Europe,Solar,Spain,2024,38.0,0.0,1.2
Southern Europe,Solar,Spain,2025,37.0,-6.26,3691.5
Southern Europe,Solar,Spain,2025,39.0,-6.43,3587.0
Southern Europe,Solar,Spain,2025,38.0,-1.27,1897.9
Southern Europe,Solar,Spain,2025,38.0,-6.35,1850.2
Southern Europe,Solar,Spain,2025,39.0,-3.86,1820.0
Southern Europe,Solar,Spain,2025,40.0,-2.61,1718.9
Southern Europe,Solar,Spain,2025,40.0,-5.22,1706.0
Southern Europe,Solar,Spain,2025,41.0,0.0,1700.0
Southern Europe,Solar,Spain,2025,41.0,-2.65,1638.5
Southern Europe,Solar,Spain,2025,40.0,-6.53,1548.9
Southern Europe,Solar,Spain,2025,38.0,-5.08,1543.8
Southern Europe,Solar,Spain,2025,39.0,-1.29,1121.4
Southern Europe,Solar,Spain,2025,39.0,-5.15,1090.9
Southern Europe,Solar,Spain,2025,41.0,-5.3,938.8
Southern Europe,Solar,Spain,2025,42.0,-1.35,933.8
Southern Europe,Solar,Spain,2025,37.0,-2.5,892.4
Southern Europe,Solar,Spain,2025,37.0,-5.01,764.1
Southern Europe,Solar,Spain,2025,40.0,-3.92,761.5
Southern Europe,Solar,Spain,2025,39.0,-2.57,724.6
Southern Europe,Solar,Spain,2025,37.0,-3.76,556.8
Southern Europe,Solar,Spain,2025,42.0,-5.38,552.8
Southern Europe,Solar,Spain,2025,42.0,-4.04,470.4
Southern Europe,Solar,Spain,2025,41.0,-3.98,467.8
Southern Europe,Solar,Spain,2025,41.0,-1.33,467.7
Southern Europe,Solar,Spain,2025,37.0,-7.51,369.4
Southern Europe,Solar,Spain,2025,38.0,-3.81,301.6
Southern Europe,Solar,Spain,2025,40.0,-1.31,284.6
Southern Europe,Solar,Spain,2025,42.0,-2.69,219.1
Southern Europe,Solar,Spain,2025,42.0,1.35,216.0
Southern Europe,Solar,Spain,2025,42.0,0.0,204.0
Southern Europe,Solar,Spain,2025,36.0,-6.18,187.3
Southern Europe,Solar,Spain,2025,40.0,2.61,180.8
Southern Europe,Solar,Spain,2025,38.0,-2.54,178.8
Southern Europe,Solar,Spain,2025,39.0,0.0,176.8
Southern Europe,Solar,Spain,2025,40.0,3.92,120.4
Southern Europe,Solar,Spain,2025,41.0,-6.63,118.1
Southern Europe,Solar,Spain,2025,40.0,0.0,108.6
Southern Europe,Solar,Spain,2025,40.0,-7.83,99.8
Southern Europe,Solar,Spain,2025,43.0,-5.47,99.3
Southern Europe,Solar,Spain,2025,41.0,1.33,92.7
Southern Europe,Solar,Spain,2025,28.0,-16.99,88.5
Southern Europe,Solar,Spain,2025,39.0,-7.72,87.9
Southern Europe,Solar,Spain,2025,39.0,2.57,83.9
Southern Europe,Solar,Spain,2025,38.0,-7.61,80.5
Southern Europe,Solar,Spain,2025,28.0,-15.86,69.0
Southern Europe,Solar,Spain,2025,43.0,-2.73,64.9
Southern Europe,Solar,Spain,2025,43.0,-4.1,64.7
Southern Europe,Solar,Spain,2025,42.0,2.69,50.2
Southern Europe,Solar,Spain,2025,37.0,-1.25,49.4
Southern Europe,Solar,Spain,2025,29.0,-13.72,33.3
Southern Europe,Solar,Spain,2025,41.0,2.65,28.1
Southern Europe,Solar,Spain,2025,42.0,-8.07,21.0
Southern Europe,Solar,Spain,2025,36.0,-4.94,20.7
Southern Europe,Solar,Spain,2025,42.0,-6.73,19.3
Southern Europe,Solar,Spain,2025,43.0,-8.2,11.6
Southern Europe,Solar,Spain,2025,43.0,-6.84,10.4
Southern Europe,Solar,Spain,2025,43.0,-1.37,10.1
Southern Europe,Solar,Spain,2025,39.0,1.29,8.7
Southern Europe,Solar,Spain,2025,28.0,-13.59,8.4
Southern Europe,Solar,Spain,2025,43.0,0.0,6.6
Southern Europe,Solar,Spain,2025,38.0,0.0,3.6
Southern Europe,Solar,Spain,2025,42.0,-9.42,3.5
Southern Europe,Solar,Spain,2025,29.0,-18.29,1.9
Southern Europe,Solar,Spain,2025,39.0,3.86,1.5
Southern Europe,Wind,Bosnia and Herzegovina,2023,44.0,16.68,87.0
Southern Europe,Wind,Bosnia and Herzegovina,2023,43.0,17.78,48.0
Southern Europe,Wind,Bosnia and Herzegovina,2024,44.0,16.68,171.0
Southern Europe,Wind,Bosnia and Herzegovina,2024,43.0,17.78,48.0
Southern Europe,Wind,Bosnia and Herzegovina,2025,44.0,16.68,171.0
Southern Europe,Wind,Bosnia and Herzegovina,2025,43.0,17.78,48.0
Southern Europe,Wind,Bosnia and Herzegovina,2025,44.0,18.07,25.0
Southern Europe,Wind,Croatia,2023,44.0,16.68,482.0
Southern Europe,Wind,Croatia,2023,45.0,15.56,198.0
Southern Europe,Wind,Croatia,2023,44.0,15.29,159.0
Southern Europe,Wind,Croatia,2023,43.0,17.78,71.0
Southern Europe,Wind,Croatia,2023,43.0,16.41,44.0
Southern Europe,Wind,Croatia,2024,44.0,16.68,482.0
Southern Europe,Wind,Croatia,2024,44.0,15.29,270.0
Southern Europe,Wind,Croatia,2024,45.0,15.56,198.0
Southern Europe,Wind,Croatia,2024,43.0,17.78,71.0
Southern Europe,Wind,Croatia,2024,43.0,16.41,44.0
Southern Europe,Wind,Croatia,2025,44.0,16.68,512.0
Southern Europe,Wind,Croatia,2025,44.0,15.29,270.0
Southern Europe,Wind,Croatia,2025,45.0,15.56,198.0
Southern Europe,Wind,Croatia,2025,43.0,17.78,71.0
Southern Europe,Wind,Croatia,2025,43.0,16.41,44.0
Southern Europe,Wind,Greece,2023,38.0,22.84,1029.2
Southern Europe,Wind,Greece,2023,38.0,24.11,1020.1
Southern Europe,Wind,Greece,2023,41.0,26.5,366.6
Southern Europe,Wind,Greece,2023,37.0,22.54,355.4
Southern Europe,Wind,Greece,2023,40.0,22.19,293.4
Southern Europe,Wind,Greece,2023,38.0,21.57,270.1
Southern Europe,Wind,Greece,2023,39.0,21.87,140.9
Southern Europe,Wind,Greece,2023,37.0,23.79,138.3
Southern Europe,Wind,Greece,2023,39.0,23.16,137.6
Southern Europe,Wind,Greece,2023,41.0,21.2,125.3
Southern Europe,Wind,Greece,2023,41.0,23.85,115.5
Southern Europe,Wind,Greece,2023,41.0,25.18,114.9
Southern Europe,Wind,Greece,2023,38.0,20.3,104.3
Southern Europe,Wind,Greece,2023,40.0,20.89,90.0
Southern Europe,Wind,Greece,2023,39.0,20.59,89.8
Southern Europe,Wind,Greece,2023,35.0,25.64,42.1
Southern Europe,Wind,Greece,2023,36.0,28.43,23.4
Southern Europe,Wind,Greece,2023,36.0,27.19,17.8
Southern Europe,Wind,Greece,2023,38.0,25.38,15.0
Southern Europe,Wind,Greece,2023,35.0,24.42,14.4
Southern Europe,Wind,Greece,2023,37.0,21.29,12.0
Southern Europe,Wind,Greece,2023,39.0,24.45,11.2
Southern Europe,Wind,Greece,2023,41.0,22.53,10.0
Southern Europe,Wind,Greece,2024,38.0,22.84,1055.2
Southern Europe,Wind,Greece,2024,38.0,24.11,1020.1
Southern Europe,Wind,Greece,2024,37.0,22.54,387.6
Southern Europe,Wind,Greece,2024,41.0,26.5,366.6
Southern Europe,Wind,Greece,2024,40.0,22.19,333.9
Southern Europe,Wind,Greece,2024,38.0,21.57,270.1
Southern Europe,Wind,Greece,2024,39.0,21.87,140.9
Southern Europe,Wind,Greece,2024,37.0,23.79,138.3
Southern Europe,Wind,Greece,2024,39.0,23.16,137.6
Southern Europe,Wind,Greece,2024,41.0,21.2,125.3
Southern Europe,Wind,Greece,2024,41.0,23.85,115.5
Southern Europe,Wind,Greece,2024,41.0,25.18,114.9
Southern Europe,Wind,Greece,2024,38.0,20.3,104.3
Southern Europe,Wind,Greece,2024,40.0,20.89,90.0
Southern Europe,Wind,Greece,2024,39.0,20.59,89.8
Southern Europe,Wind,Greece,2024,35.0,25.64,42.1
Southern Europe,Wind,Greece,2024,36.0,28.43,23.4
Southern Europe,Wind,Greece,2024,36.0,27.19,17.8
Southern Europe,Wind,Greece,2024,38.0,25.38,15.0
Southern Europe,Wind,Greece,2024,35.0,24.42,14.4
Southern Europe,Wind,Greece,2024,37.0,21.29,12.0
Southern Europe,Wind,Greece,2024,39.0,24.45,11.2
Southern Europe,Wind,Greece,2024,41.0,22.53,10.0
Southern Europe,Wind,Greece,2025,38.0,24.11,1056.1
Southern Europe,Wind,Greece,2025,38.0,22.84,1055.2
Southern Europe,Wind,Greece,2025,37.0,22.54,387.6
Southern Europe,Wind,Greece,2025,41.0,26.5,366.6
Southern Europe,Wind,Greece,2025,40.0,22.19,333.9
Southern Europe,Wind,Greece,2025,38.0,21.57,270.1
Southern Europe,Wind,Greece,2025,39.0,23.16,171.2
Southern Europe,Wind,Greece,2025,39.0,21.87,140.9
Southern Europe,Wind,Greece,2025,37.0,23.79,138.3
Southern Europe,Wind,Greece,2025,41.0,21.2,125.3
Southern Europe,Wind,Greece,2025,41.0,23.85,115.5
Southern Europe,Wind,Greece,2025,41.0,25.18,114.9
Southern Europe,Wind,Greece,2025,38.0,20.3,104.3
Southern Europe,Wind,Greece,2025,40.0,20.89,90.0
Southern Europe,Wind,Greece,2025,39.0,20.59,89.8
Southern Europe,Wind,Greece,2025,35.0,25.64,42.1
Southern Europe,Wind,Greece,2025,36.0,28.43,23.4
Southern Europe,Wind,Greece,2025,36.0,27.19,17.8
Southern Europe,Wind,Greece,2025,38.0,25.38,15.0
Southern Europe,Wind,Greece,2025,35.0,24.42,14.4
Southern Europe,Wind,Greece,2025,37.0,21.29,12.0
Southern Europe,Wind,Greece,2025,39.0,24.45,11.2
Southern Europe,Wind,Greece,2025,41.0,22.53,10.0
Southern Europe,Wind,Italy,2023,41.0,15.9,2819.9
Southern Europe,Wind,Italy,2023,41.0,14.58,1137.6
Southern Europe,Wind,Italy,2023,39.0,16.73,864.0
Southern Europe,Wind,Italy,2023,38.0,13.96,688.6
Southern Europe,Wind,Italy,2023,42.0,14.8,638.0
Southern Europe,Wind,Italy,2023,38.0,12.69,555.0
Southern Europe,Wind,Italy,2023,40.0,9.14,495.0
Southern Europe,Wind,Italy,2023,41.0,9.28,420.0
Southern Europe,Wind,Italy,2023,37.0,15.03,400.0
Southern Europe,Wind,Italy,2023,43.0,12.31,354.0
Southern Europe,Wind,Italy,2023,39.0,9.01,212.0
Southern Europe,Wind,Italy,2023,41.0,17.23,205.0
Southern Europe,Wind,Italy,2023,40.0,18.28,193.0
Southern Europe,Wind,Italy,2023,37.0,13.77,163.0
Southern Europe,Wind,Italy,2023,42.0,13.46,156.0
Southern Europe,Wind,Italy,2023,40.0,16.97,155.0
Southern Europe,Wind,Italy,2023,38.0,15.23,142.0
Southern Europe,Wind,Italy,2023,42.0,16.15,111.0
Southern Europe,Wind,Italy,2023,40.0,15.66,83.0
Southern Europe,Wind,Italy,2023,43.0,10.94,83.0
Southern Europe,Wind,Italy,2023,41.0,7.95,58.0
Southern Europe,Wind,Italy,2023,44.0,8.34,40.2
Southern Europe,Wind,Italy,2023,40.0,7.83,31.0
Southern Europe,Wind,Italy,2023,44.0,9.73,30.0
Southern Europe,Wind,Italy,2023,44.0,11.12,27.0
Southern Europe,Wind,Italy,2023,42.0,12.11,10.0
Southern Europe,Wind,Italy,2023,44.0,12.51,10.0
Southern Europe,Wind,Italy,2024,41.0,15.9,2831.9
Southern Europe,Wind,Italy,2024,41.0,14.58,1221.6
Southern Europe,Wind,Italy,2024,39.0,16.73,864.0
Southern Europe,Wind,Italy,2024,38.0,13.96,735.6
Southern Europe,Wind,Italy,2024,42.0,14.8,650.0
Southern Europe,Wind,Italy,2024,38.0,12.69,535.0
Southern Europe,Wind,Italy,2024,37.0,15.03,501.0
Southern Europe,Wind,Italy,2024,40.0,9.14,495.0
Southern Europe,Wind,Italy,2024,41.0,9.28,420.0
Southern Europe,Wind,Italy,2024,43.0,12.31,354.0
Southern Europe,Wind,Italy,2024,41.0,17.23,220.0
Southern Europe,Wind,Italy,2024,39.0,9.01,212.0
Southern Europe,Wind,Italy,2024,40.0,18.28,193.0
Southern Europe,Wind,Italy,2024,42.0,16.15,165.0
Southern Europe,Wind,Italy,2024,37.0,13.77,163.0
Southern Europe,Wind,Italy,2024,42.0,13.46,156.0
Southern Europe,Wind,Italy,2024,40.0,16.97,155.0
Southern Europe,Wind,Italy,2024,38.0,15.23,142.0
Southern Europe,Wind,Italy,2024,40.0,15.66,83.0
Southern Europe,Wind,Italy,2024,43.0,10.94,83.0
Southern Europe,Wind,Italy,2024,41.0,7.95,58.0
Southern Europe,Wind,Italy,2024,44.0,8.34,40.2
Southern Europe,Wind,Italy,2024,40.0,7.83,31.0
Southern Europe,Wind,Italy,2024,44.0,9.73,30.0
Southern Europe,Wind,Italy,2024,44.0,11.12,27.0
Southern Europe,Wind,Italy,2024,42.0,12.11,10.0
Southern Europe,Wind,Italy,2024,44.0,12.51,10.0
Southern Europe,Wind,Italy,2025,41.0,15.9,2831.9
Southern Europe,Wind,Italy,2025,41.0,14.58,1221.6
Southern Europe,Wind,Italy,2025,39.0,16.73,864.0
Southern Europe,Wind,Italy,2025,38.0,13.96,735.6
Southern Europe,Wind,Italy,2025,42.0,14.8,650.0
Southern Europe,Wind,Italy,2025,38.0,12.69,535.0
Southern Europe,Wind,Italy,2025,37.0,15.03,501.0
Southern Europe,Wind,Italy,2025,40.0,9.14,495.0
Southern Europe,Wind,Italy,2025,41.0,9.28,420.0
Southern Europe,Wind,Italy,2025,43.0,12.31,354.0
Southern Europe,Wind,Italy,2025,41.0,17.23,274.0
Southern Europe,Wind,Italy,2025,39.0,9.01,212.0
Southern Europe,Wind,Italy,2025,40.0,18.28,193.0
Southern Europe,Wind,Italy,2025,42.0,16.15,165.0
Southern Europe,Wind,Italy,2025,37.0,13.77,163.0
Southern Europe,Wind,Italy,2025,42.0,13.46,156.0
Southern Europe,Wind,Italy,2025,40.0,16.97,155.0
Southern Europe,Wind,Italy,2025,38.0,15.23,142.0
Southern Europe,Wind,Italy,2025,40.0,15.66,83.0
Southern Europe,Wind,Italy,2025,43.0,10.94,83.0
Southern Europe,Wind,Italy,2025,41.0,7.95,58.0
Southern Europe,Wind,Italy,2025,44.0,8.34,40.2
Southern Europe,Wind,Italy,2025,40.0,7.83,31.0
Southern Europe,Wind,Italy,2025,44.0,9.73,30.0
Southern Europe,Wind,Italy,2025,44.0,11.12,27.0
Southern Europe,Wind,Italy,2025,42.0,12.11,10.0
Southern Europe,Wind,Italy,2025,44.0,12.51,10.0
Southern Europe,Wind,Montenegro,2023,43.0,19.14,72.0
Southern Europe,Wind,Montenegro,2023,42.0,18.84,46.0
Southern Europe,Wind,Montenegro,2024,43.0,19.14,72.0
Southern Europe,Wind,Montenegro,2024,42.0,18.84,46.0
Southern Europe,Wind,Montenegro,2025,43.0,19.14,72.0
Southern Europe,Wind,Montenegro,2025,42.0,18.84,46.0
Southern Europe,Wind,North Macedonia,2023,41.0,22.53,37.0
Southern Europe,Wind,North Macedonia,2023,42.0,21.53,36.0
Southern Europe,Wind,North Macedonia,2024,41.0,22.53,37.0
Southern Europe,Wind,North Macedonia,2024,42.0,21.53,36.0
Southern Europe,Wind,North Macedonia,2025,41.0,22.53,37.0
Southern Europe,Wind,North Macedonia,2025,42.0,21.53,36.0
Southern Europe,Wind,Portugal,2023,41.0,-7.95,1675.9
Southern Europe,Wind,Portugal,2023,40.0,-7.83,1354.6
Southern Europe,Wind,Portugal,2023,42.0,-8.07,833.6
Southern Europe,Wind,Portugal,2023,39.0,-9.01,386.0
Southern Europe,Wind,Portugal,2023,40.0,-9.14,248.0
Southern Europe,Wind,Portugal,2023,41.0,-6.63,154.0
Southern Europe,Wind,Portugal,2023,37.0,-8.76,145.0
Southern Europe,Wind,Portugal,2023,37.0,-7.51,136.0
Southern Europe,Wind,Portugal,2023,40.0,-6.53,60.0
Southern Europe,Wind,Portugal,2023,42.0,-9.42,58.0
Southern Europe,Wind,Portugal,2023,33.0,-16.69,10.0
Southern Europe,Wind,Portugal,2023,38.0,-8.88,10.0
Southern Europe,Wind,Portugal,2024,41.0,-7.95,1675.9
Southern Europe,Wind,Portugal,2024,40.0,-7.83,1354.6
Southern Europe,Wind,Portugal,2024,42.0,-8.07,833.6
Southern Europe,Wind,Portugal,2024,39.0,-9.01,386.0
Southern Europe,Wind,Portugal,2024,40.0,-9.14,248.0
Southern Europe,Wind,Portugal,2024,41.0,-6.63,154.0
Southern Europe,Wind,Portugal,2024,37.0,-8.76,145.0
Southern Europe,Wind,Portugal,2024,37.0,-7.51,136.0
Southern Europe,Wind,Portugal,2024,40.0,-6.53,60.0
Southern Europe,Wind,Portugal,2024,42.0,-9.42,58.0
Southern Europe,Wind,Portugal,2024,33.0,-16.69,10.0
Southern Europe,Wind,Portugal,2024,38.0,-8.88,10.0
Southern Europe,Wind,Portugal,2025,41.0,-7.95,1675.9
Southern Europe,Wind,Portugal,2025,40.0,-7.83,1354.6
Southern Europe,Wind,Portugal,2025,42.0,-8.07,833.6
Southern Europe,Wind,Portugal,2025,39.0,-9.01,386.0
Southern Europe,Wind,Portugal,2025,40.0,-9.14,248.0
Southern Europe,Wind,Portugal,2025,41.0,-6.63,154.0
Southern Europe,Wind,Portugal,2025,37.0,-8.76,145.0
Southern Europe,Wind,Portugal,2025,37.0,-7.51,136.0
Southern Europe,Wind,Portugal,2025,40.0,-6.53,60.0
Southern Europe,Wind,Portugal,2025,42.0,-9.42,58.0
Southern Europe,Wind,Portugal,2025,33.0,-16.69,10.0
Southern Europe,Wind,Portugal,2025,38.0,-8.88,10.0
Southern Europe,Wind,Serbia,2023,45.0,21.21,374.0
Southern Europe,Wind,Serbia,2023,45.0,19.8,20.0
Southern Europe,Wind,Serbia,2023,46.0,20.15,10.0
Southern Europe,Wind,Serbia,2024,45.0,21.21,574.1
Southern Europe,Wind,Serbia,2024,45.0,19.8,20.0
Southern Europe,Wind,Serbia,2024,46.0,20.15,10.0
Southern Europe,Wind,Serbia,2025,45.0,21.21,574.1
Southern Europe,Wind,Serbia,2025,45.0,19.8,20.0
Southern Europe,Wind,Serbia,2025,46.0,20.15,10.0
Southern Europe,Wind,Spain,2023,42.0,-1.35,3532.0
Southern Europe,Wind,Spain,2023,41.0,-1.33,2326.6
Southern Europe,Wind,Spain,2023,39.0,-1.29,2011.5
Southern Europe,Wind,Spain,2023,42.0,-4.04,1678.5
Southern Europe,Wind,Spain,2023,39.0,-2.57,1482.2
Southern Europe,Wind,Spain,2023,43.0,-8.2,1413.4
Southern Europe,Wind,Spain,2023,43.0,-6.84,1289.0
Southern Europe,Wind,Spain,2023,42.0,-5.38,1206.0
Southern Europe,Wind,Spain,2023,40.0,-1.31,1166.2
Southern Europe,Wind,Spain,2023,41.0,-2.65,1056.0
Southern Europe,Wind,Spain,2023,41.0,0.0,950.8
Southern Europe,Wind,Spain,2023,42.0,-2.69,919.2
Southern Europe,Wind,Spain,2023,36.0,-6.18,882.0
Southern Europe,Wind,Spain,2023,43.0,-4.1,743.0
Southern Europe,Wind,Spain,2023,37.0,-2.5,741.0
Southern Europe,Wind,Spain,2023,37.0,-5.01,728.0
Southern Europe,Wind,Spain,2023,43.0,-9.57,604.3
Southern Europe,Wind,Spain,2023,42.0,-6.73,567.0
Southern Europe,Wind,Spain,2023,37.0,-6.26,525.0
Southern Europe,Wind,Spain,2023,43.0,-1.37,524.2
Southern Europe,Wind,Spain,2023,42.0,-8.07,457.0
Southern Europe,Wind,Spain,2023,42.0,0.0,424.0
Southern Europe,Wind,Spain,2023,44.0,-8.34,390.0
Southern Europe,Wind,Spain,2023,43.0,-2.73,352.0
Southern Europe,Wind,Spain,2023,40.0,-2.61,337.0
Southern Europe,Wind,Spain,2023,41.0,1.33,335.0
Southern Europe,Wind,Spain,2023,40.0,0.0,330.0
Southern Europe,Wind,Spain,2023,42.0,1.35,325.0
Southern Europe,Wind,Spain,2023,44.0,-6.95,294.0
Southern Europe,Wind,Spain,2023,39.0,-3.86,260.0
Southern Europe,Wind,Spain,2023,41.0,-5.3,238.0
Southern Europe,Wind,Spain,2023,38.0,-7.61,228.0
Southern Europe,Wind,Spain,2023,41.0,-3.98,228.0
Southern Europe,Wind,Spain,2023,37.0,-3.76,202.0
Southern Europe,Wind,Spain,2023,28.0,-16.99,185.0
Southern Europe,Wind,Spain,2023,43.0,-5.47,135.0
Southern Europe,Wind,Spain,2023,37.0,-7.51,123.0
Southern Europe,Wind,Spain,2023,36.0,-4.94,121.0
Southern Europe,Wind,Spain,2023,40.0,-6.53,110.0
Southern Europe,Wind,Spain,2023,40.0,-3.92,103.0
Southern Europe,Wind,Spain,2023,38.0,-1.27,98.0
Southern Europe,Wind,Spain,2023,29.0,-13.72,89.0
Southern Europe,Wind,Spain,2023,28.0,-15.86,75.2
Southern Europe,Wind,Spain,2023,40.0,-5.22,61.0
Southern Europe,Wind,Spain,2023,38.0,-2.54,58.0
Southern Europe,Wind,Spain,2023,41.0,-6.63,33.0
Southern Europe,Wind,Spain,2023,38.0,-6.35,20.0
Southern Europe,Wind,Spain,2023,38.0,-3.81,15.0
Southern Europe,Wind,Spain,2023,42.0,-9.42,11.0
Southern Europe,Wind,Spain,2023,28.0,-13.59,10.0
Southern Europe,Wind,Spain,2024,42.0,-1.35,3651.9
Southern Europe,Wind,Spain,2024,41.0,-1.33,2426.6
Southern Europe,Wind,Spain,2024,39.0,-1.29,2011.5
Southern Europe,Wind,Spain,2024,42.0,-4.04,1792.5
Southern Europe,Wind,Spain,2024,39.0,-2.57,1482.2
Southern Europe,Wind,Spain,2024,43.0,-8.2,1413.4
Southern Europe,Wind,Spain,2024,43.0,-6.84,1289.0
Southern Europe,Wind,Spain,2024,42.0,-5.38,1256.0
Southern Europe,Wind,Spain,2024,40.0,-1.31,1166.2
Southern Europe,Wind,Spain,2024,41.0,-2.65,1056.0
Southern Europe,Wind,Spain,2024,42.0,-2.69,969.2
Southern Europe,Wind,Spain,2024,41.0,0.0,950.8
Southern Europe,Wind,Spain,2024,36.0,-6.18,882.0
Southern Europe,Wind,Spain,2024,43.0,-4.1,790.2
Southern Europe,Wind,Spain,2024,37.0,-2.5,741.0
Southern Europe,Wind,Spain,2024,37.0,-5.01,728.0
Southern Europe,Wind,Spain,2024,43.0,-9.57,604.3
Southern Europe,Wind,Spain,2024,42.0,-6.73,602.0
Southern Europe,Wind,Spain,2024,43.0,-1.37,571.2
Southern Europe,Wind,Spain,2024,37.0,-6.26,525.0
Southern Europe,Wind,Spain,2024,42.0,-8.07,457.0
Southern Europe,Wind,Spain,2024,42.0,0.0,424.0
Southern Europe,Wind,Spain,2024,44.0,-8.34,390.0
Southern Europe,Wind,Spain,2024,43.0,-2.73,352.0
Southern Europe,Wind,Spain,2024,40.0,-2.61,337.0
Southern Europe,Wind,Spain,2024,41.0,1.33,335.0
Southern Europe,Wind,Spain,2024,40.0,0.0,330.0
Southern Europe,Wind,Spain,2024,42.0,1.35,325.0
Southern Europe,Wind,Spain,2024,44.0,-6.95,294.0
Southern Europe,Wind,Spain,2024,39.0,-3.86,260.0
Southern Europe,Wind,Spain,2024,41.0,-5.3,238.0
Southern Europe,Wind,Spain,2024,38.0,-7.61,228.0
Southern Europe,Wind,Spain,2024,41.0,-3.98,228.0
Southern Europe,Wind,Spain,2024,37.0,-3.76,202.0
Southern Europe,Wind,Spain,2024,28.0,-16.99,185.0
Southern Europe,Wind,Spain,2024,43.0,-5.47,135.0
Southern Europe,Wind,Spain,2024,37.0,-7.51,123.0
Southern Europe,Wind,Spain,2024,36.0,-4.94,121.0
Southern Europe,Wind,Spain,2024,40.0,-6.53,110.0
Southern Europe,Wind,Spain,2024,40.0,-3.92,103.0
Southern Europe,Wind,Spain,2024,38.0,-1.27,98.0
Southern Europe,Wind,Spain,2024,29.0,-13.72,89.0
Southern Europe,Wind,Spain,2024,28.0,-15.86,75.2
Southern Europe,Wind,Spain,2024,40.0,-5.22,61.0
Southern Europe,Wind,Spain,2024,38.0,-2.54,58.0
Southern Europe,Wind,Spain,2024,41.0,-6.63,33.0
Southern Europe,Wind,Spain,2024,38.0,-6.35,20.0
Southern Europe,Wind,Spain,2024,38.0,-3.81,15.0
Southern Europe,Wind,Spain,2024,42.0,-9.42,11.0
Southern Europe,Wind,Spain,2024,28.0,-13.59,10.0
Southern Europe,Wind,Spain,2025,42.0,-1.35,3701.9
Southern Europe,Wind,Spain,2025,41.0,-1.33,2475.4
Southern Europe,Wind,Spain,2025,39.0,-1.29,2011.5
Southern Europe,Wind,Spain,2025,42.0,-4.04,1890.5
Southern Europe,Wind,Spain,2025,39.0,-2.57,1482.2
Southern Europe,Wind,Spain,2025,43.0,-8.2,1413.4
Southern Europe,Wind,Spain,2025,42.0,-5.38,1305.5
Southern Europe,Wind,Spain,2025,43.0,-6.84,1289.0
Southern Europe,Wind,Spain,2025,42.0,-2.69,1237.2
Southern Europe,Wind,Spain,2025,40.0,-1.31,1166.2
Southern Europe,Wind,Spain,2025,41.0,-2.65,1056.0
Southern Europe,Wind,Spain,2025,41.0,0.0,950.8
Southern Europe,Wind,Spain,2025,36.0,-6.18,882.0
Southern Europe,Wind,Spain,2025,43.0,-4.1,790.2
Southern Europe,Wind,Spain,2025,37.0,-2.5,741.0
Southern Europe,Wind,Spain,2025,37.0,-5.01,728.0
Southern Europe,Wind,Spain,2025,42.0,-6.73,625.6
Southern Europe,Wind,Spain,2025,43.0,-9.57,604.3
Southern Europe,Wind,Spain,2025,43.0,-1.37,571.2
Southern Europe,Wind,Spain,2025,37.0,-6.26,525.0
Southern Europe,Wind,Spain,2025,42.0,-8.07,457.0
Southern Europe,Wind,Spain,2025,42.0,0.0,424.0
Southern Europe,Wind,Spain,2025,44.0,-8.34,390.0
Southern Europe,Wind,Spain,2025,43.0,-2.73,352.0
Southern Europe,Wind,Spain,2025,40.0,-2.61,337.0
Southern Europe,Wind,Spain,2025,41.0,1.33,335.0
Southern Europe,Wind,Spain,2025,40.0,0.0,330.0
Southern Europe,Wind,Spain,2025,42.0,1.35,325.0
Southern Europe,Wind,Spain,2025,44.0,-6.95,294.0
Southern Europe,Wind,Spain,2025,39.0,-3.86,260.0
Southern Europe,Wind,Spain,2025,41.0,-5.3,238.0
Southern Europe,Wind,Spain,2025,38.0,-7.61,228.0
Southern Europe,Wind,Spain,2025,41.0,-3.98,228.0
Southern Europe,Wind,Spain,2025,37.0,-3.76,202.0
Southern Europe,Wind,Spain,2025,28.0,-16.99,185.0
Southern Europe,Wind,Spain,2025,43.0,-5.47,135.0
Southern Europe,Wind,Spain,2025,37.0,-7.51,123.0
Southern Europe,Wind,Spain,2025,36.0,-4.94,121.0
Southern Europe,Wind,Spain,2025,40.0,-6.53,110.0
Southern Europe,Wind,Spain,2025,40.0,-3.92,103.0
Southern Europe,Wind,Spain,2025,38.0,-1.27,98.0
Southern Europe,Wind,Spain,2025,29.0,-13.72,89.0
Southern Europe,Wind,Spain,2025,28.0,-15.86,75.2
Southern Europe,Wind,Spain,2025,40.0,-5.22,61.0
Southern Europe,Wind,Spain,2025,38.0,-2.54,58.0
Southern Europe,Wind,Spain,2025,41.0,-6.63,33.0
Southern Europe,Wind,Spain,2025,38.0,-6.35,20.0
Southern Europe,Wind,Spain,2025,38.0,-3.81,15.0
Southern Europe,Wind,Spain,2025,42.0,-9.42,11.0
Southern Europe,Wind,Spain,2025,28.0,-13.59,10.0
