Region,Date,Wind_Speed_100m,Wind_Speed_100m_Cubed,Wind_Gusts_10m_Max,Shortwave_Radiation_Sum,Precipitation_Sum,Snow_Depth,Temperature_2m_Max,Apparent_Temperature_Min
Northern Europe,2023-01-01,29.65,41598.02,45.87,1.23,2.07,0.54,0.81,-9.67
Northern Europe,2023-01-02,23.59,21372.82,39.72,0.97,1.63,0.54,-1.56,-11.85
Northern Europe,2023-01-03,25.26,28763.21,40.14,1.64,1.14,0.54,-2.48,-12.12
Northern Europe,2023-01-04,31.14,52548.56,47.52,0.87,6.63,0.55,-2.5,-12.52
Northern Europe,2023-01-05,29.3,45386.85,48.59,1.23,3.19,0.58,-3.43,-12.55
Northern Europe,2023-01-06,30.78,57112.2,50.25,1.63,10.28,0.61,-4.27,-13.83
Northern Europe,2023-01-07,32.04,49619.77,50.14,1.17,6.95,0.65,-1.37,-11.51
Northern Europe,2023-01-08,36.58,62768.16,52.81,1.53,10.99,0.66,0.4,-7.96
Northern Europe,2023-01-09,31.5,44123.29,46.73,1.51,6.75,0.67,0.25,-6.8
Northern Europe,2023-01-10,28.05,35510.87,44.18,1.63,2.46,0.67,0.72,-6.79
Northern Europe,2023-01-11,37.08,76008.9,62.3,1.72,13.0,0.68,2.78,-7.07
Northern Europe,2023-01-12,35.39,68615.2,55.32,1.18,3.48,0.68,2.67,-4.92
Northern Europe,2023-01-13,28.11,40851.16,43.72,1.26,3.33,0.67,1.65,-6.48
Northern Europe,2023-01-14,26.72,40526.14,44.03,1.63,2.31,0.66,0.1,-8.57
Northern Europe,2023-01-15,33.67,65792.48,58.03,1.52,7.24,0.68,0.18,-9.33
Northern Europe,2023-01-16,26.77,30981.04,43.96,2.36,3.36,0.7,-0.2,-9.9
Northern Europe,2023-01-17,27.46,29290.97,42.85,1.38,6.21,0.73,-0.76,-10.25
Northern Europe,2023-01-18,27.08,27694.71,43.19,2.38,3.82,0.75,-0.33,-8.51
Northern Europe,2023-01-19,18.46,13472.07,34.56,2.08,1.62,0.75,-1.1,-9.1
Northern Europe,2023-01-20,19.38,12651.93,29.91,2.4,0.63,0.74,-1.78,-10.81
Northern Europe,2023-01-21,23.38,23822.1,33.77,2.56,0.33,0.73,-2.63,-11.97
Northern Europe,2023-01-22,24.45,34062.69,36.34,2.08,0.35,0.73,-2.93,-12.33
Northern Europe,2023-01-23,26.36,40753.64,37.59,1.95,3.62,0.72,-0.73,-11.4
Northern Europe,2023-01-24,27.76,35840.98,40.06,2.16,4.46,0.72,2.26,-7.1
Northern Europe,2023-01-25,35.22,61270.02,50.33,1.21,9.72,0.72,4.16,-4.71
Northern Europe,2023-01-26,26.5,23037.73,37.74,2.88,0.91,0.71,1.41,-8.08
Northern Europe,2023-01-27,24.08,30452.15,37.39,3.54,1.5,0.7,-0.65,-10.12
Northern Europe,2023-01-28,31.12,44522.39,46.85,1.92,4.47,0.7,1.39,-7.83
Northern Europe,2023-01-29,33.89,54456.72,54.94,1.83,16.66,0.73,2.23,-6.33
Northern Europe,2023-01-30,36.98,75871.42,58.1,3.24,6.84,0.77,1.33,-7.82
Northern Europe,2023-01-31,31.58,50124.77,53.14,2.52,4.83,0.78,-0.04,-9.37
Northern Europe,2023-02-01,25.77,42817.08,39.65,2.62,2.96,0.79,-1.5,-10.64
Northern Europe,2023-02-02,23.83,24272.65,38.57,3.62,1.01,0.78,-2.82,-11.87
Northern Europe,2023-02-03,25.92,36260.15,42.41,2.49,7.6,0.82,-3.43,-13.04
Northern Europe,2023-02-04,23.21,23234.45,37.54,3.57,0.88,0.82,-4.53,-15.1
Northern Europe,2023-02-05,28.46,34483.09,45.3,3.96,4.02,0.84,-0.33,-12.41
Northern Europe,2023-02-06,26.13,32158.19,37.97,3.68,1.18,0.83,1.5,-8.16
Northern Europe,2023-02-07,27.64,34934.97,41.44,3.7,2.55,0.82,2.68,-6.12
Northern Europe,2023-02-08,33.14,64025.92,55.35,4.21,1.22,0.81,2.29,-6.92
Northern Europe,2023-02-09,40.18,87038.35,63.01,4.25,11.77,0.82,2.49,-8.07
Northern Europe,2023-02-10,35.66,60951.66,61.47,3.6,9.65,0.84,1.79,-9.36
Northern Europe,2023-02-11,29.91,43171.75,46.45,3.53,4.02,0.86,1.3,-7.74
Northern Europe,2023-02-12,32.57,50178.66,48.95,4.23,5.07,0.85,4.68,-6.43
Northern Europe,2023-02-13,35.17,57893.22,51.19,5.05,2.22,0.83,4.75,-3.79
Northern Europe,2023-02-14,24.51,27482.85,37.67,5.33,0.74,0.81,3.78,-5.3
Northern Europe,2023-02-15,21.69,21944.32,34.49,3.91,0.59,0.8,2.17,-6.47
Northern Europe,2023-02-16,27.02,30217.28,41.61,3.04,2.72,0.79,2.38,-5.62
Northern Europe,2023-02-17,30.79,63856.76,52.36,2.19,8.72,0.8,2.03,-6.77
Northern Europe,2023-02-18,31.82,53739.53,54.81,3.92,5.33,0.83,1.2,-7.53
Northern Europe,2023-02-19,27.66,35192.1,45.67,5.84,3.52,0.84,0.18,-8.69
Northern Europe,2023-02-20,32.0,67433.84,50.23,2.56,17.48,0.89,1.15,-8.54
Northern Europe,2023-02-21,22.79,28070.28,43.36,5.15,1.04,0.92,-0.55,-9.75
Northern Europe,2023-02-22,22.72,22869.05,39.79,4.06,5.21,0.91,-2.29,-11.72
Northern Europe,2023-02-23,26.98,30136.08,43.96,4.84,4.86,0.93,-0.02,-10.41
Northern Europe,2023-02-24,26.22,30104.94,41.5,4.67,2.38,0.94,-0.29,-10.11
Northern Europe,2023-02-25,28.52,33020.97,42.47,6.79,1.13,0.94,-1.43,-11.58
Northern Europe,2023-02-26,22.81,17514.07,35.09,7.21,1.0,0.93,0.14,-10.78
Northern Europe,2023-02-27,26.42,31626.36,43.22,7.37,0.76,0.92,3.89,-7.92
Northern Europe,2023-02-28,26.36,29493.38,43.22,7.94,0.7,0.91,3.46,-7.34
Northern Europe,2023-03-01,24.13,22119.52,39.06,7.35,0.81,0.9,3.47,-6.86
Northern Europe,2023-03-02,30.11,45169.62,47.56,8.92,1.73,0.89,3.64,-7.12
Northern Europe,2023-03-03,29.98,45656.91,51.3,8.2,3.51,0.89,2.81,-8.57
Northern Europe,2023-03-04,30.09,45373.7,52.23,7.64,2.27,0.9,-0.93,-11.04
Northern Europe,2023-03-05,22.71,17276.69,38.94,8.94,1.22,0.9,-2.01,-11.81
Northern Europe,2023-03-06,16.16,8509.81,29.76,8.29,0.52,0.9,-3.68,-14.52
Northern Europe,2023-03-07,21.3,26913.39,40.08,8.55,0.56,0.9,-5.28,-16.86
Northern Europe,2023-03-08,21.75,17949.55,39.89,9.07,1.62,0.9,-5.56,-17.42
Northern Europe,2023-03-09,22.53,22553.24,38.84,9.57,1.25,0.91,-5.0,-18.04
Northern Europe,2023-03-10,21.44,16644.2,36.55,8.19,0.75,0.91,-3.81,-16.8
Northern Europe,2023-03-11,22.28,20581.84,37.33,7.49,1.85,0.92,-2.83,-15.18
Northern Europe,2023-03-12,24.59,25015.4,41.18,7.82,1.46,0.93,-2.52,-14.47
Northern Europe,2023-03-13,32.66,58304.63,53.79,5.1,7.77,0.94,-0.08,-12.8
Northern Europe,2023-03-14,27.74,35562.64,49.88,7.58,3.26,0.97,0.42,-10.02
Northern Europe,2023-03-15,25.52,25969.3,44.48,9.22,1.67,0.98,-0.14,-11.53
Northern Europe,2023-03-16,24.94,32933.89,42.72,7.57,4.61,0.98,0.26,-12.06
Northern Europe,2023-03-17,29.58,41180.9,52.24,7.29,11.48,1.03,1.3,-11.28
Northern Europe,2023-03-18,26.04,30100.43,46.08,8.31,3.31,1.05,3.76,-6.2
Northern Europe,2023-03-19,19.94,14269.87,37.46,7.39,3.76,1.04,3.5,-6.58
Northern Europe,2023-03-20,23.55,18871.64,38.96,6.15,1.75,1.03,3.64,-5.72
Northern Europe,2023-03-21,24.56,24632.99,43.21,4.91,4.16,1.02,2.11,-8.03
Northern Europe,2023-03-22,27.72,37574.39,46.02,4.53,7.62,1.03,2.62,-7.15
Northern Europe,2023-03-23,29.03,37553.81,51.66,9.01,6.47,1.04,2.71,-6.64
Northern Europe,2023-03-24,26.4,39106.49,45.43,9.27,4.32,1.04,2.1,-7.22
Northern Europe,2023-03-25,23.09,20989.43,40.15,9.94,2.89,1.04,0.93,-9.66
Northern Europe,2023-03-26,20.7,14192.46,34.02,10.75,1.58,1.04,-1.16,-12.83
Northern Europe,2023-03-27,25.07,23875.75,43.04,10.94,0.69,1.03,-1.74,-13.98
Northern Europe,2023-03-28,25.1,23564.54,41.66,12.08,2.56,1.03,-1.29,-13.77
Northern Europe,2023-03-29,21.91,20480.77,38.4,6.83,1.07,1.04,-1.04,-11.66
Northern Europe,2023-03-30,23.8,25275.25,38.45,6.01,2.52,1.04,0.06,-12.05
Northern Europe,2023-03-31,24.63,24486.33,39.5,6.16,1.42,1.05,2.08,-9.89
Northern Europe,2023-04-01,25.46,26272.74,39.92,11.06,0.37,1.04,2.04,-10.38
Northern Europe,2023-04-02,19.94,12734.93,33.75,16.18,0.09,1.03,1.87,-10.6
Northern Europe,2023-04-03,18.69,15102.79,31.02,15.11,0.39,1.02,2.1,-11.02
Northern Europe,2023-04-04,17.12,13063.68,29.72,12.07,0.29,1.01,4.25,-8.6
Northern Europe,2023-04-05,16.74,10491.12,29.15,11.33,0.22,0.99,4.79,-7.96
Northern Europe,2023-04-06,19.48,14388.55,33.05,14.11,1.01,0.98,3.87,-7.22
Northern Europe,2023-04-07,21.57,16390.02,36.22,16.31,0.97,0.98,5.51,-6.55
Northern Europe,2023-04-08,19.48,12773.81,31.96,16.54,0.49,0.96,7.29,-5.26
Northern Europe,2023-04-09,19.6,16143.88,31.42,15.09,1.45,0.95,6.89,-4.67
Northern Europe,2023-04-10,23.73,29117.58,39.18,15.09,3.8,0.94,6.67,-4.69
Northern Europe,2023-04-11,25.35,29005.2,43.31,12.99,5.11,0.95,6.68,-4.29
Northern Europe,2023-04-12,27.37,41083.31,48.46,11.07,1.66,0.94,7.4,-3.85
Northern Europe,2023-04-13,29.87,35361.04,47.96,12.94,5.17,0.93,6.19,-3.42
Northern Europe,2023-04-14,24.84,24320.95,40.5,13.03,2.46,0.93,5.39,-4.55
Northern Europe,2023-04-15,20.84,16118.69,34.33,12.06,3.56,0.93,6.42,-4.6
Northern Europe,2023-04-16,14.76,6910.11,26.29,12.51,1.15,0.93,7.6,-4.44
Northern Europe,2023-04-17,17.17,8591.31,28.42,18.04,0.29,0.9,8.88,-4.01
Northern Europe,2023-04-18,19.85,12807.19,32.03,19.57,0.06,0.88,9.78,-3.39
Northern Europe,2023-04-19,21.5,18141.97,33.82,20.17,0.47,0.85,10.6,-2.81
Northern Europe,2023-04-20,23.81,22215.47,34.04,21.29,0.16,0.82,11.66,-2.0
Northern Europe,2023-04-21,20.33,14503.49,33.29,20.79,0.49,0.79,11.45,-1.83
Northern Europe,2023-04-22,21.06,18101.9,37.65,19.1,1.02,0.77,10.1,-3.39
Northern Europe,2023-04-23,20.92,20024.19,36.43,16.16,5.91,0.76,6.06,-3.51
Northern Europe,2023-04-24,21.53,20165.41,38.95,12.79,4.86,0.77,5.24,-3.94
Northern Europe,2023-04-25,25.34,27824.36,44.07,14.19,4.7,0.79,4.34,-5.4
Northern Europe,2023-04-26,23.39,21375.65,39.81,18.07,3.92,0.81,4.69,-4.62
Northern Europe,2023-04-27,20.9,16282.72,36.69,18.04,3.76,0.81,5.58,-4.11
Northern Europe,2023-04-28,15.32,7021.75,31.82,18.11,3.26,0.81,5.61,-5.09
Northern Europe,2023-04-29,19.6,15252.03,39.47,19.48,4.99,0.83,5.38,-5.2
Northern Europe,2023-04-30,24.17,20584.61,43.65,19.02,2.89,0.84,5.48,-4.94
Northern Europe,2023-05-01,19.99,14777.49,36.51,17.85,3.65,0.84,6.29,-4.66
Northern Europe,2023-05-02,22.33,16431.49,40.53,17.74,1.61,0.83,6.7,-5.04
Northern Europe,2023-05-03,24.32,18497.2,42.81,19.13,0.71,0.82,5.54,-5.02
Northern Europe,2023-05-04,21.26,15008.82,39.48,16.65,0.34,0.82,5.03,-6.17
Northern Europe,2023-05-05,21.99,25455.92,37.87,17.28,0.15,0.81,6.11,-6.47
Northern Europe,2023-05-06,20.54,18485.22,35.9,14.59,0.02,0.8,7.8,-5.39
Northern Europe,2023-05-07,20.44,17245.96,34.76,21.74,0.19,0.78,9.67,-4.26
Northern Europe,2023-05-08,22.8,20891.66,37.5,23.97,0.43,0.76,11.83,-2.23
Northern Europe,2023-05-09,26.24,28587.65,41.76,21.5,5.17,0.73,12.57,0.19
Northern Europe,2023-05-10,26.86,28242.02,41.73,19.44,5.76,0.71,13.32,1.76
Northern Europe,2023-05-11,21.26,17940.47,36.63,17.15,0.86,0.67,14.09,1.89
Northern Europe,2023-05-12,16.66,8627.32,31.15,24.49,0.44,0.64,14.53,2.2
Northern Europe,2023-05-13,14.03,6845.46,29.83,24.99,0.5,0.61,15.3,1.82
Northern Europe,2023-05-14,17.17,9240.3,35.25,21.03,0.45,0.57,16.15,2.0
Northern Europe,2023-05-15,18.47,9569.12,38.84,22.05,1.33,0.54,15.31,2.71
Northern Europe,2023-05-16,21.44,20609.2,44.42,14.58,3.8,0.51,12.95,1.06
Northern Europe,2023-05-17,29.62,38419.82,53.93,18.53,6.3,0.5,8.69,-1.54
Northern Europe,2023-05-18,22.62,19595.52,43.18,22.2,0.79,0.5,10.57,-1.71
Northern Europe,2023-05-19,17.44,10794.0,32.54,22.29,0.63,0.47,13.95,0.31
Northern Europe,2023-05-20,18.07,14040.79,34.06,23.62,0.24,0.45,15.69,2.4
Northern Europe,2023-05-21,18.36,12402.15,34.31,23.09,0.31,0.42,17.17,3.25
Northern Europe,2023-05-22,16.62,9028.56,32.49,19.98,2.26,0.39,17.76,4.29
Northern Europe,2023-05-23,18.29,13680.74,37.0,18.33,4.64,0.37,14.54,4.04
Northern Europe,2023-05-24,23.32,24683.6,46.02,23.27,2.8,0.35,14.55,2.79
Northern Europe,2023-05-25,27.55,31941.4,50.37,25.31,3.58,0.33,11.72,1.71
Northern Europe,2023-05-26,26.38,23822.76,48.68,23.27,2.88,0.33,10.69,0.29
Northern Europe,2023-05-27,22.26,19713.47,44.13,26.39,5.18,0.32,12.46,0.01
Northern Europe,2023-05-28,28.25,33231.23,50.35,25.1,4.63,0.3,11.45,0.82
Northern Europe,2023-05-29,24.73,22413.42,44.52,26.14,2.89,0.3,11.04,-0.22
Northern Europe,2023-05-30,22.55,21091.17,42.65,26.02,1.0,0.29,14.03,1.68
Northern Europe,2023-05-31,30.45,37620.78,53.97,26.99,2.41,0.27,12.89,1.77
Northern Europe,2023-06-01,27.81,28974.65,51.36,26.24,1.4,0.25,10.73,-0.2
Northern Europe,2023-06-02,22.03,16497.43,43.47,26.0,0.72,0.24,11.05,-0.6
Northern Europe,2023-06-03,19.83,13905.68,39.93,25.77,1.18,0.22,12.57,1.22
Northern Europe,2023-06-04,20.87,14359.58,40.21,24.12,0.84,0.21,14.2,2.45
Northern Europe,2023-06-05,22.33,18366.13,43.16,27.33,0.69,0.19,14.6,3.24
Northern Europe,2023-06-06,18.0,10977.24,36.66,28.22,0.8,0.18,14.13,2.89
Northern Europe,2023-06-07,16.89,9299.66,35.87,28.29,0.95,0.16,15.17,2.81
Northern Europe,2023-06-08,20.99,14251.25,41.25,28.65,0.87,0.15,14.91,3.44
Northern Europe,2023-06-09,19.74,13284.65,40.79,28.35,0.17,0.14,16.22,3.13
Northern Europe,2023-06-10,20.86,15260.25,37.77,27.14,0.2,0.13,18.0,3.98
Northern Europe,2023-06-11,23.98,22463.24,42.25,27.68,0.36,0.11,20.0,5.96
Northern Europe,2023-06-12,21.87,18834.63,39.64,27.69,0.57,0.1,20.02,7.12
Northern Europe,2023-06-13,17.92,10940.2,35.34,28.71,0.43,0.09,19.74,8.06
Northern Europe,2023-06-14,14.24,7267.85,30.89,28.03,1.09,0.07,21.39,8.04
Northern Europe,2023-06-15,14.54,6430.92,30.33,24.72,0.73,0.06,22.19,9.14
Northern Europe,2023-06-16,16.26,8671.02,35.39,22.74,1.32,0.05,21.98,9.69
Northern Europe,2023-06-17,14.84,6164.54,33.29,22.41,1.18,0.04,22.02,10.32
Northern Europe,2023-06-18,15.11,6352.52,33.08,22.24,2.26,0.03,21.75,11.11
Northern Europe,2023-06-19,16.3,7754.79,35.14,20.33,2.45,0.02,21.59,11.79
Northern Europe,2023-06-20,15.26,5717.78,33.45,23.56,4.34,0.01,21.86,12.94
Northern Europe,2023-06-21,17.81,10144.14,37.35,21.7,4.16,0.01,21.89,12.7
Northern Europe,2023-06-22,20.02,15253.81,41.87,23.81,6.35,0.01,19.62,11.62
Northern Europe,2023-06-23,22.57,17775.29,41.8,21.67,4.03,0.0,17.83,9.75
Northern Europe,2023-06-24,20.14,15700.48,37.02,24.03,2.25,0.0,19.2,8.82
Northern Europe,2023-06-25,14.45,7857.39,32.59,22.51,0.82,0.0,21.11,10.42
Northern Europe,2023-06-26,18.37,13946.17,38.4,19.91,7.68,0.0,21.24,11.06
Northern Europe,2023-06-27,19.81,21268.5,38.44,23.24,4.5,0.0,19.62,11.13
Northern Europe,2023-06-28,13.2,5591.68,31.6,22.9,1.22,0.0,20.94,11.41
Northern Europe,2023-06-29,14.25,7117.17,31.89,18.69,6.05,0.0,20.53,11.84
Northern Europe,2023-06-30,20.4,15521.65,39.93,22.46,6.59,0.0,18.61,11.18
Northern Europe,2023-07-01,24.21,22415.75,44.91,14.47,3.78,0.0,17.18,9.68
Northern Europe,2023-07-02,25.89,33909.67,47.28,19.87,8.89,0.0,14.96,7.49
Northern Europe,2023-07-03,27.37,37772.1,47.85,22.02,8.51,0.0,14.86,6.37
Northern Europe,2023-07-04,23.92,23768.85,43.41,20.64,4.36,0.0,15.06,7.41
Northern Europe,2023-07-05,21.72,17362.72,41.28,16.5,2.44,0.0,16.27,7.42
Northern Europe,2023-07-06,22.96,24766.29,44.66,19.12,5.94,0.0,16.62,8.44
Northern Europe,2023-07-07,18.26,15402.4,35.79,23.32,2.15,0.0,17.79,9.58
Northern Europe,2023-07-08,18.8,15641.46,37.56,25.77,0.99,0.0,19.19,9.78
Northern Europe,2023-07-09,14.65,6266.26,29.81,25.52,0.77,0.0,20.65,10.46
Northern Europe,2023-07-10,15.96,6562.49,33.12,18.67,7.59,0.0,20.13,11.19
Northern Europe,2023-07-11,19.38,12462.94,39.52,17.99,7.25,0.0,19.48,10.75
Northern Europe,2023-07-12,21.79,16047.32,40.79,20.93,6.73,0.0,18.45,10.67
Northern Europe,2023-07-13,21.08,13030.9,41.16,21.75,5.71,0.0,17.95,10.04
Northern Europe,2023-07-14,18.05,10735.72,37.08,21.13,3.33,0.0,17.5,9.38
Northern Europe,2023-07-15,22.56,24322.2,42.3,19.51,6.5,0.0,18.7,9.19
Northern Europe,2023-07-16,30.25,39148.5,53.8,21.99,11.09,0.0,18.35,10.31
Northern Europe,2023-07-17,28.78,31155.52,51.48,21.77,9.62,0.0,17.39,10.01
Northern Europe,2023-07-18,24.23,21288.75,43.2,21.02,6.49,0.0,15.75,8.67
Northern Europe,2023-07-19,19.15,11179.12,36.68,19.63,5.76,0.0,15.39,7.66
Northern Europe,2023-07-20,18.67,11975.69,35.44,22.23,4.81,0.0,15.66,7.77
Northern Europe,2023-07-21,17.64,10293.89,34.17,20.5,4.46,0.0,15.27,8.2
Northern Europe,2023-07-22,16.23,7528.71,32.85,18.67,4.42,0.0,15.16,8.13
Northern Europe,2023-07-23,15.33,7760.42,30.67,10.23,3.95,0.0,15.94,8.82
Northern Europe,2023-07-24,18.25,11478.24,34.91,19.42,4.07,0.0,16.49,9.16
Northern Europe,2023-07-25,19.73,15710.23,35.97,20.68,9.49,0.0,16.01,9.1
Northern Europe,2023-07-26,19.18,17161.55,36.07,16.4,3.19,0.0,16.75,8.97
Northern Europe,2023-07-27,14.63,7453.04,32.56,19.23,3.06,0.0,17.63,9.15
Northern Europe,2023-07-28,13.63,7700.66,30.58,21.35,2.55,0.0,17.86,9.29
Northern Europe,2023-07-29,22.96,21347.85,41.13,17.63,3.02,0.0,18.17,10.14
Northern Europe,2023-07-30,19.27,13904.78,38.72,16.79,6.02,0.0,18.34,10.31
Northern Europe,2023-07-31,17.7,11979.66,36.08,18.0,3.6,0.0,17.76,10.36
Northern Europe,2023-08-01,18.55,9811.96,37.1,13.7,5.71,0.0,17.42,10.52
Northern Europe,2023-08-02,22.43,18564.58,42.05,15.58,8.4,0.0,17.61,11.08
Northern Europe,2023-08-03,23.3,20214.81,42.69,14.47,4.74,0.0,18.25,11.44
Northern Europe,2023-08-04,21.65,17229.37,40.21,18.55,3.96,0.0,17.34,10.86
Northern Europe,2023-08-05,19.02,13915.67,37.21,19.05,2.99,0.0,16.7,9.42
Northern Europe,2023-08-06,17.1,10789.61,35.58,13.68,1.32,0.0,17.76,8.94
Northern Europe,2023-08-07,32.07,57080.02,51.63,10.8,20.44,0.0,17.9,9.78
Northern Europe,2023-08-08,37.53,89841.38,63.82,15.31,21.49,0.0,17.81,9.29
Northern Europe,2023-08-09,29.93,45306.95,50.14,13.94,9.71,0.0,15.47,8.09
Northern Europe,2023-08-10,22.6,19459.07,40.89,15.51,4.86,0.0,15.39,8.71
Northern Europe,2023-08-11,21.47,18802.4,39.27,17.67,2.75,0.0,17.05,8.82
Northern Europe,2023-08-12,22.35,17893.12,40.54,13.8,3.55,0.0,17.85,10.41
Northern Europe,2023-08-13,18.71,10795.89,33.3,17.51,6.12,0.0,17.48,10.86
Northern Europe,2023-08-14,18.26,9071.37,33.59,17.1,4.71,0.0,18.18,11.33
Northern Europe,2023-08-15,18.97,10889.08,35.21,18.8,11.23,0.0,18.81,11.46
Northern Europe,2023-08-16,20.95,14180.58,38.65,18.27,7.33,0.0,18.31,11.56
Northern Europe,2023-08-17,19.37,12575.53,36.14,16.49,0.69,0.0,17.85,9.84
Northern Europe,2023-08-18,19.96,16693.51,34.97,13.19,0.62,0.0,18.55,9.38
Northern Europe,2023-08-19,22.13,25295.52,37.77,13.25,4.26,0.0,19.01,10.17
Northern Europe,2023-08-20,18.88,15290.17,34.57,17.27,6.4,0.0,18.64,10.78
Northern Europe,2023-08-21,18.22,16101.56,32.41,17.17,4.58,0.0,17.53,11.14
Northern Europe,2023-08-22,17.56,9151.93,31.39,16.99,2.16,0.0,17.21,10.5
Northern Europe,2023-08-23,16.31,6834.44,30.27,14.07,6.69,0.0,16.74,10.0
Northern Europe,2023-08-24,14.79,5920.29,29.71,15.66,3.14,0.0,16.26,9.21
Northern Europe,2023-08-25,16.06,8006.77,30.54,14.9,6.75,0.0,15.99,9.58
Northern Europe,2023-08-26,19.61,12747.76,35.54,13.87,6.82,0.0,16.54,9.72
Northern Europe,2023-08-27,21.02,14404.0,38.63,12.5,10.67,0.0,16.15,8.99
Northern Europe,2023-08-28,18.28,9818.4,33.39,14.6,5.24,0.0,15.79,8.84
Northern Europe,2023-08-29,19.42,11861.46,35.47,12.42,3.35,0.0,15.69,8.15
Northern Europe,2023-08-30,13.42,4354.04,27.33,13.27,3.41,0.0,16.36,8.42
Northern Europe,2023-08-31,16.65,7966.26,30.8,10.1,1.81,0.0,16.24,9.08
Northern Europe,2023-09-01,18.31,10012.63,32.67,16.0,1.17,0.0,16.15,9.3
Northern Europe,2023-09-02,18.63,11245.45,34.06,16.45,2.84,0.0,15.39,8.44
Northern Europe,2023-09-03,20.27,15093.88,35.68,12.12,6.45,0.0,15.69,8.32
Northern Europe,2023-09-04,26.23,26753.21,43.4,16.75,5.27,0.0,17.45,9.37
Northern Europe,2023-09-05,24.58,21489.16,42.92,16.03,3.9,0.0,16.39,7.88
Northern Europe,2023-09-06,21.75,17202.68,39.19,16.59,0.42,0.0,16.59,6.4
Northern Europe,2023-09-07,20.24,14097.91,32.81,16.34,0.22,0.0,18.62,7.83
Northern Europe,2023-09-08,17.1,11497.13,28.07,15.37,1.21,0.0,20.55,10.56
Northern Europe,2023-09-09,20.15,14534.14,34.32,14.89,0.31,0.0,20.64,11.97
Northern Europe,2023-09-10,18.84,13216.39,33.93,12.9,2.16,0.0,18.99,11.36
Northern Europe,2023-09-11,20.16,14622.76,40.42,12.86,15.47,0.0,17.71,10.08
Northern Europe,2023-09-12,22.4,16620.69,39.76,11.19,3.27,0.0,16.1,8.23
Northern Europe,2023-09-13,21.18,16353.1,39.64,11.8,1.35,0.0,13.28,4.74
Northern Europe,2023-09-14,17.46,9546.02,33.5,10.4,1.62,0.0,12.24,3.13
Northern Europe,2023-09-15,20.0,13567.53,36.96,12.06,2.84,0.0,13.02,3.85
Northern Europe,2023-09-16,21.79,16587.4,36.92,12.97,3.97,0.0,13.2,5.55
Northern Europe,2023-09-17,21.25,16699.37,42.42,11.11,1.48,0.0,13.43,3.87
Northern Europe,2023-09-18,27.76,35165.98,47.43,9.93,11.72,0.0,13.75,3.55
Northern Europe,2023-09-19,35.11,65122.56,58.88,7.65,17.5,0.0,13.76,4.63
Northern Europe,2023-09-20,33.64,58628.0,60.05,9.22,11.55,0.01,13.2,4.29
Northern Europe,2023-09-21,28.13,32146.35,45.9,10.15,15.5,0.01,14.58,6.99
Northern Europe,2023-09-22,27.73,28802.22,46.62,10.52,7.02,0.01,15.47,8.17
Northern Europe,2023-09-23,24.04,22350.97,43.0,8.81,4.18,0.01,14.04,6.44
Northern Europe,2023-09-24,25.5,30417.08,44.98,9.33,1.96,0.01,13.05,4.63
Northern Europe,2023-09-25,33.65,55115.11,54.42,10.1,10.99,0.0,13.92,5.41
Northern Europe,2023-09-26,26.46,30963.06,42.95,10.05,1.94,0.0,15.27,7.2
Northern Europe,2023-09-27,26.26,31813.78,47.25,8.42,5.62,0.0,14.54,7.22
Northern Europe,2023-09-28,26.59,32256.06,44.93,8.75,4.57,0.0,14.73,7.19
Northern Europe,2023-09-29,25.47,24073.12,41.24,7.33,5.05,0.0,14.4,7.52
Northern Europe,2023-09-30,27.42,31245.24,46.78,8.46,8.72,0.0,12.87,5.81
Northern Europe,2023-10-01,25.09,21213.16,41.71,7.1,2.23,0.0,12.21,4.59
Northern Europe,2023-10-02,18.84,12558.04,32.47,6.49,2.32,0.0,11.35,3.84
Northern Europe,2023-10-03,21.19,22521.13,38.01,5.55,2.53,0.0,11.48,3.52
Northern Europe,2023-10-04,27.33,37596.43,48.31,7.83,5.61,0.0,10.53,2.08
Northern Europe,2023-10-05,26.93,33326.17,46.4,7.26,1.99,0.0,8.87,0.34
Northern Europe,2023-10-06,29.89,48619.09,51.98,5.5,11.71,0.01,8.96,-0.05
Northern Europe,2023-10-07,34.42,56571.66,59.11,5.01,3.09,0.02,7.12,-2.11
Northern Europe,2023-10-08,26.25,27928.52,44.05,8.25,1.15,0.02,6.5,-2.73
Northern Europe,2023-10-09,16.95,8915.74,29.26,5.84,1.16,0.03,6.67,-2.31
Northern Europe,2023-10-10,24.07,27425.42,41.61,5.09,9.27,0.03,8.51,-1.5
Northern Europe,2023-10-11,33.66,61478.6,56.48,3.18,14.32,0.03,9.74,-0.4
Northern Europe,2023-10-12,33.78,56986.67,56.77,7.46,6.43,0.05,7.43,-1.36
Northern Europe,2023-10-13,27.61,34056.63,49.1,4.12,5.49,0.05,7.94,-1.65
Northern Europe,2023-10-14,36.22,74254.55,60.03,6.52,11.79,0.07,7.15,-1.92
Northern Europe,2023-10-15,34.91,61487.04,58.22,7.23,3.8,0.08,5.77,-3.04
Northern Europe,2023-10-16,29.42,33664.9,48.21,6.96,3.71,0.09,5.91,-2.91
Northern Europe,2023-10-17,24.3,23147.65,39.25,5.82,6.7,0.1,6.25,-2.13
Northern Europe,2023-10-18,23.56,22727.74,40.0,5.56,0.99,0.1,5.02,-4.23
Northern Europe,2023-10-19,29.63,49568.35,45.96,3.37,0.3,0.1,2.37,-7.25
Northern Europe,2023-10-20,30.97,80664.17,48.65,2.81,0.51,0.1,1.46,-7.92
Northern Europe,2023-10-21,27.66,60318.24,48.2,2.99,2.09,0.11,2.34,-8.42
Northern Europe,2023-10-22,18.55,16890.09,31.06,3.46,1.68,0.11,3.59,-5.2
Northern Europe,2023-10-23,16.19,9083.37,28.58,3.82,1.58,0.11,4.47,-2.67
Northern Europe,2023-10-24,17.85,17551.51,31.45,2.74,0.55,0.11,3.7,-4.0
Northern Europe,2023-10-25,22.17,27103.04,36.75,3.5,0.88,0.11,2.83,-4.68
Northern Europe,2023-10-26,21.01,16424.71,33.93,2.51,0.81,0.11,2.42,-4.92
Northern Europe,2023-10-27,18.05,10721.18,29.4,2.62,0.27,0.11,1.53,-5.71
Northern Europe,2023-10-28,18.19,14202.23,29.5,2.57,0.52,0.11,1.11,-6.28
Northern Europe,2023-10-29,20.27,26666.7,34.52,2.99,1.05,0.11,1.38,-7.65
Northern Europe,2023-10-30,20.16,21748.05,33.94,4.05,2.74,0.12,1.21,-7.35
Northern Europe,2023-10-31,23.43,21958.31,42.34,2.03,1.27,0.13,0.74,-8.45
Northern Europe,2023-11-01,29.37,41588.29,52.56,2.46,4.0,0.14,0.56,-8.51
Northern Europe,2023-11-02,29.48,46066.05,47.19,2.95,5.43,0.17,1.78,-7.29
Northern Europe,2023-11-03,29.75,40285.21,48.73,3.3,9.07,0.2,2.86,-5.03
Northern Europe,2023-11-04,32.79,48628.44,48.96,2.42,8.95,0.23,3.9,-3.89
Northern Europe,2023-11-05,24.29,23035.72,40.52,3.02,2.99,0.24,4.29,-2.83
Northern Europe,2023-11-06,17.36,13149.1,28.01,3.47,1.28,0.24,4.17,-2.13
Northern Europe,2023-11-07,17.34,12363.72,27.55,3.37,1.04,0.23,3.76,-2.7
Northern Europe,2023-11-08,19.43,19782.16,33.28,3.57,0.95,0.23,2.94,-3.86
Northern Europe,2023-11-09,21.52,22563.51,37.15,1.96,4.05,0.24,2.74,-3.99
Northern Europe,2023-11-10,23.88,23160.89,38.67,2.78,1.95,0.25,2.46,-4.83
Northern Europe,2023-11-11,22.28,17506.03,34.28,2.49,1.86,0.25,1.41,-6.31
Northern Europe,2023-11-12,24.26,24503.8,37.06,2.22,1.92,0.26,0.73,-6.82
Northern Europe,2023-11-13,25.16,32054.94,45.04,2.35,1.27,0.26,-0.18,-8.57
Northern Europe,2023-11-14,25.51,28541.55,39.62,1.6,0.24,0.26,-1.39,-9.87
Northern Europe,2023-11-15,18.79,11218.61,31.6,2.36,0.54,0.26,-2.27,-10.42
Northern Europe,2023-11-16,19.01,16331.15,32.3,2.04,0.81,0.27,-3.01,-11.65
Northern Europe,2023-11-17,20.87,17870.99,35.15,2.21,0.45,0.27,-2.86,-12.19
Northern Europe,2023-11-18,22.4,28831.3,35.87,2.61,0.84,0.27,-2.22,-11.28
Northern Europe,2023-11-19,23.0,31544.39,36.35,1.53,1.16,0.27,-2.78,-11.11
Northern Europe,2023-11-20,19.87,19366.63,31.0,1.52,0.37,0.27,-2.23,-10.35
Northern Europe,2023-11-21,16.9,10453.38,30.81,2.09,0.2,0.28,-2.89,-11.54
Northern Europe,2023-11-22,35.35,73836.76,61.95,1.63,16.3,0.3,1.89,-10.54
Northern Europe,2023-11-23,35.13,77477.16,54.88,1.01,9.75,0.35,2.28,-8.26
Northern Europe,2023-11-24,30.85,49070.51,47.73,2.52,3.78,0.38,-0.55,-11.03
Northern Europe,2023-11-25,25.68,24954.39,40.48,2.46,0.44,0.38,-1.93,-12.27
Northern Europe,2023-11-26,19.57,11226.53,31.12,1.78,1.45,0.38,-2.58,-12.32
Northern Europe,2023-11-27,25.29,23312.71,41.66,1.77,0.56,0.38,-4.81,-15.85
Northern Europe,2023-11-28,30.14,44723.86,47.6,2.33,1.89,0.39,-4.57,-17.86
Northern Europe,2023-11-29,24.04,22452.83,40.98,2.24,2.19,0.4,-3.59,-12.02
Northern Europe,2023-11-30,22.24,15959.56,34.64,1.78,0.95,0.41,-4.21,-13.02
Northern Europe,2023-12-01,19.51,11066.67,29.27,1.89,0.45,0.41,-5.46,-14.52
Northern Europe,2023-12-02,16.97,7108.85,25.69,2.01,1.07,0.41,-6.46,-15.19
Northern Europe,2023-12-03,18.34,9853.21,27.59,1.57,1.16,0.42,-6.28,-14.98
Northern Europe,2023-12-04,18.11,11380.78,26.92,1.54,0.45,0.42,-5.87,-15.17
Northern Europe,2023-12-05,17.57,12780.15,27.26,1.61,0.78,0.42,-6.61,-15.33
Northern Europe,2023-12-06,21.97,26799.49,33.12,0.91,0.94,0.42,-5.86,-15.11
Northern Europe,2023-12-07,21.61,21809.77,33.91,1.23,0.78,0.43,-4.76,-13.99
Northern Europe,2023-12-08,27.14,37109.61,40.62,0.94,1.62,0.43,-3.7,-12.41
Northern Europe,2023-12-09,28.8,39601.94,42.69,0.94,3.36,0.45,-2.64,-10.72
Northern Europe,2023-12-10,26.56,39149.21,41.15,0.94,1.72,0.46,-3.16,-10.54
Northern Europe,2023-12-11,21.25,15429.73,32.3,0.9,1.01,0.47,-3.31,-10.81
Northern Europe,2023-12-12,19.46,12559.91,29.93,0.85,0.38,0.46,-3.84,-11.71
Northern Europe,2023-12-13,21.64,18675.73,31.72,1.07,0.19,0.46,-5.08,-14.03
Northern Europe,2023-12-14,18.32,15583.31,29.14,1.08,0.89,0.46,-5.13,-14.4
Northern Europe,2023-12-15,21.3,20391.53,30.55,1.43,5.63,0.47,-1.65,-11.48
Northern Europe,2023-12-16,36.8,73971.94,60.32,0.89,16.55,0.5,4.56,-8.21
Northern Europe,2023-12-17,40.62,85095.18,59.78,0.91,12.5,0.5,4.34,-4.36
Northern Europe,2023-12-18,33.67,52179.99,49.1,0.55,5.3,0.49,4.31,-3.68
Northern Europe,2023-12-19,37.23,71010.82,61.76,1.0,7.97,0.5,3.56,-6.62
Northern Europe,2023-12-20,30.49,46825.42,51.61,1.41,4.13,0.52,0.26,-11.08
Northern Europe,2023-12-21,31.85,80018.99,54.93,1.0,8.08,0.56,-1.28,-12.49
Northern Europe,2023-12-22,35.69,76199.83,56.36,1.66,2.76,0.58,-1.78,-11.78
Northern Europe,2023-12-23,31.1,44203.35,47.66,1.49,1.55,0.58,-3.17,-12.15
Northern Europe,2023-12-24,26.99,39154.95,46.41,0.74,5.72,0.6,-1.53,-12.11
Northern Europe,2023-12-25,26.15,52190.01,41.11,1.5,4.61,0.65,-0.97,-10.25
Northern Europe,2023-12-26,23.7,28058.6,39.93,1.2,1.8,0.65,-1.85,-11.34
Northern Europe,2023-12-27,29.0,46048.48,49.08,1.34,1.98,0.66,-1.56,-12.58
Northern Europe,2023-12-28,29.36,64569.59,49.76,1.2,5.66,0.68,-1.72,-13.19
Northern Europe,2023-12-29,29.2,42708.31,44.12,1.43,4.96,0.7,-1.43,-9.52
Northern Europe,2023-12-30,27.22,35163.41,41.99,1.35,1.46,0.69,-2.44,-10.82
Northern Europe,2023-12-31,28.18,47453.29,41.55,0.97,1.8,0.69,-4.2,-13.1
Northern Europe,2024-01-01,29.51,46855.73,42.29,0.94,2.57,0.7,-5.61,-16.25
Northern Europe,2024-01-02,30.13,60947.09,44.72,0.97,1.22,0.7,-9.5,-20.26
Northern Europe,2024-01-03,31.97,79962.97,45.8,0.97,0.67,0.7,-11.6,-21.63
Northern Europe,2024-01-04,24.86,30337.07,38.82,1.5,0.31,0.7,-12.67,-22.87
Northern Europe,2024-01-05,21.92,18570.08,32.14,1.53,0.41,0.7,-12.17,-23.11
Northern Europe,2024-01-06,17.29,11055.73,25.91,2.0,0.09,0.7,-10.12,-21.37
Northern Europe,2024-01-07,20.53,15847.5,34.4,1.99,0.58,0.7,-6.39,-18.95
Northern Europe,2024-01-08,26.27,25310.42,39.07,2.12,1.48,0.7,-2.22,-14.11
Northern Europe,2024-01-09,30.1,40083.15,41.75,1.71,1.58,0.69,1.33,-8.43
Northern Europe,2024-01-10,29.39,39794.43,45.08,1.58,1.59,0.68,1.91,-7.55
Northern Europe,2024-01-11,26.13,26712.11,43.15,2.23,2.26,0.67,0.9,-10.98
Northern Europe,2024-01-12,24.92,28992.05,41.5,1.8,2.79,0.68,-0.59,-11.09
Northern Europe,2024-01-13,29.02,43772.79,45.22,1.59,7.59,0.71,-0.93,-11.65
Northern Europe,2024-01-14,23.72,25307.25,38.64,1.77,3.33,0.72,-3.25,-14.27
Northern Europe,2024-01-15,23.98,23502.95,39.48,2.16,0.65,0.72,-7.64,-18.82
Northern Europe,2024-01-16,21.46,16273.01,34.72,2.43,2.64,0.72,-9.8,-21.64
Northern Europe,2024-01-17,27.32,36747.53,48.45,2.75,2.71,0.75,-7.67,-20.52
Northern Europe,2024-01-18,28.15,31787.69,43.57,3.04,2.29,0.77,-6.97,-18.96
Northern Europe,2024-01-19,27.28,33898.7,42.44,2.73,1.92,0.79,-7.36,-18.54
Northern Europe,2024-01-20,26.13,40579.54,40.31,1.43,2.74,0.79,-7.12,-19.39
Northern Europe,2024-01-21,37.19,87081.4,57.52,1.14,6.1,0.81,-0.13,-14.17
Northern Europe,2024-01-22,46.28,135712.07,70.37,2.25,18.83,0.84,3.27,-7.63
Northern Europe,2024-01-23,38.35,85816.0,60.91,2.28,5.89,0.86,3.24,-6.27
Northern Europe,2024-01-24,30.86,72226.12,48.39,1.5,8.53,0.86,1.51,-8.59
Northern Europe,2024-01-25,24.48,37787.69,42.77,2.31,0.91,0.85,0.0,-9.76
Northern Europe,2024-01-26,31.32,60310.9,53.37,1.5,7.99,0.85,-0.21,-10.63
Northern Europe,2024-01-27,35.82,67928.7,55.09,2.64,8.81,0.88,2.34,-8.22
Northern Europe,2024-01-28,36.52,71478.65,53.7,2.72,3.83,0.88,3.34,-5.63
Northern Europe,2024-01-29,36.2,82242.89,57.68,2.78,5.74,0.86,4.42,-5.52
Northern Europe,2024-01-30,27.91,44742.35,44.14,2.33,2.85,0.85,1.91,-8.33
Northern Europe,2024-01-31,38.57,97465.91,66.3,2.48,11.7,0.85,2.59,-9.79
Northern Europe,2024-02-01,46.98,138755.68,74.41,3.65,7.66,0.9,2.23,-8.83
Northern Europe,2024-02-02,37.26,69193.29,57.73,2.14,16.22,0.92,2.64,-8.18
Northern Europe,2024-02-03,41.31,98960.52,62.09,3.24,11.57,0.94,4.43,-7.41
Northern Europe,2024-02-04,38.91,82596.27,63.13,2.93,7.53,0.97,0.7,-8.87
Northern Europe,2024-02-05,27.98,36510.37,45.07,2.41,2.06,0.97,-1.47,-11.54
Northern Europe,2024-02-06,20.73,26465.8,37.06,1.56,3.04,0.97,-4.71,-15.13
Northern Europe,2024-02-07,18.13,15461.85,32.02,4.26,1.48,0.98,-6.4,-16.96
Northern Europe,2024-02-08,20.07,16148.91,33.03,4.29,1.11,0.98,-7.38,-17.93
Northern Europe,2024-02-09,23.67,34638.58,35.67,2.47,0.49,0.98,-8.14,-19.06
Northern Europe,2024-02-10,23.62,36544.59,34.45,2.73,2.0,0.97,-7.56,-18.41
Northern Europe,2024-02-11,24.79,30644.71,34.88,2.44,0.9,0.99,-6.12,-16.73
Northern Europe,2024-02-12,25.7,33363.78,38.81,2.21,4.59,0.99,-5.4,-15.38
Northern Europe,2024-02-13,26.79,31651.26,42.44,3.24,3.13,1.02,-4.27,-14.0
Northern Europe,2024-02-14,24.63,24330.66,37.76,2.35,2.41,1.04,-1.69,-11.32
Northern Europe,2024-02-15,21.89,18605.12,33.22,2.26,4.51,1.04,0.38,-8.45
Northern Europe,2024-02-16,27.34,29571.25,42.78,2.9,10.42,1.06,2.6,-6.26
Northern Europe,2024-02-17,30.48,40321.56,51.75,4.52,1.34,1.06,1.34,-9.43
Northern Europe,2024-02-18,24.8,24447.99,40.22,3.75,2.4,1.05,-0.86,-11.61
Northern Europe,2024-02-19,20.25,16126.82,31.95,3.91,1.54,1.04,-0.25,-10.05
Northern Europe,2024-02-20,22.38,22359.69,35.32,3.7,3.54,1.03,1.34,-7.82
Northern Europe,2024-02-21,25.75,33349.44,41.63,4.66,3.06,1.03,2.5,-6.79
Northern Europe,2024-02-22,29.19,35269.94,45.68,3.9,3.78,1.02,2.56,-6.59
Northern Europe,2024-02-23,39.42,82781.62,65.58,4.89,13.4,1.05,3.32,-5.82
Northern Europe,2024-02-24,30.54,45062.74,52.38,5.14,2.02,1.06,3.38,-5.47
Northern Europe,2024-02-25,26.41,28816.27,41.98,4.77,1.1,1.04,2.46,-6.53
Northern Europe,2024-02-26,20.49,15258.79,33.88,5.0,0.87,1.03,2.16,-7.6
Northern Europe,2024-02-27,22.51,24862.03,38.2,3.82,2.31,1.01,0.98,-9.42
Northern Europe,2024-02-28,30.69,40616.86,48.02,4.26,4.56,1.02,2.67,-6.4
Northern Europe,2024-02-29,34.51,57036.76,53.83,4.36,6.3,1.03,3.31,-6.04
Northern Europe,2024-03-01,31.55,41685.9,47.39,5.38,5.93,1.03,3.75,-4.44
Northern Europe,2024-03-02,25.69,25518.7,38.65,6.31,2.0,1.02,3.88,-3.84
Northern Europe,2024-03-03,19.97,16350.18,30.52,6.83,1.41,1.0,3.99,-3.76
Northern Europe,2024-03-04,24.33,29413.01,37.84,7.35,2.98,0.99,3.29,-5.2
Northern Europe,2024-03-05,22.71,30065.66,38.49,7.32,0.11,0.98,2.47,-7.22
Northern Europe,2024-03-06,18.19,15566.2,30.57,7.08,0.17,0.96,1.89,-8.84
Northern Europe,2024-03-07,17.4,12841.89,27.99,9.15,0.03,0.96,2.54,-9.28
Northern Europe,2024-03-08,17.94,12954.67,29.38,9.21,0.1,0.95,1.86,-8.58
Northern Europe,2024-03-09,21.02,22242.91,34.3,7.29,0.25,0.94,0.73,-9.31
Northern Europe,2024-03-10,23.71,29659.63,35.56,7.54,0.18,0.94,0.3,-10.48
Northern Europe,2024-03-11,21.32,22688.08,33.52,8.43,0.13,0.93,1.62,-11.04
Northern Europe,2024-03-12,18.96,15443.65,30.86,5.68,0.16,0.93,2.1,-10.19
Northern Europe,2024-03-13,21.27,22655.83,39.19,5.0,5.75,0.93,2.0,-7.76
Northern Europe,2024-03-14,32.81,51594.49,50.34,5.15,4.91,0.94,5.15,-4.7
Northern Europe,2024-03-15,28.11,33541.81,45.33,6.33,6.58,0.95,5.08,-3.46
Northern Europe,2024-03-16,30.12,42990.36,50.95,8.55,4.74,0.97,2.83,-8.88
Northern Europe,2024-03-17,24.84,26952.72,43.59,9.45,0.46,0.97,-0.18,-12.56
Northern Europe,2024-03-18,27.49,39935.36,40.14,6.62,1.24,0.97,1.04,-11.52
Northern Europe,2024-03-19,24.06,25169.04,36.95,6.14,2.59,0.97,2.53,-9.05
Northern Europe,2024-03-20,19.09,12092.26,33.23,7.3,1.71,0.97,3.69,-6.13
Northern Europe,2024-03-21,21.04,23613.29,36.9,8.44,3.66,0.96,4.3,-5.84
Northern Europe,2024-03-22,28.31,36645.34,45.81,6.89,7.98,0.98,3.9,-5.2
Northern Europe,2024-03-23,26.27,30303.35,41.91,11.26,5.86,1.0,3.05,-6.44
Northern Europe,2024-03-24,18.34,11442.96,31.66,8.1,1.61,1.01,1.43,-7.21
Northern Europe,2024-03-25,14.36,7050.26,27.69,9.43,2.08,1.01,0.46,-9.43
Northern Europe,2024-03-26,17.15,10906.4,32.59,10.77,2.89,1.01,0.81,-10.32
Northern Europe,2024-03-27,25.6,23036.25,39.76,11.32,3.95,1.02,3.77,-7.39
Northern Europe,2024-03-28,22.32,17970.42,36.43,9.52,4.6,1.03,5.69,-3.97
Northern Europe,2024-03-29,26.72,27768.84,42.35,9.12,5.82,1.03,4.62,-3.98
Northern Europe,2024-03-30,23.01,19521.44,38.11,10.31,3.28,1.04,5.67,-4.1
Northern Europe,2024-03-31,17.97,9866.59,32.26,11.94,6.91,1.04,6.05,-4.0
Northern Europe,2024-04-01,22.87,19820.85,39.94,9.83,1.02,1.04,5.44,-5.39
Northern Europe,2024-04-02,26.43,31992.23,43.28,5.47,0.57,1.02,1.89,-9.05
Northern Europe,2024-04-03,25.31,27396.0,43.39,8.38,1.35,1.02,-0.34,-11.95
Northern Europe,2024-04-04,22.43,23638.27,40.77,8.44,4.06,1.03,-0.83,-12.92
Northern Europe,2024-04-05,26.32,33405.57,45.77,6.06,3.5,1.05,1.1,-10.52
Northern Europe,2024-04-06,24.33,52063.16,45.17,10.02,2.76,1.05,4.44,-7.0
Northern Europe,2024-04-07,33.9,63086.22,55.4,14.09,8.93,1.04,7.03,-4.78
Northern Europe,2024-04-08,24.8,25083.21,43.51,12.92,2.58,1.03,8.63,-1.93
Northern Europe,2024-04-09,22.15,21380.51,36.05,12.55,3.58,1.01,9.92,-1.74
Northern Europe,2024-04-10,35.8,61485.17,60.87,13.25,8.34,0.99,8.14,-2.44
Northern Europe,2024-04-11,35.13,60031.62,59.28,10.62,9.2,0.99,8.04,-2.53
Northern Europe,2024-04-12,28.28,36568.17,43.63,8.82,2.4,0.97,8.78,-1.47
Northern Europe,2024-04-13,28.65,37113.63,46.32,12.49,5.55,0.94,9.06,-1.42
Northern Europe,2024-04-14,28.53,46608.48,51.06,13.75,6.6,0.93,6.48,-3.76
Northern Europe,2024-04-15,27.37,36629.84,46.52,13.75,0.88,0.92,5.45,-5.16
Northern Europe,2024-04-16,21.97,16636.31,37.33,14.31,0.85,0.91,4.88,-5.52
Northern Europe,2024-04-17,19.28,11648.0,35.91,13.47,0.75,0.9,3.73,-6.44
Northern Europe,2024-04-18,17.2,8182.16,32.06,14.51,0.82,0.9,3.01,-8.33
Northern Europe,2024-04-19,21.84,16890.56,39.7,9.98,1.19,0.89,2.47,-8.58
Northern Europe,2024-04-20,21.77,17215.89,40.34,15.31,1.04,0.89,2.59,-8.98
Northern Europe,2024-04-21,17.3,8326.11,33.25,17.32,0.08,0.89,3.4,-8.64
Northern Europe,2024-04-22,19.54,13416.02,37.23,12.7,1.35,0.88,2.91,-9.47
Northern Europe,2024-04-23,22.22,16838.45,40.65,11.1,2.7,0.88,3.27,-7.81
Northern Europe,2024-04-24,16.26,7642.32,32.48,14.06,2.3,0.89,4.03,-5.55
Northern Europe,2024-04-25,15.62,5996.93,31.4,11.71,1.49,0.89,4.43,-5.64
Northern Europe,2024-04-26,18.56,10171.84,32.75,14.03,0.89,0.88,5.11,-5.06
Northern Europe,2024-04-27,15.5,7287.22,30.2,16.51,1.11,0.87,6.34,-4.3
Northern Europe,2024-04-28,19.96,18126.06,36.48,19.26,3.34,0.86,8.14,-3.52
Northern Europe,2024-04-29,25.34,25930.37,43.71,18.72,5.28,0.86,9.1,-1.23
Northern Europe,2024-04-30,21.88,19935.65,36.93,17.61,1.0,0.84,11.13,-0.95
Northern Europe,2024-05-01,20.36,20517.28,34.11,22.71,2.04,0.81,13.47,-0.56
Northern Europe,2024-05-02,20.26,23609.71,31.74,20.96,0.14,0.78,14.03,0.83
Northern Europe,2024-05-03,18.63,16915.25,30.3,20.81,0.2,0.74,14.4,1.13
Northern Europe,2024-05-04,17.38,10422.62,31.32,16.96,0.14,0.71,13.58,1.5
Northern Europe,2024-05-05,17.6,9929.27,33.07,14.88,0.86,0.68,10.31,-0.0
Northern Europe,2024-05-06,18.52,9868.15,34.17,14.15,1.43,0.65,8.47,-0.97
Northern Europe,2024-05-07,17.39,9000.03,34.81,19.51,1.37,0.63,8.49,-2.31
Northern Europe,2024-05-08,16.55,7254.81,32.53,20.51,1.72,0.62,7.94,-2.23
Northern Europe,2024-05-09,20.06,14071.73,39.57,14.43,4.11,0.6,8.87,-1.74
Northern Europe,2024-05-10,23.94,21016.35,44.28,17.2,0.74,0.58,9.57,-0.72
Northern Europe,2024-05-11,17.26,10329.96,32.57,24.06,0.52,0.56,12.08,-0.92
Northern Europe,2024-05-12,16.72,8725.65,30.97,24.57,1.01,0.53,13.99,1.64
Northern Europe,2024-05-13,18.47,15942.13,33.56,21.17,0.3,0.5,16.16,2.94
Northern Europe,2024-05-14,21.71,20995.92,37.41,23.17,0.33,0.46,17.6,3.69
Northern Europe,2024-05-15,23.87,23954.27,39.48,24.2,0.6,0.42,18.55,4.99
Northern Europe,2024-05-16,20.81,22501.69,36.63,25.01,0.09,0.39,18.09,5.3
Northern Europe,2024-05-17,22.89,22839.63,38.5,24.29,0.07,0.35,18.93,5.04
Northern Europe,2024-05-18,23.23,20328.6,38.82,24.39,1.13,0.32,18.59,5.17
Northern Europe,2024-05-19,21.51,16903.44,42.85,24.98,1.45,0.3,16.18,3.94
Northern Europe,2024-05-20,18.37,11716.46,35.89,25.42,0.42,0.28,14.96,2.57
Northern Europe,2024-05-21,17.98,13107.87,33.13,25.13,0.46,0.26,16.49,3.01
Northern Europe,2024-05-22,23.29,26508.72,41.06,23.2,0.1,0.23,18.63,3.99
Northern Europe,2024-05-23,24.48,22092.68,43.66,17.23,0.71,0.21,20.07,6.35
Northern Europe,2024-05-24,18.55,14722.17,36.77,20.58,2.35,0.18,18.76,8.29
Northern Europe,2024-05-25,18.08,11930.68,35.8,20.67,2.35,0.16,18.79,7.33
Northern Europe,2024-05-26,17.9,9839.19,34.89,21.8,3.58,0.14,20.01,7.92
Northern Europe,2024-05-27,21.27,13509.61,41.06,21.8,5.31,0.13,19.83,9.31
Northern Europe,2024-05-28,20.83,14852.43,40.81,17.78,3.99,0.11,19.19,9.35
Northern Europe,2024-05-29,20.55,15438.87,41.55,17.7,3.51,0.1,19.14,8.74
Northern Europe,2024-05-30,17.73,11979.51,36.82,22.82,5.17,0.08,18.89,8.57
Northern Europe,2024-05-31,16.35,8676.1,33.88,21.12,1.22,0.07,20.15,9.35
Northern Europe,2024-06-01,14.79,7441.8,31.53,23.36,1.35,0.06,20.43,10.33
Northern Europe,2024-06-02,18.23,13294.47,35.68,23.63,0.73,0.05,19.14,9.45
Northern Europe,2024-06-03,20.37,17446.73,40.06,17.96,3.53,0.04,17.07,7.58
Northern Europe,2024-06-04,23.31,22120.23,45.83,20.66,8.22,0.03,16.51,5.82
Northern Europe,2024-06-05,25.8,26500.46,49.94,22.81,10.28,0.03,15.66,4.87
Northern Europe,2024-06-06,21.54,13925.7,44.69,21.8,4.08,0.02,14.07,4.4
Northern Europe,2024-06-07,19.29,11624.36,39.21,20.52,2.84,0.02,13.73,3.73
Northern Europe,2024-06-08,20.55,15068.37,41.16,16.43,7.22,0.02,13.23,3.74
Northern Europe,2024-06-09,27.38,33724.24,53.03,18.37,8.52,0.02,12.28,3.34
Northern Europe,2024-06-10,24.49,25352.15,45.53,21.51,5.55,0.01,12.99,3.44
Northern Europe,2024-06-11,19.98,14666.55,38.8,19.68,2.89,0.01,13.73,4.17
Northern Europe,2024-06-12,17.29,11267.44,35.8,22.79,4.56,0.01,13.41,4.36
Northern Europe,2024-06-13,17.58,13908.15,38.28,20.1,3.59,0.0,14.07,4.67
Northern Europe,2024-06-14,16.69,10038.05,34.63,18.3,2.7,0.0,14.75,5.47
Northern Europe,2024-06-15,21.48,20812.8,42.07,16.74,7.13,0.0,15.61,6.01
Northern Europe,2024-06-16,21.56,14277.96,39.79,21.62,5.32,0.0,16.39,7.03
Northern Europe,2024-06-17,17.7,8833.74,34.65,21.5,7.93,0.0,16.94,8.67
Northern Europe,2024-06-18,18.61,10979.5,37.8,23.02,7.24,0.0,16.29,8.67
Northern Europe,2024-06-19,24.61,22936.14,47.76,19.76,4.47,0.0,15.05,6.03
Northern Europe,2024-06-20,26.2,31057.8,49.29,26.05,3.04,0.0,15.17,5.0
Northern Europe,2024-06-21,22.82,19703.08,43.86,22.35,1.12,0.0,16.53,5.74
Northern Europe,2024-06-22,17.91,9754.29,34.11,16.32,3.14,0.0,16.91,7.82
Northern Europe,2024-06-23,17.83,11106.06,33.39,19.97,3.06,0.0,17.26,8.16
Northern Europe,2024-06-24,19.19,13884.3,36.63,23.65,1.1,0.0,18.47,8.17
Northern Europe,2024-06-25,17.93,10764.66,34.28,25.33,1.23,0.0,21.53,9.46
Northern Europe,2024-06-26,16.91,11157.18,33.85,26.59,1.04,0.0,21.16,11.46
Northern Europe,2024-06-27,21.98,25961.97,41.07,24.12,0.45,0.0,22.89,11.64
Northern Europe,2024-06-28,25.35,24568.63,49.66,23.52,6.11,0.0,21.81,10.85
Northern Europe,2024-06-29,27.9,31333.05,53.36,21.44,8.22,0.0,17.76,8.65
Northern Europe,2024-06-30,21.01,14722.1,41.49,16.92,1.42,0.0,16.55,7.66
Northern Europe,2024-07-01,19.64,12047.16,37.11,17.29,4.44,0.0,16.09,8.7
Northern Europe,2024-07-02,22.26,18204.48,42.42,14.93,5.67,0.0,15.36,8.0
Northern Europe,2024-07-03,18.85,14655.52,37.46,17.46,2.16,0.0,15.56,7.49
Northern Europe,2024-07-04,24.34,24651.67,47.71,17.22,7.89,0.0,15.52,7.17
Northern Europe,2024-07-05,24.45,23551.37,44.28,20.52,6.54,0.0,14.68,6.8
Northern Europe,2024-07-06,23.12,20087.38,45.89,17.74,4.09,0.0,15.85,6.42
Northern Europe,2024-07-07,29.28,44223.38,55.89,21.39,13.19,0.0,15.19,7.46
Northern Europe,2024-07-08,22.03,20408.38,42.55,21.38,4.55,0.0,16.17,7.86
Northern Europe,2024-07-09,18.18,10934.17,36.09,17.31,1.75,0.0,17.06,7.71
Northern Europe,2024-07-10,20.98,17728.11,39.27,20.06,10.13,0.0,18.02,8.8
Northern Europe,2024-07-11,20.72,14596.17,37.61,18.8,8.11,0.0,18.3,11.14
Northern Europe,2024-07-12,17.08,8247.02,32.89,18.88,2.22,0.0,18.54,11.73
Northern Europe,2024-07-13,18.89,13605.04,34.38,12.19,1.1,0.0,20.08,10.72
Northern Europe,2024-07-14,21.53,16547.24,39.87,18.53,7.2,0.0,18.67,11.66
Northern Europe,2024-07-15,18.43,10562.07,35.33,19.02,6.03,0.0,18.1,11.43
Northern Europe,2024-07-16,14.71,6066.36,30.77,17.6,3.31,0.0,18.99,11.69
Northern Europe,2024-07-17,20.67,14657.06,39.7,19.26,6.74,0.0,18.74,11.94
Northern Europe,2024-07-18,20.98,15656.11,40.22,19.09,5.14,0.0,18.45,11.84
Northern Europe,2024-07-19,19.74,13689.46,36.35,22.65,1.95,0.0,19.61,10.96
Northern Europe,2024-07-20,17.8,10074.09,32.95,22.23,0.47,0.0,21.46,12.05
Northern Europe,2024-07-21,18.94,12531.44,35.12,20.25,3.78,0.0,21.71,13.01
Northern Europe,2024-07-22,17.25,8339.21,33.99,17.98,8.76,0.0,20.09,12.75
Northern Europe,2024-07-23,16.19,6744.85,33.4,18.03,4.68,0.0,19.91,12.34
Northern Europe,2024-07-24,17.4,10905.71,34.75,19.68,4.63,0.0,18.73,11.89
Northern Europe,2024-07-25,16.54,8813.44,33.7,17.39,3.15,0.0,19.65,11.87
Northern Europe,2024-07-26,18.99,10651.44,37.77,15.83,9.71,0.0,19.44,12.63
Northern Europe,2024-07-27,15.62,6150.27,31.84,22.46,5.44,0.0,18.57,12.13
Northern Europe,2024-07-28,19.47,14894.06,40.09,19.61,4.9,0.0,17.99,10.65
Northern Europe,2024-07-29,23.24,20435.15,42.56,16.91,4.51,0.0,18.55,9.85
Northern Europe,2024-07-30,17.83,9661.72,33.53,22.48,2.17,0.0,19.09,10.1
Northern Europe,2024-07-31,19.97,12425.09,37.41,22.54,4.55,0.0,17.18,9.75
Northern Europe,2024-08-01,21.01,14113.47,36.89,21.79,1.49,0.0,17.67,9.43
Northern Europe,2024-08-02,19.42,12659.72,36.11,16.41,1.33,0.0,18.75,10.15
Northern Europe,2024-08-03,17.02,8113.9,33.32,17.91,2.52,0.0,19.13,11.18
Northern Europe,2024-08-04,16.88,13938.47,33.48,16.45,3.47,0.0,18.64,11.89
Northern Europe,2024-08-05,14.73,9579.55,30.2,16.74,0.89,0.0,19.9,11.3
Northern Europe,2024-08-06,16.5,11939.67,31.12,19.63,1.33,0.0,20.39,12.08
Northern Europe,2024-08-07,19.16,14158.92,35.41,16.81,5.73,0.0,19.71,11.89
Northern Europe,2024-08-08,21.03,14571.26,38.9,17.08,4.83,0.0,18.95,11.11
Northern Europe,2024-08-09,27.71,32674.37,48.43,14.75,16.38,0.0,18.25,10.54
Northern Europe,2024-08-10,30.09,38441.91,51.65,19.29,12.93,0.0,16.82,9.83
Northern Europe,2024-08-11,28.97,36242.37,51.68,18.83,6.07,0.0,16.51,8.74
Northern Europe,2024-08-12,23.13,22485.96,43.96,20.25,1.37,0.0,18.14,8.35
Northern Europe,2024-08-13,19.88,19598.13,34.59,18.41,1.5,0.0,20.34,9.88
Northern Europe,2024-08-14,18.38,12363.18,35.72,16.64,4.04,0.0,20.52,11.77
Northern Europe,2024-08-15,23.84,20446.58,42.65,18.0,8.94,0.0,19.13,12.2
Northern Europe,2024-08-16,25.8,25223.42,45.43,15.01,6.1,0.0,17.48,9.93
Northern Europe,2024-08-17,20.42,15270.75,39.45,17.02,2.53,0.0,17.12,8.37
Northern Europe,2024-08-18,19.79,13312.37,37.35,16.23,5.64,0.0,16.9,7.79
Northern Europe,2024-08-19,24.73,24287.54,45.86,14.81,3.96,0.0,16.53,7.97
Northern Europe,2024-08-20,26.74,29988.34,47.95,17.94,7.49,0.0,17.72,8.52
Northern Europe,2024-08-21,27.54,31906.97,49.05,13.85,5.84,0.0,17.28,9.31
Northern Europe,2024-08-22,27.84,33534.0,49.3,9.38,9.33,0.0,16.62,9.27
Northern Europe,2024-08-23,30.65,48089.52,56.44,9.68,10.68,0.0,15.89,9.1
Northern Europe,2024-08-24,32.02,43013.11,58.73,13.9,10.68,0.0,16.57,7.58
Northern Europe,2024-08-25,33.04,48537.12,57.26,16.67,9.42,0.0,16.4,7.62
Northern Europe,2024-08-26,33.13,48061.09,59.78,15.05,8.24,0.0,15.71,6.95
Northern Europe,2024-08-27,28.33,36311.14,51.05,16.82,4.56,0.0,16.13,7.0
Northern Europe,2024-08-28,25.12,22017.79,40.78,18.03,3.85,0.0,18.56,9.31
Northern Europe,2024-08-29,23.33,17868.85,39.89,17.21,5.52,0.0,19.77,10.1
Northern Europe,2024-08-30,22.26,16022.27,39.86,16.68,5.03,0.0,17.29,9.27
Northern Europe,2024-08-31,22.66,16889.81,41.18,16.06,1.53,0.0,16.02,7.65
Northern Europe,2024-09-01,21.2,16508.54,39.32,13.96,0.34,0.0,16.6,7.32
Northern Europe,2024-09-02,20.49,13524.13,37.39,14.28,2.21,0.0,16.53,8.28
Northern Europe,2024-09-03,23.25,19703.96,39.99,13.67,7.74,0.0,17.15,9.78
Northern Europe,2024-09-04,20.83,14838.95,35.57,14.26,7.26,0.0,19.78,11.53
Northern Europe,2024-09-05,21.88,20564.25,33.49,15.99,0.82,0.0,22.03,12.82
Northern Europe,2024-09-06,21.65,21001.16,33.74,16.68,0.05,0.0,21.88,12.31
Northern Europe,2024-09-07,20.31,14871.95,31.18,15.66,0.25,0.0,21.12,12.07
Northern Europe,2024-09-08,22.82,17302.67,39.15,14.43,6.26,0.0,20.77,11.62
Northern Europe,2024-09-09,28.76,30068.22,48.1,10.68,13.34,0.0,18.81,10.5
Northern Europe,2024-09-10,35.4,56724.67,58.57,9.11,12.89,0.0,15.7,7.54
Northern Europe,2024-09-11,29.68,35380.76,51.0,11.65,10.16,0.0,13.45,5.86
Northern Europe,2024-09-12,25.37,23901.36,47.14,12.36,7.61,0.0,13.15,5.17
Northern Europe,2024-09-13,18.0,14871.68,32.26,10.39,1.58,0.0,13.03,4.92
Northern Europe,2024-09-14,21.96,22564.15,36.32,11.46,0.75,0.0,13.49,4.25
Northern Europe,2024-09-15,18.09,10043.19,31.49,9.93,2.42,0.0,14.49,4.48
Northern Europe,2024-09-16,16.3,7313.5,28.46,12.61,2.42,0.0,15.34,5.51
Northern Europe,2024-09-17,16.54,9778.64,28.53,13.47,0.52,0.0,15.7,6.83
Northern Europe,2024-09-18,19.2,14697.47,31.78,13.7,0.45,0.0,17.39,7.27
Northern Europe,2024-09-19,19.43,17261.03,30.7,13.95,0.44,0.0,18.43,8.06
Northern Europe,2024-09-20,18.83,14085.95,30.58,13.64,0.32,0.0,16.33,6.77
Northern Europe,2024-09-21,20.52,14477.39,36.71,12.47,0.46,0.0,13.8,4.93
Northern Europe,2024-09-22,15.4,5952.36,27.75,11.48,0.38,0.0,12.57,4.13
Northern Europe,2024-09-23,17.53,7787.14,30.4,10.69,3.03,0.0,12.41,4.74
Northern Europe,2024-09-24,20.39,13831.74,35.86,9.16,8.22,0.0,12.76,6.22
Northern Europe,2024-09-25,28.35,35458.12,52.08,8.29,12.25,0.01,11.95,4.79
Northern Europe,2024-09-26,27.74,35468.61,51.36,5.28,3.05,0.01,11.01,2.76
Northern Europe,2024-09-27,26.21,30271.8,46.21,6.56,2.17,0.01,9.54,1.13
Northern Europe,2024-09-28,24.83,25718.85,42.51,9.41,3.25,0.02,8.1,-0.96
Northern Europe,2024-09-29,27.49,29314.28,48.31,8.59,2.04,0.02,8.08,-1.45
Northern Europe,2024-09-30,25.28,27289.6,40.61,10.26,0.89,0.02,9.35,-0.94
Northern Europe,2024-10-01,25.76,36013.87,43.33,6.35,1.31,0.02,10.12,0.63
Northern Europe,2024-10-02,16.88,11372.53,30.0,7.74,0.72,0.02,9.51,-0.4
Northern Europe,2024-10-03,19.72,14149.49,32.68,8.33,1.6,0.02,9.73,0.2
Northern Europe,2024-10-04,20.7,16071.18,34.32,7.89,1.4,0.02,9.52,-0.05
Northern Europe,2024-10-05,19.57,18433.49,33.29,8.01,2.73,0.02,8.98,0.14
Northern Europe,2024-10-06,21.99,16590.18,37.35,8.65,3.74,0.02,8.59,0.72
Northern Europe,2024-10-07,22.39,19118.23,38.49,5.66,3.4,0.02,7.47,-0.05
Northern Europe,2024-10-08,25.07,21579.16,39.73,4.92,7.95,0.03,8.73,1.04
Northern Europe,2024-10-09,29.51,38434.19,47.68,5.29,10.64,0.04,9.37,2.61
Northern Europe,2024-10-10,28.11,40527.2,52.28,4.7,9.26,0.05,8.98,-0.52
Northern Europe,2024-10-11,29.31,40326.08,51.8,6.33,7.41,0.07,7.72,-1.99
Northern Europe,2024-10-12,26.63,31202.37,43.69,7.44,4.16,0.07,6.72,-2.75
Northern Europe,2024-10-13,24.65,25290.53,41.59,5.68,4.89,0.08,7.46,-0.87
Northern Europe,2024-10-14,17.39,10666.57,32.66,6.35,1.41,0.08,6.5,-1.05
Northern Europe,2024-10-15,22.36,19802.99,35.34,6.92,1.19,0.07,7.04,-2.28
Northern Europe,2024-10-16,27.73,36293.94,40.93,7.21,1.64,0.07,8.53,-1.44
Northern Europe,2024-10-17,31.11,43929.82,45.98,7.15,2.38,0.06,9.5,0.42
Northern Europe,2024-10-18,27.23,38436.22,43.79,4.7,1.86,0.05,10.85,3.09
Northern Europe,2024-10-19,24.4,21445.17,37.07,6.01,3.68,0.04,10.95,3.68
Northern Europe,2024-10-20,33.55,69408.36,52.88,5.42,8.92,0.03,10.75,3.74
Northern Europe,2024-10-21,40.02,83086.61,61.83,5.04,11.93,0.03,11.17,3.39
Northern Europe,2024-10-22,30.65,43048.26,48.77,5.17,7.23,0.03,9.66,1.73
Northern Europe,2024-10-23,34.81,56689.66,55.26,6.19,8.14,0.04,9.06,0.63
Northern Europe,2024-10-24,28.76,38850.57,47.53,4.86,1.52,0.04,10.33,2.43
Northern Europe,2024-10-25,24.28,28182.41,40.76,4.0,1.33,0.03,9.13,1.4
Northern Europe,2024-10-26,20.48,19550.72,35.48,3.67,3.44,0.03,8.19,0.56
Northern Europe,2024-10-27,31.22,40174.36,48.71,2.88,12.02,0.04,8.55,-0.35
Northern Europe,2024-10-28,28.71,31977.49,45.26,2.68,3.53,0.05,7.22,-0.92
Northern Europe,2024-10-29,24.62,29478.44,42.36,3.03,3.17,0.05,6.56,-1.62
Northern Europe,2024-10-30,33.54,52203.83,53.6,3.86,5.33,0.06,6.94,-1.29
Northern Europe,2024-10-31,26.59,36239.61,45.18,2.37,22.36,0.08,6.04,-1.68
Northern Europe,2024-11-01,32.09,66374.41,56.02,2.29,11.14,0.1,6.16,-5.53
Northern Europe,2024-11-02,29.31,38942.58,51.17,4.49,2.24,0.11,3.48,-5.64
Northern Europe,2024-11-03,28.67,35849.6,46.63,2.25,5.08,0.12,6.28,-3.02
Northern Europe,2024-11-04,21.85,16597.45,35.33,3.32,1.88,0.11,5.95,-1.94
Northern Europe,2024-11-05,23.42,20578.24,33.09,2.13,1.37,0.11,7.17,-0.24
Northern Europe,2024-11-06,22.87,19290.73,32.24,2.19,0.63,0.1,6.61,0.17
Northern Europe,2024-11-07,24.47,26439.64,34.25,1.96,0.52,0.09,7.98,0.52
Northern Europe,2024-11-08,26.05,34481.11,36.95,2.17,0.94,0.08,7.45,0.31
Northern Europe,2024-11-09,20.99,18498.16,33.02,1.63,0.21,0.07,6.41,-1.13
Northern Europe,2024-11-10,15.12,6718.44,24.42,1.56,0.18,0.07,3.75,-2.47
Northern Europe,2024-11-11,15.55,6786.06,24.89,1.81,1.12,0.07,3.88,-2.34
Northern Europe,2024-11-12,18.95,16299.38,28.45,2.54,1.3,0.07,4.39,-2.62
Northern Europe,2024-11-13,28.61,44509.5,42.62,2.18,2.47,0.07,6.53,-1.89
Northern Europe,2024-11-14,30.77,46602.46,44.61,2.42,2.5,0.07,5.31,-2.69
Northern Europe,2024-11-15,32.2,50301.96,48.31,1.78,6.75,0.08,7.6,-0.98
Northern Europe,2024-11-16,36.85,69920.55,54.89,1.31,11.7,0.09,7.1,-4.2
Northern Europe,2024-11-17,31.52,48436.84,51.94,2.27,5.15,0.12,3.12,-4.95
Northern Europe,2024-11-18,24.38,25858.9,40.65,2.26,1.77,0.14,1.38,-6.52
Northern Europe,2024-11-19,17.42,11445.52,31.42,1.85,1.43,0.14,-0.53,-8.4
Northern Europe,2024-11-20,27.25,34182.6,49.88,2.58,1.53,0.15,-1.19,-10.78
Northern Europe,2024-11-21,34.51,70613.69,57.72,2.39,1.38,0.16,-3.16,-13.23
Northern Europe,2024-11-22,25.77,27302.24,46.09,2.36,2.01,0.17,-3.19,-12.95
Northern Europe,2024-11-23,31.66,53119.01,49.47,2.31,2.69,0.18,-0.56,-11.74
Northern Europe,2024-11-24,38.33,88190.67,60.12,1.75,11.62,0.19,3.47,-9.77
Northern Europe,2024-11-25,39.55,86026.16,60.25,1.5,9.56,0.22,5.69,-3.81
Northern Europe,2024-11-26,30.59,46237.01,45.54,2.26,5.56,0.22,4.47,-3.72
Northern Europe,2024-11-27,19.48,13042.24,32.32,2.14,0.73,0.22,1.67,-7.03
Northern Europe,2024-11-28,24.3,34118.38,38.15,1.36,0.52,0.22,-0.15,-9.77
Northern Europe,2024-11-29,29.5,45382.45,45.15,1.31,4.74,0.22,2.3,-8.52
Northern Europe,2024-11-30,30.13,47466.41,46.22,1.53,6.98,0.23,3.1,-6.17
Northern Europe,2024-12-01,32.59,50305.37,48.9,1.61,8.34,0.23,5.74,-3.07
Northern Europe,2024-12-02,33.59,52865.63,51.57,1.28,5.86,0.22,5.66,-6.15
Northern Europe,2024-12-03,26.97,26637.49,41.19,1.08,1.08,0.22,-0.03,-10.24
Northern Europe,2024-12-04,24.91,30284.62,38.58,0.86,0.62,0.22,-3.13,-12.66
Northern Europe,2024-12-05,32.99,57006.12,50.0,0.92,5.81,0.24,-0.56,-10.96
Northern Europe,2024-12-06,31.09,47061.45,51.62,0.68,2.75,0.26,1.33,-7.42
Northern Europe,2024-12-07,31.46,67441.38,49.19,0.9,3.03,0.28,1.04,-5.77
Northern Europe,2024-12-08,27.51,32896.18,42.59,1.18,1.39,0.28,1.1,-7.2
Northern Europe,2024-12-09,27.78,34710.95,41.99,1.43,1.63,0.28,0.9,-9.05
Northern Europe,2024-12-10,29.21,43962.1,41.91,1.53,2.63,0.29,2.31,-7.16
Northern Europe,2024-12-11,28.19,38095.61,40.44,1.47,0.81,0.28,1.62,-7.96
Northern Europe,2024-12-12,23.25,23849.72,36.75,1.37,0.46,0.28,-0.86,-9.82
Northern Europe,2024-12-13,21.96,19555.82,35.07,1.49,6.76,0.29,-0.1,-9.47
Northern Europe,2024-12-14,30.42,37272.1,46.74,0.94,7.76,0.33,0.04,-9.46
Northern Europe,2024-12-15,33.63,57196.0,58.5,0.7,15.58,0.36,0.74,-11.59
Northern Europe,2024-12-16,41.07,101939.94,66.69,1.06,11.44,0.41,1.78,-8.66
Northern Europe,2024-12-17,31.54,52766.11,52.57,1.16,1.89,0.42,0.4,-9.07
Northern Europe,2024-12-18,30.85,55542.56,55.4,0.66,14.31,0.43,1.38,-10.53
Northern Europe,2024-12-19,34.87,64213.23,56.8,1.02,8.54,0.47,2.15,-9.52
Northern Europe,2024-12-20,31.34,44939.57,50.53,1.53,4.29,0.48,-0.53,-10.85
Northern Europe,2024-12-21,31.93,59013.67,49.56,1.21,7.8,0.5,-0.96,-11.25
Northern Europe,2024-12-22,31.8,57774.85,51.98,1.51,7.33,0.52,0.1,-10.9
Northern Europe,2024-12-23,24.06,29055.96,38.29,1.1,0.99,0.53,-0.41,-9.63
Northern Europe,2024-12-24,23.75,27929.56,38.6,0.84,4.03,0.53,1.38,-10.21
Northern Europe,2024-12-25,33.75,57712.93,46.5,0.99,6.16,0.52,5.91,-3.95
Northern Europe,2024-12-26,31.42,48012.04,45.86,0.74,5.47,0.5,5.51,-2.28
Northern Europe,2024-12-27,27.43,36530.44,35.96,0.67,4.67,0.49,3.26,-3.79
Northern Europe,2024-12-28,26.42,29427.33,36.02,0.71,6.22,0.49,2.6,-4.76
Northern Europe,2024-12-29,36.69,66275.41,54.51,0.98,12.11,0.5,3.46,-5.64
Northern Europe,2024-12-30,39.11,84109.22,62.32,0.75,3.6,0.52,1.63,-8.59
Northern Europe,2024-12-31,34.11,65243.33,57.14,0.7,7.01,0.53,-1.44,-11.08
Northern Europe,2025-01-01,27.79,46337.13,44.16,0.55,5.17,0.58,-2.93,-13.78
Northern Europe,2025-01-02,25.38,26707.8,40.57,1.98,2.61,0.59,-4.58,-15.01
Northern Europe,2025-01-03,25.61,33009.68,44.43,2.22,2.67,0.61,-5.54,-16.33
Northern Europe,2025-01-04,23.6,19711.14,36.98,1.74,1.78,0.61,-5.86,-16.04
Northern Europe,2025-01-05,21.61,20900.5,35.1,1.09,2.31,0.62,-6.22,-17.13
Northern Europe,2025-01-06,26.94,50818.85,45.4,0.96,7.87,0.64,-4.23,-16.34
Northern Europe,2025-01-07,38.27,91215.45,60.91,1.87,7.12,0.7,-2.49,-12.84
Northern Europe,2025-01-08,29.4,40277.24,46.4,1.67,2.36,0.71,-2.96,-12.45
Northern Europe,2025-01-09,18.71,10643.32,31.07,1.86,0.67,0.46,-3.85,-12.88
Northern Europe,2025-01-10,22.2,21147.78,34.87,1.32,0.53,0.43,-4.57,-14.66
Northern Europe,2025-01-11,27.94,35425.59,40.57,1.74,0.61,0.42,-4.27,-14.75
Northern Europe,2025-01-12,27.88,33427.23,39.55,2.23,1.46,0.42,-2.49,-15.03
Northern Europe,2025-01-13,37.78,84057.57,60.8,1.81,8.36,0.42,3.74,-10.85
Northern Europe,2025-01-14,36.32,60641.42,52.75,0.84,7.17,0.42,4.69,-3.89
Northern Europe,2025-01-15,29.99,49675.29,47.61,2.24,5.25,0.44,4.81,-6.27
Northern Europe,2025-01-16,38.29,72015.63,52.28,1.55,3.46,0.62,5.72,-2.03
Northern Europe,2025-01-17,38.09,82929.58,59.18,1.53,4.24,0.6,5.42,-3.07
Northern Europe,2025-01-18,35.7,70725.79,61.86,1.88,1.73,0.58,4.83,-4.76
Northern Europe,2025-01-19,27.75,36346.24,43.62,2.37,2.24,0.57,3.38,-6.5
Northern Europe,2025-01-20,19.92,13548.73,32.63,2.34,0.44,0.57,-0.1,-9.67
Northern Europe,2025-01-21,23.7,19147.51,34.81,1.37,3.23,0.58,-2.18,-9.78
Northern Europe,2025-01-22,17.75,9575.86,30.42,1.46,2.02,0.6,-2.05,-10.18
Northern Europe,2025-01-23,22.11,25490.03,39.58,1.54,3.76,0.61,-2.71,-11.47
Northern Europe,2025-01-24,34.61,96714.09,58.6,1.54,6.71,0.63,0.39,-10.34
Northern Europe,2025-01-25,37.61,72960.52,55.96,1.69,13.47,0.69,2.23,-7.14
Northern Europe,2025-01-26,32.33,58427.31,53.82,1.89,4.34,0.72,2.37,-7.46
Northern Europe,2025-01-27,27.83,40040.2,45.01,1.7,2.55,0.72,0.7,-8.9
Northern Europe,2025-01-28,25.92,26928.69,40.43,2.73,2.48,0.72,1.79,-6.53
Northern Europe,2025-01-29,23.1,20526.62,38.92,2.15,1.57,0.72,1.11,-7.1
Northern Europe,2025-01-30,26.47,27282.54,42.9,2.28,2.96,0.72,1.02,-8.04
Northern Europe,2025-01-31,23.95,19790.68,36.56,2.94,1.28,0.73,1.13,-8.2
Northern Europe,2025-02-01,26.19,30931.82,36.94,3.02,0.69,0.72,-0.1,-9.92
Northern Europe,2025-02-02,23.73,23435.57,37.24,1.88,0.51,0.71,-0.64,-10.62
Northern Europe,2025-02-03,24.93,36862.95,37.58,2.5,1.89,0.71,-2.13,-11.65
Northern Europe,2025-02-04,28.06,38432.38,44.75,2.63,5.42,0.72,-0.91,-11.75
Northern Europe,2025-02-05,33.41,49428.9,50.05,3.68,8.94,0.76,2.9,-8.1
Northern Europe,2025-02-06,26.66,37489.97,36.92,4.58,1.59,0.76,2.68,-7.79
Northern Europe,2025-02-07,25.99,34282.5,37.98,3.47,0.2,0.75,1.63,-8.72
Northern Europe,2025-02-08,24.32,22844.25,38.16,2.76,0.69,0.74,-1.15,-10.49
Northern Europe,2025-02-09,23.99,23074.36,35.89,2.82,0.76,0.74,-1.06,-10.94
Northern Europe,2025-02-10,25.68,27526.6,37.41,2.82,0.18,0.73,0.36,-10.02
Northern Europe,2025-02-11,25.81,31241.08,35.59,4.35,0.46,0.72,0.5,-9.76
Northern Europe,2025-02-12,23.68,21953.41,35.26,3.79,0.25,0.72,-0.36,-11.71
Northern Europe,2025-02-13,23.2,22016.3,34.99,3.31,0.12,0.71,-2.81,-13.89
Northern Europe,2025-02-14,19.04,14756.96,31.84,3.52,0.87,0.71,-3.77,-14.5
Northern Europe,2025-02-15,24.08,20254.84,40.08,4.1,0.62,0.72,-4.08,-15.68
Northern Europe,2025-02-16,22.06,18240.97,34.66,5.9,0.61,0.72,-4.01,-16.13
Northern Europe,2025-02-17,21.21,18159.02,32.75,5.41,0.64,0.72,-2.65,-13.84
Northern Europe,2025-02-18,25.32,27043.9,37.85,6.56,0.35,0.72,-1.01,-12.87
Northern Europe,2025-02-19,23.67,28173.39,33.85,7.13,0.59,0.72,-1.62,-14.68
Northern Europe,2025-02-20,31.3,56975.64,46.17,6.69,2.8,0.72,-0.84,-13.62
Northern Europe,2025-02-21,35.44,67499.18,52.65,4.29,4.85,0.74,2.7,-8.91
Northern Europe,2025-02-22,32.99,46040.2,45.07,4.95,10.27,0.73,4.54,-4.49
Northern Europe,2025-02-23,32.36,66709.3,48.57,6.08,1.63,0.72,4.62,-4.35
Northern Europe,2025-02-24,35.1,57649.44,50.28,4.67,8.44,0.71,4.21,-4.83
Northern Europe,2025-02-25,27.05,27997.45,38.89,5.98,2.58,0.7,3.98,-4.17
Northern Europe,2025-02-26,21.66,18122.13,32.69,4.32,2.14,0.7,3.04,-4.9
Northern Europe,2025-02-27,18.07,10262.51,28.29,4.48,0.99,0.69,2.69,-5.89
Northern Europe,2025-02-28,19.41,13859.17,29.94,5.48,1.17,0.69,3.06,-7.16
Northern Europe,2025-03-01,22.45,22638.0,35.35,5.56,2.8,0.69,3.09,-6.74
Northern Europe,2025-03-02,32.34,46277.2,49.39,6.66,8.73,0.71,4.41,-4.98
Northern Europe,2025-03-03,34.8,55042.57,51.8,6.67,12.2,0.73,5.04,-4.85
Northern Europe,2025-03-04,36.42,64488.21,55.55,6.65,13.68,0.76,4.56,-4.91
Northern Europe,2025-03-05,39.6,84075.6,57.05,6.43,24.48,0.8,5.71,-4.34
Northern Europe,2025-03-06,34.5,71549.02,57.59,9.42,4.66,0.79,7.0,-3.77
Northern Europe,2025-03-07,24.3,26158.23,40.23,9.3,3.07,0.77,6.4,-4.66
Northern Europe,2025-03-08,28.25,41344.77,48.15,9.53,3.38,0.76,6.72,-4.21
Northern Europe,2025-03-09,18.46,13339.63,33.71,10.6,3.01,0.76,5.55,-5.12
Northern Europe,2025-03-10,19.45,13382.51,30.58,10.5,2.83,0.77,3.42,-7.78
Northern Europe,2025-03-11,18.42,9721.43,29.63,6.29,1.67,0.77,0.62,-9.94
Northern Europe,2025-03-12,15.12,8199.1,26.98,6.06,0.44,0.76,-0.38,-10.9
Northern Europe,2025-03-13,15.28,8210.13,28.18,6.47,0.68,0.76,-0.37,-12.35
Northern Europe,2025-03-14,20.78,13718.74,37.82,9.05,1.53,0.76,-0.03,-12.35
Northern Europe,2025-03-15,29.8,45655.96,50.1,12.18,3.56,0.77,3.07,-10.2
Northern Europe,2025-03-16,30.16,35247.45,52.24,8.42,1.48,0.78,1.58,-10.39
Northern Europe,2025-03-17,26.83,26399.24,44.45,12.67,2.34,0.78,2.18,-10.79
Northern Europe,2025-03-18,32.32,49680.12,54.2,9.38,3.47,0.79,5.42,-6.36
Northern Europe,2025-03-19,28.46,34837.51,50.09,13.58,1.22,0.79,4.73,-6.63
Northern Europe,2025-03-20,20.46,13703.67,33.45,13.1,0.51,0.78,4.88,-7.55
Northern Europe,2025-03-21,21.05,18714.82,33.75,13.27,0.07,0.77,5.55,-8.67
Northern Europe,2025-03-22,34.46,61084.86,48.37,13.77,0.11,0.76,6.36,-7.33
Northern Europe,2025-03-23,32.01,46924.88,44.92,13.29,0.06,0.75,6.99,-6.56
Northern Europe,2025-03-24,26.04,30107.81,43.53,12.12,3.98,0.74,5.38,-6.76
Northern Europe,2025-03-25,26.94,31141.09,45.52,6.8,3.71,0.75,5.59,-4.33
Northern Europe,2025-03-26,22.82,19638.29,37.3,9.81,2.27,0.75,5.82,-5.03
Northern Europe,2025-03-27,31.33,45100.28,47.21,11.46,5.15,0.74,7.28,-3.4
Northern Europe,2025-03-28,32.53,45692.9,49.75,11.01,8.42,0.74,7.36,-2.51
Northern Europe,2025-03-29,28.67,33217.62,45.33,13.68,3.72,0.73,7.49,-3.21
Northern Europe,2025-03-30,20.28,17240.45,35.06,10.66,2.76,0.73,6.79,-4.4
Northern Europe,2025-03-31,17.97,10873.19,31.57,13.88,0.42,0.72,7.48,-4.25
Northern Europe,2025-04-01,22.26,23743.36,34.09,16.38,1.72,0.71,9.8,-3.6
Northern Europe,2025-04-02,24.54,26834.6,37.39,17.23,0.83,0.69,11.28,-1.59
Northern Europe,2025-04-03,30.84,54726.71,54.44,17.29,1.71,0.67,11.06,-2.74
Northern Europe,2025-04-04,32.02,44974.82,54.16,16.46,1.09,0.67,6.26,-5.14
Northern Europe,2025-04-05,25.37,23126.47,43.47,15.89,0.72,0.66,4.25,-7.12
Northern Europe,2025-04-06,22.19,16676.11,40.2,17.28,0.38,0.66,6.25,-5.58
Northern Europe,2025-04-07,18.18,9071.21,33.52,16.09,0.13,0.64,7.24,-4.71
Northern Europe,2025-04-08,18.49,13664.55,35.91,17.43,0.75,0.63,8.0,-5.2
Northern Europe,2025-04-09,31.26,47222.8,56.22,14.33,0.87,0.62,5.63,-6.31
Northern Europe,2025-04-10,25.21,31111.09,50.0,16.99,6.15,0.63,4.79,-7.0
Northern Europe,2025-04-11,22.51,21970.55,43.13,12.42,4.39,0.63,6.0,-5.13
Northern Europe,2025-04-12,26.68,30632.79,49.29,13.94,2.16,0.63,8.45,-3.67
Northern Europe,2025-04-13,25.36,24216.99,42.57,14.3,3.49,0.62,10.6,-3.01
Northern Europe,2025-04-14,25.87,24678.75,44.13,13.84,2.44,0.6,9.53,-1.35
Northern Europe,2025-04-15,24.37,25220.79,41.67,17.79,0.99,0.59,11.22,-2.36
Northern Europe,2025-04-16,23.53,19399.55,38.73,13.78,3.69,0.57,12.86,-0.06
Northern Europe,2025-04-17,19.3,12198.4,33.3,13.39,4.87,0.55,12.96,1.79
Northern Europe,2025-04-18,22.05,20847.55,38.01,12.41,1.39,0.53,11.59,0.98
Northern Europe,2025-04-19,21.31,16525.78,37.06,9.96,1.69,0.52,10.58,-0.39
Northern Europe,2025-04-20,20.03,15014.45,34.76,9.59,1.08,0.51,8.39,-1.46
Northern Europe,2025-04-21,18.43,10609.43,34.6,12.71,0.22,0.49,8.19,-2.14
Northern Europe,2025-04-22,16.78,11387.29,32.36,12.16,1.95,0.49,8.21,-1.87
Northern Europe,2025-04-23,18.29,10603.17,37.67,13.42,0.8,0.48,8.24,-2.08
Northern Europe,2025-04-24,17.1,9522.94,34.83,15.36,0.89,0.47,7.18,-4.0
Northern Europe,2025-04-25,19.39,11537.19,37.47,18.81,0.59,0.47,6.63,-5.01
Northern Europe,2025-04-26,18.33,11557.95,36.01,20.28,0.11,0.46,7.46,-5.29
Northern Europe,2025-04-27,21.4,20130.94,38.21,20.83,1.15,0.45,9.51,-4.15
Northern Europe,2025-04-28,24.77,24945.25,44.91,18.71,8.72,0.45,11.34,-1.21
Northern Europe,2025-04-29,24.35,20677.18,43.31,20.91,3.04,0.44,9.89,-0.56
Northern Europe,2025-04-30,18.49,11899.86,35.58,18.6,1.56,0.43,9.84,-1.05
Northern Europe,2025-05-01,20.71,14422.62,37.72,21.18,4.85,0.42,12.34,-1.08
Northern Europe,2025-05-02,29.65,33885.04,50.69,19.47,6.47,0.42,10.31,-0.21
Northern Europe,2025-05-03,28.13,28022.1,49.5,16.29,3.45,0.42,8.49,-1.87
Northern Europe,2025-05-04,28.86,31340.62,52.66,16.21,1.23,0.41,6.4,-4.38
Northern Europe,2025-05-05,23.39,20749.1,45.77,21.47,2.09,0.41,6.94,-4.6
Northern Europe,2025-05-06,22.23,16963.77,42.39,20.39,0.63,0.41,7.49,-3.28
Northern Europe,2025-05-07,16.8,7456.21,35.09,20.59,0.27,0.41,8.57,-3.17
Northern Europe,2025-05-08,13.45,4324.19,28.59,20.56,1.0,0.4,9.59,-1.21
Northern Europe,2025-05-09,15.55,6830.45,30.24,18.0,1.1,0.39,9.59,0.12
Northern Europe,2025-05-10,13.61,5080.29,28.2,21.46,0.12,0.37,11.56,0.1
Northern Europe,2025-05-11,15.57,7750.35,31.18,21.11,0.14,0.35,12.76,0.34
Northern Europe,2025-05-12,15.8,8145.8,32.2,23.66,0.36,0.33,14.19,0.38
Northern Europe,2025-05-13,22.15,17681.44,43.81,24.3,1.3,0.32,13.31,0.72
Northern Europe,2025-05-14,29.67,37029.29,54.28,19.86,1.48,0.31,10.68,-0.69
Northern Europe,2025-05-15,28.31,31774.27,48.33,21.48,0.5,0.3,12.41,-0.82
Northern Europe,2025-05-16,23.09,19868.17,41.94,21.56,0.71,0.29,13.64,0.83
Northern Europe,2025-05-17,23.39,19344.85,41.98,21.0,0.17,0.27,13.72,1.7
Northern Europe,2025-05-18,23.13,20131.74,41.27,18.22,0.62,0.26,14.56,1.31
Northern Europe,2025-05-19,21.06,14370.46,38.46,22.6,0.5,0.24,16.53,2.19
Northern Europe,2025-05-20,26.45,25876.28,47.15,25.28,0.63,0.23,14.15,2.38
Northern Europe,2025-05-21,24.02,25064.4,44.4,21.57,3.55,0.22,9.65,-0.74
Northern Europe,2025-05-22,29.11,35851.57,50.8,20.27,2.32,0.22,8.23,-1.71
Northern Europe,2025-05-23,25.57,24906.1,46.54,16.27,5.33,0.22,10.0,-0.33
Northern Europe,2025-05-24,26.06,25625.36,47.59,14.58,4.35,0.21,10.74,1.08
Northern Europe,2025-05-25,27.31,30371.18,46.77,15.63,7.42,0.2,12.33,1.9
Northern Europe,2025-05-26,28.84,31006.63,48.95,19.7,5.34,0.19,12.7,2.79
Northern Europe,2025-05-27,27.62,30966.63,51.57,17.24,8.8,0.18,12.86,2.98
Northern Europe,2025-05-28,23.43,19541.29,44.2,18.65,4.09,0.18,13.01,3.29
Northern Europe,2025-05-29,20.65,22814.59,38.92,17.91,3.81,0.17,14.14,3.15
Northern Europe,2025-05-30,23.0,20084.8,43.01,18.96,4.58,0.16,13.5,3.69
Northern Europe,2025-05-31,24.27,24356.49,45.25,24.64,2.76,0.15,12.88,3.17
Northern Europe,2025-06-01,24.01,20969.73,44.66,22.5,7.26,0.15,14.24,2.9
Northern Europe,2025-06-02,27.62,31190.2,50.38,20.12,8.59,0.14,13.0,3.73
Northern Europe,2025-06-03,25.08,28429.95,45.49,24.89,3.72,0.13,14.65,2.69
Northern Europe,2025-06-04,27.21,26717.59,49.43,21.67,3.38,0.12,14.84,3.74
Northern Europe,2025-06-05,25.84,23725.81,45.6,17.8,6.33,0.11,14.26,4.98
Northern Europe,2025-06-06,23.62,20379.53,44.89,17.3,4.5,0.11,14.41,4.76
Northern Europe,2025-06-07,23.05,19632.55,44.18,20.9,6.17,0.1,13.09,4.47
Northern Europe,2025-06-08,19.3,12392.51,38.02,18.97,3.53,0.1,13.04,4.08
Northern Europe,2025-06-09,21.66,19313.21,42.87,19.68,2.74,0.09,13.0,2.94
Northern Europe,2025-06-10,16.76,9415.74,34.6,15.63,3.5,0.09,12.84,3.87
Northern Europe,2025-06-11,18.18,12387.51,38.5,20.56,2.94,0.09,12.92,4.05
Northern Europe,2025-06-12,20.08,13537.09,39.04,20.84,1.16,0.08,15.42,3.3
Northern Europe,2025-06-13,21.49,18193.24,38.43,27.61,0.13,0.08,17.88,5.2
Northern Europe,2025-06-14,20.8,17655.8,35.78,26.64,0.7,0.08,20.33,6.95
Northern Europe,2025-06-15,19.19,11279.21,35.27,22.3,2.82,0.07,19.56,8.59
Northern Europe,2025-06-16,24.04,22176.77,42.74,24.52,5.91,0.07,16.4,7.77
Northern Europe,2025-06-17,24.95,21600.95,44.65,22.55,6.47,0.06,15.98,7.36
Northern Europe,2025-06-18,24.48,20816.88,43.7,22.69,5.08,0.06,14.62,6.57
Northern Europe,2025-06-19,26.67,25706.85,47.96,24.85,3.41,0.06,14.19,5.07
Northern Europe,2025-06-20,21.55,15475.47,41.5,24.64,2.01,0.06,15.12,4.98
Northern Europe,2025-06-21,22.58,18887.91,44.82,25.2,2.47,0.06,15.5,5.75
Northern Europe,2025-06-22,21.59,18636.7,42.46,20.88,3.45,0.05,17.67,5.66
Northern Europe,2025-06-23,27.05,28540.96,46.26,17.66,9.9,0.05,14.79,6.19
Northern Europe,2025-06-24,27.11,32660.32,45.36,15.66,5.96,0.05,13.61,7.13
Northern Europe,2025-06-25,25.28,22810.13,45.01,20.21,2.11,0.04,15.61,7.22
Northern Europe,2025-06-26,19.05,13198.33,36.94,20.84,2.5,0.04,17.2,6.03
Northern Europe,2025-06-27,23.59,26754.11,44.63,17.2,4.86,0.04,15.97,7.18
Northern Europe,2025-06-28,24.38,28667.08,45.0,16.08,6.1,0.03,16.87,7.76
Northern Europe,2025-06-29,29.52,44392.75,53.05,23.49,11.01,0.03,15.04,7.02
Northern Europe,2025-06-30,25.63,25023.74,47.74,25.14,1.33,0.03,17.26,6.97
Northern Europe,2025-07-01,19.76,12885.87,39.15,26.34,3.21,0.03,19.24,8.13
Northern Europe,2025-07-02,16.89,8713.18,33.85,23.82,1.59,0.02,18.32,8.88
Northern Europe,2025-07-03,25.62,28872.36,49.76,25.12,5.4,0.02,15.49,6.77
Northern Europe,2025-07-04,29.29,41288.8,53.55,19.97,3.95,0.02,14.92,5.14
Northern Europe,2025-07-05,22.08,20468.17,39.32,12.04,8.42,0.01,15.06,6.42
Northern Europe,2025-07-06,22.1,15984.66,37.87,19.28,5.4,0.01,16.13,8.33
Northern Europe,2025-07-07,19.63,13794.49,36.14,18.66,4.89,0.01,16.35,8.54
Northern Europe,2025-07-08,18.77,9742.47,35.9,18.92,1.62,0.01,17.34,7.84
Northern Europe,2025-07-09,15.01,6066.65,29.94,19.49,0.9,0.0,18.14,7.79
Northern Europe,2025-07-10,15.08,7258.47,29.34,19.17,1.19,0.0,19.59,8.26
Northern Europe,2025-07-11,18.8,12477.04,34.96,22.61,0.57,0.0,21.34,10.0
Northern Europe,2025-07-12,21.04,16153.75,35.8,19.92,0.08,0.0,23.1,11.74
Northern Europe,2025-07-13,20.11,13997.81,36.47,21.53,1.28,0.0,23.5,13.29
Northern Europe,2025-07-14,18.24,11081.62,35.43,21.88,5.07,0.0,23.28,14.12
Northern Europe,2025-07-15,15.15,10086.43,32.56,15.89,5.83,0.0,23.12,14.12
Northern Europe,2025-07-16,16.87,8305.63,33.51,17.47,2.88,0.0,23.31,13.86
Northern Europe,2025-07-17,18.25,10707.74,33.5,20.97,0.46,0.0,24.1,13.76
Northern Europe,2025-07-18,13.65,5040.12,28.95,21.14,0.86,0.0,24.29,13.52
Northern Europe,2025-07-19,12.58,4872.51,30.09,22.51,1.5,0.0,24.54,14.52
Northern Europe,2025-07-20,16.13,9234.83,32.56,21.18,0.51,0.0,24.83,14.7
Northern Europe,2025-07-21,17.87,10801.26,33.95,14.12,1.25,0.0,24.0,14.71
Northern Europe,2025-07-22,15.59,7624.96,32.89,13.24,1.86,0.0,23.94,15.19
Northern Europe,2025-07-23,15.05,7104.87,30.32,18.74,3.24,0.0,24.18,15.67
Northern Europe,2025-07-24,12.67,4528.15,28.39,19.79,2.37,0.0,24.53,15.45
Northern Europe,2025-07-25,16.44,8728.92,36.29,18.14,1.96,0.0,23.06,14.97
Northern Europe,2025-07-26,17.8,9708.47,34.77,19.03,2.29,0.0,21.14,14.22
Northern Europe,2025-07-27,15.6,6395.51,32.26,19.54,3.91,0.0,20.44,13.46
Northern Europe,2025-07-28,16.95,9418.31,34.41,19.51,5.59,0.0,20.27,13.55
Northern Europe,2025-07-29,24.95,23670.4,44.89,18.52,8.86,0.0,19.83,13.08
Northern Europe,2025-07-30,20.38,14019.29,38.83,15.08,7.93,0.0,20.78,14.13
Northern Europe,2025-07-31,15.8,6858.15,34.09,17.57,3.89,0.0,21.48,13.62
Northern Europe,2025-08-01,15.3,6581.27,32.43,16.85,5.05,0.0,21.07,14.42
Northern Europe,2025-08-02,17.68,10009.62,36.28,18.13,4.56,0.0,21.12,13.98
Northern Europe,2025-08-03,20.8,13439.0,41.65,15.73,9.77,0.0,19.95,13.61
Northern Europe,2025-08-04,25.82,32022.67,49.36,17.32,8.54,0.0,19.45,12.04
Northern Europe,2025-08-05,35.3,59981.51,60.21,18.61,20.49,0.0,17.26,9.66
Northern Europe,2025-08-06,32.26,46416.94,57.14,18.15,9.05,0.0,16.08,8.04
Northern Europe,2025-08-07,27.13,26931.48,47.35,16.44,3.69,0.0,16.92,8.34
Northern Europe,2025-08-08,23.74,20679.88,41.29,17.46,3.74,0.0,17.76,8.86
Northern Europe,2025-08-09,22.98,20741.2,41.16,21.13,4.15,0.0,18.57,8.96
Northern Europe,2025-08-10,23.27,18824.63,42.51,17.79,4.31,0.0,17.39,9.05
Northern Europe,2025-08-11,20.5,13246.64,37.74,17.11,3.92,0.0,17.18,8.15
Northern Europe,2025-08-12,17.12,8075.4,33.32,16.64,3.06,0.0,17.73,8.2
Northern Europe,2025-08-13,15.76,7581.41,29.46,21.03,1.17,0.0,20.34,9.23
Northern Europe,2025-08-14,17.79,9851.66,31.81,17.32,3.65,0.0,22.14,11.57
Northern Europe,2025-08-15,26.41,27546.47,50.74,19.31,9.56,0.0,19.98,9.38
Northern Europe,2025-08-16,31.18,46670.34,54.88,19.8,4.35,0.0,15.53,6.67
Northern Europe,2025-08-17,27.3,31207.29,48.37,18.86,0.83,0.0,17.65,6.86
Northern Europe,2025-08-18,20.4,13219.23,37.43,18.19,1.18,0.0,18.49,8.21
Northern Europe,2025-08-19,26.94,25448.98,46.95,16.79,1.86,0.0,15.94,7.03
Northern Europe,2025-08-20,21.87,13889.22,39.59,18.13,2.15,0.0,14.14,5.0
Northern Europe,2025-08-21,18.61,10896.25,35.29,16.26,2.14,0.0,13.38,4.14
Northern Europe,2025-08-22,18.88,14829.69,35.21,15.92,3.43,0.0,12.9,3.57
Northern Europe,2025-08-23,22.19,17467.81,39.53,16.93,3.11,0.0,13.55,3.61
Northern Europe,2025-08-24,25.61,23603.41,45.06,14.91,2.41,0.0,14.1,4.96
Northern Europe,2025-08-25,24.95,22495.43,43.37,14.61,1.04,0.0,14.63,4.85
Northern Europe,2025-08-26,19.95,13699.69,35.63,15.59,0.53,0.0,15.78,4.82
Northern Europe,2025-08-27,20.32,15049.16,36.92,14.4,1.82,0.0,15.99,6.46
Northern Europe,2025-08-28,17.4,11940.91,31.57,13.17,2.27,0.0,17.26,7.42
Northern Europe,2025-08-29,18.08,11346.01,32.8,13.38,7.87,0.0,17.14,8.92
Northern Europe,2025-08-30,20.39,18693.09,36.24,11.77,1.47,0.0,16.92,9.09
Northern Europe,2025-08-31,19.79,24046.83,34.16,11.01,2.18,0.0,17.0,8.39
Northern Europe,2025-09-01,21.24,18635.26,36.88,10.85,10.71,0.0,17.74,9.01
Northern Europe,2025-09-02,20.77,13235.49,36.89,13.46,3.81,0.0,16.84,9.7
Northern Europe,2025-09-03,24.96,24545.02,42.95,13.1,10.48,0.0,16.94,9.83
Northern Europe,2025-09-04,27.26,28243.27,47.83,14.42,10.13,0.0,18.19,10.67
Northern Europe,2025-09-05,20.1,11834.95,34.21,12.63,4.04,0.0,18.16,10.69
Northern Europe,2025-09-06,17.98,14821.92,31.39,14.21,3.18,0.0,17.93,10.8
Northern Europe,2025-09-07,18.57,14557.19,33.11,14.31,3.08,0.0,18.46,10.04
Northern Europe,2025-09-08,18.56,12922.59,33.5,15.58,1.33,0.0,18.36,9.59
Northern Europe,2025-09-09,17.1,9340.58,33.52,13.03,3.1,0.0,18.09,10.7
Northern Europe,2025-09-10,23.82,21278.55,42.27,11.32,3.46,0.0,18.23,10.46
Northern Europe,2025-09-11,32.39,44846.66,54.29,12.54,11.48,0.0,17.55,10.0
Northern Europe,2025-09-12,31.8,40919.19,52.83,10.29,6.56,0.0,15.7,8.43
Northern Europe,2025-09-13,26.5,24215.51,44.31,11.73,2.59,0.0,15.21,7.43
Northern Europe,2025-09-14,22.5,19748.91,40.57,10.2,6.88,0.0,15.02,7.12
Northern Europe,2025-09-15,31.52,51535.82,53.71,8.58,8.33,0.0,13.79,6.7
Northern Europe,2025-09-16,27.0,34224.59,45.88,10.4,5.57,0.0,14.12,7.11
Northern Europe,2025-09-17,24.97,31173.71,42.36,11.86,2.83,0.0,14.48,6.97
Northern Europe,2025-09-18,24.04,26203.56,42.07,10.19,4.99,0.0,14.17,5.97
Northern Europe,2025-09-19,20.37,18269.83,36.91,9.17,5.61,0.0,14.68,6.51
Northern Europe,2025-09-20,24.6,23834.14,45.43,9.44,4.93,0.0,14.76,6.85
Northern Europe,2025-09-21,27.16,35696.82,51.24,10.15,6.24,0.0,12.87,4.05
Northern Europe,2025-09-22,31.66,43441.65,53.29,10.16,4.89,0.0,10.62,1.57
Northern Europe,2025-09-23,25.9,25482.46,43.1,12.75,1.25,0.0,10.02,0.12
Northern Europe,2025-09-24,22.01,16393.09,37.82,12.57,0.92,0.0,11.31,0.22
Northern Europe,2025-09-25,22.26,18145.29,35.19,11.43,0.74,0.0,13.03,1.66
Northern Europe,2025-09-26,22.05,21576.14,33.47,12.12,0.34,0.0,13.73,2.49
Northern Europe,2025-09-27,18.22,16786.29,31.17,10.55,0.13,0.0,14.16,2.54
Northern Europe,2025-09-28,20.91,14185.84,32.26,10.52,0.83,0.0,13.68,2.94
Northern Europe,2025-09-29,24.23,18464.41,39.75,9.62,2.5,0.0,11.89,3.49
Northern Europe,2025-09-30,22.44,17761.82,34.84,7.57,0.43,0.0,11.22,2.4
Northern Europe,2025-10-01,22.6,23759.34,36.18,9.42,0.12,0.0,10.64,1.08
Northern Europe,2025-10-02,27.07,32974.31,43.1,8.7,2.5,0.0,10.64,1.33
Northern Europe,2025-10-03,34.44,77430.84,58.83,8.35,1.73,0.0,10.98,1.05
Northern Europe,2025-10-04,44.73,129580.92,74.86,5.33,23.39,0.02,9.01,-0.74
Northern Europe,2025-10-05,34.91,62876.89,56.57,5.05,8.55,0.02,10.1,1.81
Northern Europe,2025-10-06,20.73,23628.91,37.26,7.75,2.56,0.01,11.32,3.68
Northern Europe,2025-10-07,24.29,22197.05,40.16,5.22,7.58,0.0,11.74,4.54
Northern Europe,2025-10-08,24.56,23429.5,38.45,7.56,3.95,0.0,10.98,3.06
Northern Europe,2025-10-09,27.44,33364.0,45.92,4.74,8.34,0.0,10.04,1.5
Northern Europe,2025-10-10,31.28,46933.34,49.9,5.75,10.21,0.0,10.39,1.48
Northern Europe,2025-10-11,31.93,47911.91,52.37,6.9,6.05,0.01,10.34,2.23
Northern Europe,2025-10-12,30.0,37985.05,50.89,6.29,1.39,0.0,9.74,0.71
Northern Europe,2025-10-13,22.04,19729.76,38.87,6.0,2.83,0.0,8.28,-0.05
Northern Europe,2025-10-14,16.36,9343.4,29.37,5.13,0.82,0.0,9.54,2.25
Northern Europe,2025-10-15,24.56,23312.14,39.54,4.53,2.9,0.0,10.24,1.75
Northern Europe,2025-10-16,29.56,34693.52,46.59,5.65,2.43,0.0,9.08,-0.59
Northern Europe,2025-10-17,22.41,16539.4,36.77,5.77,1.35,0.01,6.08,-3.14
Northern Europe,2025-10-18,24.82,25792.62,38.58,6.74,1.33,0.01,6.39,-3.97
Northern Europe,2025-10-19,26.92,29183.99,39.74,7.34,1.35,0.01,7.46,-2.32
Northern Europe,2025-10-20,23.3,23803.51,36.1,5.17,1.37,0.01,6.49,-2.12
Northern Europe,2025-10-21,28.26,29775.11,42.07,5.04,6.77,0.01,7.4,-0.6
Northern Europe,2025-10-22,28.2,28348.07,40.81,4.98,7.92,0.02,8.23,1.35
Northern Europe,2025-10-23,26.29,29729.83,42.27,2.36,2.59,0.01,8.44,2.08
Northern Europe,2025-10-24,26.55,33940.58,42.32,3.56,7.72,0.01,8.51,2.09
Northern Europe,2025-10-25,29.48,38922.12,45.36,2.94,7.63,0.01,7.72,1.0
Northern Europe,2025-10-26,26.64,30770.44,41.56,3.36,5.67,0.02,7.41,0.29
Northern Europe,2025-10-27,23.21,25033.09,37.94,3.59,3.55,0.02,6.74,0.25
Northern Europe,2025-10-28,21.74,20426.63,35.57,3.33,2.35,0.02,6.01,-0.78
Northern Europe,2025-10-29,17.96,14266.34,29.86,3.57,2.52,0.02,5.61,-1.72
Northern Europe,2025-10-30,22.4,30366.96,40.33,2.94,1.95,0.03,5.54,-1.69
Northern Europe,2025-10-31,24.11,29852.85,40.7,3.65,1.24,0.03,5.15,-2.32
Northern Europe,2025-11-01,25.35,35056.2,42.45,3.23,12.46,0.03,6.04,-1.56
Northern Europe,2025-11-02,27.1,28768.43,44.55,3.38,3.63,0.03,6.97,-0.35
Northern Europe,2025-11-03,26.71,38290.37,40.39,2.32,3.71,0.03,7.13,0.25
Northern Europe,2025-11-04,32.34,46545.18,47.39,1.88,8.96,0.03,9.17,1.36
Northern Europe,2025-11-05,27.7,29885.71,38.36,2.35,4.1,0.02,9.38,3.33
Northern Europe,2025-11-06,22.78,16197.39,31.75,3.71,5.45,0.02,8.9,2.51
Northern Europe,2025-11-07,18.25,10218.45,27.29,3.97,2.22,0.01,7.19,0.46
Northern Europe,2025-11-08,14.7,8476.69,24.57,2.54,0.83,0.01,5.76,-0.15
Northern Europe,2025-11-09,18.04,12773.55,31.16,1.99,1.05,0.01,5.29,-1.58
Northern Europe,2025-11-10,14.51,6965.52,25.06,2.34,0.95,0.02,3.51,-2.69
Northern Europe,2025-11-11,19.83,17511.79,33.95,1.65,2.33,0.02,4.21,-2.71
Northern Europe,2025-11-12,31.2,46141.83,48.21,1.47,15.19,0.03,6.58,-1.0
Northern Europe,2025-11-13,32.01,45585.91,53.16,2.36,3.86,0.04,6.48,-4.4
Northern Europe,2025-11-14,28.08,40250.76,48.24,2.06,1.7,0.05,1.66,-7.52
Northern Europe,2025-11-15,29.74,40954.02,46.41,3.65,2.86,0.06,1.89,-8.39
Northern Europe,2025-11-16,24.44,23433.42,42.23,2.64,3.91,0.07,2.04,-8.03
Northern Europe,2025-11-17,20.37,16697.9,33.83,3.17,2.15,0.08,-0.68,-10.0
Northern Europe,2025-11-18,17.29,11832.75,29.85,2.72,0.97,0.09,-1.77,-10.51
Northern Europe,2025-11-19,15.8,10090.7,28.43,2.27,0.54,0.09,-3.48,-11.97
Northern Europe,2025-11-20,22.21,16358.82,35.87,2.77,0.43,0.09,-4.09,-13.36
Northern Europe,2025-11-21,21.25,17743.86,36.72,2.76,1.58,0.09,-3.14,-13.93
Northern Europe,2025-11-22,28.33,35612.76,45.49,2.43,6.89,0.11,1.13,-10.99
Northern Europe,2025-11-23,26.48,38784.59,41.07,2.25,1.5,0.11,0.82,-8.02
Northern Europe,2025-11-24,22.1,21279.84,35.19,1.37,0.91,0.11,-1.07,-10.06
Northern Europe,2025-11-25,18.82,10717.14,29.45,1.7,0.79,0.11,-2.69,-11.93
Northern Europe,2025-11-26,24.37,28379.17,36.66,1.76,1.48,0.11,-1.1,-11.19
Northern Europe,2025-11-27,35.97,69854.92,56.95,0.85,9.07,0.12,2.81,-8.83
Northern Europe,2025-11-28,38.99,81743.9,55.58,1.47,7.72,0.12,5.13,-4.82
Northern Europe,2025-11-29,36.54,63564.18,54.75,1.32,5.44,0.12,4.37,-4.12
Northern Europe,2025-11-30,29.03,42802.17,50.53,1.57,6.41,0.12,2.53,-6.56
Northern Europe,2025-12-01,26.84,34667.5,43.81,1.28,3.87,0.14,1.61,-6.31
Northern Europe,2025-12-02,31.11,45596.89,46.31,1.28,10.71,0.14,3.46,-5.59
Northern Europe,2025-12-03,26.81,31040.73,40.64,1.07,1.46,0.13,3.54,-4.35
Northern Europe,2025-12-04,19.85,12979.02,29.03,1.01,1.23,0.12,2.46,-4.51
Northern Europe,2025-12-05,19.0,18866.99,31.31,0.75,2.26,0.13,1.85,-4.37
Northern Europe,2025-12-06,26.59,29581.51,40.34,0.97,2.92,0.13,2.27,-4.32
Northern Europe,2025-12-07,26.25,25167.97,37.4,1.04,2.74,0.14,2.38,-3.86
Northern Europe,2025-12-08,28.36,42941.26,43.69,1.43,5.78,0.15,3.26,-3.37
Northern Europe,2025-12-09,23.69,38585.33,39.33,0.74,2.71,0.15,3.81,-3.09
Northern Europe,2025-12-10,30.22,51486.1,46.47,1.34,9.89,0.16,4.24,-4.02
Northern Europe,2025-12-11,29.16,44979.91,46.35,0.95,12.03,0.18,3.63,-4.81
Northern Europe,2025-12-12,23.65,21310.2,38.01,1.29,1.69,0.16,1.09,-7.68
Northern Europe,2025-12-13,27.28,40794.18,43.51,1.24,6.36,0.17,1.03,-7.89
Northern Europe,2025-12-14,34.98,63604.28,50.75,0.84,12.22,0.19,3.7,-5.56
Northern Europe,2025-12-15,29.27,38940.69,43.9,1.03,9.54,0.18,4.85,-2.89
Northern Europe,2025-12-16,21.73,17753.34,34.01,1.54,3.82,0.17,3.84,-2.91
Northern Europe,2025-12-17,25.32,35118.26,40.95,1.1,2.27,0.16,3.06,-5.31
Northern Europe,2025-12-18,32.41,50437.32,51.88,0.72,12.27,0.17,4.11,-5.49
Northern Europe,2025-12-19,35.69,60662.75,52.63,1.03,11.89,0.18,5.17,-2.89
Northern Europe,2025-12-20,31.38,43860.11,48.86,1.21,3.51,0.19,4.6,-3.17
Northern Europe,2025-12-21,24.31,20552.72,36.13,1.1,0.54,0.18,2.58,-5.25
Northern Europe,2025-12-22,19.47,13124.11,30.71,1.24,0.16,0.17,0.07,-9.19
Northern Europe,2025-12-23,20.97,16790.64,33.56,1.42,0.03,0.16,-1.93,-10.88
Northern Europe,2025-12-24,24.59,27215.87,35.45,1.33,0.82,0.17,0.52,-10.42
Northern Europe,2025-12-25,32.28,53129.81,48.06,1.54,2.63,0.16,3.6,-5.58
Northern Europe,2025-12-26,28.02,32103.24,40.94,1.65,0.39,0.15,4.35,-4.2
Northern Europe,2025-12-27,43.04,114361.14,72.51,1.77,3.08,0.15,3.93,-7.81
Northern Europe,2025-12-28,34.28,60943.93,59.93,1.81,3.13,0.16,1.63,-8.92
Northern Europe,2025-12-29,36.84,66960.28,55.28,1.79,2.07,0.17,0.31,-10.89
Northern Europe,2025-12-30,30.13,39447.03,47.85,1.9,2.07,0.18,-2.56,-12.7
Northern Europe,2025-12-31,19.48,14980.8,33.09,1.96,3.14,0.19,-4.6,-13.8
Southern Europe,2023-01-01,21.28,22820.53,40.35,7.96,17.1,0.07,14.27,3.6
Southern Europe,2023-01-02,13.76,6822.4,32.44,6.61,0.77,0.06,12.12,2.85
Southern Europe,2023-01-03,10.88,4553.47,22.21,8.44,0.58,0.06,11.65,1.35
Southern Europe,2023-01-04,11.3,5571.53,22.92,9.03,0.02,0.06,11.91,0.27
Southern Europe,2023-01-05,11.36,5476.16,23.95,9.0,0.12,0.06,11.93,0.4
Southern Europe,2023-01-06,11.28,6204.65,25.64,8.64,0.06,0.06,10.99,-0.23
Southern Europe,2023-01-07,21.09,25030.51,42.06,6.24,11.14,0.06,11.05,0.31
Southern Europe,2023-01-08,27.56,40147.59,53.73,4.67,16.63,0.06,12.06,3.51
Southern Europe,2023-01-09,26.15,29541.83,51.53,7.04,9.05,0.08,11.56,2.05
Southern Europe,2023-01-10,23.03,28053.95,45.55,7.55,3.68,0.08,11.12,0.37
Southern Europe,2023-01-11,20.17,15458.89,41.53,6.65,4.05,0.09,10.9,0.81
Southern Europe,2023-01-12,16.32,9912.41,33.37,9.16,0.35,0.09,10.75,-0.89
Southern Europe,2023-01-13,15.34,8163.05,30.01,8.62,0.28,0.09,11.17,-0.34
Southern Europe,2023-01-14,17.56,15421.92,36.22,8.84,1.08,0.09,11.11,-0.21
Southern Europe,2023-01-15,22.38,21313.95,46.07,7.29,3.14,0.09,10.08,-0.74
Southern Europe,2023-01-16,33.94,67076.92,62.34,5.61,16.25,0.09,9.58,-1.19
Southern Europe,2023-01-17,40.83,94877.27,74.26,7.4,15.28,0.1,10.15,-0.73
Southern Europe,2023-01-18,33.03,50504.38,61.78,9.25,8.54,0.11,7.72,-2.22
Southern Europe,2023-01-19,29.51,38650.36,56.81,8.42,8.77,0.11,8.21,-3.27
Southern Europe,2023-01-20,26.21,30932.63,55.04,7.68,4.73,0.12,9.22,-0.41
Southern Europe,2023-01-21,24.67,25092.5,48.4,8.54,5.09,0.12,8.18,-2.26
Southern Europe,2023-01-22,24.56,27507.8,44.27,10.83,1.96,0.13,7.02,-4.63
Southern Europe,2023-01-23,25.61,29512.9,47.99,9.79,5.53,0.13,7.09,-4.69
Southern Europe,2023-01-24,20.93,18225.45,40.46,9.15,2.0,0.14,6.85,-4.2
Southern Europe,2023-01-25,21.32,16317.6,40.28,9.71,1.46,0.14,7.18,-4.15
Southern Europe,2023-01-26,24.14,25090.3,46.85,8.3,2.72,0.14,6.79,-3.91
Southern Europe,2023-01-27,26.76,33510.17,48.01,10.14,1.36,0.14,6.77,-4.46
Southern Europe,2023-01-28,24.2,25526.88,43.64,10.81,0.56,0.15,6.74,-4.82
Southern Europe,2023-01-29,21.63,16725.99,40.83,10.95,0.14,0.14,6.58,-5.0
Southern Europe,2023-01-30,17.21,12360.87,33.05,11.69,0.07,0.14,7.98,-5.21
Southern Europe,2023-01-31,19.69,17485.1,38.2,11.8,0.29,0.14,9.24,-4.7
Southern Europe,2023-02-01,18.81,13553.53,34.78,12.27,0.09,0.13,9.89,-3.9
Southern Europe,2023-02-02,15.93,9033.3,30.34,12.5,0.61,0.13,10.94,-3.5
Southern Europe,2023-02-03,14.44,7067.12,30.9,12.73,0.54,0.13,12.23,-3.1
Southern Europe,2023-02-04,20.24,19452.47,41.4,12.62,1.52,0.13,12.91,-3.09
Southern Europe,2023-02-05,28.09,41433.19,49.79,12.37,0.7,0.13,9.66,-4.06
Southern Europe,2023-02-06,26.65,34021.99,52.69,11.71,0.69,0.14,7.4,-4.6
Southern Europe,2023-02-07,22.68,21267.03,44.25,8.97,0.98,0.14,6.17,-5.03
Southern Europe,2023-02-08,23.14,20736.5,44.24,8.49,1.25,0.14,6.88,-4.32
Southern Europe,2023-02-09,20.63,19747.67,38.38,10.44,2.05,0.14,7.29,-4.02
Southern Europe,2023-02-10,22.31,35542.41,40.15,11.61,1.32,0.14,7.97,-5.0
Southern Europe,2023-02-11,20.3,22930.25,37.97,12.05,0.04,0.14,9.36,-4.75
Southern Europe,2023-02-12,18.85,15257.99,35.37,11.47,0.2,0.14,10.55,-3.44
Southern Europe,2023-02-13,20.11,21183.25,38.35,12.85,0.09,0.13,11.29,-2.18
Southern Europe,2023-02-14,21.48,19949.98,38.77,12.1,0.01,0.13,11.97,-1.49
Southern Europe,2023-02-15,16.62,11659.58,32.4,12.58,0.01,0.12,12.86,-0.79
Southern Europe,2023-02-16,12.42,6842.31,27.31,13.95,0.0,0.12,13.36,-0.69
Southern Europe,2023-02-17,16.84,17983.55,31.57,13.92,0.01,0.11,13.94,-0.78
Southern Europe,2023-02-18,16.08,14094.07,30.56,12.55,0.11,0.11,14.27,0.61
Southern Europe,2023-02-19,16.95,14623.65,33.29,13.6,0.77,0.1,15.5,1.71
Southern Europe,2023-02-20,16.48,12891.66,33.71,13.31,0.4,0.1,16.1,2.24
Southern Europe,2023-02-21,13.24,5650.75,32.95,13.88,2.66,0.09,15.25,2.39
Southern Europe,2023-02-22,12.79,4953.77,29.07,13.96,1.09,0.09,13.8,1.96
Southern Europe,2023-02-23,16.97,10703.61,37.45,12.72,2.28,0.09,10.88,0.12
Southern Europe,2023-02-24,13.73,6256.84,33.55,14.76,0.86,0.09,10.46,-1.78
Southern Europe,2023-02-25,17.54,11709.62,37.25,12.87,3.11,0.08,10.46,-1.44
Southern Europe,2023-02-26,27.39,36391.36,54.84,12.49,8.65,0.09,10.37,-1.96
Southern Europe,2023-02-27,25.67,28821.7,49.88,14.21,2.42,0.11,7.79,-3.6
Southern Europe,2023-02-28,23.47,25068.16,44.2,14.5,1.58,0.11,8.74,-4.07
Southern Europe,2023-03-01,18.21,11613.06,37.63,14.81,2.57,0.11,8.31,-3.89
Southern Europe,2023-03-02,17.56,10926.71,35.77,14.9,1.48,0.11,9.55,-3.46
Southern Europe,2023-03-03,15.43,8046.27,33.78,15.78,1.33,0.11,10.73,-2.44
Southern Europe,2023-03-04,15.9,8447.57,33.27,15.6,0.91,0.1,11.69,-2.0
Southern Europe,2023-03-05,14.75,6618.18,33.07,10.67,2.1,0.1,11.01,-1.37
Southern Europe,2023-03-06,18.98,11256.8,39.57,9.3,2.93,0.09,11.53,1.16
Southern Europe,2023-03-07,23.72,22743.34,49.21,11.71,2.79,0.09,12.94,2.86
Southern Europe,2023-03-08,29.04,41285.72,53.72,11.75,8.83,0.09,15.09,4.34
Southern Europe,2023-03-09,30.0,40923.24,59.32,12.12,6.37,0.09,15.46,5.92
Southern Europe,2023-03-10,30.4,42910.53,56.72,15.14,4.7,0.09,16.02,5.09
Southern Europe,2023-03-11,28.53,36855.12,53.49,14.9,3.83,0.09,16.66,5.82
Southern Europe,2023-03-12,18.84,14927.61,39.18,17.26,1.12,0.09,17.26,5.1
Southern Europe,2023-03-13,25.94,36263.7,58.31,17.64,2.42,0.08,16.92,3.72
Southern Europe,2023-03-14,24.77,25511.96,50.52,18.38,7.67,0.09,14.55,2.34
Southern Europe,2023-03-15,17.99,17569.26,40.85,18.12,2.64,0.09,16.0,0.86
Southern Europe,2023-03-16,23.46,22210.64,47.64,17.74,0.89,0.09,16.33,2.13
Southern Europe,2023-03-17,24.99,25164.85,49.4,15.29,3.11,0.09,13.61,2.39
Southern Europe,2023-03-18,17.93,10654.89,37.92,14.84,2.1,0.09,13.84,2.45
Southern Europe,2023-03-19,13.73,5979.77,31.72,18.85,0.49,0.08,15.52,2.5
Southern Europe,2023-03-20,11.99,4833.37,29.81,19.26,1.0,0.08,17.02,2.57
Southern Europe,2023-03-21,13.13,4833.63,30.41,18.3,0.51,0.07,16.98,3.56
Southern Europe,2023-03-22,15.72,9826.99,34.2,19.66,0.28,0.07,17.83,3.67
Southern Europe,2023-03-23,18.62,15781.21,39.96,19.17,1.94,0.06,18.08,4.68
Southern Europe,2023-03-24,20.4,14779.63,41.86,16.55,4.64,0.06,17.12,5.21
Southern Europe,2023-03-25,19.21,15126.65,44.28,20.23,2.04,0.06,17.96,4.1
Southern Europe,2023-03-26,24.15,22602.28,50.39,20.3,2.38,0.05,17.27,4.59
Southern Europe,2023-03-27,20.31,18348.21,43.91,20.29,4.3,0.06,16.69,1.74
Southern Europe,2023-03-28,18.25,15173.96,39.95,21.29,0.65,0.06,17.45,1.57
Southern Europe,2023-03-29,22.63,24073.79,46.66,21.82,0.3,0.06,19.01,3.17
Southern Europe,2023-03-30,23.18,24902.75,46.86,20.9,0.71,0.06,18.36,5.07
Southern Europe,2023-03-31,26.92,30672.09,54.31,18.13,3.38,0.05,17.64,5.89
Southern Europe,2023-04-01,25.48,25316.06,54.27,17.03,3.12,0.05,16.25,4.54
Southern Europe,2023-04-02,22.74,24025.94,45.96,21.11,1.79,0.05,15.94,2.47
Southern Europe,2023-04-03,21.52,20040.14,44.38,19.98,3.42,0.05,15.43,1.43
Southern Europe,2023-04-04,23.28,22744.54,46.82,20.7,1.84,0.06,15.06,1.62
Southern Europe,2023-04-05,18.7,15973.67,38.8,22.76,0.87,0.07,15.51,0.06
Southern Europe,2023-04-06,18.13,14885.48,38.4,22.27,0.59,0.07,16.75,0.66
Southern Europe,2023-04-07,14.6,11275.07,32.28,23.47,0.79,0.06,17.88,1.43
Southern Europe,2023-04-08,14.11,7466.9,34.03,22.93,1.64,0.06,19.32,3.13
Southern Europe,2023-04-09,14.81,5808.03,37.31,22.46,1.43,0.06,19.25,4.37
Southern Europe,2023-04-10,19.11,11840.89,43.2,22.32,1.35,0.05,18.74,4.74
Southern Europe,2023-04-11,18.32,12407.17,42.29,23.6,0.51,0.05,19.32,5.02
Southern Europe,2023-04-12,23.81,20849.19,48.94,20.25,2.95,0.05,16.75,4.18
Southern Europe,2023-04-13,24.32,21738.26,52.75,22.78,6.79,0.05,14.95,2.18
Southern Europe,2023-04-14,26.22,27343.61,57.09,19.74,6.2,0.06,16.24,3.08
Southern Europe,2023-04-15,24.52,25165.09,49.3,23.0,2.35,0.06,17.85,4.2
Southern Europe,2023-04-16,22.32,21334.72,44.37,23.33,2.76,0.06,18.56,4.58
Southern Europe,2023-04-17,20.99,19555.37,42.79,23.72,2.48,0.06,18.96,4.58
Southern Europe,2023-04-18,17.89,19792.04,40.24,23.7,2.07,0.05,18.6,4.35
Southern Europe,2023-04-19,16.47,12836.63,36.69,23.88,2.74,0.05,19.71,5.29
Southern Europe,2023-04-20,13.37,5333.22,35.26,24.59,5.49,0.05,19.92,5.64
Southern Europe,2023-04-21,16.03,9028.84,42.59,22.36,6.39,0.05,19.29,6.06
Southern Europe,2023-04-22,16.65,9567.12,38.55,20.08,1.28,0.05,17.62,6.71
Southern Europe,2023-04-23,18.84,12660.34,43.57,24.24,4.87,0.04,19.42,6.1
Southern Europe,2023-04-24,18.33,12228.86,42.25,24.05,5.33,0.04,20.11,7.37
Southern Europe,2023-04-25,18.63,11925.09,42.07,24.61,2.73,0.04,21.08,8.17
Southern Europe,2023-04-26,15.67,8134.61,38.19,25.09,1.47,0.05,22.09,8.15
Southern Europe,2023-04-27,14.16,8344.53,34.97,24.71,0.32,0.04,23.54,8.61
Southern Europe,2023-04-28,16.13,9537.13,40.08,23.04,0.71,0.04,23.82,9.72
Southern Europe,2023-04-29,17.12,10031.76,40.83,20.91,2.51,0.04,21.6,10.26
Southern Europe,2023-04-30,17.13,10859.71,36.51,20.7,4.11,0.04,20.64,9.9
Southern Europe,2023-05-01,17.16,10880.83,36.88,23.82,5.28,0.04,20.89,8.89
Southern Europe,2023-05-02,17.82,15227.68,38.33,22.86,5.54,0.04,22.71,8.87
Southern Europe,2023-05-03,21.73,18860.48,48.19,22.15,3.94,0.04,22.45,9.87
Southern Europe,2023-05-04,19.13,11787.77,41.59,23.62,2.29,0.04,20.33,9.46
Southern Europe,2023-05-05,15.25,7927.19,35.79,25.8,0.4,0.04,22.01,8.47
Southern Europe,2023-05-06,15.77,8283.64,40.42,25.23,1.62,0.04,22.38,9.61
Southern Europe,2023-05-07,15.35,8096.78,35.79,25.84,2.78,0.03,22.35,10.0
Southern Europe,2023-05-08,14.8,7851.25,36.24,24.75,2.61,0.03,23.09,10.19
Southern Europe,2023-05-09,19.61,13919.33,44.4,22.29,4.4,0.03,21.48,11.09
Southern Europe,2023-05-10,20.12,15505.11,41.68,23.5,7.96,0.03,19.19,8.49
Southern Europe,2023-05-11,21.69,16767.23,44.19,24.29,6.83,0.03,18.62,7.26
Southern Europe,2023-05-12,20.87,16046.86,46.61,24.29,4.46,0.03,17.46,6.42
Southern Europe,2023-05-13,21.1,16860.58,43.28,24.01,3.45,0.03,17.76,5.67
Southern Europe,2023-05-14,21.23,17110.74,46.3,22.81,6.54,0.03,19.02,7.33
Southern Europe,2023-05-15,21.8,19131.59,46.82,22.87,5.33,0.03,19.59,7.22
Southern Europe,2023-05-16,26.42,30045.12,51.25,24.08,5.99,0.03,19.37,6.86
Southern Europe,2023-05-17,26.43,32083.41,49.84,22.92,3.97,0.03,19.34,6.2
Southern Europe,2023-05-18,23.2,24274.64,47.57,24.01,1.86,0.03,18.39,6.45
Southern Europe,2023-05-19,22.22,20594.98,45.7,24.1,3.44,0.03,18.78,7.14
Southern Europe,2023-05-20,21.15,17263.78,46.08,21.03,3.7,0.03,18.64,7.41
Southern Europe,2023-05-21,18.7,12651.34,41.77,19.52,3.99,0.03,19.3,8.22
Southern Europe,2023-05-22,18.04,11904.06,40.61,19.45,2.32,0.03,20.03,9.17
Southern Europe,2023-05-23,18.61,15223.8,42.02,19.88,2.94,0.03,20.72,9.91
Southern Europe,2023-05-24,15.9,11499.81,36.16,23.28,4.49,0.03,21.13,10.34
Southern Europe,2023-05-25,17.68,15425.38,41.02,23.9,4.11,0.02,21.69,10.45
Southern Europe,2023-05-26,22.11,20115.95,46.54,21.07,5.44,0.02,20.88,10.02
Southern Europe,2023-05-27,16.74,8131.34,39.2,19.8,6.12,0.02,21.01,11.46
Southern Europe,2023-05-28,13.54,5296.13,35.47,20.09,7.73,0.02,20.49,11.75
Southern Europe,2023-05-29,13.3,4538.33,35.13,21.67,6.31,0.02,20.79,11.38
Southern Europe,2023-05-30,10.96,3049.91,31.96,21.82,6.95,0.02,20.75,11.44
Southern Europe,2023-05-31,9.92,2280.08,32.32,23.96,6.74,0.02,21.25,11.55
Southern Europe,2023-06-01,12.13,4428.91,33.97,22.62,5.1,0.02,21.46,11.93
Southern Europe,2023-06-02,11.6,3941.09,30.87,23.37,3.36,0.02,21.77,11.49
Southern Europe,2023-06-03,10.22,2776.71,31.3,24.6,4.91,0.01,22.0,12.11
Southern Europe,2023-06-04,9.45,2698.5,29.74,24.53,5.69,0.01,22.47,12.7
Southern Europe,2023-06-05,11.24,4106.82,34.19,24.69,4.26,0.01,22.72,13.17
Southern Europe,2023-06-06,13.71,9665.68,32.42,25.75,2.52,0.01,24.16,13.48
Southern Europe,2023-06-07,16.39,10223.71,35.25,15.31,5.48,0.01,21.74,14.59
Southern Europe,2023-06-08,16.58,9739.62,38.11,17.8,8.8,0.01,22.15,14.3
Southern Europe,2023-06-09,18.0,10776.15,39.45,23.06,6.35,0.01,22.42,14.04
Southern Europe,2023-06-10,11.8,3261.63,28.79,23.87,3.02,0.01,23.11,14.52
Southern Europe,2023-06-11,11.64,3288.38,33.71,24.96,4.38,0.01,23.27,14.44
Southern Europe,2023-06-12,11.63,3841.98,37.56,23.94,6.67,0.01,23.15,14.14
Southern Europe,2023-06-13,14.91,7301.44,38.92,23.89,6.54,0.0,22.01,13.76
Southern Europe,2023-06-14,16.19,10060.79,37.05,24.84,3.47,0.0,23.58,13.23
Southern Europe,2023-06-15,15.26,8278.54,33.06,26.83,4.9,0.0,25.31,14.15
Southern Europe,2023-06-16,15.79,10734.9,35.46,27.03,3.51,0.0,26.68,15.07
Southern Europe,2023-06-17,16.37,10110.82,40.67,25.48,1.66,0.0,26.49,15.66
Southern Europe,2023-06-18,16.55,8114.04,38.8,24.15,2.26,0.0,25.22,15.09
Southern Europe,2023-06-19,15.38,6759.25,38.61,24.52,4.22,0.0,25.23,15.49
Southern Europe,2023-06-20,13.82,5147.25,34.6,25.25,1.79,0.0,25.39,15.92
Southern Europe,2023-06-21,12.34,4350.02,33.0,22.93,3.83,0.0,25.77,16.29
Southern Europe,2023-06-22,12.88,4962.06,30.83,27.95,1.67,0.0,27.6,16.56
Southern Europe,2023-06-23,15.95,12283.54,34.57,28.52,3.43,0.0,29.26,16.98
Southern Europe,2023-06-24,16.33,15495.04,34.7,28.51,0.77,0.0,29.6,17.36
Southern Europe,2023-06-25,15.41,11377.11,39.41,27.31,0.93,0.0,29.93,18.3
Southern Europe,2023-06-26,18.55,14145.61,39.25,28.2,0.97,0.0,29.51,17.97
Southern Europe,2023-06-27,18.0,13733.75,36.62,28.42,3.18,0.0,29.24,17.46
Southern Europe,2023-06-28,16.54,10061.06,37.22,28.03,2.08,0.0,28.8,17.38
Southern Europe,2023-06-29,19.38,15115.02,45.3,27.81,2.28,0.0,27.0,16.57
Southern Europe,2023-06-30,19.06,15119.06,40.79,27.8,4.2,0.0,25.6,14.54
Southern Europe,2023-07-01,17.55,12041.66,41.03,27.78,5.28,0.0,27.08,15.62
Southern Europe,2023-07-02,17.08,11021.04,37.89,27.02,2.21,0.0,28.17,17.21
Southern Europe,2023-07-03,14.78,7287.87,37.24,27.12,2.96,0.0,28.15,17.85
Southern Europe,2023-07-04,15.35,7090.13,38.46,28.44,2.01,0.0,27.79,17.32
Southern Europe,2023-07-05,13.88,6125.33,36.02,26.42,1.36,0.0,27.56,16.55
Southern Europe,2023-07-06,13.96,5723.74,36.05,27.14,2.74,0.0,27.69,17.04
Southern Europe,2023-07-07,17.57,10872.46,43.66,27.73,0.69,0.0,28.23,17.26
Southern Europe,2023-07-08,16.11,7826.13,37.21,28.14,1.63,0.0,28.2,16.88
Southern Europe,2023-07-09,13.17,5018.33,35.72,28.92,0.1,0.0,29.67,16.97
Southern Europe,2023-07-10,13.52,6838.45,37.35,28.66,0.1,0.0,32.01,18.11
Southern Europe,2023-07-11,16.23,10869.4,43.08,28.37,0.62,0.0,32.0,19.83
Southern Europe,2023-07-12,16.65,9547.0,39.5,27.75,4.87,0.0,30.43,18.77
Southern Europe,2023-07-13,15.22,7964.65,36.8,28.3,3.56,0.0,30.69,18.14
Southern Europe,2023-07-14,17.86,12082.63,42.09,28.51,1.22,0.0,30.73,18.81
Southern Europe,2023-07-15,17.86,11527.3,41.93,27.99,1.26,0.0,29.0,18.32
Southern Europe,2023-07-16,15.2,8767.52,38.59,28.41,0.5,0.0,29.75,16.64
Southern Europe,2023-07-17,15.94,11257.48,39.36,28.0,0.29,0.0,33.19,18.63
Southern Europe,2023-07-18,16.6,10255.39,40.23,26.91,2.17,0.0,33.46,20.87
Southern Europe,2023-07-19,16.59,9393.38,39.28,27.61,1.55,0.0,32.65,20.31
Southern Europe,2023-07-20,17.43,11450.32,44.24,27.75,0.9,0.0,30.74,19.17
Southern Europe,2023-07-21,17.12,10829.54,41.78,27.18,3.05,0.0,29.24,17.37
Southern Europe,2023-07-22,16.04,8952.69,40.11,27.35,0.96,0.0,30.0,17.53
Southern Europe,2023-07-23,16.03,9052.19,44.18,27.24,0.75,0.0,31.07,18.82
Southern Europe,2023-07-24,20.11,14052.1,44.89,27.07,5.37,0.0,29.4,18.36
Southern Europe,2023-07-25,21.33,18100.69,45.8,27.85,4.49,0.0,28.46,16.17
Southern Europe,2023-07-26,17.68,11958.86,41.86,27.68,1.71,0.0,28.74,15.48
Southern Europe,2023-07-27,17.38,9573.47,42.77,27.05,0.74,0.0,27.66,16.37
Southern Europe,2023-07-28,14.44,6454.92,38.3,27.71,0.51,0.0,28.79,15.84
Southern Europe,2023-07-29,14.2,6137.6,37.96,27.39,1.33,0.0,29.84,18.16
Southern Europe,2023-07-30,15.2,7752.64,38.9,27.22,2.33,0.0,30.14,18.31
Southern Europe,2023-07-31,15.55,8917.76,39.24,27.2,0.64,0.0,29.92,17.72
Southern Europe,2023-08-01,18.34,12298.94,41.37,27.04,2.59,0.0,29.39,17.38
Southern Europe,2023-08-02,19.82,15095.16,45.11,26.67,1.94,0.0,29.36,17.89
Southern Europe,2023-08-03,20.42,15929.24,45.07,26.87,2.33,0.0,27.75,16.78
Southern Europe,2023-08-04,21.74,19405.92,46.75,26.08,3.36,0.0,27.09,14.75
Southern Europe,2023-08-05,20.32,18246.76,44.61,26.21,7.1,0.0,28.19,14.24
Southern Europe,2023-08-06,22.6,23922.47,46.08,26.61,2.95,0.0,28.58,15.2
Southern Europe,2023-08-07,19.3,21089.35,41.74,26.6,0.67,0.0,29.19,14.21
Southern Europe,2023-08-08,16.19,14377.01,36.37,25.64,0.11,0.0,30.6,16.48
Southern Europe,2023-08-09,14.79,7903.79,39.19,24.28,0.57,0.0,30.91,17.96
Southern Europe,2023-08-10,16.09,9192.32,38.85,25.63,0.53,0.0,30.29,18.01
Southern Europe,2023-08-11,14.9,7750.36,36.84,26.06,0.08,0.0,30.96,17.7
Southern Europe,2023-08-12,15.77,8844.34,38.69,25.4,0.59,0.0,30.03,18.54
Southern Europe,2023-08-13,16.15,8967.01,38.95,25.22,0.39,0.0,29.91,17.72
Southern Europe,2023-08-14,15.16,7317.82,37.98,24.62,0.78,0.0,29.66,17.6
Southern Europe,2023-08-15,14.34,6451.12,37.76,24.6,1.87,0.0,29.74,17.81
Southern Europe,2023-08-16,14.94,6832.41,38.19,24.84,2.24,0.0,29.78,18.56
Southern Europe,2023-08-17,14.85,6430.25,37.16,25.13,1.2,0.0,30.23,18.37
Southern Europe,2023-08-18,16.95,12366.0,41.62,23.98,0.64,0.0,30.66,18.88
Southern Europe,2023-08-19,13.78,5405.04,34.58,24.6,2.03,0.0,31.33,19.49
Southern Europe,2023-08-20,14.27,7356.43,36.12,24.54,0.28,0.0,32.32,20.76
Southern Europe,2023-08-21,17.46,12910.48,38.78,24.62,0.16,0.0,33.81,20.82
Southern Europe,2023-08-22,17.81,17368.44,38.95,24.42,0.15,0.0,34.52,21.41
Southern Europe,2023-08-23,16.54,13486.51,38.42,24.24,0.5,0.0,34.5,21.69
Southern Europe,2023-08-24,15.66,8537.72,36.5,24.02,0.34,0.0,33.67,21.31
Southern Europe,2023-08-25,15.86,8502.27,40.19,23.2,1.5,0.0,32.13,20.03
Southern Europe,2023-08-26,17.54,12397.56,47.89,19.53,5.65,0.0,29.02,18.19
Southern Europe,2023-08-27,25.1,28681.25,52.65,22.18,9.94,0.0,25.53,14.84
Southern Europe,2023-08-28,24.38,25459.52,50.39,22.73,13.21,0.0,25.9,13.85
Southern Europe,2023-08-29,22.79,20820.88,48.83,22.16,4.2,0.0,25.09,14.16
Southern Europe,2023-08-30,18.72,12340.0,43.22,21.87,2.62,0.0,24.8,13.83
Southern Europe,2023-08-31,14.01,5848.55,36.39,22.95,0.9,0.0,26.4,13.63
Southern Europe,2023-09-01,14.78,6497.15,38.73,21.59,0.86,0.0,26.74,15.23
Southern Europe,2023-09-02,15.96,9150.23,37.95,16.27,2.79,0.0,23.79,15.38
Southern Europe,2023-09-03,23.81,29910.59,50.89,13.71,5.04,0.0,24.4,15.04
Southern Europe,2023-09-04,24.48,24594.82,53.41,18.56,3.24,0.0,24.34,15.71
Southern Europe,2023-09-05,21.2,18431.63,45.17,18.53,4.37,0.0,24.15,15.75
Southern Europe,2023-09-06,17.42,10587.93,37.99,18.75,2.68,0.0,25.58,15.79
Southern Europe,2023-09-07,16.62,9653.59,38.09,18.02,2.38,0.0,26.13,17.13
Southern Europe,2023-09-08,16.82,11141.03,38.41,20.02,1.11,0.0,26.37,16.76
Southern Europe,2023-09-09,16.29,9208.27,39.07,18.91,4.76,0.0,25.72,16.64
Southern Europe,2023-09-10,13.59,6565.81,34.78,20.13,0.87,0.0,26.3,15.86
Southern Europe,2023-09-11,12.97,6578.28,33.28,19.8,2.65,0.0,25.27,15.97
Southern Europe,2023-09-12,11.4,3938.79,31.19,19.52,1.62,0.0,25.01,15.36
Southern Europe,2023-09-13,14.68,6821.28,33.14,19.68,3.04,0.0,25.48,14.98
Southern Europe,2023-09-14,13.81,7595.05,31.25,18.86,1.75,0.0,25.91,15.7
Southern Europe,2023-09-15,13.42,5478.42,35.85,15.97,5.36,0.0,24.24,16.56
Southern Europe,2023-09-16,15.76,8053.15,36.62,14.55,7.54,0.0,23.11,15.56
Southern Europe,2023-09-17,20.26,18188.87,46.67,16.0,3.25,0.0,23.1,15.01
Southern Europe,2023-09-18,15.62,8764.77,37.29,16.2,5.06,0.0,22.88,14.37
Southern Europe,2023-09-19,12.4,4567.24,31.83,18.05,1.32,0.0,23.94,13.76
Southern Europe,2023-09-20,15.53,11274.55,36.92,18.31,1.89,0.0,23.45,13.59
Southern Europe,2023-09-21,22.24,20081.01,47.89,12.9,10.0,0.0,21.86,13.48
Southern Europe,2023-09-22,20.36,13583.75,42.09,18.32,8.09,0.0,21.47,11.96
Southern Europe,2023-09-23,12.93,6274.53,31.09,19.27,7.1,0.0,22.61,10.57
Southern Europe,2023-09-24,15.04,10416.55,33.87,19.02,2.39,0.0,23.73,10.35
Southern Europe,2023-09-25,13.52,7217.66,31.03,18.49,2.02,0.0,24.33,11.56
Southern Europe,2023-09-26,14.34,8866.3,31.54,18.2,1.27,0.0,24.74,13.13
Southern Europe,2023-09-27,16.48,10381.6,36.13,17.97,2.13,0.0,25.15,13.61
Southern Europe,2023-09-28,13.55,7726.5,30.77,18.46,0.27,0.0,25.71,13.58
Southern Europe,2023-09-29,11.18,5767.0,26.1,18.43,0.3,0.0,26.71,14.05
Southern Europe,2023-09-30,13.38,10446.61,28.48,18.37,0.14,0.0,27.45,14.59
Southern Europe,2023-10-01,13.38,8323.52,29.45,18.44,0.1,0.0,27.61,14.04
Southern Europe,2023-10-02,15.49,9057.25,33.79,18.14,0.01,0.0,26.83,13.95
Southern Europe,2023-10-03,14.68,9177.46,33.54,17.41,0.26,0.0,25.72,13.56
Southern Europe,2023-10-04,13.48,9373.04,31.6,17.32,0.64,0.0,25.64,13.64
Southern Europe,2023-10-05,10.46,4922.88,27.67,17.46,0.29,0.0,26.21,13.62
Southern Europe,2023-10-06,12.02,7945.22,27.36,16.81,0.19,0.0,26.72,13.6
Southern Europe,2023-10-07,13.71,9394.71,28.57,16.97,0.06,0.0,26.94,13.2
Southern Europe,2023-10-08,12.0,7163.18,28.67,17.03,0.03,0.0,27.16,13.15
Southern Europe,2023-10-09,11.89,6398.89,27.4,16.67,0.03,0.0,26.68,13.3
Southern Europe,2023-10-10,10.75,4857.64,25.98,16.68,0.03,0.0,26.14,13.07
Southern Europe,2023-10-11,11.28,5211.03,27.64,16.22,0.1,0.0,25.24,12.64
Southern Europe,2023-10-12,12.96,8525.12,30.34,16.37,0.07,0.0,25.28,12.49
Southern Europe,2023-10-13,15.57,9685.56,36.6,13.7,2.2,0.0,23.97,12.8
Southern Europe,2023-10-14,12.71,4856.82,32.08,12.49,2.12,0.0,21.92,13.33
Southern Europe,2023-10-15,14.79,7533.69,33.33,11.8,4.03,0.0,20.95,11.55
Southern Europe,2023-10-16,16.31,10244.92,38.18,10.14,2.82,0.0,19.2,12.14
Southern Europe,2023-10-17,27.52,45950.59,55.91,10.07,12.82,0.0,20.01,11.82
Southern Europe,2023-10-18,27.99,41210.66,52.01,10.76,10.44,0.0,19.34,11.48
Southern Europe,2023-10-19,32.39,56702.54,63.45,6.04,19.66,0.0,18.68,10.26
Southern Europe,2023-10-20,33.29,57175.31,61.92,11.82,21.81,0.0,18.03,9.32
Southern Europe,2023-10-21,19.49,14098.5,40.78,12.2,6.52,0.0,17.28,8.22
Southern Europe,2023-10-22,18.7,17685.22,42.32,7.95,2.53,0.0,17.39,8.24
Southern Europe,2023-10-23,16.65,11463.13,38.89,10.19,4.15,0.0,17.4,8.82
Southern Europe,2023-10-24,23.66,26043.32,51.27,10.54,15.24,0.0,17.35,8.18
Southern Europe,2023-10-25,27.64,34737.43,50.47,9.24,6.28,0.0,18.54,10.39
Southern Europe,2023-10-26,31.08,49363.85,61.82,8.1,20.46,0.0,18.74,10.76
Southern Europe,2023-10-27,29.42,38347.37,57.61,10.16,10.47,0.0,17.35,8.98
Southern Europe,2023-10-28,27.87,41113.07,52.44,10.84,8.48,0.0,17.91,9.1
Southern Europe,2023-10-29,24.51,28597.16,46.02,9.5,11.96,0.0,17.57,9.17
Southern Europe,2023-10-30,25.5,28581.63,50.72,11.1,11.96,0.0,16.88,8.02
Southern Europe,2023-10-31,21.06,21029.39,44.37,7.63,8.1,0.0,16.27,6.85
Southern Europe,2023-11-01,26.75,44349.97,54.67,8.0,8.47,0.01,16.54,7.26
Southern Europe,2023-11-02,36.78,88331.45,75.57,7.85,23.11,0.01,16.51,5.68
Southern Europe,2023-11-03,36.02,64673.25,68.48,8.28,12.92,0.02,14.36,4.38
Southern Europe,2023-11-04,38.79,96200.82,72.4,6.86,17.76,0.02,15.43,5.22
Southern Europe,2023-11-05,33.75,54194.2,63.73,10.39,9.24,0.03,14.75,5.31
Southern Europe,2023-11-06,21.51,15566.23,41.63,11.23,1.37,0.03,14.21,4.48
Southern Europe,2023-11-07,17.3,9613.68,36.14,10.57,4.04,0.03,13.54,2.9
Southern Europe,2023-11-08,17.84,13236.3,37.66,8.52,6.77,0.03,13.71,3.48
Southern Europe,2023-11-09,19.92,15397.53,41.64,9.58,2.91,0.03,14.11,4.52
Southern Europe,2023-11-10,22.95,18875.9,44.55,8.21,7.29,0.03,14.01,5.08
Southern Europe,2023-11-11,27.65,37126.15,52.41,7.92,6.81,0.03,15.92,7.2
Southern Europe,2023-11-12,23.38,23758.17,44.13,8.14,2.85,0.04,16.45,7.39
Southern Europe,2023-11-13,20.4,21514.55,37.62,9.74,2.4,0.04,17.5,8.1
Southern Europe,2023-11-14,18.19,13752.27,36.78,10.47,2.87,0.03,18.23,8.17
Southern Europe,2023-11-15,15.86,10764.97,33.59,10.05,3.11,0.03,18.06,8.25
Southern Europe,2023-11-16,16.7,10413.36,36.76,9.04,1.54,0.03,17.01,7.46
Southern Europe,2023-11-17,16.88,12266.29,35.14,9.43,2.79,0.03,16.72,6.58
Southern Europe,2023-11-18,16.75,14380.4,34.57,10.44,0.61,0.03,16.03,4.35
Southern Europe,2023-11-19,11.4,6559.56,25.93,10.73,0.22,0.03,16.41,3.91
Southern Europe,2023-11-20,13.56,6983.0,31.97,9.8,0.43,0.03,15.69,4.48
Southern Europe,2023-11-21,24.09,25125.4,43.68,9.05,5.02,0.03,13.15,3.42
Southern Europe,2023-11-22,29.12,41776.33,52.93,9.14,4.81,0.03,12.81,2.48
Southern Europe,2023-11-23,23.35,24915.49,44.17,9.86,0.75,0.03,13.03,1.46
Southern Europe,2023-11-24,18.07,15838.45,33.72,10.15,1.57,0.03,14.24,1.37
Southern Europe,2023-11-25,21.77,26840.99,43.58,9.37,4.36,0.03,12.81,-0.28
Southern Europe,2023-11-26,14.05,10256.47,33.02,9.49,0.5,0.04,11.4,-1.22
Southern Europe,2023-11-27,17.31,9768.24,35.77,7.83,1.02,0.04,11.4,0.16
Southern Europe,2023-11-28,23.94,26743.29,45.32,4.87,8.13,0.05,12.43,4.12
Southern Europe,2023-11-29,23.72,22501.38,44.58,5.92,5.32,0.05,13.34,5.16
Southern Europe,2023-11-30,26.74,33304.05,52.35,5.19,17.52,0.06,13.95,4.89
Southern Europe,2023-12-01,26.52,32598.34,50.47,6.22,12.02,0.06,12.87,3.29
Southern Europe,2023-12-02,22.72,24659.97,43.68,8.03,7.79,0.07,11.43,1.2
Southern Europe,2023-12-03,19.79,18545.07,42.98,8.13,3.03,0.08,9.96,-1.03
Southern Europe,2023-12-04,22.06,21126.01,43.45,5.0,4.14,0.08,9.69,0.22
Southern Europe,2023-12-05,17.19,10663.73,35.51,4.7,2.68,0.08,9.02,0.19
Southern Europe,2023-12-06,13.52,7889.42,28.69,6.23,1.78,0.08,9.97,0.12
Southern Europe,2023-12-07,19.71,17482.97,39.58,5.41,10.07,0.08,10.93,0.89
Southern Europe,2023-12-08,22.75,22361.66,44.4,7.31,4.21,0.08,10.23,1.22
Southern Europe,2023-12-09,20.88,20884.83,39.87,6.08,2.9,0.08,11.79,1.64
Southern Europe,2023-12-10,21.02,21750.5,40.45,6.55,4.29,0.09,13.13,3.94
Southern Europe,2023-12-11,20.19,20140.68,36.58,7.54,2.21,0.09,14.09,4.33
Southern Europe,2023-12-12,22.36,21448.94,40.91,6.56,8.02,0.09,14.56,5.03
Southern Europe,2023-12-13,26.99,29937.73,50.62,6.41,5.96,0.09,12.11,3.08
Southern Europe,2023-12-14,23.34,23621.11,43.21,8.29,3.41,0.09,11.23,1.05
Southern Europe,2023-12-15,23.86,23185.13,43.59,8.21,1.44,0.09,11.69,0.53
Southern Europe,2023-12-16,21.5,26417.82,41.71,8.39,0.89,0.09,10.32,-1.52
Southern Europe,2023-12-17,14.27,12599.0,28.88,8.89,0.11,0.09,10.88,-1.45
Southern Europe,2023-12-18,11.11,4449.93,22.84,9.15,0.03,0.08,11.3,-1.92
Southern Europe,2023-12-19,11.15,4664.75,25.44,9.23,0.07,0.08,11.62,-2.08
Southern Europe,2023-12-20,22.58,27540.22,43.8,6.35,1.46,0.08,10.6,-1.35
Southern Europe,2023-12-21,20.39,18233.86,39.08,8.57,0.54,0.08,11.02,-0.68
Southern Europe,2023-12-22,24.17,29962.78,42.86,8.44,2.73,0.08,12.24,0.48
Southern Europe,2023-12-23,19.06,17463.63,34.17,8.8,0.38,0.09,12.38,0.12
Southern Europe,2023-12-24,12.0,6314.73,26.9,8.43,0.06,0.08,12.36,0.1
Southern Europe,2023-12-25,9.66,3212.55,20.99,8.22,0.05,0.08,11.69,-0.06
Southern Europe,2023-12-26,9.53,3362.57,22.16,7.94,0.05,0.08,10.86,-0.86
Southern Europe,2023-12-27,12.59,10510.83,26.35,8.52,0.35,0.07,11.07,-1.37
Southern Europe,2023-12-28,11.72,4843.28,24.31,7.56,3.47,0.07,11.15,-0.22
Southern Europe,2023-12-29,9.55,2018.98,21.48,6.13,1.52,0.07,11.2,1.06
Southern Europe,2023-12-30,12.71,10349.08,31.36,7.96,0.71,0.07,11.43,0.89
Southern Europe,2023-12-31,19.15,17471.15,40.9,5.75,4.04,0.07,10.94,1.37
Southern Europe,2024-01-01,16.33,11274.4,33.61,7.84,2.07,0.08,10.71,0.71
Southern Europe,2024-01-02,23.14,30747.51,44.49,6.32,6.21,0.08,11.97,0.8
Southern Europe,2024-01-03,22.49,20533.22,41.58,4.67,6.16,0.08,12.68,3.79
Southern Europe,2024-01-04,19.54,15207.84,40.68,4.98,3.61,0.08,12.2,3.44
Southern Europe,2024-01-05,23.39,23524.56,46.4,7.26,6.2,0.09,9.86,0.47
Southern Europe,2024-01-06,25.45,30184.64,47.99,8.07,8.23,0.11,9.52,-0.1
Southern Europe,2024-01-07,23.55,29054.98,43.3,8.17,5.28,0.11,8.61,-1.41
Southern Europe,2024-01-08,19.21,17569.24,36.89,7.36,2.44,0.12,7.64,-2.9
Southern Europe,2024-01-09,13.44,7830.83,29.75,5.1,2.47,0.12,7.48,-1.7
Southern Europe,2024-01-10,15.21,7856.2,32.7,5.35,2.9,0.12,7.29,-0.76
Southern Europe,2024-01-11,16.59,8876.91,31.61,7.29,0.68,0.12,7.34,-2.68
Southern Europe,2024-01-12,18.82,15938.4,35.9,8.68,0.28,0.12,8.05,-3.74
Southern Europe,2024-01-13,18.49,17570.03,34.3,7.26,2.07,0.11,9.99,-2.74
Southern Europe,2024-01-14,19.58,14366.57,37.25,7.27,4.91,0.11,11.7,0.21
Southern Europe,2024-01-15,22.7,18824.28,40.0,4.42,8.58,0.11,12.42,3.81
Southern Europe,2024-01-16,24.83,31896.01,51.77,6.86,5.23,0.11,13.52,3.98
Southern Europe,2024-01-17,35.59,73491.61,63.55,6.57,12.3,0.11,12.73,3.71
Southern Europe,2024-01-18,30.49,48568.54,60.44,6.44,8.35,0.12,13.4,4.7
Southern Europe,2024-01-19,26.29,33173.76,50.44,4.98,7.28,0.12,10.68,0.11
Southern Europe,2024-01-20,18.48,15788.85,39.78,8.21,3.25,0.13,8.53,-4.03
Southern Europe,2024-01-21,19.12,22245.52,35.86,9.63,0.36,0.13,9.25,-3.62
Southern Europe,2024-01-22,18.34,18083.6,35.08,10.17,0.55,0.13,10.75,-2.13
Southern Europe,2024-01-23,15.91,9587.84,31.67,10.34,0.59,0.13,13.48,0.77
Southern Europe,2024-01-24,13.38,8823.87,27.61,10.87,0.09,0.13,15.03,1.57
Southern Europe,2024-01-25,12.5,7540.57,25.72,10.6,0.56,0.12,16.01,2.29
Southern Europe,2024-01-26,11.67,5337.13,23.87,10.81,0.19,0.12,15.65,2.15
Southern Europe,2024-01-27,13.49,7218.77,26.38,10.52,0.13,0.11,15.21,1.89
Southern Europe,2024-01-28,18.4,13051.85,33.27,10.16,0.07,0.11,13.39,1.1
Southern Europe,2024-01-29,16.25,10878.93,31.21,9.78,0.02,0.11,12.74,1.16
Southern Europe,2024-01-30,13.85,10203.1,28.13,10.73,0.02,0.11,12.33,0.57
Southern Europe,2024-01-31,12.55,11214.24,25.8,11.28,0.0,0.11,12.71,0.07
Southern Europe,2024-02-01,15.58,10957.65,30.59,11.95,0.15,0.1,13.46,-0.31
Southern Europe,2024-02-02,18.09,14089.28,34.94,11.75,0.09,0.1,13.46,0.23
Southern Europe,2024-02-03,13.24,10416.33,28.05,12.29,0.0,0.1,14.17,0.09
Southern Europe,2024-02-04,10.04,5390.21,23.0,12.49,0.0,0.1,15.12,0.95
Southern Europe,2024-02-05,9.36,3385.45,22.36,11.16,0.01,0.09,14.98,1.64
Southern Europe,2024-02-06,12.93,5352.82,28.52,11.2,0.03,0.09,14.24,2.44
Southern Europe,2024-02-07,20.21,17842.99,39.53,8.95,0.54,0.09,13.51,2.48
Southern Europe,2024-02-08,29.58,58093.28,58.58,7.08,8.76,0.09,13.06,2.82
Southern Europe,2024-02-09,29.61,42686.84,54.14,5.85,19.02,0.09,12.44,3.61
Southern Europe,2024-02-10,33.57,52555.22,60.58,9.92,11.74,0.11,10.66,1.97
Southern Europe,2024-02-11,27.77,34600.46,53.67,5.08,10.58,0.11,10.28,0.94
Southern Europe,2024-02-12,25.94,33562.85,56.82,10.23,2.99,0.11,13.45,3.18
Southern Europe,2024-02-13,17.41,10449.3,36.61,9.46,1.36,0.11,14.47,3.51
Southern Europe,2024-02-14,19.71,17086.29,37.38,10.96,0.54,0.11,15.72,4.34
Southern Europe,2024-02-15,21.58,19760.97,44.11,9.45,4.69,0.11,15.16,3.9
Southern Europe,2024-02-16,17.46,11915.66,34.63,10.93,1.19,0.11,13.5,2.98
Southern Europe,2024-02-17,14.42,8320.31,31.23,14.31,0.22,0.1,14.6,1.41
Southern Europe,2024-02-18,12.09,5419.07,27.08,14.26,0.03,0.1,15.64,2.01
Southern Europe,2024-02-19,17.77,12472.88,35.27,13.84,0.71,0.1,15.4,2.8
Southern Europe,2024-02-20,16.18,11035.17,33.22,14.35,0.76,0.1,15.47,1.93
Southern Europe,2024-02-21,15.35,10064.83,34.1,12.96,0.37,0.09,14.58,1.58
Southern Europe,2024-02-22,27.01,41311.44,57.09,10.52,7.38,0.1,13.54,2.05
Southern Europe,2024-02-23,31.6,46094.8,58.99,11.99,13.86,0.13,10.41,0.24
Southern Europe,2024-02-24,26.33,30165.22,54.0,12.28,8.75,0.15,10.27,-0.07
Southern Europe,2024-02-25,31.12,61289.04,55.62,7.79,14.51,0.16,11.87,1.75
Southern Europe,2024-02-26,29.89,50544.19,59.92,12.34,8.62,0.17,10.82,0.73
Southern Europe,2024-02-27,32.48,54772.58,59.61,13.38,8.95,0.19,11.02,-0.26
Southern Europe,2024-02-28,27.32,41807.01,51.09,14.56,2.97,0.19,12.95,0.26
Southern Europe,2024-02-29,25.16,30157.22,54.97,13.82,4.23,0.18,13.26,1.2
Southern Europe,2024-03-01,25.69,31551.07,50.67,13.59,9.36,0.17,11.41,-0.22
Southern Europe,2024-03-02,28.11,42088.82,57.71,9.19,11.73,0.17,10.64,0.52
Southern Europe,2024-03-03,26.52,30574.93,51.14,13.35,7.05,0.18,10.47,-0.69
Southern Europe,2024-03-04,24.9,27761.29,50.36,11.62,6.28,0.18,12.35,1.11
Southern Europe,2024-03-05,18.26,11670.98,39.04,15.53,2.85,0.17,12.05,0.18
Southern Europe,2024-03-06,14.9,8588.23,33.65,16.74,3.05,0.18,12.87,-0.73
Southern Europe,2024-03-07,24.65,27092.13,50.8,11.23,7.38,0.18,11.3,0.41
Southern Europe,2024-03-08,27.44,39018.4,57.43,12.89,11.14,0.18,10.42,-0.42
Southern Europe,2024-03-09,29.12,42468.95,54.62,8.77,10.07,0.18,9.38,0.36
Southern Europe,2024-03-10,31.15,49039.16,58.56,13.54,13.13,0.2,11.52,0.83
Southern Europe,2024-03-11,25.02,24903.94,50.32,14.12,5.79,0.21,12.15,1.24
Southern Europe,2024-03-12,16.26,10065.63,34.15,17.84,1.95,0.21,14.01,0.55
Southern Europe,2024-03-13,13.8,7444.57,30.3,17.61,0.55,0.2,15.57,1.5
Southern Europe,2024-03-14,15.89,9336.99,35.64,15.53,0.94,0.19,15.25,2.83
Southern Europe,2024-03-15,14.68,6615.99,31.53,15.66,1.09,0.18,15.87,4.3
Southern Europe,2024-03-16,12.99,5974.88,30.3,16.84,1.08,0.18,17.04,4.62
Southern Europe,2024-03-17,13.7,7995.26,30.52,17.25,0.64,0.17,18.38,5.58
Southern Europe,2024-03-18,11.62,4108.49,28.93,16.05,1.85,0.17,18.74,6.08
Southern Europe,2024-03-19,12.65,4914.65,32.02,17.39,1.52,0.16,18.4,5.57
Southern Europe,2024-03-20,16.14,8653.88,38.54,17.38,1.47,0.16,17.03,4.86
Southern Europe,2024-03-21,18.54,17014.58,38.04,17.35,1.74,0.15,18.96,4.77
Southern Europe,2024-03-22,17.25,19115.23,36.18,18.57,0.48,0.15,20.61,6.05
Southern Europe,2024-03-23,22.59,27113.24,44.13,17.76,1.21,0.14,18.71,5.71
Southern Europe,2024-03-24,23.66,27350.04,46.31,18.02,1.74,0.14,17.21,3.95
Southern Europe,2024-03-25,21.27,18410.98,46.34,11.81,2.8,0.14,13.63,2.48
Southern Europe,2024-03-26,24.46,28984.43,54.27,14.09,7.42,0.14,10.72,0.22
Southern Europe,2024-03-27,34.55,71773.42,72.18,12.79,17.05,0.15,13.6,1.17
Southern Europe,2024-03-28,35.0,62423.62,66.98,13.23,13.39,0.17,13.9,2.78
Southern Europe,2024-03-29,24.5,27429.97,52.59,13.62,5.78,0.17,14.66,3.29
Southern Europe,2024-03-30,24.59,26941.62,49.63,13.99,9.16,0.17,13.71,2.9
Southern Europe,2024-03-31,26.17,30954.46,52.92,12.4,10.78,0.17,13.27,3.19
Southern Europe,2024-04-01,28.23,36005.07,56.43,18.58,11.73,0.17,14.77,2.59
Southern Europe,2024-04-02,24.21,28449.51,51.3,17.16,5.59,0.17,15.06,2.96
Southern Europe,2024-04-03,19.93,17071.57,40.05,18.66,1.28,0.17,16.38,4.82
Southern Europe,2024-04-04,18.03,16332.78,39.1,22.46,0.08,0.16,18.77,4.56
Southern Europe,2024-04-05,23.16,33642.48,44.74,22.6,0.18,0.16,21.16,5.99
Southern Europe,2024-04-06,24.61,36147.38,49.66,17.46,2.88,0.15,21.06,8.03
Southern Europe,2024-04-07,16.23,9660.29,39.97,20.28,1.68,0.14,20.97,9.19
Southern Europe,2024-04-08,23.9,24842.9,52.92,19.31,4.9,0.13,18.26,6.23
Southern Europe,2024-04-09,20.78,18064.96,41.76,23.87,3.01,0.12,17.01,3.29
Southern Europe,2024-04-10,18.23,15257.59,39.65,23.17,3.23,0.12,18.13,3.8
Southern Europe,2024-04-11,19.89,15938.82,40.15,23.66,0.25,0.12,21.11,6.03
Southern Europe,2024-04-12,15.55,11195.81,31.84,24.48,0.03,0.11,22.89,7.3
Southern Europe,2024-04-13,13.16,6739.59,29.28,24.57,0.0,0.11,24.16,8.83
Southern Europe,2024-04-14,12.4,6211.61,28.85,24.81,0.04,0.1,24.66,9.35
Southern Europe,2024-04-15,17.94,12514.69,39.84,23.65,0.3,0.09,22.97,9.46
Southern Europe,2024-04-16,22.78,24374.21,47.64,23.32,3.23,0.09,20.87,7.18
Southern Europe,2024-04-17,23.54,23733.21,46.38,22.89,3.53,0.09,17.62,5.14
Southern Europe,2024-04-18,22.03,21778.83,43.42,23.24,1.41,0.09,16.96,3.97
Southern Europe,2024-04-19,18.93,19785.64,43.14,21.43,2.41,0.09,17.38,3.1
Southern Europe,2024-04-20,20.61,19186.09,45.06,22.19,2.03,0.09,18.1,4.56
Southern Europe,2024-04-21,21.07,21951.46,44.96,23.16,2.4,0.09,17.24,3.48
Southern Europe,2024-04-22,24.41,32137.14,48.09,22.7,2.81,0.11,15.69,2.55
Southern Europe,2024-04-23,22.73,20602.02,48.49,22.02,3.94,0.12,14.94,1.69
Southern Europe,2024-04-24,20.06,14622.38,42.25,24.75,2.36,0.12,15.88,1.77
Southern Europe,2024-04-25,16.59,9573.94,40.34,20.14,2.09,0.11,15.02,3.15
Southern Europe,2024-04-26,15.85,7471.32,40.44,19.28,4.95,0.11,15.17,3.57
Southern Europe,2024-04-27,20.92,16659.12,47.0,20.25,5.66,0.11,15.33,4.74
Southern Europe,2024-04-28,14.12,6876.63,35.78,23.21,3.16,0.11,16.44,3.8
Southern Europe,2024-04-29,15.43,8244.24,35.69,22.07,1.34,0.1,17.32,4.55
Southern Europe,2024-04-30,18.64,12532.38,41.96,19.88,2.66,0.1,17.66,5.19
Southern Europe,2024-05-01,24.13,21303.44,51.1,20.54,6.6,0.09,14.84,5.33
Southern Europe,2024-05-02,22.02,17030.27,46.9,22.21,10.03,0.08,15.17,3.6
Southern Europe,2024-05-03,22.05,19555.77,47.94,24.26,4.43,0.08,16.41,3.99
Southern Europe,2024-05-04,22.19,21434.14,47.63,24.31,4.33,0.08,19.29,6.13
Southern Europe,2024-05-05,19.56,13952.68,45.8,20.94,8.01,0.07,19.45,8.33
Southern Europe,2024-05-06,15.99,7619.53,37.08,22.29,1.94,0.07,18.58,8.07
Southern Europe,2024-05-07,17.96,11559.98,41.62,25.89,3.43,0.07,19.82,6.92
Southern Europe,2024-05-08,17.94,16004.42,39.16,25.53,2.55,0.07,21.42,7.66
Southern Europe,2024-05-09,16.59,15902.36,36.18,24.07,1.57,0.06,22.07,8.19
Southern Europe,2024-05-10,17.06,16551.41,37.93,25.37,1.63,0.06,22.96,9.48
Southern Europe,2024-05-11,16.62,10537.96,39.59,25.53,1.51,0.06,22.63,9.68
Southern Europe,2024-05-12,11.49,3791.97,30.95,25.42,1.76,0.05,22.21,9.81
Southern Europe,2024-05-13,16.21,10198.76,41.7,23.71,4.01,0.05,21.59,9.82
Southern Europe,2024-05-14,19.66,14527.5,42.83,22.82,4.78,0.05,17.87,8.27
Southern Europe,2024-05-15,19.4,13232.3,42.74,22.86,11.51,0.05,17.21,6.81
Southern Europe,2024-05-16,20.18,15784.08,45.01,20.07,11.88,0.05,17.96,6.85
Southern Europe,2024-05-17,16.35,8305.55,38.9,23.07,3.23,0.05,19.03,8.28
Southern Europe,2024-05-18,13.79,5651.29,37.03,25.47,3.07,0.05,20.17,7.91
Southern Europe,2024-05-19,13.43,5565.5,35.93,23.27,2.22,0.04,19.86,9.18
Southern Europe,2024-05-20,14.88,6758.72,36.59,24.52,2.29,0.04,20.04,9.11
Southern Europe,2024-05-21,18.24,11533.95,43.16,23.84,9.46,0.04,19.39,8.97
Southern Europe,2024-05-22,17.68,9443.65,40.79,25.39,3.34,0.04,19.85,8.19
Southern Europe,2024-05-23,15.49,7207.24,36.67,26.69,2.09,0.04,20.93,7.81
Southern Europe,2024-05-24,13.48,5767.18,33.29,28.15,1.11,0.04,22.76,8.69
Southern Europe,2024-05-25,14.25,6492.16,37.32,27.08,2.01,0.04,23.33,9.75
Southern Europe,2024-05-26,15.09,7253.8,38.98,26.95,1.66,0.04,23.12,10.45
Southern Europe,2024-05-27,16.73,10135.37,37.15,27.62,1.96,0.04,22.93,10.36
Southern Europe,2024-05-28,14.13,7680.68,34.24,27.95,2.54,0.03,24.57,10.57
Southern Europe,2024-05-29,14.14,8127.87,34.79,27.87,1.74,0.03,25.69,12.4
Southern Europe,2024-05-30,18.18,14469.38,42.66,27.05,4.2,0.03,25.64,12.74
Southern Europe,2024-05-31,25.02,30422.79,47.53,27.06,9.48,0.03,23.71,11.45
Southern Europe,2024-06-01,23.6,29853.48,45.85,26.93,2.24,0.04,23.63,10.94
Southern Europe,2024-06-02,20.56,23230.43,43.23,27.17,2.31,0.04,24.21,11.27
Southern Europe,2024-06-03,17.34,15768.27,40.16,26.4,4.36,0.04,24.56,12.27
Southern Europe,2024-06-04,12.97,5618.11,35.55,27.31,1.13,0.03,25.78,12.89
Southern Europe,2024-06-05,13.14,5335.12,34.87,27.53,1.07,0.03,27.01,13.79
Southern Europe,2024-06-06,15.5,10111.0,37.5,26.22,0.74,0.03,28.35,14.89
Southern Europe,2024-06-07,17.8,15515.9,40.7,24.29,0.93,0.03,28.21,16.26
Southern Europe,2024-06-08,16.29,11593.73,40.98,23.12,5.12,0.03,25.46,15.5
Southern Europe,2024-06-09,20.49,19206.26,42.8,20.66,3.89,0.03,23.74,14.36
Southern Europe,2024-06-10,19.99,15789.56,42.76,22.85,4.88,0.03,23.28,13.78
Southern Europe,2024-06-11,18.04,11939.48,39.2,25.53,4.88,0.03,22.95,12.53
Southern Europe,2024-06-12,17.99,11551.64,40.49,25.79,5.62,0.03,22.83,12.29
Southern Europe,2024-06-13,16.2,9000.2,41.33,27.73,3.39,0.03,24.45,11.39
Southern Europe,2024-06-14,18.86,12163.69,44.24,28.41,1.72,0.02,25.0,12.38
Southern Europe,2024-06-15,17.33,10099.01,39.03,29.02,4.67,0.02,23.82,11.91
Southern Europe,2024-06-16,15.8,8727.8,38.79,28.84,1.17,0.02,25.25,12.25
Southern Europe,2024-06-17,16.06,9195.74,40.27,28.39,2.82,0.02,26.3,14.29
Southern Europe,2024-06-18,16.3,9004.82,40.05,23.7,5.87,0.02,25.43,14.99
Southern Europe,2024-06-19,14.51,7997.38,37.23,24.06,3.74,0.02,24.76,14.3
Southern Europe,2024-06-20,16.82,9850.83,39.59,24.24,2.94,0.02,24.38,14.32
Southern Europe,2024-06-21,15.21,8515.0,37.01,28.24,5.11,0.02,26.53,14.2
Southern Europe,2024-06-22,17.03,11587.14,40.08,27.79,0.98,0.01,27.1,14.58
Southern Europe,2024-06-23,18.96,13875.37,41.71,26.16,4.29,0.01,26.86,15.36
Southern Europe,2024-06-24,15.87,11723.25,37.29,27.28,2.24,0.01,27.95,16.36
Southern Europe,2024-06-25,14.83,8550.95,38.46,26.87,3.99,0.01,27.7,16.96
Southern Europe,2024-06-26,15.58,8275.8,40.25,24.39,3.22,0.01,27.24,16.78
Southern Europe,2024-06-27,15.38,8364.23,39.76,24.53,3.66,0.01,27.33,16.86
Southern Europe,2024-06-28,17.04,11753.85,40.59,22.92,6.19,0.01,26.22,16.76
Southern Europe,2024-06-29,18.58,12399.34,42.0,20.35,2.84,0.01,24.71,16.14
Southern Europe,2024-06-30,14.18,6822.08,36.8,24.96,3.31,0.01,25.8,16.08
Southern Europe,2024-07-01,17.96,12530.6,41.39,27.36,3.44,0.0,26.84,15.41
Southern Europe,2024-07-02,19.65,16501.22,42.36,28.03,4.14,0.0,26.87,15.05
Southern Europe,2024-07-03,17.27,12222.31,37.97,28.3,2.02,0.0,27.19,15.06
Southern Europe,2024-07-04,16.37,10927.41,35.88,28.13,1.3,0.0,28.67,15.44
Southern Europe,2024-07-05,15.45,8344.64,38.6,28.4,0.21,0.0,29.72,16.51
Southern Europe,2024-07-06,19.03,13887.5,44.74,26.92,2.72,0.0,26.33,15.52
Southern Europe,2024-07-07,15.72,8435.38,38.45,28.45,3.47,0.0,26.51,14.08
Southern Europe,2024-07-08,16.25,9259.03,39.17,28.55,0.73,0.0,28.56,15.9
Southern Europe,2024-07-09,17.5,10599.19,41.45,27.32,1.96,0.0,28.76,17.6
Southern Europe,2024-07-10,15.25,7800.18,37.55,27.77,1.1,0.0,30.5,18.8
Southern Europe,2024-07-11,16.49,9105.73,41.3,28.03,0.92,0.0,31.1,20.09
Southern Europe,2024-07-12,18.49,12295.37,41.0,28.51,4.84,0.0,29.28,18.42
Southern Europe,2024-07-13,16.47,8677.61,38.9,27.66,1.14,0.0,29.29,16.74
Southern Europe,2024-07-14,16.77,9136.83,40.14,28.33,0.53,0.0,29.68,17.28
Southern Europe,2024-07-15,19.16,13517.93,45.2,26.72,3.44,0.0,28.93,17.86
Southern Europe,2024-07-16,14.96,7628.68,38.79,28.88,0.52,0.0,29.78,16.8
Southern Europe,2024-07-17,15.25,7454.18,37.15,28.29,0.5,0.0,31.2,17.85
Southern Europe,2024-07-18,14.38,7710.59,38.63,25.25,0.49,0.0,32.37,19.56
Southern Europe,2024-07-19,14.69,7694.26,39.43,27.77,1.35,0.0,32.9,20.38
Southern Europe,2024-07-20,18.76,13456.75,46.12,27.34,3.0,0.0,30.44,19.57
Southern Europe,2024-07-21,18.91,14936.91,41.83,27.93,2.3,0.0,28.65,17.56
Southern Europe,2024-07-22,17.11,12342.87,40.07,27.52,0.87,0.0,31.17,16.99
Southern Europe,2024-07-23,16.94,13438.5,37.35,27.61,1.62,0.0,32.63,19.27
Southern Europe,2024-07-24,17.26,12245.29,39.24,27.44,0.93,0.0,32.93,20.26
Southern Europe,2024-07-25,17.81,11296.55,40.74,27.2,0.6,0.0,30.94,19.49
Southern Europe,2024-07-26,14.9,7517.99,38.01,27.22,0.47,0.0,30.7,18.99
Southern Europe,2024-07-27,13.88,7071.8,37.67,27.02,0.43,0.0,31.44,19.36
Southern Europe,2024-07-28,16.66,13107.77,40.18,26.5,1.89,0.0,32.67,19.95
Southern Europe,2024-07-29,17.07,11446.92,43.36,22.8,0.86,0.0,32.65,21.12
Southern Europe,2024-07-30,18.97,12346.72,43.68,26.41,0.98,0.0,32.24,20.81
Southern Europe,2024-07-31,14.85,7353.18,38.91,27.35,0.63,0.0,32.25,19.6
Southern Europe,2024-08-01,15.63,9405.31,40.17,27.22,0.72,0.0,31.97,19.42
Southern Europe,2024-08-02,18.2,12861.58,41.79,26.49,1.18,0.0,30.16,18.62
Southern Europe,2024-08-03,15.37,9618.4,40.2,26.51,1.51,0.0,31.16,18.13
Southern Europe,2024-08-04,14.3,7129.7,36.52,26.28,1.07,0.0,31.51,19.15
Southern Europe,2024-08-05,14.0,5839.98,36.35,26.03,0.56,0.0,31.4,19.83
Southern Europe,2024-08-06,14.33,6824.2,38.4,26.15,0.64,0.0,31.02,19.55
Southern Europe,2024-08-07,14.91,8195.35,38.28,26.09,0.92,0.0,31.39,19.45
Southern Europe,2024-08-08,14.23,7126.88,36.53,25.9,0.71,0.0,31.77,19.69
Southern Europe,2024-08-09,14.53,7142.12,36.91,25.62,0.33,0.0,32.64,20.52
Southern Europe,2024-08-10,16.89,12565.71,38.7,25.79,0.12,0.0,33.66,21.09
Southern Europe,2024-08-11,17.58,11196.5,40.45,25.64,0.13,0.0,33.15,21.03
Southern Europe,2024-08-12,14.65,7800.62,38.75,25.7,0.18,0.0,31.83,20.48
Southern Europe,2024-08-13,14.77,7841.64,40.03,22.36,1.01,0.0,29.59,19.68
Southern Europe,2024-08-14,17.31,11374.6,41.3,23.82,2.73,0.0,28.79,17.99
Southern Europe,2024-08-15,17.71,12267.99,38.88,24.82,0.25,0.0,29.8,17.14
Southern Europe,2024-08-16,15.51,10156.65,35.7,25.02,0.41,0.0,31.34,18.11
Southern Europe,2024-08-17,15.62,10064.73,39.68,24.44,0.84,0.0,31.45,19.31
Southern Europe,2024-08-18,17.85,11873.87,42.83,23.47,4.58,0.0,29.65,19.62
Southern Europe,2024-08-19,16.62,10598.07,39.62,23.78,3.36,0.0,29.33,17.97
Southern Europe,2024-08-20,16.17,10729.78,40.25,23.29,1.68,0.0,29.29,17.9
Southern Europe,2024-08-21,17.3,11475.5,38.82,22.71,0.85,0.0,29.72,18.24
Southern Europe,2024-08-22,13.63,5766.1,35.73,22.86,0.42,0.0,29.63,18.97
Southern Europe,2024-08-23,12.74,5383.13,34.98,23.54,0.36,0.0,30.66,18.48
Southern Europe,2024-08-24,17.05,10614.36,40.49,23.46,1.22,0.0,30.26,19.06
Southern Europe,2024-08-25,19.05,13901.06,41.63,22.45,0.63,0.0,29.07,17.92
Southern Europe,2024-08-26,16.83,10220.36,36.57,22.15,0.64,0.0,29.43,17.81
Southern Europe,2024-08-27,13.69,5575.93,33.95,22.61,1.05,0.0,29.8,18.62
Southern Europe,2024-08-28,14.05,5380.47,35.34,21.78,0.31,0.0,29.77,18.3
Southern Europe,2024-08-29,14.89,7459.16,38.04,18.81,1.16,0.0,28.29,18.91
Southern Europe,2024-08-30,15.21,8110.34,37.74,20.11,0.72,0.0,28.5,18.59
Southern Europe,2024-08-31,14.46,6625.53,36.6,18.82,1.2,0.0,28.15,18.82
Southern Europe,2024-09-01,12.31,4301.27,33.59,20.87,0.55,0.0,27.78,18.39
Southern Europe,2024-09-02,13.08,6061.94,34.27,20.52,1.2,0.0,27.05,17.69
Southern Europe,2024-09-03,15.86,9537.56,36.43,20.46,2.09,0.0,26.16,16.61
Southern Europe,2024-09-04,17.43,11094.78,39.24,20.53,3.79,0.0,25.63,15.61
Southern Europe,2024-09-05,16.45,9118.35,38.99,20.18,8.47,0.0,24.6,14.93
Southern Europe,2024-09-06,16.69,9279.12,38.91,21.19,2.49,0.0,24.0,14.19
Southern Europe,2024-09-07,14.14,5305.85,35.41,19.91,1.41,0.0,25.16,13.95
Southern Europe,2024-09-08,15.62,7863.46,37.9,20.53,9.1,0.0,24.91,14.81
Southern Europe,2024-09-09,18.42,13413.75,40.2,20.74,12.05,0.0,24.84,13.3
Southern Europe,2024-09-10,19.53,15322.1,41.24,20.39,3.36,0.0,24.57,13.29
Southern Europe,2024-09-11,18.31,13546.03,38.7,20.39,1.07,0.0,24.35,12.78
Southern Europe,2024-09-12,20.59,16054.72,44.88,19.31,7.7,0.0,23.42,12.72
Southern Europe,2024-09-13,25.74,27309.64,50.69,19.46,5.7,0.0,21.46,10.37
Southern Europe,2024-09-14,19.87,20905.64,40.14,19.55,1.7,0.01,22.34,9.09
Southern Europe,2024-09-15,19.57,18754.91,39.4,20.32,1.24,0.01,23.9,9.98
Southern Europe,2024-09-16,21.48,25349.33,41.31,20.37,1.38,0.01,24.07,9.85
Southern Europe,2024-09-17,22.82,26269.0,43.94,18.78,2.38,0.01,22.31,10.25
Southern Europe,2024-09-18,15.61,10884.18,35.65,16.33,2.68,0.01,22.48,11.74
Southern Europe,2024-09-19,14.2,6370.37,34.72,15.39,3.75,0.0,22.1,12.84
Southern Europe,2024-09-20,13.34,4830.22,32.66,15.53,2.74,0.0,21.64,13.02
Southern Europe,2024-09-21,14.99,6771.43,34.7,14.84,3.52,0.0,21.11,13.41
Southern Europe,2024-09-22,12.2,3910.95,29.74,16.79,1.11,0.0,21.3,11.83
Southern Europe,2024-09-23,14.17,5761.18,33.44,17.9,4.34,0.0,21.38,11.13
Southern Europe,2024-09-24,16.11,7533.31,35.56,13.4,6.45,0.0,20.44,11.27
Southern Europe,2024-09-25,22.46,26772.3,47.37,12.13,6.52,0.0,21.94,12.66
Southern Europe,2024-09-26,28.5,42148.1,55.08,14.35,20.09,0.0,22.47,13.91
Southern Europe,2024-09-27,23.14,19343.35,44.99,17.36,3.42,0.0,20.85,11.19
Southern Europe,2024-09-28,17.08,9824.7,37.78,18.42,3.26,0.0,20.64,8.43
Southern Europe,2024-09-29,18.87,16771.56,39.36,18.23,1.29,0.0,21.57,8.23
Southern Europe,2024-09-30,14.08,8222.32,30.04,18.47,0.4,0.0,22.52,9.44
Southern Europe,2024-10-01,15.47,7680.87,33.54,16.38,2.64,0.0,22.4,10.81
Southern Europe,2024-10-02,20.15,15364.31,45.23,12.78,11.63,0.0,21.64,13.31
Southern Europe,2024-10-03,22.51,21529.58,45.09,14.32,9.02,0.0,20.66,12.41
Southern Europe,2024-10-04,17.39,12315.27,37.95,15.04,6.2,0.0,20.79,11.17
Southern Europe,2024-10-05,18.41,13480.49,42.09,13.32,7.14,0.0,21.04,11.54
Southern Europe,2024-10-06,20.67,17401.95,42.43,13.67,9.54,0.0,20.92,12.31
Southern Europe,2024-10-07,22.11,21568.53,48.35,11.25,11.19,0.0,20.54,11.11
Southern Europe,2024-10-08,26.74,33410.09,52.1,12.06,19.82,0.0,19.43,10.85
Southern Europe,2024-10-09,32.85,69946.4,68.79,9.54,18.17,0.0,20.39,11.34
Southern Europe,2024-10-10,19.11,13795.43,40.63,13.78,10.5,0.0,19.4,10.41
Southern Europe,2024-10-11,18.47,15762.07,42.27,11.04,4.13,0.0,19.39,9.1
Southern Europe,2024-10-12,18.75,14006.35,39.15,9.04,4.16,0.0,19.41,11.78
Southern Europe,2024-10-13,14.33,6248.99,34.1,13.12,0.79,0.0,21.19,11.27
Southern Europe,2024-10-14,12.04,4089.28,29.28,11.77,0.37,0.0,21.56,12.04
Southern Europe,2024-10-15,18.37,14148.48,39.54,9.62,3.49,0.0,20.32,12.79
Southern Europe,2024-10-16,20.65,18649.37,43.07,11.58,12.35,0.0,20.24,12.13
Southern Europe,2024-10-17,22.81,21845.37,48.05,10.94,7.87,0.0,17.41,9.78
Southern Europe,2024-10-18,20.71,15698.83,39.22,11.13,9.36,0.0,17.09,8.75
Southern Europe,2024-10-19,19.5,14883.19,39.25,10.47,6.41,0.0,18.01,10.13
Southern Europe,2024-10-20,16.88,14814.93,33.49,12.47,2.57,0.0,19.6,10.7
Southern Europe,2024-10-21,14.77,7986.57,31.2,14.04,1.04,0.0,20.16,10.18
Southern Europe,2024-10-22,17.89,12538.38,33.87,12.74,0.81,0.0,19.45,10.3
Southern Europe,2024-10-23,15.22,11400.87,30.19,12.46,2.65,0.0,19.63,9.89
Southern Europe,2024-10-24,17.18,12782.85,35.91,12.2,4.42,0.0,19.38,10.59
Southern Europe,2024-10-25,17.13,10398.91,36.39,9.56,2.92,0.0,16.99,8.53
Southern Europe,2024-10-26,17.15,9992.32,35.71,9.49,5.74,0.0,14.77,6.5
Southern Europe,2024-10-27,15.34,7770.76,33.61,10.51,1.64,0.0,15.22,5.87
Southern Europe,2024-10-28,18.98,13882.45,36.15,11.27,0.78,0.0,17.4,6.53
Southern Europe,2024-10-29,21.77,24765.68,40.6,8.27,3.84,0.0,18.27,8.63
Southern Europe,2024-10-30,21.27,21651.35,41.05,9.13,2.5,0.0,17.91,8.56
Southern Europe,2024-10-31,18.13,11217.52,36.99,8.93,2.1,0.0,17.87,8.91
Southern Europe,2024-11-01,14.48,6376.73,30.28,10.01,1.6,0.0,17.96,8.94
Southern Europe,2024-11-02,12.8,5291.48,27.48,11.37,0.23,0.0,18.31,7.8
Southern Europe,2024-11-03,17.7,12500.11,34.23,10.71,0.27,0.0,17.78,7.71
Southern Europe,2024-11-04,16.51,8383.54,32.3,10.05,1.05,0.0,17.66,8.02
Southern Europe,2024-11-05,12.74,5620.23,26.69,10.01,2.0,0.0,17.5,8.34
Southern Europe,2024-11-06,12.61,7661.0,25.64,11.38,0.24,0.0,17.92,7.98
Southern Europe,2024-11-07,14.73,10535.39,28.07,11.14,0.08,0.0,17.48,7.15
Southern Europe,2024-11-08,13.88,7223.72,30.22,8.25,0.64,0.0,16.6,7.24
Southern Europe,2024-11-09,14.62,6840.5,30.51,9.59,0.51,0.0,16.06,6.91
Southern Europe,2024-11-10,17.08,9514.37,32.24,10.21,1.23,0.0,15.9,5.9
Southern Europe,2024-11-11,20.54,16152.72,38.54,9.98,0.54,0.0,14.84,5.47
Southern Europe,2024-11-12,23.81,27238.41,45.2,9.65,2.12,0.0,13.31,3.19
Southern Europe,2024-11-13,22.59,24198.85,43.43,6.2,3.46,0.0,11.2,1.84
Southern Europe,2024-11-14,20.12,18760.25,39.7,6.64,2.95,0.01,13.92,3.91
Southern Europe,2024-11-15,21.3,18234.57,39.03,7.44,3.03,0.01,14.37,5.15
Southern Europe,2024-11-16,18.65,16354.32,35.13,8.53,1.46,0.01,14.81,4.73
Southern Europe,2024-11-17,12.69,7890.97,26.69,9.15,0.22,0.01,16.04,4.29
Southern Europe,2024-11-18,11.02,3765.56,25.67,9.93,0.92,0.0,15.91,5.42
Southern Europe,2024-11-19,15.76,8667.18,33.43,9.34,1.56,0.0,15.1,5.56
Southern Europe,2024-11-20,27.07,31591.3,49.54,8.89,7.03,0.01,14.5,4.8
Southern Europe,2024-11-21,32.1,52097.14,61.5,6.92,8.05,0.02,12.82,3.79
Southern Europe,2024-11-22,26.48,36474.65,56.55,6.94,9.4,0.04,13.2,2.56
Southern Europe,2024-11-23,23.84,29693.43,45.34,9.05,0.46,0.04,13.7,1.64
Southern Europe,2024-11-24,28.74,55418.53,50.91,7.67,1.78,0.03,14.69,3.0
Southern Europe,2024-11-25,23.56,33344.26,51.28,7.28,9.09,0.03,14.65,3.64
Southern Europe,2024-11-26,12.7,6083.64,26.4,7.81,1.05,0.03,12.96,3.06
Southern Europe,2024-11-27,10.74,5627.19,23.03,9.54,0.53,0.02,14.12,2.71
Southern Europe,2024-11-28,13.13,8966.99,25.84,9.32,0.71,0.02,14.93,3.17
Southern Europe,2024-11-29,16.93,11182.06,33.58,8.0,3.15,0.02,15.16,4.1
Southern Europe,2024-11-30,17.29,12328.35,33.3,8.34,3.58,0.03,14.43,4.35
Southern Europe,2024-12-01,17.34,13689.83,35.21,6.77,4.62,0.03,14.44,4.21
Southern Europe,2024-12-02,13.21,5280.33,28.84,7.28,1.38,0.03,14.01,4.23
Southern Europe,2024-12-03,14.39,7440.09,32.1,7.37,1.1,0.03,12.24,3.58
Southern Europe,2024-12-04,17.67,12538.56,36.27,7.48,2.34,0.03,12.07,2.76
Southern Europe,2024-12-05,18.75,13961.43,35.61,7.94,1.9,0.03,12.27,2.02
Southern Europe,2024-12-06,18.23,13849.81,35.3,7.56,1.65,0.04,13.7,3.87
Southern Europe,2024-12-07,24.12,28550.93,49.81,7.43,3.26,0.04,12.53,1.42
Southern Europe,2024-12-08,32.8,55949.84,60.67,8.16,7.18,0.05,9.41,-0.71
Southern Europe,2024-12-09,27.02,31412.89,48.98,8.17,3.56,0.06,8.85,-1.06
Southern Europe,2024-12-10,18.05,11339.62,36.59,7.89,1.91,0.06,8.78,-1.03
Southern Europe,2024-12-11,12.51,4271.47,26.11,7.54,0.7,0.06,8.64,-1.55
Southern Europe,2024-12-12,14.11,5661.94,27.48,6.83,0.34,0.05,9.09,-1.78
Southern Europe,2024-12-13,13.0,5356.88,27.62,7.11,0.69,0.05,9.66,-0.65
Southern Europe,2024-12-14,15.29,8046.74,31.36,7.85,3.11,0.05,10.12,-0.61
Southern Europe,2024-12-15,20.14,15442.53,37.72,8.19,0.93,0.05,9.94,-1.37
Southern Europe,2024-12-16,19.57,21473.91,35.82,9.01,0.01,0.05,11.11,-1.95
Southern Europe,2024-12-17,15.92,15398.08,29.26,8.35,0.25,0.05,12.65,-0.74
Southern Europe,2024-12-18,16.82,16268.73,33.84,8.04,2.25,0.04,13.54,1.81
Southern Europe,2024-12-19,23.68,26391.84,48.04,6.26,6.43,0.04,12.73,2.12
Southern Europe,2024-12-20,23.44,25156.5,44.32,8.04,5.37,0.05,9.84,-1.21
Southern Europe,2024-12-21,19.52,16371.7,37.2,8.55,1.55,0.05,9.36,-2.68
Southern Europe,2024-12-22,21.11,21119.01,43.42,8.78,2.65,0.06,10.91,-1.77
Southern Europe,2024-12-23,32.02,52561.69,59.32,7.74,7.57,0.07,9.44,-1.61
Southern Europe,2024-12-24,26.68,31326.94,47.74,8.23,2.27,0.09,10.57,-1.8
Southern Europe,2024-12-25,20.98,20554.65,40.42,8.2,0.85,0.09,11.67,-0.34
Southern Europe,2024-12-26,17.13,20142.58,31.96,7.77,1.13,0.09,11.23,0.03
Southern Europe,2024-12-27,18.11,19215.75,32.9,8.17,0.1,0.09,11.04,-0.3
Southern Europe,2024-12-28,13.58,9963.2,27.03,8.58,0.03,0.09,10.48,-1.08
Southern Europe,2024-12-29,10.78,5379.33,22.42,8.76,0.0,0.08,10.02,-1.8
Southern Europe,2024-12-30,9.12,3524.83,20.54,8.9,0.0,0.08,10.01,-2.16
Southern Europe,2024-12-31,9.02,2474.19,20.63,8.45,0.03,0.08,9.52,-2.14
Southern Europe,2025-01-01,11.35,5616.03,24.35,8.4,0.03,0.07,9.54,-2.2
Southern Europe,2025-01-02,14.66,9365.99,29.09,8.84,0.34,0.07,9.81,-2.14
Southern Europe,2025-01-03,20.86,20709.22,36.45,7.4,4.98,0.07,10.1,-0.99
Southern Europe,2025-01-04,19.12,18574.06,35.31,7.5,1.13,0.08,10.37,-0.21
Southern Europe,2025-01-05,26.2,41375.36,48.9,5.19,12.89,0.08,11.0,0.72
Southern Europe,2025-01-06,25.43,28125.44,50.04,6.83,7.2,0.08,10.74,1.58
Southern Europe,2025-01-07,24.43,28109.2,44.75,6.85,7.39,0.09,10.85,0.43
Southern Europe,2025-01-08,28.45,49510.2,52.33,6.54,8.21,0.09,12.28,2.34
Southern Europe,2025-01-09,25.29,29664.31,49.11,6.98,4.29,0.08,13.02,3.99
Southern Europe,2025-01-10,21.35,19206.92,38.02,6.97,2.73,0.08,12.71,3.41
Southern Europe,2025-01-11,22.15,21571.63,43.31,6.38,3.94,0.08,12.96,3.32
Southern Europe,2025-01-12,26.47,32990.73,47.52,8.24,3.18,0.07,10.47,-1.19
Southern Europe,2025-01-13,25.05,29405.2,43.09,9.12,1.5,0.07,8.03,-4.16
Southern Europe,2025-01-14,21.2,21988.66,39.61,9.42,1.26,0.07,8.08,-4.92
Southern Europe,2025-01-15,16.35,10649.11,32.31,9.88,0.4,0.07,9.2,-4.87
Southern Europe,2025-01-16,19.05,14626.03,37.11,9.1,0.89,0.09,9.09,-3.76
Southern Europe,2025-01-17,20.99,19168.39,39.55,8.93,2.01,0.09,8.75,-3.15
Southern Europe,2025-01-18,14.45,8371.11,28.75,10.11,1.87,0.09,9.94,-3.17
Southern Europe,2025-01-19,13.66,6958.35,28.46,9.18,2.72,0.09,9.52,-2.55
Southern Europe,2025-01-20,15.95,9187.52,30.21,4.62,4.21,0.09,9.92,0.46
Southern Europe,2025-01-21,18.67,13769.5,35.44,5.49,7.35,0.09,11.34,2.39
Southern Europe,2025-01-22,21.7,22033.05,41.39,6.9,7.49,0.09,11.99,2.95
Southern Europe,2025-01-23,17.63,11137.51,36.25,7.82,3.24,0.09,13.27,3.34
Southern Europe,2025-01-24,21.75,28590.92,43.86,7.63,2.09,0.09,13.25,3.28
Southern Europe,2025-01-25,21.84,22221.31,44.66,7.43,5.47,0.08,12.27,2.54
Southern Europe,2025-01-26,30.36,64849.07,58.62,6.31,18.2,0.09,12.61,1.67
Southern Europe,2025-01-27,34.77,78028.98,63.71,6.46,17.59,0.1,13.38,2.26
Southern Europe,2025-01-28,34.16,61004.25,61.82,9.3,18.52,0.11,10.9,0.63
Southern Europe,2025-01-29,27.97,44072.7,58.21,5.87,8.9,0.12,10.26,0.31
Southern Europe,2025-01-30,27.01,37687.05,55.66,9.91,2.76,0.12,10.2,-0.13
Southern Europe,2025-01-31,16.68,12363.88,34.87,11.45,0.9,0.11,10.89,-1.32
Southern Europe,2025-02-01,16.56,9271.48,34.62,10.4,1.71,0.12,11.17,-0.33
Southern Europe,2025-02-02,17.18,11125.36,37.42,8.78,1.99,0.11,10.59,-0.46
Southern Europe,2025-02-03,16.25,8340.76,34.14,9.95,1.68,0.11,10.72,-0.78
Southern Europe,2025-02-04,13.17,6313.04,27.76,11.75,0.64,0.11,10.82,-1.91
Southern Europe,2025-02-05,16.3,9891.55,30.18,12.85,0.04,0.11,11.56,-2.31
Southern Europe,2025-02-06,12.76,6333.25,27.43,12.97,0.26,0.1,11.01,-2.61
Southern Europe,2025-02-07,20.08,15056.96,41.52,9.17,4.91,0.1,9.71,-1.89
Southern Europe,2025-02-08,19.12,14951.4,37.71,10.72,2.93,0.1,9.74,-0.7
Southern Europe,2025-02-09,15.44,9053.16,30.43,11.42,4.57,0.11,11.58,0.05
Southern Europe,2025-02-10,14.14,6695.19,30.9,10.39,1.14,0.11,11.81,1.27
Southern Europe,2025-02-11,17.11,10422.82,35.11,9.85,4.57,0.1,11.56,1.42
Southern Europe,2025-02-12,18.17,10929.96,35.73,9.72,2.47,0.1,10.58,1.85
Southern Europe,2025-02-13,15.11,8125.69,29.87,11.71,1.91,0.1,12.15,1.18
Southern Europe,2025-02-14,15.94,10221.68,33.63,12.83,3.96,0.1,13.4,1.32
Southern Europe,2025-02-15,17.77,12836.13,37.43,11.72,1.84,0.11,13.23,0.83
Southern Europe,2025-02-16,13.56,5930.76,31.71,12.1,1.57,0.11,13.15,1.35
Southern Europe,2025-02-17,11.48,3883.97,26.18,11.74,0.55,0.11,12.41,1.24
Southern Europe,2025-02-18,18.24,11698.67,37.34,10.85,0.45,0.11,12.56,1.46
Southern Europe,2025-02-19,13.25,6096.89,29.62,11.61,0.56,0.11,12.31,1.94
Southern Europe,2025-02-20,14.92,9840.56,31.35,13.7,0.38,0.1,13.19,1.45
Southern Europe,2025-02-21,22.76,26676.09,47.19,11.03,6.23,0.1,12.57,1.67
Southern Europe,2025-02-22,16.74,9614.63,36.62,11.52,1.65,0.1,11.17,1.48
Southern Europe,2025-02-23,12.97,6870.44,28.32,14.58,0.14,0.09,12.96,0.02
Southern Europe,2025-02-24,15.84,11572.12,34.17,12.46,2.94,0.09,13.19,1.47
Southern Europe,2025-02-25,18.8,13945.44,41.25,9.92,2.89,0.09,12.23,2.29
Southern Europe,2025-02-26,15.76,8359.41,32.95,14.93,3.69,0.09,12.5,0.22
Southern Europe,2025-02-27,12.92,6197.16,29.88,11.56,3.65,0.09,12.11,1.5
Southern Europe,2025-02-28,16.26,10918.09,34.86,11.06,2.29,0.09,12.61,1.66
Southern Europe,2025-03-01,21.14,22385.98,39.91,9.47,2.77,0.09,10.6,0.98
Southern Europe,2025-03-02,22.08,22441.57,43.11,7.62,2.27,0.09,9.24,-0.35
Southern Europe,2025-03-03,22.84,20959.24,42.41,9.43,3.38,0.09,11.17,0.68
Southern Europe,2025-03-04,22.62,20925.9,41.1,13.29,1.55,0.09,13.27,1.65
Southern Europe,2025-03-05,22.05,20296.81,43.29,11.59,2.42,0.09,13.68,2.23
Southern Europe,2025-03-06,20.33,17385.29,40.37,12.38,3.61,0.09,13.89,3.2
Southern Europe,2025-03-07,23.45,26171.68,48.28,10.92,3.98,0.08,13.73,2.87
Southern Europe,2025-03-08,27.77,44241.32,56.83,10.17,8.98,0.08,12.8,2.2
Southern Europe,2025-03-09,20.73,18377.62,43.94,12.85,3.46,0.08,12.47,1.21
Southern Europe,2025-03-10,21.87,20825.83,43.42,11.89,9.85,0.08,12.71,2.01
Southern Europe,2025-03-11,21.64,20066.69,45.12,12.6,8.04,0.09,13.38,3.97
Southern Europe,2025-03-12,20.68,15980.11,42.86,11.31,6.28,0.09,13.35,3.42
Southern Europe,2025-03-13,22.66,22726.09,47.53,10.56,6.44,0.1,12.05,3.05
Southern Europe,2025-03-14,23.83,24889.66,45.97,13.07,6.34,0.11,11.88,1.58
Southern Europe,2025-03-15,19.14,14390.63,42.81,16.13,6.74,0.11,12.59,0.94
Southern Europe,2025-03-16,16.88,11191.04,36.8,13.56,5.65,0.11,11.67,1.15
Southern Europe,2025-03-17,19.37,14586.5,41.34,11.31,4.5,0.11,11.63,0.43
Southern Europe,2025-03-18,23.39,21272.03,46.39,11.74,4.1,0.12,10.86,0.67
Southern Europe,2025-03-19,26.93,37010.09,51.99,15.67,0.62,0.11,13.17,1.09
Southern Europe,2025-03-20,28.33,49525.5,58.12,14.07,4.41,0.11,13.89,1.77
Southern Europe,2025-03-21,28.23,42997.95,54.8,12.21,10.93,0.11,13.05,1.97
Southern Europe,2025-03-22,27.91,38396.7,54.65,13.06,8.77,0.1,11.45,1.57
Southern Europe,2025-03-23,22.09,21559.81,45.33,13.61,7.66,0.11,11.7,1.6
Southern Europe,2025-03-24,19.39,13542.76,41.06,15.64,4.69,0.11,13.46,2.21
Southern Europe,2025-03-25,17.16,10029.64,35.59,16.52,3.02,0.11,14.64,3.32
Southern Europe,2025-03-26,17.16,10515.65,36.11,17.74,5.19,0.1,14.8,3.0
Southern Europe,2025-03-27,17.61,11260.18,36.64,17.13,5.04,0.1,14.53,2.72
Southern Europe,2025-03-28,19.16,15759.05,40.81,19.87,3.54,0.09,15.18,2.61
Southern Europe,2025-03-29,23.92,29579.74,46.45,19.64,3.11,0.09,14.82,2.82
Southern Europe,2025-03-30,22.39,23245.82,42.95,21.42,1.3,0.09,16.13,1.69
Southern Europe,2025-03-31,18.38,16899.59,36.27,21.29,1.72,0.08,18.14,2.68
Southern Europe,2025-04-01,15.27,8206.5,34.2,17.63,2.04,0.08,16.64,4.28
Southern Europe,2025-04-02,18.64,13219.41,43.0,15.52,3.2,0.08,15.52,4.92
Southern Europe,2025-04-03,21.25,17699.1,43.2,13.38,2.48,0.08,14.58,4.77
Southern Europe,2025-04-04,23.86,24969.11,49.66,15.54,6.7,0.08,15.37,5.16
Southern Europe,2025-04-05,16.24,8015.39,35.28,18.07,2.37,0.07,15.76,4.95
Southern Europe,2025-04-06,16.17,9386.32,36.12,18.65,1.29,0.07,16.04,3.77
Southern Europe,2025-04-07,16.39,9490.49,35.97,21.3,0.64,0.07,16.2,2.94
Southern Europe,2025-04-08,16.18,12836.48,34.67,22.05,0.35,0.06,17.63,3.61
Southern Europe,2025-04-09,14.35,12947.76,30.92,22.41,0.31,0.06,18.77,4.28
Southern Europe,2025-04-10,18.66,20176.14,38.47,20.86,0.75,0.06,18.53,5.57
Southern Europe,2025-04-11,20.1,18453.09,41.4,17.18,2.43,0.05,17.42,5.54
Southern Europe,2025-04-12,14.3,6660.29,34.83,15.88,3.54,0.05,17.34,6.91
Southern Europe,2025-04-13,14.1,6873.26,33.66,17.81,2.78,0.04,17.06,7.36
Southern Europe,2025-04-14,22.41,23855.86,51.89,16.25,8.07,0.04,15.74,6.31
Southern Europe,2025-04-15,23.88,24651.24,49.58,17.96,9.37,0.04,13.52,4.28
Southern Europe,2025-04-16,24.74,26661.23,50.46,19.32,8.27,0.04,14.55,2.76
Southern Europe,2025-04-17,23.61,25785.57,48.35,18.83,11.7,0.04,16.38,4.78
Southern Europe,2025-04-18,22.84,20433.35,49.5,19.21,8.83,0.04,16.4,5.81
Southern Europe,2025-04-19,24.19,28354.2,50.79,21.69,7.69,0.04,13.89,3.53
Southern Europe,2025-04-20,17.34,12138.07,38.94,19.14,3.42,0.04,15.48,3.83
Southern Europe,2025-04-21,12.38,3712.82,29.97,19.86,2.12,0.04,16.93,5.12
Southern Europe,2025-04-22,14.48,6409.02,33.88,21.15,1.33,0.03,17.49,6.13
Southern Europe,2025-04-23,14.26,7327.82,33.57,24.74,2.53,0.03,19.47,5.8
Southern Europe,2025-04-24,16.23,12166.33,34.13,24.53,3.64,0.03,20.92,7.56
Southern Europe,2025-04-25,14.64,7473.19,37.72,23.46,3.38,0.03,19.92,8.09
Southern Europe,2025-04-26,19.04,13956.23,40.04,24.11,2.62,0.03,18.09,6.85
Southern Europe,2025-04-27,18.46,12154.9,39.06,24.18,2.47,0.03,18.83,5.97
Southern Europe,2025-04-28,19.13,23508.83,38.61,25.06,1.36,0.03,19.97,6.34
Southern Europe,2025-04-29,23.92,27552.39,45.72,22.6,0.52,0.02,20.01,7.01
Southern Europe,2025-04-30,21.63,19497.48,45.52,19.05,7.52,0.02,18.85,6.97
Southern Europe,2025-05-01,19.57,14882.32,43.78,23.9,1.07,0.02,20.42,7.09
Southern Europe,2025-05-02,20.1,16222.76,46.24,19.96,6.15,0.02,19.64,9.06
Southern Europe,2025-05-03,16.7,8424.93,38.89,21.52,3.12,0.02,20.1,9.51
Southern Europe,2025-05-04,16.86,9217.29,39.11,19.77,8.21,0.02,18.64,9.04
Southern Europe,2025-05-05,21.02,16154.41,46.09,20.27,11.08,0.02,17.96,8.42
Southern Europe,2025-05-06,19.19,12877.98,39.8,22.07,4.38,0.02,17.36,6.97
Southern Europe,2025-05-07,15.23,8192.91,35.41,22.43,4.86,0.02,18.02,6.48
Southern Europe,2025-05-08,13.62,6227.35,35.01,20.5,5.69,0.02,17.33,7.28
Southern Europe,2025-05-09,12.3,4268.06,33.16,21.05,6.08,0.02,17.36,7.53
Southern Europe,2025-05-10,17.43,9413.89,41.54,21.94,4.46,0.02,16.89,7.54
Southern Europe,2025-05-11,15.99,7786.87,38.5,23.72,2.37,0.02,17.13,6.28
Southern Europe,2025-05-12,14.28,5929.16,36.06,24.76,5.26,0.02,17.64,6.04
Southern Europe,2025-05-13,12.68,4375.28,34.37,22.47,3.46,0.02,17.74,7.21
Southern Europe,2025-05-14,12.16,4641.86,34.25,23.69,1.51,0.02,18.0,7.06
Southern Europe,2025-05-15,18.09,11325.68,41.14,22.67,2.9,0.02,18.49,7.18
Southern Europe,2025-05-16,20.17,15663.3,40.7,24.07,4.61,0.02,19.04,7.3
Southern Europe,2025-05-17,14.04,8062.41,34.41,26.66,1.05,0.02,20.84,7.26
Southern Europe,2025-05-18,16.54,8593.49,41.24,26.76,1.88,0.01,21.8,8.32
Southern Europe,2025-05-19,17.85,9736.88,42.01,24.84,2.55,0.01,19.9,8.37
Southern Europe,2025-05-20,16.81,10349.8,37.3,26.65,3.95,0.01,21.61,8.95
Southern Europe,2025-05-21,16.83,9618.96,39.23,26.57,3.1,0.01,22.28,9.83
Southern Europe,2025-05-22,20.73,15853.24,43.59,25.66,9.05,0.01,21.17,10.2
Southern Europe,2025-05-23,20.29,14513.63,41.52,25.49,4.02,0.02,20.57,8.46
Southern Europe,2025-05-24,16.93,10335.16,36.67,27.72,0.81,0.01,21.95,8.21
Southern Europe,2025-05-25,16.6,10103.41,39.15,26.96,1.72,0.01,22.95,9.07
Southern Europe,2025-05-26,15.98,8860.44,36.87,27.54,1.78,0.01,23.64,9.96
Southern Europe,2025-05-27,14.08,7204.12,32.86,28.0,1.82,0.01,24.76,10.69
Southern Europe,2025-05-28,15.17,9813.12,35.25,28.13,1.86,0.01,26.43,11.76
Southern Europe,2025-05-29,16.08,12631.42,37.23,27.11,1.52,0.01,27.57,13.05
Southern Europe,2025-05-30,16.22,11313.34,40.94,26.14,0.36,0.01,27.39,14.31
Southern Europe,2025-05-31,14.11,8777.75,37.69,27.43,0.47,0.01,28.02,14.66
Southern Europe,2025-06-01,14.44,6797.41,37.78,26.15,1.38,0.01,27.03,15.01
Southern Europe,2025-06-02,16.44,9157.26,38.95,25.21,4.11,0.01,24.75,14.06
Southern Europe,2025-06-03,15.88,7995.83,39.51,24.34,3.96,0.01,23.26,13.17
Southern Europe,2025-06-04,14.97,6379.36,35.81,26.48,4.02,0.01,23.77,12.28
Southern Europe,2025-06-05,14.37,6798.09,34.45,28.15,2.37,0.0,25.26,12.87
Southern Europe,2025-06-06,13.96,5253.49,35.45,28.34,0.94,0.0,26.41,14.01
Southern Europe,2025-06-07,14.73,6146.71,35.76,28.97,1.45,0.0,27.25,14.27
Southern Europe,2025-06-08,16.09,10567.29,36.47,28.84,1.26,0.0,28.88,14.72
Southern Europe,2025-06-09,14.87,11245.24,36.68,26.01,0.41,0.0,29.38,15.92
Southern Europe,2025-06-10,15.32,9761.72,40.43,23.26,1.63,0.0,29.56,17.18
Southern Europe,2025-06-11,17.48,11255.06,44.57,24.23,3.15,0.0,26.9,16.65
Southern Europe,2025-06-12,14.56,6890.26,36.83,28.19,1.13,0.0,26.95,15.36
Southern Europe,2025-06-13,15.27,6839.31,41.34,27.63,1.14,0.0,28.25,16.12
Southern Europe,2025-06-14,14.13,6104.39,37.3,28.17,0.62,0.0,27.99,16.04
Southern Europe,2025-06-15,17.45,11568.71,39.24,27.8,0.77,0.0,28.61,15.28
Southern Europe,2025-06-16,16.14,14534.09,38.49,27.15,1.55,0.0,30.17,16.2
Southern Europe,2025-06-17,14.92,10600.79,37.57,26.56,0.86,0.0,30.62,17.9
Southern Europe,2025-06-18,13.91,7245.9,38.87,26.32,0.65,0.0,30.85,18.04
Southern Europe,2025-06-19,12.82,6273.26,40.39,25.74,2.13,0.0,30.75,18.87
Southern Europe,2025-06-20,13.72,8347.8,35.17,27.43,1.67,0.0,30.98,18.74
Southern Europe,2025-06-21,13.61,5994.83,37.31,27.14,1.1,0.0,29.54,17.96
Southern Europe,2025-06-22,14.14,6668.91,38.52,26.84,0.32,0.0,29.67,17.46
Southern Europe,2025-06-23,14.72,8672.03,39.1,25.15,0.45,0.0,30.46,17.61
Southern Europe,2025-06-24,15.37,8266.99,41.51,24.67,3.7,0.0,29.07,17.99
Southern Europe,2025-06-25,16.29,8559.48,39.66,27.83,1.21,0.0,28.7,17.17
Southern Europe,2025-06-26,13.98,6665.63,35.08,29.4,1.53,0.0,30.15,17.16
Southern Europe,2025-06-27,14.43,9680.63,36.06,29.05,0.34,0.0,32.22,18.31
Southern Europe,2025-06-28,17.79,14989.95,39.06,28.14,0.08,0.0,32.98,19.73
Southern Europe,2025-06-29,18.13,15132.62,41.72,28.03,0.12,0.0,33.23,20.05
Southern Europe,2025-06-30,14.64,10207.36,37.63,27.74,0.68,0.0,33.47,20.09
Southern Europe,2025-07-01,14.33,9307.85,38.54,28.01,0.77,0.0,32.89,19.98
Southern Europe,2025-07-02,16.64,14303.36,41.4,27.6,0.57,0.0,31.61,19.74
Southern Europe,2025-07-03,18.01,19748.82,41.16,27.77,1.67,0.0,31.55,19.25
Southern Europe,2025-07-04,15.89,13999.31,39.24,28.26,0.86,0.0,31.81,20.02
Southern Europe,2025-07-05,15.32,9654.63,38.87,27.01,1.65,0.0,30.57,20.19
Southern Europe,2025-07-06,15.79,8921.79,39.3,27.65,2.51,0.0,30.18,18.94
Southern Europe,2025-07-07,20.13,15990.72,46.35,27.69,4.15,0.0,29.56,18.2
Southern Europe,2025-07-08,21.96,22354.86,46.31,27.49,4.63,0.0,28.9,16.16
Southern Europe,2025-07-09,18.38,14343.35,43.49,27.44,1.23,0.0,28.84,16.35
Southern Europe,2025-07-10,15.51,8065.04,37.21,28.37,0.28,0.0,28.51,16.71
Southern Europe,2025-07-11,15.29,6721.5,38.35,25.98,2.28,0.0,26.43,16.0
Southern Europe,2025-07-12,12.91,4928.83,36.5,24.26,2.31,0.0,25.75,15.64
Southern Europe,2025-07-13,13.81,5689.21,36.54,27.79,3.8,0.0,28.07,15.82
Southern Europe,2025-07-14,14.76,6688.97,38.31,28.3,1.13,0.0,29.84,17.52
Southern Europe,2025-07-15,16.73,10042.91,37.63,28.56,0.71,0.0,31.18,17.69
Southern Europe,2025-07-16,15.17,8308.53,36.09,28.48,1.61,0.0,32.34,18.77
Southern Europe,2025-07-17,15.01,7326.32,39.71,28.16,1.12,0.0,31.28,18.75
Southern Europe,2025-07-18,17.56,10837.52,42.99,27.89,0.42,0.0,28.92,16.91
Southern Europe,2025-07-19,17.86,12814.49,42.25,27.79,1.46,0.0,27.86,16.49
Southern Europe,2025-07-20,20.24,15090.2,45.47,26.5,3.56,0.0,28.09,16.52
Southern Europe,2025-07-21,15.71,7664.15,37.04,28.51,4.75,0.0,28.59,15.9
Southern Europe,2025-07-22,15.2,6952.64,38.97,28.19,0.37,0.0,29.84,16.48
Southern Europe,2025-07-23,16.73,9755.28,40.14,24.26,1.05,0.0,28.72,17.17
Southern Europe,2025-07-24,20.41,16610.55,43.95,25.57,3.83,0.0,28.06,15.96
Southern Europe,2025-07-25,20.71,18390.02,42.23,26.7,1.89,0.0,28.92,15.98
Southern Europe,2025-07-26,18.61,15311.97,41.37,27.16,3.51,0.0,29.46,16.35
Southern Europe,2025-07-27,18.18,12812.55,42.15,27.59,2.81,0.0,29.78,16.5
Southern Europe,2025-07-28,23.25,23268.71,49.72,26.61,3.6,0.0,27.92,16.46
Southern Europe,2025-07-29,24.44,24682.74,47.72,26.02,2.73,0.0,27.04,15.03
Southern Europe,2025-07-30,20.39,18935.18,40.39,26.37,1.08,0.0,27.92,15.59
Southern Europe,2025-07-31,18.69,17422.98,39.44,25.82,1.38,0.0,28.77,16.33
Southern Europe,2025-08-01,17.45,13557.35,40.11,24.87,2.54,0.0,28.35,16.45
Southern Europe,2025-08-02,18.77,18224.66,41.23,25.89,3.47,0.0,29.31,16.66
Southern Europe,2025-08-03,18.27,16024.06,40.27,26.37,1.49,0.0,29.97,16.82
Southern Europe,2025-08-04,16.34,11937.8,38.52,26.12,1.6,0.0,30.72,17.55
Southern Europe,2025-08-05,18.98,16562.61,42.18,25.46,0.88,0.0,30.73,18.32
Southern Europe,2025-08-06,16.37,11494.36,39.43,25.87,2.56,0.0,30.68,17.93
Southern Europe,2025-08-07,14.64,8692.85,35.66,26.35,1.07,0.0,31.81,18.51
Southern Europe,2025-08-08,15.47,10883.16,35.17,25.8,0.09,0.0,32.2,19.29
Southern Europe,2025-08-09,14.75,11157.14,36.46,25.94,0.02,0.0,33.1,20.0
Southern Europe,2025-08-10,17.4,14786.58,38.61,26.26,0.05,0.0,34.19,20.07
Southern Europe,2025-08-11,15.84,10958.48,38.56,25.62,0.2,0.0,34.37,20.68
Southern Europe,2025-08-12,15.89,11503.45,42.9,24.33,0.46,0.0,34.09,21.11
Southern Europe,2025-08-13,15.12,11461.19,38.97,23.96,0.85,0.0,32.58,20.8
Southern Europe,2025-08-14,14.92,12165.61,36.18,24.75,0.32,0.0,32.8,20.31
Southern Europe,2025-08-15,15.47,11619.8,37.41,24.88,0.38,0.0,33.03,20.12
Southern Europe,2025-08-16,13.47,8236.36,34.8,24.32,0.4,0.0,33.5,19.49
Southern Europe,2025-08-17,12.79,5507.91,34.85,24.1,1.29,0.0,33.09,19.82
Southern Europe,2025-08-18,14.89,7440.85,42.52,21.37,0.94,0.0,30.28,18.84
Southern Europe,2025-08-19,15.93,8396.13,39.17,23.88,1.53,0.0,27.56,17.19
Southern Europe,2025-08-20,17.97,10613.05,40.89,23.75,5.77,0.0,26.48,16.05
Southern Europe,2025-08-21,18.59,12125.34,42.04,23.45,4.57,0.0,26.8,15.91
Southern Europe,2025-08-22,17.62,10712.48,39.0,23.64,3.63,0.0,27.38,16.07
Southern Europe,2025-08-23,13.73,6415.62,35.47,23.57,2.5,0.0,27.99,16.0
Southern Europe,2025-08-24,12.96,4908.23,34.75,22.85,1.03,0.0,28.03,16.68
Southern Europe,2025-08-25,13.58,5348.06,36.04,21.82,0.34,0.0,28.7,17.46
Southern Europe,2025-08-26,13.55,5959.88,39.46,22.54,0.35,0.0,28.88,17.62
Southern Europe,2025-08-27,15.22,8064.2,40.58,22.49,2.39,0.0,27.08,17.12
Southern Europe,2025-08-28,21.05,16031.17,44.65,23.44,10.77,0.0,25.31,15.01
Southern Europe,2025-08-29,21.15,16323.81,46.29,21.97,8.66,0.0,25.78,13.75
Southern Europe,2025-08-30,17.59,10618.55,41.61,22.42,4.57,0.0,26.38,15.34
Southern Europe,2025-08-31,18.5,11920.47,45.82,20.88,2.78,0.0,25.22,14.57
Southern Europe,2025-09-01,19.15,12369.21,40.11,22.46,3.0,0.0,23.44,12.59
Southern Europe,2025-09-02,17.3,11227.72,40.53,22.11,3.21,0.0,25.17,12.4
Southern Europe,2025-09-03,18.03,12912.77,40.57,22.51,1.79,0.0,26.76,13.79
Southern Europe,2025-09-04,17.24,8889.71,37.65,22.21,0.88,0.0,25.96,14.21
Southern Europe,2025-09-05,17.19,12076.38,36.52,21.5,0.98,0.0,27.39,13.67
Southern Europe,2025-09-06,20.27,18300.9,44.37,21.33,0.06,0.0,28.36,15.05
Southern Europe,2025-09-07,18.05,10713.94,39.66,16.69,2.4,0.0,26.14,16.14
Southern Europe,2025-09-08,15.81,8386.07,38.07,19.53,0.93,0.0,25.07,15.05
Southern Europe,2025-09-09,16.52,9786.86,39.17,19.96,1.85,0.0,24.06,13.22
Southern Europe,2025-09-10,19.68,13897.23,44.82,16.75,12.08,0.0,24.17,14.09
Southern Europe,2025-09-11,18.42,10754.3,41.32,20.65,5.15,0.0,25.45,14.55
Southern Europe,2025-09-12,14.24,5822.99,35.82,20.56,1.09,0.0,26.27,14.89
Southern Europe,2025-09-13,14.62,6955.66,35.34,20.11,1.34,0.0,26.0,14.8
Southern Europe,2025-09-14,14.53,7833.26,33.45,20.58,1.11,0.0,26.86,15.23
Southern Europe,2025-09-15,13.66,7051.53,35.8,20.6,0.28,0.0,27.51,15.56
Southern Europe,2025-09-16,14.03,7517.02,34.74,20.63,0.95,0.0,28.1,15.14
Southern Europe,2025-09-17,12.32,6764.41,31.57,20.34,0.53,0.0,28.7,15.39
Southern Europe,2025-09-18,16.11,10653.09,36.42,19.7,0.02,0.0,29.05,15.13
Southern Europe,2025-09-19,16.95,12487.56,40.32,17.99,0.15,0.0,28.7,16.26
Southern Europe,2025-09-20,17.03,12078.61,40.91,18.59,0.54,0.0,26.95,15.29
Southern Europe,2025-09-21,19.11,14061.67,43.92,18.84,1.89,0.0,23.15,12.31
Southern Europe,2025-09-22,18.69,11912.2,38.13,19.88,7.86,0.0,21.6,9.58
Southern Europe,2025-09-23,18.07,11935.49,38.87,19.05,5.44,0.0,21.69,9.46
Southern Europe,2025-09-24,17.22,10435.82,36.2,17.92,4.52,0.0,21.37,9.12
Southern Europe,2025-09-25,15.39,8361.55,32.79,18.65,1.38,0.0,22.02,9.35
Southern Europe,2025-09-26,13.04,6153.36,32.04,18.15,2.09,0.0,22.42,9.76
Southern Europe,2025-09-27,15.35,9894.64,37.0,15.95,4.51,0.0,22.34,9.75
Southern Europe,2025-09-28,19.38,16647.53,43.5,10.68,7.8,0.0,20.57,11.75
Southern Europe,2025-09-29,19.15,12234.2,37.32,13.62,1.1,0.0,20.25,10.99
Southern Europe,2025-09-30,14.28,6919.34,30.25,15.61,0.9,0.0,21.17,10.42
Southern Europe,2025-10-01,14.24,7109.68,31.73,16.53,1.76,0.0,21.76,10.49
Southern Europe,2025-10-02,16.07,11336.65,35.95,15.98,3.63,0.0,21.24,9.14
Southern Europe,2025-10-03,16.35,13358.41,36.28,16.52,2.22,0.0,21.14,8.77
Southern Europe,2025-10-04,16.99,9356.5,37.51,17.18,1.05,0.0,21.79,8.95
Southern Europe,2025-10-05,21.92,17577.55,42.54,16.64,6.06,0.0,20.42,8.54
Southern Europe,2025-10-06,18.52,17591.7,39.25,14.95,1.54,0.0,21.21,7.81
Southern Europe,2025-10-07,14.86,11985.77,33.45,16.05,0.82,0.0,21.91,9.43
Southern Europe,2025-10-08,16.25,10214.67,37.52,14.69,0.31,0.0,21.33,10.18
Southern Europe,2025-10-09,17.64,12441.63,35.32,15.1,0.97,0.0,20.47,9.9
Southern Europe,2025-10-10,18.05,14149.59,35.75,14.01,0.81,0.0,20.7,9.48
Southern Europe,2025-10-11,17.91,10774.35,37.19,14.28,0.38,0.0,21.13,9.74
Southern Europe,2025-10-12,16.27,9344.15,34.15,14.03,0.17,0.0,21.2,10.03
Southern Europe,2025-10-13,10.4,3113.85,26.99,13.74,0.51,0.0,21.01,11.22
Southern Europe,2025-10-14,9.64,2612.89,25.49,14.6,0.49,0.0,21.43,10.55
Southern Europe,2025-10-15,11.13,5305.93,27.34,14.03,0.91,0.0,21.29,10.32
Southern Europe,2025-10-16,12.68,6966.58,29.3,12.48,1.44,0.0,20.48,10.65
Southern Europe,2025-10-17,12.49,7147.24,29.24,13.19,1.91,0.0,20.38,10.14
Southern Europe,2025-10-18,12.32,5904.58,28.69,14.23,0.6,0.0,21.05,9.5
Southern Europe,2025-10-19,19.64,16306.48,39.06,12.92,4.15,0.0,19.5,9.93
Southern Europe,2025-10-20,20.63,18259.46,40.77,11.29,3.74,0.0,18.31,10.07
Southern Europe,2025-10-21,23.51,23139.61,45.36,9.71,6.26,0.0,19.23,10.97
Southern Europe,2025-10-22,26.87,37285.03,50.6,10.42,4.45,0.0,19.88,12.16
Southern Europe,2025-10-23,28.84,44323.96,62.86,11.67,10.73,0.0,19.65,10.79
Southern Europe,2025-10-24,19.44,14825.36,41.7,11.33,3.38,0.0,19.27,9.23
Southern Europe,2025-10-25,16.86,8707.16,35.48,10.88,4.58,0.01,18.43,9.77
Southern Europe,2025-10-26,20.71,15144.39,40.38,10.25,3.55,0.01,17.23,7.73
Southern Europe,2025-10-27,15.93,10984.93,33.93,12.16,1.81,0.01,17.52,5.5
Southern Europe,2025-10-28,14.84,8764.21,33.35,11.42,2.64,0.01,18.63,5.78
Southern Europe,2025-10-29,18.07,11575.72,37.97,7.85,5.61,0.01,17.15,8.59
Southern Europe,2025-10-30,18.26,14712.1,39.17,10.11,5.33,0.01,17.53,8.85
Southern Europe,2025-10-31,20.58,20605.96,39.94,8.82,13.55,0.01,17.68,9.48
Southern Europe,2025-11-01,17.61,12213.09,36.9,8.74,7.75,0.01,17.64,9.6
Southern Europe,2025-11-02,17.29,10303.11,34.4,11.39,5.07,0.01,17.04,7.79
Southern Europe,2025-11-03,14.42,7186.36,30.46,12.24,2.72,0.01,17.83,5.49
Southern Europe,2025-11-04,20.84,22739.24,39.4,10.99,0.98,0.01,17.63,6.08
Southern Europe,2025-11-05,26.93,38565.8,51.73,7.72,10.87,0.01,17.17,6.34
Southern Europe,2025-11-06,23.97,27266.57,47.88,9.66,3.8,0.01,14.53,4.89
Southern Europe,2025-11-07,18.22,12751.01,36.28,7.59,6.04,0.01,14.6,5.01
Southern Europe,2025-11-08,20.1,15867.6,41.38,10.28,3.82,0.01,14.4,5.21
Southern Europe,2025-11-09,14.83,8330.77,31.58,10.67,2.42,0.01,15.02,3.75
Southern Europe,2025-11-10,16.69,9266.69,32.89,9.71,3.67,0.01,15.02,4.5
Southern Europe,2025-11-11,20.09,22887.1,39.83,10.82,1.01,0.01,16.41,5.1
Southern Europe,2025-11-12,24.72,33036.21,46.97,10.5,4.0,0.01,17.42,5.44
Southern Europe,2025-11-13,25.54,38315.78,47.95,5.86,13.05,0.01,16.35,6.6
Southern Europe,2025-11-14,25.35,34094.15,48.78,7.25,7.31,0.01,15.16,6.0
Southern Europe,2025-11-15,24.08,28530.47,45.2,5.77,8.76,0.01,14.79,5.96
Southern Europe,2025-11-16,20.77,15700.68,44.32,8.38,9.33,0.01,14.62,6.38
Southern Europe,2025-11-17,19.68,15436.28,41.19,8.27,6.23,0.01,14.71,5.99
Southern Europe,2025-11-18,19.4,15753.7,38.25,9.51,4.23,0.01,13.24,3.54
Southern Europe,2025-11-19,15.23,7482.7,34.31,9.06,2.08,0.02,11.83,2.04
Southern Europe,2025-11-20,20.93,14194.45,40.7,9.78,3.09,0.02,11.17,1.17
Southern Europe,2025-11-21,22.78,18591.09,44.06,9.43,5.49,0.03,9.46,-0.47
Southern Europe,2025-11-22,20.74,16914.6,39.26,9.86,4.61,0.04,9.26,-2.35
Southern Europe,2025-11-23,20.85,17783.4,39.99,9.21,2.88,0.04,10.72,-0.85
Southern Europe,2025-11-24,28.64,38091.52,54.05,5.29,9.91,0.04,11.88,2.03
Southern Europe,2025-11-25,27.63,32023.86,49.88,8.9,6.22,0.04,11.42,1.59
Southern Europe,2025-11-26,22.13,20255.1,42.84,9.37,2.71,0.04,10.84,0.23
Southern Europe,2025-11-27,18.84,16049.19,35.34,9.13,3.48,0.04,10.71,-1.07
Southern Europe,2025-11-28,14.35,7847.06,28.85,9.03,1.4,0.04,11.25,-0.79
Southern Europe,2025-11-29,14.36,6979.82,29.93,8.23,2.24,0.04,11.0,-0.05
Southern Europe,2025-11-30,17.63,11861.49,36.37,7.08,1.01,0.04,10.48,0.5
Southern Europe,2025-12-01,14.19,9025.9,30.45,9.01,1.36,0.04,11.05,-0.58
Southern Europe,2025-12-02,17.26,10968.98,35.54,6.62,5.55,0.03,10.03,0.66
Southern Europe,2025-12-03,19.87,15302.75,39.21,7.76,2.27,0.03,9.77,0.13
Southern Europe,2025-12-04,25.49,28376.87,48.32,4.63,5.96,0.03,10.27,1.85
Southern Europe,2025-12-05,24.12,25063.92,44.64,5.18,5.68,0.03,11.96,2.51
Southern Europe,2025-12-06,24.05,23796.02,42.71,6.1,5.44,0.03,13.5,5.14
Southern Europe,2025-12-07,20.36,19811.91,35.3,7.68,1.12,0.02,13.36,4.55
Southern Europe,2025-12-08,17.38,17046.65,34.01,8.19,0.67,0.02,13.45,2.96
Southern Europe,2025-12-09,19.6,23490.29,37.43,7.49,4.95,0.02,13.71,2.54
Southern Europe,2025-12-10,10.82,3698.41,23.84,5.0,0.98,0.02,12.31,3.47
Southern Europe,2025-12-11,13.95,7451.0,29.54,7.73,0.43,0.02,12.46,2.4
Southern Europe,2025-12-12,15.4,9798.71,31.35,5.38,7.28,0.03,11.41,2.69
Southern Europe,2025-12-13,16.0,15329.54,29.69,7.68,0.23,0.03,12.78,2.58
Southern Europe,2025-12-14,14.55,9598.41,27.32,7.84,0.07,0.03,12.02,1.26
Southern Europe,2025-12-15,16.49,10464.22,33.99,5.65,3.41,0.03,10.84,1.5
Southern Europe,2025-12-16,20.3,17588.39,39.36,4.56,7.57,0.03,9.74,1.98
Southern Europe,2025-12-17,16.23,9283.04,32.36,7.41,3.2,0.03,11.86,2.32
Southern Europe,2025-12-18,17.72,18143.41,36.13,7.58,2.49,0.02,12.28,2.5
Southern Europe,2025-12-19,11.46,4172.82,25.73,4.91,5.24,0.02,10.95,2.6
Southern Europe,2025-12-20,16.09,9964.26,33.54,6.0,2.89,0.02,10.29,1.84
Southern Europe,2025-12-21,20.61,16364.2,40.38,4.82,5.61,0.04,8.56,-0.13
Southern Europe,2025-12-22,19.71,12757.16,36.64,5.92,2.8,0.04,7.96,-1.08
Southern Europe,2025-12-23,20.07,15096.07,37.21,4.59,4.34,0.03,9.21,0.46
Southern Europe,2025-12-24,20.6,15664.97,39.36,6.43,5.76,0.03,9.28,-0.01
Southern Europe,2025-12-25,16.32,11749.09,35.53,6.33,2.51,0.04,7.69,-1.27
Southern Europe,2025-12-26,14.1,6030.46,28.24,7.0,1.27,0.04,8.17,-1.56
Southern Europe,2025-12-27,20.14,15094.39,40.83,6.81,0.74,0.04,9.54,-1.92
Southern Europe,2025-12-28,19.92,13896.27,37.82,6.85,0.45,0.04,10.71,-0.15
Southern Europe,2025-12-29,10.35,3205.84,23.19,8.0,0.08,0.04,10.53,-1.05
Southern Europe,2025-12-30,13.25,6961.78,29.94,8.02,0.29,0.04,9.67,-1.76
Southern Europe,2025-12-31,15.93,9870.87,30.99,7.53,0.29,0.04,7.21,-3.34
