Time (Local),Bioenergy,Hydro,Wind,Solar
2023-01-01T00:00:00+01:00,0.0,,0.0,0.0
2023-01-01T01:00:00+01:00,0.0,,0.0,0.0
2023-01-01T02:00:00+01:00,0.0,,0.0,0.0
2023-01-01T03:00:00+01:00,0.0,,0.0,0.0
2023-01-01T04:00:00+01:00,0.0,,0.0,0.0
2023-01-01T05:00:00+01:00,0.0,,0.0,0.0
2023-01-01T06:00:00+01:00,0.0,,0.0,0.0
2023-01-01T07:00:00+01:00,0.0,,0.0,0.0
2023-01-01T08:00:00+01:00,0.0,,0.0,0.0
2023-01-01T09:00:00+01:00,0.0,,0.0,0.0
2023-01-01T10:00:00+01:00,0.0,,0.0,0.0
2023-01-01T11:00:00+01:00,0.0,,0.0,0.0
2023-01-01T12:00:00+01:00,0.0,,0.0,0.0
2023-01-01T13:00:00+01:00,0.0,,0.0,0.0
2023-01-01T14:00:00+01:00,0.0,,0.0,0.0
2023-01-01T15:00:00+01:00,0.0,,0.0,0.0
2023-01-01T16:00:00+01:00,0.0,,0.0,0.0
2023-01-01T17:00:00+01:00,0.0,,0.0,0.0
2023-01-01T18:00:00+01:00,0.0,,0.0,0.0
2023-01-01T19:00:00+01:00,0.0,,0.0,0.0
2023-01-01T20:00:00+01:00,0.0,,0.0,0.0
2023-01-01T21:00:00+01:00,0.0,,0.0,0.0
2023-01-01T22:00:00+01:00,0.0,,0.0,0.0
2023-01-01T23:00:00+01:00,0.0,,0.0,0.0
2023-01-02T00:00:00+01:00,0.0,,0.0,0.0
2023-01-02T01:00:00+01:00,0.0,,0.0,0.0
2023-01-02T02:00:00+01:00,0.0,,0.0,0.0
2023-01-02T03:00:00+01:00,0.0,,0.0,0.0
2023-01-02T04:00:00+01:00,0.0,,0.0,0.0
2023-01-02T05:00:00+01:00,0.0,,0.0,0.0
2023-01-02T06:00:00+01:00,0.0,,0.0,0.0
2023-01-02T07:00:00+01:00,0.0,,0.0,0.0
2023-01-02T08:00:00+01:00,0.0,,0.0,0.0
2023-01-02T09:00:00+01:00,0.0,,0.0,0.0
2023-01-02T10:00:00+01:00,0.0,,0.0,0.0
2023-01-02T11:00:00+01:00,0.0,,0.0,0.0
2023-01-02T12:00:00+01:00,0.0,,0.0,0.0
2023-01-02T13:00:00+01:00,0.0,,0.0,0.0
2023-01-02T14:00:00+01:00,0.0,,0.0,0.0
2023-01-02T15:00:00+01:00,0.0,,0.0,0.0
2023-01-02T16:00:00+01:00,0.0,,0.0,0.0
2023-01-02T17:00:00+01:00,0.0,,0.0,0.0
2023-01-02T18:00:00+01:00,0.0,,0.0,0.0
2023-01-02T19:00:00+01:00,0.0,,0.0,0.0
2023-01-02T20:00:00+01:00,0.0,,0.0,0.0
2023-01-02T21:00:00+01:00,0.0,,0.0,0.0
2023-01-02T22:00:00+01:00,0.0,,0.0,0.0
2023-01-02T23:00:00+01:00,0.0,,0.0,0.0
2023-01-03T00:00:00+01:00,0.0,,0.0,0.0
2023-01-03T01:00:00+01:00,0.0,,0.0,0.0
2023-01-03T02:00:00+01:00,0.0,,0.0,0.0
2023-01-03T03:00:00+01:00,0.0,,0.0,0.0
2023-01-03T04:00:00+01:00,0.0,,0.1,0.0
2023-01-03T05:00:00+01:00,0.0,,3.1,0.0
2023-01-03T06:00:00+01:00,0.0,,6.3,0.0
2023-01-03T07:00:00+01:00,0.0,,4.8,0.0
2023-01-03T08:00:00+01:00,0.0,,2.2,0.0
2023-01-03T09:00:00+01:00,0.0,,1.4,0.0
2023-01-03T10:00:00+01:00,0.0,,1.5,0.0
2023-01-03T11:00:00+01:00,0.0,,1.8,0.0
2023-01-03T12:00:00+01:00,0.0,,10.9,0.0
2023-01-03T13:00:00+01:00,0.0,,14.7,0.0
2023-01-03T14:00:00+01:00,0.0,,13.2,0.0
2023-01-03T15:00:00+01:00,0.0,,19.5,0.0
2023-01-03T16:00:00+01:00,0.0,,23.5,0.0
2023-01-03T17:00:00+01:00,0.0,,23.8,0.0
2023-01-03T18:00:00+01:00,0.0,,23.9,0.0
2023-01-03T19:00:00+01:00,0.0,,17.9,0.0
2023-01-03T20:00:00+01:00,0.0,,4.2,0.0
2023-01-03T21:00:00+01:00,0.0,,2.6,0.0
2023-01-03T22:00:00+01:00,0.0,,1.3,0.0
2023-01-03T23:00:00+01:00,0.0,,0.6,0.0
2023-01-04T00:00:00+01:00,0.0,,2.8,0.0
2023-01-04T01:00:00+01:00,0.0,,7.2,0.0
2023-01-04T02:00:00+01:00,0.0,,17.6,0.0
2023-01-04T03:00:00+01:00,0.0,,19.5,0.0
2023-01-04T04:00:00+01:00,0.0,,26.5,0.0
2023-01-04T05:00:00+01:00,0.0,,29.0,0.0
2023-01-04T06:00:00+01:00,0.0,,34.4,0.0
2023-01-04T07:00:00+01:00,0.0,,32.6,0.0
2023-01-04T08:00:00+01:00,0.0,,24.0,0.0
2023-01-04T09:00:00+01:00,0.0,,29.8,0.0
2023-01-04T10:00:00+01:00,0.0,,31.8,0.0
2023-01-04T11:00:00+01:00,0.0,,27.2,0.0
2023-01-04T12:00:00+01:00,0.0,,24.8,0.0
2023-01-04T13:00:00+01:00,0.0,,18.5,0.0
2023-01-04T14:00:00+01:00,0.0,,9.0,0.0
2023-01-04T15:00:00+01:00,0.0,,12.2,0.0
2023-01-04T16:00:00+01:00,0.0,,16.0,0.0
2023-01-04T17:00:00+01:00,0.0,,13.4,0.0
2023-01-04T18:00:00+01:00,0.0,,10.6,0.0
2023-01-04T19:00:00+01:00,0.0,,8.5,0.0
2023-01-04T20:00:00+01:00,0.0,,3.7,0.0
2023-01-04T21:00:00+01:00,0.0,,2.6,0.0
2023-01-04T22:00:00+01:00,0.0,,2.3,0.0
2023-01-04T23:00:00+01:00,0.0,,0.1,0.0
2023-01-05T00:00:00+01:00,0.0,,0.0,0.0
2023-01-05T01:00:00+01:00,0.0,,0.0,0.0
2023-01-05T02:00:00+01:00,0.0,,0.1,0.0
2023-01-05T03:00:00+01:00,0.0,,0.0,0.0
2023-01-05T04:00:00+01:00,0.0,,1.2,0.0
2023-01-05T05:00:00+01:00,0.0,,0.5,0.0
2023-01-05T06:00:00+01:00,0.0,,0.7,0.0
2023-01-05T07:00:00+01:00,0.0,,0.3,0.0
2023-01-05T08:00:00+01:00,0.0,,1.0,0.0
2023-01-05T09:00:00+01:00,0.0,,1.6,0.0
2023-01-05T10:00:00+01:00,0.0,,7.6,0.0
2023-01-05T11:00:00+01:00,0.0,,9.9,0.0
2023-01-05T12:00:00+01:00,0.0,,5.0,0.0
2023-01-05T13:00:00+01:00,0.0,,6.9,0.0
2023-01-05T14:00:00+01:00,0.0,,5.9,0.0
2023-01-05T15:00:00+01:00,0.0,,5.5,0.0
2023-01-05T16:00:00+01:00,0.0,,1.5,0.0
2023-01-05T17:00:00+01:00,0.0,,3.2,0.0
2023-01-05T18:00:00+01:00,0.0,,0.8,0.0
2023-01-05T19:00:00+01:00,0.0,,0.0,0.0
2023-01-05T20:00:00+01:00,0.0,,0.2,0.0
2023-01-05T21:00:00+01:00,0.0,,4.7,0.0
2023-01-05T22:00:00+01:00,0.0,,13.6,0.0
2023-01-05T23:00:00+01:00,0.0,,27.9,0.0
2023-01-06T00:00:00+01:00,0.0,,34.0,0.0
2023-01-06T01:00:00+01:00,0.0,,24.2,0.0
2023-01-06T02:00:00+01:00,0.0,,18.4,0.0
2023-01-06T03:00:00+01:00,0.0,,25.8,0.0
2023-01-06T04:00:00+01:00,0.0,,35.5,0.0
2023-01-06T05:00:00+01:00,0.0,,56.9,0.0
2023-01-06T06:00:00+01:00,0.0,,47.9,0.0
2023-01-06T07:00:00+01:00,0.0,,55.5,0.0
2023-01-06T08:00:00+01:00,0.0,,47.8,0.0
2023-01-06T09:00:00+01:00,0.0,,33.3,0.0
2023-01-06T10:00:00+01:00,0.0,,38.5,0.0
2023-01-06T11:00:00+01:00,0.0,,54.0,0.0
2023-01-06T12:00:00+01:00,0.0,,36.2,0.0
2023-01-06T13:00:00+01:00,0.0,,29.2,0.0
2023-01-06T14:00:00+01:00,0.0,,20.9,0.0
2023-01-06T15:00:00+01:00,0.0,,20.2,0.0
2023-01-06T16:00:00+01:00,0.0,,24.9,0.0
2023-01-06T17:00:00+01:00,0.0,,27.3,0.0
2023-01-06T18:00:00+01:00,0.0,,11.8,0.0
2023-01-06T19:00:00+01:00,0.0,,12.8,0.0
2023-01-06T20:00:00+01:00,0.0,,25.3,0.0
2023-01-06T21:00:00+01:00,0.0,,32.3,0.0
2023-01-06T22:00:00+01:00,0.0,,39.0,0.0
2023-01-06T23:00:00+01:00,0.0,,46.5,0.0
2023-01-07T00:00:00+01:00,0.0,,36.1,0.0
2023-01-07T01:00:00+01:00,0.0,,16.9,0.0
2023-01-07T02:00:00+01:00,0.0,,14.4,0.0
2023-01-07T03:00:00+01:00,0.0,,10.6,0.0
2023-01-07T04:00:00+01:00,0.0,,3.2,0.0
2023-01-07T05:00:00+01:00,0.0,,1.5,0.0
2023-01-07T06:00:00+01:00,0.0,,0.0,0.0
2023-01-07T07:00:00+01:00,0.0,,0.0,0.0
2023-01-07T08:00:00+01:00,0.0,,0.1,0.0
2023-01-07T09:00:00+01:00,0.0,,0.1,0.0
2023-01-07T10:00:00+01:00,0.0,,0.0,0.0
2023-01-07T11:00:00+01:00,0.0,,0.0,0.0
2023-01-07T12:00:00+01:00,0.0,,0.8,0.0
2023-01-07T13:00:00+01:00,0.0,,1.5,0.0
2023-01-07T14:00:00+01:00,0.0,,2.6,0.0
2023-01-07T15:00:00+01:00,0.0,,3.7,0.0
2023-01-07T16:00:00+01:00,0.0,,2.7,0.0
2023-01-07T17:00:00+01:00,0.0,,0.8,0.0
2023-01-07T18:00:00+01:00,0.0,,0.1,0.0
2023-01-07T19:00:00+01:00,0.0,,0.1,0.0
2023-01-07T20:00:00+01:00,0.0,,2.4,0.0
2023-01-07T21:00:00+01:00,0.0,,3.2,0.0
2023-01-07T22:00:00+01:00,0.0,,2.7,0.0
2023-01-07T23:00:00+01:00,0.0,,2.2,0.0
2023-01-08T00:00:00+01:00,0.0,,3.1,0.0
2023-01-08T01:00:00+01:00,0.0,,2.0,0.0
2023-01-08T02:00:00+01:00,0.0,,1.5,0.0
2023-01-08T03:00:00+01:00,0.0,,3.8,0.0
2023-01-08T04:00:00+01:00,0.0,,6.0,0.0
2023-01-08T05:00:00+01:00,0.0,,3.5,0.0
2023-01-08T06:00:00+01:00,0.0,,3.8,0.0
2023-01-08T07:00:00+01:00,0.0,,7.0,0.0
2023-01-08T08:00:00+01:00,0.0,,9.3,0.0
2023-01-08T09:00:00+01:00,0.0,,5.2,0.0
2023-01-08T10:00:00+01:00,0.0,,2.8,0.0
2023-01-08T11:00:00+01:00,0.0,,6.2,0.0
2023-01-08T12:00:00+01:00,0.0,,10.2,0.0
2023-01-08T13:00:00+01:00,0.0,,7.6,0.0
2023-01-08T14:00:00+01:00,0.0,,9.2,0.0
2023-01-08T15:00:00+01:00,0.0,,10.7,0.0
2023-01-08T16:00:00+01:00,0.0,,14.4,0.0
2023-01-08T17:00:00+01:00,0.0,,18.4,0.0
2023-01-08T18:00:00+01:00,0.0,,21.8,0.0
2023-01-08T19:00:00+01:00,0.0,,39.6,0.0
2023-01-08T20:00:00+01:00,0.0,,37.7,0.0
2023-01-08T21:00:00+01:00,0.0,,41.2,0.0
2023-01-08T22:00:00+01:00,0.0,,51.3,0.0
2023-01-08T23:00:00+01:00,0.0,,63.6,0.0
2023-01-09T00:00:00+01:00,0.0,,83.0,0.0
2023-01-09T01:00:00+01:00,0.0,,101.9,0.0
2023-01-09T02:00:00+01:00,0.0,,110.2,0.0
2023-01-09T03:00:00+01:00,0.0,,117.7,0.0
2023-01-09T04:00:00+01:00,0.0,,112.8,0.0
2023-01-09T05:00:00+01:00,0.0,,117.3,0.0
2023-01-09T06:00:00+01:00,0.0,,116.4,0.0
2023-01-09T07:00:00+01:00,0.0,,117.6,0.0
2023-01-09T08:00:00+01:00,0.0,,118.1,0.0
2023-01-09T09:00:00+01:00,0.0,,117.5,0.0
2023-01-09T10:00:00+01:00,0.0,,118.0,0.0
2023-01-09T11:00:00+01:00,0.0,,117.9,0.0
2023-01-09T12:00:00+01:00,0.0,,118.7,0.0
2023-01-09T13:00:00+01:00,0.0,,118.3,0.0
2023-01-09T14:00:00+01:00,0.0,,114.8,0.0
2023-01-09T15:00:00+01:00,0.0,,109.3,0.0
2023-01-09T16:00:00+01:00,0.0,,101.2,0.0
2023-01-09T17:00:00+01:00,0.0,,106.0,0.0
2023-01-09T18:00:00+01:00,0.0,,113.3,0.0
2023-01-09T19:00:00+01:00,0.0,,107.2,0.0
2023-01-09T20:00:00+01:00,0.0,,103.2,0.0
2023-01-09T21:00:00+01:00,0.0,,101.6,0.0
2023-01-09T22:00:00+01:00,0.0,,107.9,0.0
2023-01-09T23:00:00+01:00,0.0,,113.0,0.0
2023-01-10T00:00:00+01:00,0.0,,111.8,0.0
2023-01-10T01:00:00+01:00,0.0,,63.2,0.0
2023-01-10T02:00:00+01:00,0.0,,42.8,0.0
2023-01-10T03:00:00+01:00,0.0,,33.9,0.0
2023-01-10T04:00:00+01:00,0.0,,14.5,0.0
2023-01-10T05:00:00+01:00,0.0,,10.1,0.0
2023-01-10T06:00:00+01:00,0.0,,28.9,0.0
2023-01-10T07:00:00+01:00,0.0,,32.6,0.0
2023-01-10T08:00:00+01:00,0.0,,31.3,0.0
2023-01-10T09:00:00+01:00,0.0,,5.8,0.0
2023-01-10T10:00:00+01:00,0.0,,3.4,0.0
2023-01-10T11:00:00+01:00,0.0,,9.5,0.0
2023-01-10T12:00:00+01:00,0.0,,30.1,0.0
2023-01-10T13:00:00+01:00,0.0,,61.9,0.0
2023-01-10T14:00:00+01:00,0.0,,60.0,0.0
2023-01-10T15:00:00+01:00,0.0,,60.6,0.0
2023-01-10T16:00:00+01:00,0.0,,64.5,0.0
2023-01-10T17:00:00+01:00,0.0,,80.1,0.0
2023-01-10T18:00:00+01:00,0.0,,86.0,0.0
2023-01-10T19:00:00+01:00,0.0,,88.0,0.0
2023-01-10T20:00:00+01:00,0.0,,87.5,0.0
2023-01-10T21:00:00+01:00,0.0,,95.7,0.0
2023-01-10T22:00:00+01:00,0.0,,94.6,0.0
2023-01-10T23:00:00+01:00,0.0,,72.1,0.0
2023-01-11T00:00:00+01:00,0.0,,74.1,0.0
2023-01-11T01:00:00+01:00,0.0,,73.7,0.0
2023-01-11T02:00:00+01:00,0.0,,72.9,0.0
2023-01-11T03:00:00+01:00,0.0,,76.0,0.0
2023-01-11T04:00:00+01:00,0.0,,80.1,0.0
2023-01-11T05:00:00+01:00,0.0,,78.8,0.0
2023-01-11T06:00:00+01:00,0.0,,94.1,0.0
2023-01-11T07:00:00+01:00,0.0,,97.1,0.0
2023-01-11T08:00:00+01:00,0.0,,77.6,0.0
2023-01-11T09:00:00+01:00,0.0,,77.3,0.0
2023-01-11T10:00:00+01:00,0.0,,72.9,0.0
2023-01-11T11:00:00+01:00,0.0,,74.1,0.0
2023-01-11T12:00:00+01:00,0.0,,71.3,0.0
2023-01-11T13:00:00+01:00,0.0,,65.2,0.0
2023-01-11T14:00:00+01:00,0.0,,54.6,0.0
2023-01-11T15:00:00+01:00,0.0,,55.1,0.0
2023-01-11T16:00:00+01:00,0.0,,76.4,0.0
2023-01-11T17:00:00+01:00,0.0,,96.3,0.0
2023-01-11T18:00:00+01:00,0.0,,109.8,0.0
2023-01-11T19:00:00+01:00,0.0,,112.9,0.0
2023-01-11T20:00:00+01:00,0.0,,111.2,0.0
2023-01-11T21:00:00+01:00,0.0,,99.8,0.0
2023-01-11T22:00:00+01:00,0.0,,67.9,0.0
2023-01-11T23:00:00+01:00,0.0,,35.9,0.0
2023-01-12T00:00:00+01:00,0.0,,40.0,0.0
2023-01-12T01:00:00+01:00,0.0,,41.9,0.0
2023-01-12T02:00:00+01:00,0.0,,51.9,0.0
2023-01-12T03:00:00+01:00,0.0,,43.2,0.0
2023-01-12T04:00:00+01:00,0.0,,31.0,0.0
2023-01-12T05:00:00+01:00,0.0,,33.7,0.0
2023-01-12T06:00:00+01:00,0.0,,29.9,0.0
2023-01-12T07:00:00+01:00,0.0,,60.2,0.0
2023-01-12T08:00:00+01:00,0.0,,68.2,0.0
2023-01-12T09:00:00+01:00,0.0,,56.9,0.0
2023-01-12T10:00:00+01:00,0.0,,59.2,0.0
2023-01-12T11:00:00+01:00,0.0,,69.9,0.0
2023-01-12T12:00:00+01:00,0.0,,57.0,0.0
2023-01-12T13:00:00+01:00,0.0,,44.4,0.0
2023-01-12T14:00:00+01:00,0.0,,39.0,0.0
2023-01-12T15:00:00+01:00,0.0,,39.6,0.0
2023-01-12T16:00:00+01:00,0.0,,39.4,0.0
2023-01-12T17:00:00+01:00,0.0,,34.9,0.0
2023-01-12T18:00:00+01:00,0.0,,56.8,0.0
2023-01-12T19:00:00+01:00,0.0,,73.4,0.0
2023-01-12T20:00:00+01:00,0.0,,63.2,0.0
2023-01-12T21:00:00+01:00,0.0,,47.6,0.0
2023-01-12T22:00:00+01:00,0.0,,15.7,0.0
2023-01-12T23:00:00+01:00,0.0,,11.9,0.0
2023-01-13T00:00:00+01:00,0.0,,8.9,0.0
2023-01-13T01:00:00+01:00,0.0,,13.3,0.0
2023-01-13T02:00:00+01:00,0.0,,5.7,0.0
2023-01-13T03:00:00+01:00,0.0,,8.0,0.0
2023-01-13T04:00:00+01:00,0.0,,9.3,0.0
2023-01-13T05:00:00+01:00,0.0,,9.4,0.0
2023-01-13T06:00:00+01:00,0.0,,10.4,0.0
2023-01-13T07:00:00+01:00,0.0,,8.6,0.0
2023-01-13T08:00:00+01:00,0.0,,5.2,0.0
2023-01-13T09:00:00+01:00,0.0,,1.4,0.0
2023-01-13T10:00:00+01:00,0.0,,0.1,0.0
2023-01-13T11:00:00+01:00,0.0,,0.1,0.0
2023-01-13T12:00:00+01:00,0.0,,0.0,0.0
2023-01-13T13:00:00+01:00,0.0,,0.4,0.0
2023-01-13T14:00:00+01:00,0.0,,0.0,0.0
2023-01-13T15:00:00+01:00,0.0,,0.5,0.0
2023-01-13T16:00:00+01:00,0.0,,0.1,0.0
2023-01-13T17:00:00+01:00,0.0,,0.1,0.0
2023-01-13T18:00:00+01:00,0.0,,0.0,0.0
2023-01-13T19:00:00+01:00,0.0,,0.5,0.0
2023-01-13T20:00:00+01:00,0.0,,1.7,0.0
2023-01-13T21:00:00+01:00,0.0,,2.1,0.0
2023-01-13T22:00:00+01:00,0.0,,1.9,0.0
2023-01-13T23:00:00+01:00,0.0,,0.6,0.0
2023-01-14T00:00:00+01:00,0.0,216.8,0.0,0.0
2023-01-14T01:00:00+01:00,0.0,211.7,0.0,0.0
2023-01-14T02:00:00+01:00,0.0,182.4,0.0,0.0
2023-01-14T03:00:00+01:00,0.0,164.5,2.6,0.0
2023-01-14T04:00:00+01:00,0.0,152.2,3.3,0.0
2023-01-14T05:00:00+01:00,0.0,147.8,7.7,0.0
2023-01-14T06:00:00+01:00,0.0,171.3,13.3,0.0
2023-01-14T07:00:00+01:00,0.0,214.5,21.9,0.0
2023-01-14T08:00:00+01:00,0.0,220.9,22.9,0.0
2023-01-14T09:00:00+01:00,0.0,223.5,18.9,0.0
2023-01-14T10:00:00+01:00,0.0,222.0,9.5,0.0
2023-01-14T11:00:00+01:00,0.0,223.1,10.6,0.0
2023-01-14T12:00:00+01:00,0.0,209.5,35.7,0.0
2023-01-14T13:00:00+01:00,0.0,207.3,49.1,0.0
2023-01-14T14:00:00+01:00,0.0,204.1,55.8,0.0
2023-01-14T15:00:00+01:00,0.0,208.9,59.5,0.0
2023-01-14T16:00:00+01:00,0.0,215.9,61.5,0.0
2023-01-14T17:00:00+01:00,0.0,213.5,63.7,0.0
2023-01-14T18:00:00+01:00,0.0,202.6,60.5,0.0
2023-01-14T19:00:00+01:00,0.0,201.0,84.5,0.0
2023-01-14T20:00:00+01:00,0.0,202.9,91.7,0.0
2023-01-14T21:00:00+01:00,0.0,213.5,51.0,0.0
2023-01-14T22:00:00+01:00,0.0,202.3,47.5,0.0
2023-01-14T23:00:00+01:00,0.0,200.8,35.7,0.0
2023-01-15T00:00:00+01:00,0.0,181.8,14.7,0.0
2023-01-15T01:00:00+01:00,0.0,150.5,22.0,0.0
2023-01-15T02:00:00+01:00,0.0,118.8,27.7,0.0
2023-01-15T03:00:00+01:00,0.0,102.4,29.7,0.0
2023-01-15T04:00:00+01:00,0.0,87.8,34.3,0.0
2023-01-15T05:00:00+01:00,0.0,104.6,19.3,0.0
2023-01-15T06:00:00+01:00,0.0,131.3,13.2,0.0
2023-01-15T07:00:00+01:00,0.0,166.0,14.1,0.0
2023-01-15T08:00:00+01:00,0.0,171.6,6.2,0.0
2023-01-15T09:00:00+01:00,0.0,170.9,6.5,0.0
2023-01-15T10:00:00+01:00,0.0,170.6,4.1,0.0
2023-01-15T11:00:00+01:00,0.0,169.4,1.3,0.0
2023-01-15T12:00:00+01:00,0.0,161.4,3.6,0.0
2023-01-15T13:00:00+01:00,0.0,156.1,7.8,0.0
2023-01-15T14:00:00+01:00,0.0,157.1,5.8,0.0
2023-01-15T15:00:00+01:00,0.0,162.9,6.4,0.0
2023-01-15T16:00:00+01:00,0.0,174.7,8.3,0.0
2023-01-15T17:00:00+01:00,0.0,179.5,16.3,0.0
2023-01-15T18:00:00+01:00,0.0,172.5,14.7,0.0
2023-01-15T19:00:00+01:00,0.0,182.8,19.8,0.0
2023-01-15T20:00:00+01:00,0.0,178.2,21.2,0.0
2023-01-15T21:00:00+01:00,0.0,166.2,23.9,0.0
2023-01-15T22:00:00+01:00,0.0,158.3,26.8,0.0
2023-01-15T23:00:00+01:00,0.0,165.8,30.1,0.0
2023-01-16T00:00:00+01:00,0.0,225.7,33.5,0.0
2023-01-16T01:00:00+01:00,0.0,274.1,50.7,0.0
2023-01-16T02:00:00+01:00,0.0,245.0,58.4,0.0
2023-01-16T03:00:00+01:00,0.0,213.5,78.5,0.0
2023-01-16T04:00:00+01:00,0.0,200.5,90.5,0.0
2023-01-16T05:00:00+01:00,0.0,202.4,108.5,0.0
2023-01-16T06:00:00+01:00,0.0,246.4,113.4,0.0
2023-01-16T07:00:00+01:00,0.0,306.1,116.8,0.0
2023-01-16T08:00:00+01:00,0.0,347.5,117.4,0.0
2023-01-16T09:00:00+01:00,0.0,374.5,115.1,0.0
2023-01-16T10:00:00+01:00,0.0,380.9,114.7,0.0
2023-01-16T11:00:00+01:00,0.0,382.9,115.7,0.0
2023-01-16T12:00:00+01:00,0.0,386.7,115.6,0.0
2023-01-16T13:00:00+01:00,0.0,386.0,108.7,0.0
2023-01-16T14:00:00+01:00,0.0,386.1,97.0,0.0
2023-01-16T15:00:00+01:00,0.0,380.9,106.9,0.0
2023-01-16T16:00:00+01:00,0.0,391.8,101.5,0.0
2023-01-16T17:00:00+01:00,0.0,394.7,109.0,0.0
2023-01-16T18:00:00+01:00,0.0,398.3,97.3,0.0
2023-01-16T19:00:00+01:00,0.0,392.5,99.2,0.0
2023-01-16T20:00:00+01:00,0.0,385.9,105.3,0.0
2023-01-16T21:00:00+01:00,0.0,355.3,107.9,0.0
2023-01-16T22:00:00+01:00,0.0,335.9,110.5,0.0
2023-01-16T23:00:00+01:00,0.0,313.5,110.6,0.0
2023-01-17T00:00:00+01:00,0.0,260.8,114.9,0.0
2023-01-17T01:00:00+01:00,0.0,215.4,114.9,0.0
2023-01-17T02:00:00+01:00,0.0,180.7,113.6,0.0
2023-01-17T03:00:00+01:00,0.0,165.6,115.1,0.0
2023-01-17T04:00:00+01:00,0.0,168.4,115.5,0.0
2023-01-17T05:00:00+01:00,0.0,205.9,114.4,0.0
2023-01-17T06:00:00+01:00,0.0,325.7,111.4,0.0
2023-01-17T07:00:00+01:00,0.0,358.6,112.3,0.0
2023-01-17T08:00:00+01:00,0.0,392.0,111.9,0.0
2023-01-17T09:00:00+01:00,0.0,396.3,110.5,0.0
2023-01-17T10:00:00+01:00,0.0,398.6,115.1,0.0
2023-01-17T11:00:00+01:00,0.0,402.2,118.5,0.0
2023-01-17T12:00:00+01:00,0.0,409.9,111.5,0.0
2023-01-17T13:00:00+01:00,0.0,409.3,97.0,0.0
2023-01-17T14:00:00+01:00,0.0,409.6,97.2,0.0
2023-01-17T15:00:00+01:00,0.0,409.6,56.8,0.0
2023-01-17T16:00:00+01:00,0.0,409.6,18.3,0.0
2023-01-17T17:00:00+01:00,0.0,409.0,12.7,0.0
2023-01-17T18:00:00+01:00,0.0,409.4,19.5,0.0
2023-01-17T19:00:00+01:00,0.0,408.8,2.1,0.0
2023-01-17T20:00:00+01:00,0.0,409.6,1.4,0.0
2023-01-17T21:00:00+01:00,0.0,408.6,2.4,0.0
2023-01-17T22:00:00+01:00,0.0,404.6,20.2,0.0
2023-01-17T23:00:00+01:00,0.0,397.2,26.7,0.0
2023-01-18T00:00:00+01:00,0.0,311.5,16.5,0.0
2023-01-18T01:00:00+01:00,0.0,296.4,7.9,0.0
2023-01-18T02:00:00+01:00,0.0,291.3,7.9,0.0
2023-01-18T03:00:00+01:00,0.0,297.2,9.9,0.0
2023-01-18T04:00:00+01:00,0.0,297.9,0.6,0.0
2023-01-18T05:00:00+01:00,0.0,367.9,15.1,0.0
2023-01-18T06:00:00+01:00,0.0,410.8,11.3,0.0
2023-01-18T07:00:00+01:00,0.0,407.2,41.9,0.0
2023-01-18T08:00:00+01:00,0.0,395.7,96.8,0.0
2023-01-18T09:00:00+01:00,0.0,372.9,96.2,0.0
2023-01-18T10:00:00+01:00,0.0,378.9,105.6,0.0
2023-01-18T11:00:00+01:00,0.0,453.8,90.5,0.0
2023-01-18T12:00:00+01:00,0.0,454.4,114.0,0.0
2023-01-18T13:00:00+01:00,0.0,454.9,117.1,0.0
2023-01-18T14:00:00+01:00,0.0,456.4,116.3,0.0
2023-01-18T15:00:00+01:00,0.0,431.7,109.6,0.0
2023-01-18T16:00:00+01:00,0.0,517.1,88.4,0.0
2023-01-18T17:00:00+01:00,0.0,522.1,66.5,0.0
2023-01-18T18:00:00+01:00,0.0,521.9,59.2,0.0
2023-01-18T19:00:00+01:00,0.0,521.3,40.6,0.0
2023-01-18T20:00:00+01:00,0.0,521.0,38.0,0.0
2023-01-18T21:00:00+01:00,0.0,486.0,38.7,0.0
2023-01-18T22:00:00+01:00,0.0,513.5,51.9,0.0
2023-01-18T23:00:00+01:00,0.0,406.3,61.1,0.0
2023-01-19T00:00:00+01:00,0.0,389.0,80.5,0.0
2023-01-19T01:00:00+01:00,0.0,296.8,74.2,0.0
2023-01-19T02:00:00+01:00,0.0,287.1,61.2,0.0
2023-01-19T03:00:00+01:00,0.0,269.9,82.3,0.0
2023-01-19T04:00:00+01:00,0.0,295.2,83.5,0.0
2023-01-19T05:00:00+01:00,0.0,296.4,83.9,0.0
2023-01-19T06:00:00+01:00,0.0,517.6,88.3,0.0
2023-01-19T07:00:00+01:00,0.0,517.4,95.9,0.0
2023-01-19T08:00:00+01:00,0.0,466.7,93.0,0.0
2023-01-19T09:00:00+01:00,0.0,440.2,101.5,0.0
2023-01-19T10:00:00+01:00,0.0,438.0,111.4,0.0
2023-01-19T11:00:00+01:00,0.0,438.3,115.1,0.0
2023-01-19T12:00:00+01:00,0.0,438.6,113.3,0.0
2023-01-19T13:00:00+01:00,0.0,444.4,91.4,0.0
2023-01-19T14:00:00+01:00,0.0,455.4,77.8,0.0
2023-01-19T15:00:00+01:00,0.0,513.2,65.1,0.0
2023-01-19T16:00:00+01:00,0.0,522.0,41.4,0.0
2023-01-19T17:00:00+01:00,0.0,503.4,46.4,0.0
2023-01-19T18:00:00+01:00,0.0,512.8,33.4,0.0
2023-01-19T19:00:00+01:00,0.0,510.5,31.7,0.0
2023-01-19T20:00:00+01:00,0.0,516.2,28.6,0.0
2023-01-19T21:00:00+01:00,0.0,510.0,50.4,0.0
2023-01-19T22:00:00+01:00,0.0,519.3,40.3,0.0
2023-01-19T23:00:00+01:00,0.0,515.5,44.0,0.0
2023-01-20T00:00:00+01:00,0.0,437.1,45.9,0.0
2023-01-20T01:00:00+01:00,0.0,387.9,33.9,0.0
2023-01-20T02:00:00+01:00,0.0,367.8,23.3,0.0
2023-01-20T03:00:00+01:00,0.0,382.7,13.2,0.0
2023-01-20T04:00:00+01:00,0.0,386.6,15.2,0.0
2023-01-20T05:00:00+01:00,0.0,390.1,1.7,0.0
2023-01-20T06:00:00+01:00,0.0,521.0,1.2,0.0
2023-01-20T07:00:00+01:00,0.0,521.9,9.2,0.0
2023-01-20T08:00:00+01:00,0.0,521.8,6.0,0.0
2023-01-20T09:00:00+01:00,0.0,521.6,1.2,0.0
2023-01-20T10:00:00+01:00,0.0,520.9,6.3,0.0
2023-01-20T11:00:00+01:00,0.0,521.4,17.9,0.0
2023-01-20T12:00:00+01:00,0.0,519.5,15.3,0.0
2023-01-20T13:00:00+01:00,0.0,517.6,14.0,0.0
2023-01-20T14:00:00+01:00,0.0,505.7,27.2,0.0
2023-01-20T15:00:00+01:00,0.0,509.7,24.7,0.0
2023-01-20T16:00:00+01:00,0.0,517.3,15.1,0.0
2023-01-20T17:00:00+01:00,0.0,520.9,41.0,0.0
2023-01-20T18:00:00+01:00,0.0,521.2,30.6,0.0
2023-01-20T19:00:00+01:00,0.0,520.8,28.0,0.0
2023-01-20T20:00:00+01:00,0.0,521.0,34.5,0.0
2023-01-20T21:00:00+01:00,0.0,520.7,36.8,0.0
2023-01-20T22:00:00+01:00,0.0,520.6,51.6,0.0
2023-01-20T23:00:00+01:00,0.0,520.2,56.7,0.0
2023-01-21T00:00:00+01:00,0.0,404.2,58.4,0.0
2023-01-21T01:00:00+01:00,0.0,378.3,62.7,0.0
2023-01-21T02:00:00+01:00,0.0,297.4,56.2,0.0
2023-01-21T03:00:00+01:00,0.0,296.7,58.6,0.0
2023-01-21T04:00:00+01:00,0.0,296.6,60.7,0.0
2023-01-21T05:00:00+01:00,0.0,296.3,62.0,0.0
2023-01-21T06:00:00+01:00,0.0,408.5,82.1,0.0
2023-01-21T07:00:00+01:00,0.0,512.1,98.6,0.0
2023-01-21T08:00:00+01:00,0.0,509.8,110.0,0.0
2023-01-21T09:00:00+01:00,0.0,519.1,97.7,0.0
2023-01-21T10:00:00+01:00,0.0,508.6,97.0,0.0
2023-01-21T11:00:00+01:00,0.0,519.4,84.3,0.0
2023-01-21T12:00:00+01:00,0.0,519.8,106.1,0.0
2023-01-21T13:00:00+01:00,0.0,520.2,79.8,0.0
2023-01-21T14:00:00+01:00,0.0,519.8,72.7,0.0
2023-01-21T15:00:00+01:00,0.0,519.5,84.8,0.0
2023-01-21T16:00:00+01:00,0.0,519.9,79.2,0.0
2023-01-21T17:00:00+01:00,0.0,519.7,77.9,0.0
2023-01-21T18:00:00+01:00,0.0,519.3,85.5,0.0
2023-01-21T19:00:00+01:00,0.0,519.9,79.4,0.0
2023-01-21T20:00:00+01:00,0.0,519.6,66.0,0.0
2023-01-21T21:00:00+01:00,0.0,517.3,90.1,0.0
2023-01-21T22:00:00+01:00,0.0,517.5,90.7,0.0
2023-01-21T23:00:00+01:00,0.0,425.6,91.5,0.0
2023-01-22T00:00:00+01:00,0.0,378.7,102.2,0.0
2023-01-22T01:00:00+01:00,0.0,363.3,102.2,0.0
2023-01-22T02:00:00+01:00,0.0,294.5,98.0,0.0
2023-01-22T03:00:00+01:00,0.0,293.9,96.2,0.0
2023-01-22T04:00:00+01:00,0.0,292.4,97.5,0.0
2023-01-22T05:00:00+01:00,0.0,288.1,69.4,0.0
2023-01-22T06:00:00+01:00,0.0,362.2,63.4,0.0
2023-01-22T07:00:00+01:00,0.0,515.3,67.0,0.0
2023-01-22T08:00:00+01:00,0.0,516.8,60.1,0.0
2023-01-22T09:00:00+01:00,0.0,521.3,79.1,0.0
2023-01-22T10:00:00+01:00,0.0,520.4,90.7,0.0
2023-01-22T11:00:00+01:00,0.0,522.4,77.6,0.0
2023-01-22T12:00:00+01:00,0.0,521.3,68.1,0.0
2023-01-22T13:00:00+01:00,0.0,521.1,55.9,0.0
2023-01-22T14:00:00+01:00,0.0,521.2,34.0,0.0
2023-01-22T15:00:00+01:00,0.0,521.5,22.9,0.0
2023-01-22T16:00:00+01:00,0.0,521.4,46.1,0.0
2023-01-22T17:00:00+01:00,0.0,521.9,61.9,0.0
2023-01-22T18:00:00+01:00,0.0,521.3,59.3,0.0
2023-01-22T19:00:00+01:00,0.0,521.4,63.1,0.0
2023-01-22T20:00:00+01:00,0.0,521.7,61.6,0.0
2023-01-22T21:00:00+01:00,0.0,521.0,67.6,0.0
2023-01-22T22:00:00+01:00,0.0,521.0,72.0,0.0
2023-01-22T23:00:00+01:00,0.0,519.9,69.8,0.0
2023-01-23T00:00:00+01:00,0.0,401.3,74.7,0.0
2023-01-23T01:00:00+01:00,0.0,365.0,70.7,0.0
2023-01-23T02:00:00+01:00,0.0,296.7,58.3,0.0
2023-01-23T03:00:00+01:00,0.0,289.1,77.0,0.0
2023-01-23T04:00:00+01:00,0.0,281.8,87.3,0.0
2023-01-23T05:00:00+01:00,0.0,297.2,69.8,0.0
2023-01-23T06:00:00+01:00,0.0,499.5,59.8,0.0
2023-01-23T07:00:00+01:00,0.0,521.5,67.5,0.0
2023-01-23T08:00:00+01:00,0.0,520.5,76.1,0.0
2023-01-23T09:00:00+01:00,0.0,515.8,90.6,0.0
2023-01-23T10:00:00+01:00,0.0,497.4,107.7,0.0
2023-01-23T11:00:00+01:00,0.0,503.4,106.8,0.0
2023-01-23T12:00:00+01:00,0.0,502.6,77.9,0.0
2023-01-23T13:00:00+01:00,0.0,516.4,58.6,0.0
2023-01-23T14:00:00+01:00,0.0,517.2,48.3,0.0
2023-01-23T15:00:00+01:00,0.0,521.0,39.0,0.0
2023-01-23T16:00:00+01:00,0.0,518.7,41.7,0.0
2023-01-23T17:00:00+01:00,0.0,521.2,18.3,0.0
2023-01-23T18:00:00+01:00,0.0,521.4,10.3,0.0
2023-01-23T19:00:00+01:00,0.0,520.3,15.2,0.0
2023-01-23T20:00:00+01:00,0.0,520.7,13.6,0.0
2023-01-23T21:00:00+01:00,0.0,515.5,31.6,0.0
2023-01-23T22:00:00+01:00,0.0,519.0,47.1,0.0
2023-01-23T23:00:00+01:00,0.0,519.8,40.8,0.0
2023-01-24T00:00:00+01:00,0.0,512.1,32.4,0.0
2023-01-24T01:00:00+01:00,0.0,493.6,17.4,0.0
2023-01-24T02:00:00+01:00,0.0,480.8,7.7,0.0
2023-01-24T03:00:00+01:00,0.0,473.6,7.7,0.0
2023-01-24T04:00:00+01:00,0.0,473.6,6.8,0.0
2023-01-24T05:00:00+01:00,0.0,484.4,10.2,0.0
2023-01-24T06:00:00+01:00,0.0,499.9,16.0,0.0
2023-01-24T07:00:00+01:00,0.0,519.6,11.1,0.0
2023-01-24T08:00:00+01:00,0.0,519.5,12.0,0.0
2023-01-24T09:00:00+01:00,0.0,521.7,7.7,0.0
2023-01-24T10:00:00+01:00,0.0,520.0,1.7,0.0
2023-01-24T11:00:00+01:00,0.0,520.3,0.1,0.0
2023-01-24T12:00:00+01:00,0.0,506.5,0.2,0.0
2023-01-24T13:00:00+01:00,0.0,512.0,0.0,0.0
2023-01-24T14:00:00+01:00,0.0,514.4,0.0,0.0
2023-01-24T15:00:00+01:00,0.0,517.2,0.0,0.0
2023-01-24T16:00:00+01:00,0.0,516.9,0.5,0.0
2023-01-24T17:00:00+01:00,0.0,521.5,0.2,0.0
2023-01-24T18:00:00+01:00,0.0,518.0,13.1,0.0
2023-01-24T19:00:00+01:00,0.0,503.7,47.8,0.0
2023-01-24T20:00:00+01:00,0.0,509.8,48.0,0.0
2023-01-24T21:00:00+01:00,0.0,511.0,51.1,0.0
2023-01-24T22:00:00+01:00,0.0,517.4,49.4,0.0
2023-01-24T23:00:00+01:00,0.0,520.5,48.2,0.0
2023-01-25T00:00:00+01:00,0.0,515.6,49.0,0.0
2023-01-25T01:00:00+01:00,0.0,515.5,51.9,0.0
2023-01-25T02:00:00+01:00,0.0,514.7,55.5,0.0
2023-01-25T03:00:00+01:00,0.0,517.3,57.0,0.0
2023-01-25T04:00:00+01:00,0.0,516.6,56.8,0.0
2023-01-25T05:00:00+01:00,0.0,521.9,55.3,0.0
2023-01-25T06:00:00+01:00,0.0,519.1,57.5,0.0
2023-01-25T07:00:00+01:00,0.0,520.7,70.1,0.0
2023-01-25T08:00:00+01:00,0.0,518.9,82.4,0.0
2023-01-25T09:00:00+01:00,0.0,496.6,82.7,0.0
2023-01-25T10:00:00+01:00,0.0,497.2,75.3,0.0
2023-01-25T11:00:00+01:00,0.0,510.1,62.7,0.0
2023-01-25T12:00:00+01:00,0.0,517.2,53.3,0.0
2023-01-25T13:00:00+01:00,0.0,516.8,54.6,0.0
2023-01-25T14:00:00+01:00,0.0,517.0,53.8,0.0
2023-01-25T15:00:00+01:00,0.0,521.3,59.1,0.0
2023-01-25T16:00:00+01:00,0.0,520.4,64.3,0.0
2023-01-25T17:00:00+01:00,0.0,519.6,70.5,0.0
2023-01-25T18:00:00+01:00,0.0,518.7,68.1,0.0
2023-01-25T19:00:00+01:00,0.0,521.1,60.3,0.0
2023-01-25T20:00:00+01:00,0.0,521.7,59.7,0.0
2023-01-25T21:00:00+01:00,0.0,521.5,58.5,0.0
2023-01-25T22:00:00+01:00,0.0,522.8,55.9,0.0
2023-01-25T23:00:00+01:00,0.0,522.7,49.0,0.0
2023-01-26T00:00:00+01:00,0.0,522.7,48.6,0.0
2023-01-26T01:00:00+01:00,0.0,522.4,48.0,0.0
2023-01-26T02:00:00+01:00,0.0,522.4,47.0,0.0
2023-01-26T03:00:00+01:00,0.0,522.8,48.2,0.0
2023-01-26T04:00:00+01:00,0.0,522.9,49.0,0.0
2023-01-26T05:00:00+01:00,0.0,522.9,49.0,0.0
2023-01-26T06:00:00+01:00,0.0,521.7,49.5,0.0
2023-01-26T07:00:00+01:00,0.0,522.4,50.9,0.0
2023-01-26T08:00:00+01:00,0.0,522.7,51.4,0.0
2023-01-26T09:00:00+01:00,0.0,522.6,50.3,0.0
2023-01-26T10:00:00+01:00,0.0,522.6,54.0,0.0
2023-01-26T11:00:00+01:00,0.0,522.2,51.1,0.0
2023-01-26T12:00:00+01:00,0.0,522.0,55.4,0.0
2023-01-26T13:00:00+01:00,0.0,522.7,53.8,0.0
2023-01-26T14:00:00+01:00,0.0,522.4,54.2,0.0
2023-01-26T15:00:00+01:00,0.0,523.1,54.9,0.0
2023-01-26T16:00:00+01:00,0.0,522.5,57.8,0.0
2023-01-26T17:00:00+01:00,0.0,522.0,58.6,0.0
2023-01-26T18:00:00+01:00,0.0,522.3,62.7,0.0
2023-01-26T19:00:00+01:00,0.0,522.4,62.6,0.0
2023-01-26T20:00:00+01:00,0.0,521.9,61.4,0.0
2023-01-26T21:00:00+01:00,0.0,522.0,60.3,0.0
2023-01-26T22:00:00+01:00,0.0,523.1,60.8,0.0
2023-01-26T23:00:00+01:00,0.0,522.2,61.1,0.0
2023-01-27T00:00:00+01:00,0.0,501.9,62.7,0.0
2023-01-27T01:00:00+01:00,0.0,499.4,62.3,0.0
2023-01-27T02:00:00+01:00,0.0,521.8,61.2,0.0
2023-01-27T03:00:00+01:00,0.0,522.8,68.2,0.0
2023-01-27T04:00:00+01:00,0.0,522.8,76.4,0.0
2023-01-27T05:00:00+01:00,0.0,522.7,79.3,0.0
2023-01-27T06:00:00+01:00,0.0,521.9,78.8,0.0
2023-01-27T07:00:00+01:00,0.0,520.6,77.8,0.0
2023-01-27T08:00:00+01:00,0.0,520.9,79.8,0.0
2023-01-27T09:00:00+01:00,0.0,516.5,80.0,0.0
2023-01-27T10:00:00+01:00,0.0,518.9,80.2,0.0
2023-01-27T11:00:00+01:00,0.0,519.1,77.9,0.0
2023-01-27T12:00:00+01:00,0.0,519.1,58.1,0.0
2023-01-27T13:00:00+01:00,0.0,519.0,51.1,0.0
2023-01-27T14:00:00+01:00,0.0,516.1,75.8,0.0
2023-01-27T15:00:00+01:00,0.0,517.4,86.8,0.0
2023-01-27T16:00:00+01:00,0.0,519.0,92.5,0.0
2023-01-27T17:00:00+01:00,0.0,518.7,89.2,0.0
2023-01-27T18:00:00+01:00,0.0,518.6,77.1,0.0
2023-01-27T19:00:00+01:00,0.0,518.8,77.6,0.0
2023-01-27T20:00:00+01:00,0.0,518.6,70.8,0.0
2023-01-27T21:00:00+01:00,0.0,517.9,62.7,0.0
2023-01-27T22:00:00+01:00,0.0,519.0,58.3,0.0
2023-01-27T23:00:00+01:00,0.0,518.0,55.3,0.0
2023-01-28T00:00:00+01:00,0.0,370.0,53.3,0.0
2023-01-28T01:00:00+01:00,0.0,388.8,51.4,0.0
2023-01-28T02:00:00+01:00,0.0,377.0,56.5,0.0
2023-01-28T03:00:00+01:00,0.0,371.0,69.7,0.0
2023-01-28T04:00:00+01:00,0.0,369.2,65.7,0.0
2023-01-28T05:00:00+01:00,0.0,369.0,66.5,0.0
2023-01-28T06:00:00+01:00,0.0,373.6,55.4,0.0
2023-01-28T07:00:00+01:00,0.0,521.5,55.2,0.0
2023-01-28T08:00:00+01:00,0.0,518.4,66.1,0.0
2023-01-28T09:00:00+01:00,0.0,522.2,52.9,0.0
2023-01-28T10:00:00+01:00,0.0,521.6,49.3,0.0
2023-01-28T11:00:00+01:00,0.0,522.0,34.1,0.0
2023-01-28T12:00:00+01:00,0.0,521.9,18.2,0.0
2023-01-28T13:00:00+01:00,0.0,522.5,15.2,0.0
2023-01-28T14:00:00+01:00,0.0,522.0,20.3,0.0
2023-01-28T15:00:00+01:00,0.0,521.7,20.5,0.0
2023-01-28T16:00:00+01:00,0.0,519.3,23.1,0.0
2023-01-28T17:00:00+01:00,0.0,520.2,30.9,0.0
2023-01-28T18:00:00+01:00,0.0,513.8,56.2,0.0
2023-01-28T19:00:00+01:00,0.0,512.9,75.9,0.0
2023-01-28T20:00:00+01:00,0.0,518.7,69.1,0.0
2023-01-28T21:00:00+01:00,0.0,521.4,64.1,0.0
2023-01-28T22:00:00+01:00,0.0,517.4,75.6,0.0
2023-01-28T23:00:00+01:00,0.0,518.1,85.1,0.0
2023-01-29T00:00:00+01:00,0.0,369.9,89.2,0.0
2023-01-29T01:00:00+01:00,0.0,368.1,93.1,0.0
2023-01-29T02:00:00+01:00,0.0,368.7,89.9,0.0
2023-01-29T03:00:00+01:00,0.0,367.8,96.9,0.0
2023-01-29T04:00:00+01:00,0.0,367.9,99.2,0.0
2023-01-29T05:00:00+01:00,0.0,368.1,95.1,0.0
2023-01-29T06:00:00+01:00,0.0,368.9,81.7,0.0
2023-01-29T07:00:00+01:00,0.0,510.0,71.5,0.0
2023-01-29T08:00:00+01:00,0.0,515.2,70.8,0.0
2023-01-29T09:00:00+01:00,0.0,517.5,62.4,0.0
2023-01-29T10:00:00+01:00,0.0,517.8,57.9,0.0
2023-01-29T11:00:00+01:00,0.0,517.9,43.2,0.0
2023-01-29T12:00:00+01:00,0.0,517.4,27.6,0.0
2023-01-29T13:00:00+01:00,0.0,517.6,16.8,0.0
2023-01-29T14:00:00+01:00,0.0,517.6,15.3,0.0
2023-01-29T15:00:00+01:00,0.0,518.0,33.8,0.0
2023-01-29T16:00:00+01:00,0.0,511.2,67.7,0.0
2023-01-29T17:00:00+01:00,0.0,515.7,76.2,0.0
2023-01-29T18:00:00+01:00,0.0,515.0,77.9,0.0
2023-01-29T19:00:00+01:00,0.0,513.3,75.1,0.0
2023-01-29T20:00:00+01:00,0.0,517.7,69.1,0.0
2023-01-29T21:00:00+01:00,0.0,517.5,63.2,0.0
2023-01-29T22:00:00+01:00,0.0,516.7,61.0,0.0
2023-01-29T23:00:00+01:00,0.0,507.3,59.1,0.0
2023-01-30T00:00:00+01:00,0.0,369.2,43.2,0.0
2023-01-30T01:00:00+01:00,0.0,367.9,47.3,0.0
2023-01-30T02:00:00+01:00,0.0,295.3,41.8,0.0
2023-01-30T03:00:00+01:00,0.0,297.6,28.8,0.0
2023-01-30T04:00:00+01:00,0.0,298.3,17.8,0.0
2023-01-30T05:00:00+01:00,0.0,383.2,10.1,0.0
2023-01-30T06:00:00+01:00,0.0,517.1,6.8,0.0
2023-01-30T07:00:00+01:00,0.0,517.7,15.2,0.0
2023-01-30T08:00:00+01:00,0.0,517.5,11.7,0.0
2023-01-30T09:00:00+01:00,0.0,517.1,4.0,0.0
2023-01-30T10:00:00+01:00,0.0,516.0,0.5,0.0
2023-01-30T11:00:00+01:00,0.0,515.0,0.0,0.0
2023-01-30T12:00:00+01:00,0.0,511.7,0.9,0.0
2023-01-30T13:00:00+01:00,0.0,509.4,0.5,0.0
2023-01-30T14:00:00+01:00,0.0,510.3,0.7,0.0
2023-01-30T15:00:00+01:00,0.0,513.9,2.6,0.0
2023-01-30T16:00:00+01:00,0.0,514.5,4.8,0.0
2023-01-30T17:00:00+01:00,0.0,516.6,5.0,0.0
2023-01-30T18:00:00+01:00,0.0,517.6,2.6,0.0
2023-01-30T19:00:00+01:00,0.0,517.5,3.2,0.0
2023-01-30T20:00:00+01:00,0.0,517.6,0.4,0.0
2023-01-30T21:00:00+01:00,0.0,517.5,0.0,0.0
2023-01-30T22:00:00+01:00,0.0,516.9,0.0,0.0
2023-01-30T23:00:00+01:00,0.0,516.4,0.1,0.0
2023-01-31T00:00:00+01:00,0.0,381.5,4.5,0.0
2023-01-31T01:00:00+01:00,0.0,290.2,41.6,0.0
2023-01-31T02:00:00+01:00,0.0,290.4,58.5,0.0
2023-01-31T03:00:00+01:00,0.0,290.6,60.5,0.0
2023-01-31T04:00:00+01:00,0.0,285.0,82.7,0.0
2023-01-31T05:00:00+01:00,0.0,389.7,94.9,0.0
2023-01-31T06:00:00+01:00,0.0,412.5,108.8,0.0
2023-01-31T07:00:00+01:00,0.0,405.7,103.6,0.0
2023-01-31T08:00:00+01:00,0.0,401.8,91.3,0.0
2023-01-31T09:00:00+01:00,0.0,408.7,91.8,0.0
2023-01-31T10:00:00+01:00,0.0,390.2,106.2,0.0
2023-01-31T11:00:00+01:00,0.0,381.5,108.5,0.0
2023-01-31T12:00:00+01:00,0.0,381.0,104.9,0.0
2023-01-31T13:00:00+01:00,0.0,381.8,106.1,0.0
2023-01-31T14:00:00+01:00,0.0,388.7,113.1,0.0
2023-01-31T15:00:00+01:00,0.0,386.9,111.6,0.0
2023-01-31T16:00:00+01:00,0.0,392.8,108.6,0.0
2023-01-31T17:00:00+01:00,0.0,493.8,105.9,0.0
2023-01-31T18:00:00+01:00,0.0,502.8,112.7,0.0
2023-01-31T19:00:00+01:00,0.0,494.3,109.9,0.0
2023-01-31T20:00:00+01:00,0.0,497.6,108.8,0.0
2023-01-31T21:00:00+01:00,0.0,499.8,113.6,0.0
2023-01-31T22:00:00+01:00,0.0,500.9,111.1,0.0
2023-01-31T23:00:00+01:00,0.0,500.4,99.0,0.0
2023-02-01T00:00:00+01:00,0.0,369.0,88.2,0.0
2023-02-01T01:00:00+01:00,0.0,298.4,51.1,0.0
2023-02-01T02:00:00+01:00,0.0,295.4,49.5,0.0
2023-02-01T03:00:00+01:00,0.0,296.9,38.1,0.0
2023-02-01T04:00:00+01:00,0.0,298.1,15.6,0.0
2023-02-01T05:00:00+01:00,0.0,297.8,5.7,0.0
2023-02-01T06:00:00+01:00,0.0,380.8,6.4,0.0
2023-02-01T07:00:00+01:00,0.0,458.6,3.1,0.0
2023-02-01T08:00:00+01:00,0.0,469.9,15.7,0.0
2023-02-01T09:00:00+01:00,0.0,478.9,19.3,0.0
2023-02-01T10:00:00+01:00,0.0,487.6,4.9,0.0
2023-02-01T11:00:00+01:00,0.0,476.1,0.4,0.0
2023-02-01T12:00:00+01:00,0.0,466.7,0.0,0.0
2023-02-01T13:00:00+01:00,0.0,452.1,3.9,0.0
2023-02-01T14:00:00+01:00,0.0,447.0,12.9,0.0
2023-02-01T15:00:00+01:00,0.0,441.2,15.6,0.0
2023-02-01T16:00:00+01:00,0.0,454.9,17.8,0.0
2023-02-01T17:00:00+01:00,0.0,494.4,22.1,0.0
2023-02-01T18:00:00+01:00,0.0,499.1,28.5,0.0
2023-02-01T19:00:00+01:00,0.0,514.3,5.2,0.0
2023-02-01T20:00:00+01:00,0.0,513.9,3.1,0.0
2023-02-01T21:00:00+01:00,0.0,496.6,0.2,0.0
2023-02-01T22:00:00+01:00,0.0,474.5,0.0,0.0
2023-02-01T23:00:00+01:00,0.0,440.7,6.9,0.0
2023-02-02T00:00:00+01:00,0.0,386.1,1.6,0.0
2023-02-02T01:00:00+01:00,0.0,369.6,0.0,0.0
2023-02-02T02:00:00+01:00,0.0,298.9,0.0,0.0
2023-02-02T03:00:00+01:00,0.0,297.8,2.3,0.0
2023-02-02T04:00:00+01:00,0.0,298.1,0.2,0.0
2023-02-02T05:00:00+01:00,0.0,298.2,3.4,0.0
2023-02-02T06:00:00+01:00,0.0,520.5,4.5,0.0
2023-02-02T07:00:00+01:00,0.0,517.3,0.3,0.0
2023-02-02T08:00:00+01:00,0.0,516.9,8.1,0.0
2023-02-02T09:00:00+01:00,0.0,520.7,0.6,0.0
2023-02-02T10:00:00+01:00,0.0,520.1,0.5,0.0
2023-02-02T11:00:00+01:00,0.0,520.5,3.8,0.0
2023-02-02T12:00:00+01:00,0.0,521.4,5.3,0.0
2023-02-02T13:00:00+01:00,0.0,520.6,5.6,0.0
2023-02-02T14:00:00+01:00,0.0,519.2,8.3,0.0
2023-02-02T15:00:00+01:00,0.0,521.8,4.2,0.0
2023-02-02T16:00:00+01:00,0.0,517.7,7.6,0.0
2023-02-02T17:00:00+01:00,0.0,518.1,8.5,0.0
2023-02-02T18:00:00+01:00,0.0,517.9,8.5,0.0
2023-02-02T19:00:00+01:00,0.0,521.3,6.2,0.0
2023-02-02T20:00:00+01:00,0.0,521.2,7.7,0.0
2023-02-02T21:00:00+01:00,0.0,516.6,11.5,0.0
2023-02-02T22:00:00+01:00,0.0,516.2,7.8,0.0
2023-02-02T23:00:00+01:00,0.0,517.7,7.8,0.0
2023-02-03T00:00:00+01:00,0.0,374.9,28.6,0.0
2023-02-03T01:00:00+01:00,0.0,368.5,62.0,0.0
2023-02-03T02:00:00+01:00,0.0,282.2,72.2,0.0
2023-02-03T03:00:00+01:00,0.0,270.9,99.0,0.0
2023-02-03T04:00:00+01:00,0.0,273.5,95.5,0.0
2023-02-03T05:00:00+01:00,0.0,287.0,96.5,0.0
2023-02-03T06:00:00+01:00,0.0,519.2,64.1,0.0
2023-02-03T07:00:00+01:00,0.0,521.4,54.2,0.0
2023-02-03T08:00:00+01:00,0.0,499.5,81.2,0.0
2023-02-03T09:00:00+01:00,0.0,484.8,66.3,0.0
2023-02-03T10:00:00+01:00,0.0,511.1,28.2,0.0
2023-02-03T11:00:00+01:00,0.0,518.1,15.6,0.0
2023-02-03T12:00:00+01:00,0.0,519.4,15.3,0.0
2023-02-03T13:00:00+01:00,0.0,522.0,12.4,0.0
2023-02-03T14:00:00+01:00,0.0,519.2,24.0,0.0
2023-02-03T15:00:00+01:00,0.0,522.6,5.5,0.0
2023-02-03T16:00:00+01:00,0.0,515.9,4.6,0.0
2023-02-03T17:00:00+01:00,0.0,503.1,23.3,0.0
2023-02-03T18:00:00+01:00,0.0,504.3,19.5,0.0
2023-02-03T19:00:00+01:00,0.0,505.6,12.2,0.0
2023-02-03T20:00:00+01:00,0.0,509.3,7.7,0.0
2023-02-03T21:00:00+01:00,0.0,511.8,2.3,0.0
2023-02-03T22:00:00+01:00,0.0,509.1,3.9,0.0
2023-02-03T23:00:00+01:00,0.0,508.4,1.2,0.0
2023-02-04T00:00:00+01:00,0.0,390.4,0.2,0.0
2023-02-04T01:00:00+01:00,0.0,373.7,0.4,0.0
2023-02-04T02:00:00+01:00,0.0,298.3,0.7,0.0
2023-02-04T03:00:00+01:00,0.0,297.3,1.3,0.0
2023-02-04T04:00:00+01:00,0.0,297.8,0.0,0.0
2023-02-04T05:00:00+01:00,0.0,297.8,0.8,0.0
2023-02-04T06:00:00+01:00,0.0,372.0,0.1,0.0
2023-02-04T07:00:00+01:00,0.0,520.3,0.3,0.0
2023-02-04T08:00:00+01:00,0.0,521.2,4.8,0.0
2023-02-04T09:00:00+01:00,0.0,521.2,17.3,0.0
2023-02-04T10:00:00+01:00,0.0,521.1,19.2,0.0
2023-02-04T11:00:00+01:00,0.0,520.7,12.3,0.0
2023-02-04T12:00:00+01:00,0.0,406.9,7.6,0.0
2023-02-04T13:00:00+01:00,0.0,384.7,42.4,0.0
2023-02-04T14:00:00+01:00,0.0,377.4,71.0,0.0
2023-02-04T15:00:00+01:00,0.0,371.3,101.9,0.0
2023-02-04T16:00:00+01:00,0.0,514.6,102.4,0.0
2023-02-04T17:00:00+01:00,0.0,521.7,93.6,0.0
2023-02-04T18:00:00+01:00,0.0,518.3,73.3,0.0
2023-02-04T19:00:00+01:00,0.0,514.5,71.8,0.0
2023-02-04T20:00:00+01:00,0.0,516.7,66.3,0.0
2023-02-04T21:00:00+01:00,0.0,394.0,68.2,0.0
2023-02-04T22:00:00+01:00,0.0,380.4,55.1,0.0
2023-02-04T23:00:00+01:00,0.0,376.3,65.5,0.0
2023-02-05T00:00:00+01:00,0.0,372.8,69.8,0.0
2023-02-05T01:00:00+01:00,0.0,298.2,63.3,0.0
2023-02-05T02:00:00+01:00,0.0,297.5,36.8,0.0
2023-02-05T03:00:00+01:00,0.0,297.5,38.0,0.0
2023-02-05T04:00:00+01:00,0.0,297.4,63.7,0.0
2023-02-05T05:00:00+01:00,0.0,298.1,21.1,0.0
2023-02-05T06:00:00+01:00,0.0,298.2,20.7,0.0
2023-02-05T07:00:00+01:00,0.0,381.3,31.8,0.0
2023-02-05T08:00:00+01:00,0.0,387.8,46.2,0.0
2023-02-05T09:00:00+01:00,0.0,409.9,61.4,0.0
2023-02-05T10:00:00+01:00,0.0,443.2,57.1,0.0
2023-02-05T11:00:00+01:00,0.0,464.6,66.9,0.0
2023-02-05T12:00:00+01:00,0.0,410.6,93.8,0.0
2023-02-05T13:00:00+01:00,0.0,405.8,101.6,0.0
2023-02-05T14:00:00+01:00,0.0,389.1,105.5,0.0
2023-02-05T15:00:00+01:00,0.0,388.8,101.7,0.0
2023-02-05T16:00:00+01:00,0.0,395.1,105.8,0.0
2023-02-05T17:00:00+01:00,0.0,456.0,107.7,0.0
2023-02-05T18:00:00+01:00,0.0,519.2,108.6,0.0
2023-02-05T19:00:00+01:00,0.0,519.8,103.8,0.0
2023-02-05T20:00:00+01:00,0.0,519.6,92.4,0.0
2023-02-05T21:00:00+01:00,0.0,457.1,106.5,0.0
2023-02-05T22:00:00+01:00,0.0,410.7,105.5,0.0
2023-02-05T23:00:00+01:00,0.0,387.2,82.5,0.0
2023-02-06T00:00:00+01:00,0.0,369.4,96.0,0.0
2023-02-06T01:00:00+01:00,0.0,296.6,105.2,0.0
2023-02-06T02:00:00+01:00,0.0,297.5,93.1,0.0
2023-02-06T03:00:00+01:00,0.0,298.1,96.2,0.0
2023-02-06T04:00:00+01:00,0.0,298.2,96.2,0.0
2023-02-06T05:00:00+01:00,0.0,298.4,82.2,0.0
2023-02-06T06:00:00+01:00,0.0,356.2,80.6,0.0
2023-02-06T07:00:00+01:00,0.0,485.1,89.4,0.0
2023-02-06T08:00:00+01:00,0.0,519.6,93.1,0.0
2023-02-06T09:00:00+01:00,0.0,523.5,104.9,0.0
2023-02-06T10:00:00+01:00,0.0,523.5,100.0,0.0
2023-02-06T11:00:00+01:00,0.0,523.1,103.4,0.0
2023-02-06T12:00:00+01:00,0.0,523.6,106.6,0.0
2023-02-06T13:00:00+01:00,0.0,523.1,101.5,0.0
2023-02-06T14:00:00+01:00,0.0,523.7,78.6,0.0
2023-02-06T15:00:00+01:00,0.0,523.9,74.5,0.0
2023-02-06T16:00:00+01:00,0.0,523.9,71.1,0.0
2023-02-06T17:00:00+01:00,0.0,524.1,85.4,0.0
2023-02-06T18:00:00+01:00,0.0,523.5,100.0,0.0
2023-02-06T19:00:00+01:00,0.0,523.3,107.6,0.0
2023-02-06T20:00:00+01:00,0.0,522.8,110.0,0.0
2023-02-06T21:00:00+01:00,0.0,522.4,109.9,0.0
2023-02-06T22:00:00+01:00,0.0,523.4,108.7,0.0
2023-02-06T23:00:00+01:00,0.0,520.3,110.5,0.0
2023-02-07T00:00:00+01:00,0.0,370.3,109.7,0.0
2023-02-07T01:00:00+01:00,0.0,286.6,113.5,0.0
2023-02-07T02:00:00+01:00,0.0,290.9,104.1,0.0
2023-02-07T03:00:00+01:00,0.0,296.4,95.8,0.0
2023-02-07T04:00:00+01:00,0.0,293.6,96.8,0.0
2023-02-07T05:00:00+01:00,0.0,368.8,101.3,0.0
2023-02-07T06:00:00+01:00,0.0,507.0,110.2,0.0
2023-02-07T07:00:00+01:00,0.0,507.6,108.4,0.0
2023-02-07T08:00:00+01:00,0.0,518.8,107.2,0.0
2023-02-07T09:00:00+01:00,0.0,518.6,102.1,0.0
2023-02-07T10:00:00+01:00,0.0,514.0,108.5,0.0
2023-02-07T11:00:00+01:00,0.0,503.8,108.2,0.0
2023-02-07T12:00:00+01:00,0.0,500.1,111.7,0.0
2023-02-07T13:00:00+01:00,0.0,509.3,100.7,0.0
2023-02-07T14:00:00+01:00,0.0,520.2,79.6,0.0
2023-02-07T15:00:00+01:00,0.0,521.1,81.3,0.0
2023-02-07T16:00:00+01:00,0.0,515.3,81.9,0.0
2023-02-07T17:00:00+01:00,0.0,521.3,57.8,0.0
2023-02-07T18:00:00+01:00,0.0,518.9,72.7,0.0
2023-02-07T19:00:00+01:00,0.0,513.0,95.8,0.0
2023-02-07T20:00:00+01:00,0.0,504.4,105.1,0.0
2023-02-07T21:00:00+01:00,0.0,517.2,89.5,0.0
2023-02-07T22:00:00+01:00,0.0,519.1,81.1,0.0
2023-02-07T23:00:00+01:00,0.0,519.2,85.5,0.0
2023-02-08T00:00:00+01:00,0.0,294.6,83.5,0.0
2023-02-08T01:00:00+01:00,0.0,248.2,90.8,0.0
2023-02-08T02:00:00+01:00,0.0,213.2,97.5,0.0
2023-02-08T03:00:00+01:00,0.0,195.5,105.1,0.0
2023-02-08T04:00:00+01:00,0.0,213.5,107.1,0.0
2023-02-08T05:00:00+01:00,0.0,206.6,108.0,0.0
2023-02-08T06:00:00+01:00,0.0,480.1,113.0,0.0
2023-02-08T07:00:00+01:00,0.0,488.6,110.6,0.0
2023-02-08T08:00:00+01:00,0.0,484.5,107.8,0.0
2023-02-08T09:00:00+01:00,0.0,479.4,109.8,0.0
2023-02-08T10:00:00+01:00,0.0,477.0,109.0,0.0
2023-02-08T11:00:00+01:00,0.0,479.1,111.1,0.0
2023-02-08T12:00:00+01:00,0.0,473.8,107.6,0.0
2023-02-08T13:00:00+01:00,0.0,469.1,107.6,0.0
2023-02-08T14:00:00+01:00,0.0,460.6,108.0,0.0
2023-02-08T15:00:00+01:00,0.0,468.7,104.5,0.0
2023-02-08T16:00:00+01:00,0.0,471.8,104.2,0.0
2023-02-08T17:00:00+01:00,0.0,475.1,105.7,0.0
2023-02-08T18:00:00+01:00,0.0,480.9,97.6,0.0
2023-02-08T19:00:00+01:00,0.0,485.2,91.6,0.0
2023-02-08T20:00:00+01:00,0.0,490.6,85.2,0.0
2023-02-08T21:00:00+01:00,0.0,425.7,87.2,0.0
2023-02-08T22:00:00+01:00,0.0,401.9,75.5,0.0
2023-02-08T23:00:00+01:00,0.0,360.6,77.8,0.0
2023-02-09T00:00:00+01:00,0.0,304.6,79.8,0.0
2023-02-09T01:00:00+01:00,0.0,91.1,78.5,0.0
2023-02-09T02:00:00+01:00,0.0,94.7,71.8,0.0
2023-02-09T03:00:00+01:00,0.0,98.2,68.2,0.0
2023-02-09T04:00:00+01:00,0.0,103.4,65.4,0.0
2023-02-09T05:00:00+01:00,0.0,237.2,66.1,0.0
2023-02-09T06:00:00+01:00,0.0,435.8,61.2,0.0
2023-02-09T07:00:00+01:00,0.0,506.4,54.0,0.0
2023-02-09T08:00:00+01:00,0.0,499.7,52.5,0.0
2023-02-09T09:00:00+01:00,0.0,508.0,48.2,0.0
2023-02-09T10:00:00+01:00,0.0,459.6,47.1,0.0
2023-02-09T11:00:00+01:00,0.0,450.6,46.3,0.0
2023-02-09T12:00:00+01:00,0.0,448.0,45.9,0.0
2023-02-09T13:00:00+01:00,0.0,437.2,45.4,0.0
2023-02-09T14:00:00+01:00,0.0,422.7,45.5,0.0
2023-02-09T15:00:00+01:00,0.0,473.0,42.7,0.0
2023-02-09T16:00:00+01:00,0.0,474.5,50.6,0.0
2023-02-09T17:00:00+01:00,0.0,466.6,58.2,0.0
2023-02-09T18:00:00+01:00,0.0,470.4,54.0,0.0
2023-02-09T19:00:00+01:00,0.0,486.6,62.0,0.0
2023-02-09T20:00:00+01:00,0.0,481.1,58.9,0.0
2023-02-09T21:00:00+01:00,0.0,457.7,50.9,0.0
2023-02-09T22:00:00+01:00,0.0,420.8,59.2,0.0
2023-02-09T23:00:00+01:00,0.0,379.2,53.1,0.0
2023-02-10T00:00:00+01:00,0.0,234.2,41.1,0.0
2023-02-10T01:00:00+01:00,0.0,160.3,55.2,0.0
2023-02-10T02:00:00+01:00,0.0,142.1,59.0,0.0
2023-02-10T03:00:00+01:00,0.0,140.0,53.7,0.0
2023-02-10T04:00:00+01:00,0.0,152.5,47.0,0.0
2023-02-10T05:00:00+01:00,0.0,151.0,56.5,0.0
2023-02-10T06:00:00+01:00,0.0,310.4,59.1,0.0
2023-02-10T07:00:00+01:00,0.0,397.8,64.0,0.0
2023-02-10T08:00:00+01:00,0.0,421.3,67.6,0.0
2023-02-10T09:00:00+01:00,0.0,431.1,67.5,0.0
2023-02-10T10:00:00+01:00,0.0,440.0,69.8,0.0
2023-02-10T11:00:00+01:00,0.0,432.7,58.8,0.0
2023-02-10T12:00:00+01:00,0.0,425.4,45.6,0.0
2023-02-10T13:00:00+01:00,0.0,421.7,34.6,0.0
2023-02-10T14:00:00+01:00,0.0,410.6,23.2,0.0
2023-02-10T15:00:00+01:00,0.0,418.5,20.2,0.0
2023-02-10T16:00:00+01:00,0.0,426.2,19.5,0.0
2023-02-10T17:00:00+01:00,0.0,457.7,27.1,0.0
2023-02-10T18:00:00+01:00,0.0,470.7,34.7,0.0
2023-02-10T19:00:00+01:00,0.0,467.1,48.1,0.0
2023-02-10T20:00:00+01:00,0.0,442.8,54.4,0.0
2023-02-10T21:00:00+01:00,0.0,438.7,53.4,0.0
2023-02-10T22:00:00+01:00,0.0,423.8,43.0,0.0
2023-02-10T23:00:00+01:00,0.0,349.8,63.1,0.0
2023-02-11T00:00:00+01:00,0.0,204.7,49.9,0.0
2023-02-11T01:00:00+01:00,0.0,94.7,30.9,0.0
2023-02-11T02:00:00+01:00,0.0,84.6,38.0,0.0
2023-02-11T03:00:00+01:00,0.0,87.7,35.2,0.0
2023-02-11T04:00:00+01:00,0.0,91.6,33.5,0.0
2023-02-11T05:00:00+01:00,0.0,176.2,29.6,0.0
2023-02-11T06:00:00+01:00,0.0,204.4,26.3,0.0
2023-02-11T07:00:00+01:00,0.0,347.7,26.3,0.0
2023-02-11T08:00:00+01:00,0.0,398.6,31.9,0.0
2023-02-11T09:00:00+01:00,0.0,432.3,32.0,0.0
2023-02-11T10:00:00+01:00,0.0,434.1,20.8,0.0
2023-02-11T11:00:00+01:00,0.0,307.4,6.8,0.0
2023-02-11T12:00:00+01:00,0.0,177.3,6.1,0.0
2023-02-11T13:00:00+01:00,0.0,171.5,1.4,0.0
2023-02-11T14:00:00+01:00,0.0,175.7,4.2,0.0
2023-02-11T15:00:00+01:00,0.0,322.0,3.1,0.0
2023-02-11T16:00:00+01:00,0.0,424.3,0.8,0.0
2023-02-11T17:00:00+01:00,0.0,467.6,1.5,0.0
2023-02-11T18:00:00+01:00,0.0,479.2,8.8,0.0
2023-02-11T19:00:00+01:00,0.0,467.7,25.6,0.0
2023-02-11T20:00:00+01:00,0.0,456.8,46.0,0.0
2023-02-11T21:00:00+01:00,0.0,439.1,55.8,0.0
2023-02-11T22:00:00+01:00,0.0,406.4,52.3,0.0
2023-02-11T23:00:00+01:00,0.0,221.1,51.7,0.0
2023-02-12T00:00:00+01:00,0.0,198.0,64.8,0.0
2023-02-12T01:00:00+01:00,0.0,137.5,62.6,0.0
2023-02-12T02:00:00+01:00,0.0,63.6,61.6,0.0
2023-02-12T03:00:00+01:00,0.0,57.6,62.2,0.0
2023-02-12T04:00:00+01:00,0.0,59.7,59.2,0.0
2023-02-12T05:00:00+01:00,0.0,64.3,60.9,0.0
2023-02-12T06:00:00+01:00,0.0,57.5,70.6,0.0
2023-02-12T07:00:00+01:00,0.0,176.9,79.5,0.0
2023-02-12T08:00:00+01:00,0.0,331.7,81.1,0.0
2023-02-12T09:00:00+01:00,0.0,382.1,59.4,0.0
2023-02-12T10:00:00+01:00,0.0,337.5,62.3,0.0
2023-02-12T11:00:00+01:00,0.0,338.3,68.7,0.0
2023-02-12T12:00:00+01:00,0.0,237.9,72.0,0.0
2023-02-12T13:00:00+01:00,0.0,181.3,76.4,0.0
2023-02-12T14:00:00+01:00,0.0,179.5,83.7,0.0
2023-02-12T15:00:00+01:00,0.0,250.0,57.0,0.0
2023-02-12T16:00:00+01:00,0.0,241.8,49.8,0.0
2023-02-12T17:00:00+01:00,0.0,408.4,38.8,0.0
2023-02-12T18:00:00+01:00,0.0,424.8,54.8,0.0
2023-02-12T19:00:00+01:00,0.0,433.9,55.4,0.0
2023-02-12T20:00:00+01:00,0.0,407.3,92.7,0.0
2023-02-12T21:00:00+01:00,0.0,401.0,73.5,0.0
2023-02-12T22:00:00+01:00,0.0,354.7,97.0,0.0
2023-02-12T23:00:00+01:00,0.0,322.7,90.9,0.0
2023-02-13T00:00:00+01:00,0.0,161.3,108.4,0.0
2023-02-13T01:00:00+01:00,0.0,88.2,114.4,0.0
2023-02-13T02:00:00+01:00,0.0,59.2,112.3,0.0
2023-02-13T03:00:00+01:00,0.0,56.7,106.8,0.0
2023-02-13T04:00:00+01:00,0.0,112.6,89.5,0.0
2023-02-13T05:00:00+01:00,0.0,171.2,75.5,0.0
2023-02-13T06:00:00+01:00,0.0,434.5,60.2,0.0
2023-02-13T07:00:00+01:00,0.0,487.8,58.7,0.0
2023-02-13T08:00:00+01:00,0.0,465.2,59.5,0.0
2023-02-13T09:00:00+01:00,0.0,462.1,52.0,0.0
2023-02-13T10:00:00+01:00,0.0,444.6,49.4,0.0
2023-02-13T11:00:00+01:00,0.0,454.8,29.9,0.0
2023-02-13T12:00:00+01:00,0.0,465.2,12.0,0.0
2023-02-13T13:00:00+01:00,0.0,480.4,7.1,0.0
2023-02-13T14:00:00+01:00,0.0,473.5,11.0,0.0
2023-02-13T15:00:00+01:00,0.0,475.7,11.7,0.0
2023-02-13T16:00:00+01:00,0.0,468.6,22.4,0.0
2023-02-13T17:00:00+01:00,0.0,476.0,35.1,0.0
2023-02-13T18:00:00+01:00,0.0,463.6,32.1,0.0
2023-02-13T19:00:00+01:00,0.0,487.5,39.9,0.0
2023-02-13T20:00:00+01:00,0.0,506.6,28.4,0.0
2023-02-13T21:00:00+01:00,0.0,516.0,30.5,0.0
2023-02-13T22:00:00+01:00,0.0,515.7,17.1,0.0
2023-02-13T23:00:00+01:00,0.0,513.7,12.9,0.0
2023-02-14T00:00:00+01:00,0.0,394.6,17.3,0.0
2023-02-14T01:00:00+01:00,0.0,376.7,23.6,0.0
2023-02-14T02:00:00+01:00,0.0,348.6,45.1,0.0
2023-02-14T03:00:00+01:00,0.0,342.7,41.4,0.0
2023-02-14T04:00:00+01:00,0.0,349.5,34.2,0.0
2023-02-14T05:00:00+01:00,0.0,442.8,27.8,0.0
2023-02-14T06:00:00+01:00,0.0,512.6,44.4,0.0
2023-02-14T07:00:00+01:00,0.0,517.4,55.5,0.0
2023-02-14T08:00:00+01:00,0.0,489.1,58.6,0.0
2023-02-14T09:00:00+01:00,0.0,486.3,62.9,0.0
2023-02-14T10:00:00+01:00,0.0,487.7,62.3,0.0
2023-02-14T11:00:00+01:00,0.0,505.6,59.5,0.0
2023-02-14T12:00:00+01:00,0.0,508.6,51.8,0.0
2023-02-14T13:00:00+01:00,0.0,510.4,48.9,0.0
2023-02-14T14:00:00+01:00,0.0,508.9,51.2,0.0
2023-02-14T15:00:00+01:00,0.0,517.1,51.0,0.0
2023-02-14T16:00:00+01:00,0.0,515.6,61.5,0.0
2023-02-14T17:00:00+01:00,0.0,518.2,54.0,0.0
2023-02-14T18:00:00+01:00,0.0,521.5,50.7,0.0
2023-02-14T19:00:00+01:00,0.0,521.4,62.0,0.0
2023-02-14T20:00:00+01:00,0.0,520.3,66.2,0.0
2023-02-14T21:00:00+01:00,0.0,521.1,60.4,0.0
2023-02-14T22:00:00+01:00,0.0,521.6,64.7,0.0
2023-02-14T23:00:00+01:00,0.0,515.5,63.2,0.0
2023-02-15T00:00:00+01:00,0.0,192.7,75.7,0.0
2023-02-15T01:00:00+01:00,0.0,123.8,72.6,0.0
2023-02-15T02:00:00+01:00,0.0,132.1,55.2,0.0
2023-02-15T03:00:00+01:00,0.0,135.0,49.2,0.0
2023-02-15T04:00:00+01:00,0.0,140.7,42.8,0.0
2023-02-15T05:00:00+01:00,0.0,142.7,31.9,0.0
2023-02-15T06:00:00+01:00,0.0,412.1,40.0,0.0
2023-02-15T07:00:00+01:00,0.0,481.0,51.3,0.0
2023-02-15T08:00:00+01:00,0.0,516.2,42.1,0.0
2023-02-15T09:00:00+01:00,0.0,516.3,38.4,0.0
2023-02-15T10:00:00+01:00,0.0,513.1,32.5,0.0
2023-02-15T11:00:00+01:00,0.0,516.2,17.8,0.0
2023-02-15T12:00:00+01:00,0.0,511.8,10.9,0.0
2023-02-15T13:00:00+01:00,0.0,499.0,7.4,0.0
2023-02-15T14:00:00+01:00,0.0,494.6,2.5,0.0
2023-02-15T15:00:00+01:00,0.0,498.0,0.1,0.0
2023-02-15T16:00:00+01:00,0.0,513.1,0.0,0.0
2023-02-15T17:00:00+01:00,0.0,516.4,0.3,0.0
2023-02-15T18:00:00+01:00,0.0,517.6,0.1,0.0
2023-02-15T19:00:00+01:00,0.0,517.4,0.1,0.0
2023-02-15T20:00:00+01:00,0.0,517.8,0.0,0.0
2023-02-15T21:00:00+01:00,0.0,517.1,0.0,0.0
2023-02-15T22:00:00+01:00,0.0,517.3,0.0,0.0
2023-02-15T23:00:00+01:00,0.0,443.2,0.0,0.0
2023-02-16T00:00:00+01:00,0.0,148.7,0.2,0.0
2023-02-16T01:00:00+01:00,0.0,125.0,0.5,0.0
2023-02-16T02:00:00+01:00,0.0,126.7,0.0,0.0
2023-02-16T03:00:00+01:00,0.0,124.0,0.1,0.0
2023-02-16T04:00:00+01:00,0.0,126.5,0.2,0.0
2023-02-16T05:00:00+01:00,0.0,329.9,0.1,0.0
2023-02-16T06:00:00+01:00,0.0,465.6,0.0,0.0
2023-02-16T07:00:00+01:00,0.0,518.3,0.0,0.0
2023-02-16T08:00:00+01:00,0.0,519.4,0.0,0.0
2023-02-16T09:00:00+01:00,0.0,519.6,0.0,0.0
2023-02-16T10:00:00+01:00,0.0,517.5,0.1,0.0
2023-02-16T11:00:00+01:00,0.0,515.4,0.1,0.0
2023-02-16T12:00:00+01:00,0.0,511.3,1.1,0.0
2023-02-16T13:00:00+01:00,0.0,504.2,1.4,0.0
2023-02-16T14:00:00+01:00,0.0,497.9,1.5,0.0
2023-02-16T15:00:00+01:00,0.0,501.4,0.2,0.0
2023-02-16T16:00:00+01:00,0.0,514.4,0.0,0.0
2023-02-16T17:00:00+01:00,0.0,515.8,0.1,0.0
2023-02-16T18:00:00+01:00,0.0,519.0,2.6,0.0
2023-02-16T19:00:00+01:00,0.0,519.3,0.6,0.0
2023-02-16T20:00:00+01:00,0.0,519.7,0.8,0.0
2023-02-16T21:00:00+01:00,0.0,519.8,0.8,0.0
2023-02-16T22:00:00+01:00,0.0,519.3,1.0,0.0
2023-02-16T23:00:00+01:00,0.0,422.3,0.7,0.0
2023-02-17T00:00:00+01:00,0.0,154.1,0.7,0.0
2023-02-17T01:00:00+01:00,0.0,128.5,0.1,0.0
2023-02-17T02:00:00+01:00,0.0,129.2,0.0,0.0
2023-02-17T03:00:00+01:00,0.0,130.9,0.0,0.0
2023-02-17T04:00:00+01:00,0.0,127.0,0.5,0.0
2023-02-17T05:00:00+01:00,0.0,183.6,0.3,0.0
2023-02-17T06:00:00+01:00,0.0,455.1,0.1,0.0
2023-02-17T07:00:00+01:00,0.0,511.8,1.5,0.0
2023-02-17T08:00:00+01:00,0.0,520.5,1.2,0.0
2023-02-17T09:00:00+01:00,0.0,520.1,0.5,0.0
2023-02-17T10:00:00+01:00,0.0,520.0,2.0,0.0
2023-02-17T11:00:00+01:00,0.0,519.9,1.7,0.0
2023-02-17T12:00:00+01:00,0.0,512.8,2.6,0.0
2023-02-17T13:00:00+01:00,0.0,497.2,3.5,0.0
2023-02-17T14:00:00+01:00,0.0,488.6,5.0,0.0
2023-02-17T15:00:00+01:00,0.0,494.6,3.2,0.0
2023-02-17T16:00:00+01:00,0.0,506.1,3.7,0.0
2023-02-17T17:00:00+01:00,0.0,520.3,4.9,0.0
2023-02-17T18:00:00+01:00,0.0,520.3,6.3,0.0
2023-02-17T19:00:00+01:00,0.0,491.1,10.0,0.0
2023-02-17T20:00:00+01:00,0.0,375.2,8.4,0.0
2023-02-17T21:00:00+01:00,0.0,336.7,5.1,0.0
2023-02-17T22:00:00+01:00,0.0,312.2,4.9,0.0
2023-02-17T23:00:00+01:00,0.0,206.1,4.2,0.0
2023-02-18T00:00:00+01:00,0.0,69.1,3.3,0.0
2023-02-18T01:00:00+01:00,0.0,70.8,2.9,0.0
2023-02-18T02:00:00+01:00,0.0,77.2,0.5,0.0
2023-02-18T03:00:00+01:00,0.0,78.1,0.0,0.0
2023-02-18T04:00:00+01:00,0.0,71.0,0.0,0.0
2023-02-18T05:00:00+01:00,0.0,70.4,0.0,0.0
2023-02-18T06:00:00+01:00,0.0,64.8,0.0,0.0
2023-02-18T07:00:00+01:00,0.0,131.9,0.0,0.0
2023-02-18T08:00:00+01:00,0.0,132.1,0.0,0.0
2023-02-18T09:00:00+01:00,0.0,123.4,0.0,0.0
2023-02-18T10:00:00+01:00,0.0,117.4,0.5,0.0
2023-02-18T11:00:00+01:00,0.0,125.4,3.1,0.0
2023-02-18T12:00:00+01:00,0.0,130.9,3.8,0.0
2023-02-18T13:00:00+01:00,0.0,141.6,4.4,0.0
2023-02-18T14:00:00+01:00,0.0,140.8,4.5,0.0
2023-02-18T15:00:00+01:00,0.0,146.7,3.7,0.0
2023-02-18T16:00:00+01:00,0.0,140.9,4.5,0.0
2023-02-18T17:00:00+01:00,0.0,298.7,2.8,0.0
2023-02-18T18:00:00+01:00,0.0,327.2,3.3,0.0
2023-02-18T19:00:00+01:00,0.0,328.2,2.7,0.0
2023-02-18T20:00:00+01:00,0.0,311.8,6.0,0.0
2023-02-18T21:00:00+01:00,0.0,124.2,5.1,0.0
2023-02-18T22:00:00+01:00,0.0,57.9,0.9,0.0
2023-02-18T23:00:00+01:00,0.0,62.0,0.4,0.0
2023-02-19T00:00:00+01:00,0.0,72.4,2.6,0.0
2023-02-19T01:00:00+01:00,0.0,69.2,3.3,0.0
2023-02-19T02:00:00+01:00,0.0,74.2,0.3,0.0
2023-02-19T03:00:00+01:00,0.0,73.0,1.3,0.0
2023-02-19T04:00:00+01:00,0.0,67.8,2.5,0.0
2023-02-19T05:00:00+01:00,0.0,71.2,0.7,0.0
2023-02-19T06:00:00+01:00,0.0,72.9,2.6,0.0
2023-02-19T07:00:00+01:00,0.0,76.3,5.7,0.0
2023-02-19T08:00:00+01:00,0.0,147.7,3.3,0.0
2023-02-19T09:00:00+01:00,0.0,147.6,2.9,0.0
2023-02-19T10:00:00+01:00,0.0,145.0,4.8,0.0
2023-02-19T11:00:00+01:00,0.0,144.9,8.6,0.0
2023-02-19T12:00:00+01:00,0.0,142.2,8.0,0.0
2023-02-19T13:00:00+01:00,0.0,148.2,10.3,0.0
2023-02-19T14:00:00+01:00,0.0,154.4,12.1,0.0
2023-02-19T15:00:00+01:00,0.0,155.9,6.4,0.0
2023-02-19T16:00:00+01:00,0.0,150.7,1.9,0.0
2023-02-19T17:00:00+01:00,0.0,310.6,0.1,0.0
2023-02-19T18:00:00+01:00,0.0,335.4,0.0,0.0
2023-02-19T19:00:00+01:00,0.0,343.6,0.0,0.0
2023-02-19T20:00:00+01:00,0.0,337.5,0.1,0.0
2023-02-19T21:00:00+01:00,0.0,132.0,0.0,0.0
2023-02-19T22:00:00+01:00,0.0,58.8,0.0,0.0
2023-02-19T23:00:00+01:00,0.0,55.8,0.5,0.0
2023-02-20T00:00:00+01:00,0.0,63.0,17.5,0.0
2023-02-20T01:00:00+01:00,0.0,51.1,34.4,0.0
2023-02-20T02:00:00+01:00,0.0,48.7,39.1,0.0
2023-02-20T03:00:00+01:00,0.0,56.4,35.4,0.0
2023-02-20T04:00:00+01:00,0.0,96.4,53.6,0.0
2023-02-20T05:00:00+01:00,0.0,186.8,35.6,0.0
2023-02-20T06:00:00+01:00,0.0,313.6,41.7,0.0
2023-02-20T07:00:00+01:00,0.0,480.0,37.5,0.0
2023-02-20T08:00:00+01:00,0.0,483.7,38.4,0.0
2023-02-20T09:00:00+01:00,0.0,470.8,31.8,0.0
2023-02-20T10:00:00+01:00,0.0,388.1,14.6,0.0
2023-02-20T11:00:00+01:00,0.0,350.0,6.8,0.0
2023-02-20T12:00:00+01:00,0.0,342.4,4.0,0.0
2023-02-20T13:00:00+01:00,0.0,332.4,2.6,0.0
2023-02-20T14:00:00+01:00,0.0,331.8,0.6,0.0
2023-02-20T15:00:00+01:00,0.0,334.7,3.0,0.0
2023-02-20T16:00:00+01:00,0.0,471.7,22.5,0.0
2023-02-20T17:00:00+01:00,0.0,481.3,36.1,0.0
2023-02-20T18:00:00+01:00,0.0,466.4,30.8,0.0
2023-02-20T19:00:00+01:00,0.0,473.8,26.3,0.0
2023-02-20T20:00:00+01:00,0.0,408.7,24.3,0.0
2023-02-20T21:00:00+01:00,0.0,388.2,10.6,0.0
2023-02-20T22:00:00+01:00,0.0,383.1,0.5,0.0
2023-02-20T23:00:00+01:00,0.0,352.4,0.0,0.0
2023-02-21T00:00:00+01:00,0.0,85.0,0.0,0.0
2023-02-21T01:00:00+01:00,0.0,100.3,0.9,0.0
2023-02-21T02:00:00+01:00,0.0,87.2,1.8,0.0
2023-02-21T03:00:00+01:00,0.0,110.1,1.7,0.0
2023-02-21T04:00:00+01:00,0.0,90.9,1.4,0.0
2023-02-21T05:00:00+01:00,0.0,234.5,1.0,0.0
2023-02-21T06:00:00+01:00,0.0,492.0,0.8,0.0
2023-02-21T07:00:00+01:00,0.0,495.6,0.4,0.0
2023-02-21T08:00:00+01:00,0.0,485.8,0.7,0.0
2023-02-21T09:00:00+01:00,0.0,481.9,0.3,0.0
2023-02-21T10:00:00+01:00,0.0,368.1,1.4,0.0
2023-02-21T11:00:00+01:00,0.0,358.8,1.0,0.0
2023-02-21T12:00:00+01:00,0.0,335.0,2.2,0.0
2023-02-21T13:00:00+01:00,0.0,324.4,3.9,0.0
2023-02-21T14:00:00+01:00,0.0,322.9,3.0,0.0
2023-02-21T15:00:00+01:00,0.0,478.9,1.0,0.0
2023-02-21T16:00:00+01:00,0.0,490.8,0.1,0.0
2023-02-21T17:00:00+01:00,0.0,490.2,0.0,0.0
2023-02-21T18:00:00+01:00,0.0,491.1,0.0,0.0
2023-02-21T19:00:00+01:00,0.0,485.7,0.0,0.0
2023-02-21T20:00:00+01:00,0.0,486.7,0.0,0.0
2023-02-21T21:00:00+01:00,0.0,486.9,0.0,0.0
2023-02-21T22:00:00+01:00,0.0,415.7,0.0,0.0
2023-02-21T23:00:00+01:00,0.0,344.1,0.0,0.0
2023-02-22T00:00:00+01:00,0.0,299.2,0.0,0.0
2023-02-22T01:00:00+01:00,0.0,253.0,0.0,0.0
2023-02-22T02:00:00+01:00,0.0,223.6,0.0,0.0
2023-02-22T03:00:00+01:00,0.0,213.6,0.3,0.0
2023-02-22T04:00:00+01:00,0.0,207.3,0.2,0.0
2023-02-22T05:00:00+01:00,0.0,413.8,0.0,0.0
2023-02-22T06:00:00+01:00,0.0,501.2,0.7,0.0
2023-02-22T07:00:00+01:00,0.0,503.3,0.3,0.0
2023-02-22T08:00:00+01:00,0.0,493.8,0.0,0.0
2023-02-22T09:00:00+01:00,0.0,488.7,0.0,0.0
2023-02-22T10:00:00+01:00,0.0,485.7,0.0,0.0
2023-02-22T11:00:00+01:00,0.0,416.7,0.0,0.0
2023-02-22T12:00:00+01:00,0.0,325.7,0.0,0.0
2023-02-22T13:00:00+01:00,0.0,319.3,0.0,0.0
2023-02-22T14:00:00+01:00,0.0,404.9,0.4,0.0
2023-02-22T15:00:00+01:00,0.0,501.4,0.8,0.0
2023-02-22T16:00:00+01:00,0.0,501.5,1.9,0.0
2023-02-22T17:00:00+01:00,0.0,508.8,2.0,0.0
2023-02-22T18:00:00+01:00,0.0,504.4,1.5,0.0
2023-02-22T19:00:00+01:00,0.0,499.5,0.5,0.0
2023-02-22T20:00:00+01:00,0.0,498.7,0.1,0.0
2023-02-22T21:00:00+01:00,0.0,495.8,0.0,0.0
2023-02-22T22:00:00+01:00,0.0,421.8,1.4,0.0
2023-02-22T23:00:00+01:00,0.0,331.8,0.7,0.0
2023-02-23T00:00:00+01:00,0.0,291.8,0.4,0.0
2023-02-23T01:00:00+01:00,0.0,249.6,0.1,0.0
2023-02-23T02:00:00+01:00,0.0,226.7,0.2,0.0
2023-02-23T03:00:00+01:00,0.0,159.3,0.0,0.0
2023-02-23T04:00:00+01:00,0.0,161.8,0.1,0.0
2023-02-23T05:00:00+01:00,0.0,226.1,0.0,0.0
2023-02-23T06:00:00+01:00,0.0,457.5,0.1,0.0
2023-02-23T07:00:00+01:00,0.0,464.0,0.0,0.0
2023-02-23T08:00:00+01:00,0.0,491.6,0.0,0.0
2023-02-23T09:00:00+01:00,0.0,491.8,0.0,0.0
2023-02-23T10:00:00+01:00,0.0,493.2,0.0,0.0
2023-02-23T11:00:00+01:00,0.0,495.0,0.0,0.0
2023-02-23T12:00:00+01:00,0.0,501.2,0.6,0.0
2023-02-23T13:00:00+01:00,0.0,491.5,3.3,0.0
2023-02-23T14:00:00+01:00,0.0,484.0,2.6,0.0
2023-02-23T15:00:00+01:00,0.0,500.3,1.8,0.0
2023-02-23T16:00:00+01:00,0.0,501.3,2.4,0.0
2023-02-23T17:00:00+01:00,0.0,501.3,13.7,0.0
2023-02-23T18:00:00+01:00,0.0,487.5,6.0,0.0
2023-02-23T19:00:00+01:00,0.0,481.1,0.6,0.0
2023-02-23T20:00:00+01:00,0.0,497.8,0.0,0.0
2023-02-23T21:00:00+01:00,0.0,436.2,1.7,0.0
2023-02-23T22:00:00+01:00,0.0,383.3,9.6,0.0
2023-02-23T23:00:00+01:00,0.0,324.6,7.9,0.0
2023-02-24T00:00:00+01:00,0.0,105.2,5.6,0.0
2023-02-24T01:00:00+01:00,0.0,103.0,4.7,0.0
2023-02-24T02:00:00+01:00,0.0,102.6,3.7,0.0
2023-02-24T03:00:00+01:00,0.0,103.6,1.7,0.0
2023-02-24T04:00:00+01:00,0.0,106.8,0.6,0.0
2023-02-24T05:00:00+01:00,0.0,172.6,1.2,0.0
2023-02-24T06:00:00+01:00,0.0,391.4,0.0,0.0
2023-02-24T07:00:00+01:00,0.0,490.0,0.0,0.0
2023-02-24T08:00:00+01:00,0.0,489.5,1.1,0.0
2023-02-24T09:00:00+01:00,0.0,489.3,4.5,0.0
2023-02-24T10:00:00+01:00,0.0,423.1,1.8,0.0
2023-02-24T11:00:00+01:00,0.0,341.3,3.3,0.0
2023-02-24T12:00:00+01:00,0.0,323.8,12.5,0.0
2023-02-24T13:00:00+01:00,0.0,316.5,7.9,0.0
2023-02-24T14:00:00+01:00,0.0,308.7,12.5,0.0
2023-02-24T15:00:00+01:00,0.0,308.1,13.0,0.0
2023-02-24T16:00:00+01:00,0.0,423.9,16.7,0.0
2023-02-24T17:00:00+01:00,0.0,495.0,23.4,0.0
2023-02-24T18:00:00+01:00,0.0,487.3,31.7,0.0
2023-02-24T19:00:00+01:00,0.0,488.1,37.6,0.0
2023-02-24T20:00:00+01:00,0.0,405.4,46.1,0.0
2023-02-24T21:00:00+01:00,0.0,320.8,80.0,0.0
2023-02-24T22:00:00+01:00,0.0,176.5,98.4,0.0
2023-02-24T23:00:00+01:00,0.0,71.9,99.4,0.0
2023-02-25T00:00:00+01:00,0.0,81.6,116.0,0.0
2023-02-25T01:00:00+01:00,0.0,91.7,116.5,0.0
2023-02-25T02:00:00+01:00,0.0,96.8,113.2,0.0
2023-02-25T03:00:00+01:00,0.0,98.6,109.4,0.0
2023-02-25T04:00:00+01:00,0.0,93.9,111.8,0.0
2023-02-25T05:00:00+01:00,0.0,91.7,115.0,0.0
2023-02-25T06:00:00+01:00,0.0,92.5,113.4,0.0
2023-02-25T07:00:00+01:00,0.0,92.0,118.5,0.0
2023-02-25T08:00:00+01:00,0.0,93.6,118.4,0.0
2023-02-25T09:00:00+01:00,0.0,104.5,117.8,0.0
2023-02-25T10:00:00+01:00,0.0,110.2,117.6,0.0
2023-02-25T11:00:00+01:00,0.0,118.5,118.7,0.0
2023-02-25T12:00:00+01:00,0.0,127.7,118.3,0.0
2023-02-25T13:00:00+01:00,0.0,110.4,117.7,0.0
2023-02-25T14:00:00+01:00,0.0,113.2,118.2,0.0
2023-02-25T15:00:00+01:00,0.0,116.5,118.1,0.0
2023-02-25T16:00:00+01:00,0.0,109.3,118.1,0.0
2023-02-25T17:00:00+01:00,0.0,258.1,117.0,0.0
2023-02-25T18:00:00+01:00,0.0,265.6,117.4,0.0
2023-02-25T19:00:00+01:00,0.0,270.5,116.4,0.0
2023-02-25T20:00:00+01:00,0.0,263.9,103.9,0.0
2023-02-25T21:00:00+01:00,0.0,84.4,110.3,0.0
2023-02-25T22:00:00+01:00,0.0,89.9,110.8,0.0
2023-02-25T23:00:00+01:00,0.0,104.7,93.0,0.0
2023-02-26T00:00:00+01:00,0.0,128.6,60.9,0.0
2023-02-26T01:00:00+01:00,0.0,141.2,104.0,0.0
2023-02-26T02:00:00+01:00,0.0,150.6,83.0,0.0
2023-02-26T03:00:00+01:00,0.0,156.7,74.3,0.0
2023-02-26T04:00:00+01:00,0.0,159.4,68.8,0.0
2023-02-26T05:00:00+01:00,0.0,144.8,77.5,0.0
2023-02-26T06:00:00+01:00,0.0,149.5,87.2,0.0
2023-02-26T07:00:00+01:00,0.0,187.2,99.3,0.0
2023-02-26T08:00:00+01:00,0.0,179.7,102.6,0.0
2023-02-26T09:00:00+01:00,0.0,200.4,53.6,0.0
2023-02-26T10:00:00+01:00,0.0,193.3,60.8,0.0
2023-02-26T11:00:00+01:00,0.0,202.0,62.4,0.0
2023-02-26T12:00:00+01:00,0.0,203.6,65.6,0.0
2023-02-26T13:00:00+01:00,0.0,203.8,66.5,0.0
2023-02-26T14:00:00+01:00,0.0,198.3,68.1,0.0
2023-02-26T15:00:00+01:00,0.0,223.9,68.4,0.0
2023-02-26T16:00:00+01:00,0.0,232.6,56.4,0.0
2023-02-26T17:00:00+01:00,0.0,457.2,62.4,0.0
2023-02-26T18:00:00+01:00,0.0,439.7,61.3,0.0
2023-02-26T19:00:00+01:00,0.0,466.6,35.8,0.0
2023-02-26T20:00:00+01:00,0.0,505.4,57.2,0.0
2023-02-26T21:00:00+01:00,0.0,496.2,39.5,0.0
2023-02-26T22:00:00+01:00,0.0,400.6,47.6,0.0
2023-02-26T23:00:00+01:00,0.0,359.2,65.4,0.0
2023-02-27T00:00:00+01:00,0.0,290.1,80.0,0.0
2023-02-27T01:00:00+01:00,0.0,292.0,79.7,0.0
2023-02-27T02:00:00+01:00,0.0,295.6,72.9,0.0
2023-02-27T03:00:00+01:00,0.0,294.5,79.3,0.0
2023-02-27T04:00:00+01:00,0.0,292.1,74.2,0.0
2023-02-27T05:00:00+01:00,0.0,264.9,54.1,0.0
2023-02-27T06:00:00+01:00,0.0,366.9,43.0,0.0
2023-02-27T07:00:00+01:00,0.0,498.3,17.8,0.0
2023-02-27T08:00:00+01:00,0.0,509.5,31.7,0.0
2023-02-27T09:00:00+01:00,0.0,451.5,35.9,0.0
2023-02-27T10:00:00+01:00,0.0,363.2,19.8,0.0
2023-02-27T11:00:00+01:00,0.0,367.1,37.8,0.0
2023-02-27T12:00:00+01:00,0.0,367.1,40.2,0.0
2023-02-27T13:00:00+01:00,0.0,365.4,47.7,0.0
2023-02-27T14:00:00+01:00,0.0,436.6,50.6,0.0
2023-02-27T15:00:00+01:00,0.0,521.7,43.7,0.0
2023-02-27T16:00:00+01:00,0.0,521.8,50.0,0.0
2023-02-27T17:00:00+01:00,0.0,519.7,64.9,0.0
2023-02-27T18:00:00+01:00,0.0,519.9,68.8,0.0
2023-02-27T19:00:00+01:00,0.0,509.3,78.9,0.0
2023-02-27T20:00:00+01:00,0.0,509.1,85.5,0.0
2023-02-27T21:00:00+01:00,0.0,521.1,61.6,0.0
2023-02-27T22:00:00+01:00,0.0,520.5,50.7,0.0
2023-02-27T23:00:00+01:00,0.0,360.9,67.5,0.0
2023-02-28T00:00:00+01:00,0.0,367.4,74.8,0.0
2023-02-28T01:00:00+01:00,0.0,295.8,59.8,0.0
2023-02-28T02:00:00+01:00,0.0,293.7,54.2,0.0
2023-02-28T03:00:00+01:00,0.0,294.1,72.6,0.0
2023-02-28T04:00:00+01:00,0.0,295.9,68.2,0.0
2023-02-28T05:00:00+01:00,0.0,520.5,64.2,0.0
2023-02-28T06:00:00+01:00,0.0,522.6,40.8,0.0
2023-02-28T07:00:00+01:00,0.0,519.7,40.4,0.0
2023-02-28T08:00:00+01:00,0.0,519.1,35.4,0.0
2023-02-28T09:00:00+01:00,0.0,519.5,43.5,0.0
2023-02-28T10:00:00+01:00,0.0,520.1,46.2,0.0
2023-02-28T11:00:00+01:00,0.0,520.9,48.4,0.0
2023-02-28T12:00:00+01:00,0.0,520.6,23.9,0.0
2023-02-28T13:00:00+01:00,0.0,513.9,19.0,0.0
2023-02-28T14:00:00+01:00,0.0,519.8,14.0,0.0
2023-02-28T15:00:00+01:00,0.0,521.9,3.5,0.0
2023-02-28T16:00:00+01:00,0.0,521.6,5.4,0.0
2023-02-28T17:00:00+01:00,0.0,521.5,16.2,0.0
2023-02-28T18:00:00+01:00,0.0,521.3,21.9,0.0
2023-02-28T19:00:00+01:00,0.0,521.3,35.9,0.0
2023-02-28T20:00:00+01:00,0.0,521.3,46.2,0.0
2023-02-28T21:00:00+01:00,0.0,520.2,46.9,0.0
2023-02-28T22:00:00+01:00,0.0,521.3,47.1,0.0
2023-02-28T23:00:00+01:00,0.0,519.5,48.6,0.0
2023-03-01T00:00:00+01:00,0.0,378.2,48.0,0.0
2023-03-01T01:00:00+01:00,0.0,297.6,46.0,0.0
2023-03-01T02:00:00+01:00,0.0,297.0,46.6,0.0
2023-03-01T03:00:00+01:00,0.0,296.8,47.9,0.0
2023-03-01T04:00:00+01:00,0.0,296.9,48.7,0.0
2023-03-01T05:00:00+01:00,0.0,402.0,48.5,0.0
2023-03-01T06:00:00+01:00,0.0,520.7,46.5,0.0
2023-03-01T07:00:00+01:00,0.0,521.5,46.3,0.0
2023-03-01T08:00:00+01:00,0.0,521.3,51.4,0.0
2023-03-01T09:00:00+01:00,0.0,521.4,48.0,0.0
2023-03-01T10:00:00+01:00,0.0,521.4,48.8,0.0
2023-03-01T11:00:00+01:00,0.0,521.5,47.5,0.0
2023-03-01T12:00:00+01:00,0.0,521.7,27.3,0.0
2023-03-01T13:00:00+01:00,0.0,521.6,21.9,0.0
2023-03-01T14:00:00+01:00,0.0,522.2,22.8,0.0
2023-03-01T15:00:00+01:00,0.0,521.3,15.8,0.0
2023-03-01T16:00:00+01:00,0.0,521.6,12.8,0.0
2023-03-01T17:00:00+01:00,0.0,521.0,22.4,0.0
2023-03-01T18:00:00+01:00,0.0,520.4,30.9,0.0
2023-03-01T19:00:00+01:00,0.0,521.4,20.0,0.0
2023-03-01T20:00:00+01:00,0.0,521.5,27.7,0.0
2023-03-01T21:00:00+01:00,0.0,521.1,25.6,0.0
2023-03-01T22:00:00+01:00,0.0,521.6,39.2,0.0
2023-03-01T23:00:00+01:00,0.0,517.5,54.5,0.0
2023-03-02T00:00:00+01:00,0.0,380.8,40.9,0.0
2023-03-02T01:00:00+01:00,0.0,297.3,46.6,0.0
2023-03-02T02:00:00+01:00,0.0,296.4,29.1,0.0
2023-03-02T03:00:00+01:00,0.0,295.7,32.0,0.0
2023-03-02T04:00:00+01:00,0.0,297.1,28.4,0.0
2023-03-02T05:00:00+01:00,0.0,385.7,22.1,0.0
2023-03-02T06:00:00+01:00,0.0,520.3,16.5,0.0
2023-03-02T07:00:00+01:00,0.0,520.0,23.2,0.0
2023-03-02T08:00:00+01:00,0.0,521.0,14.3,0.0
2023-03-02T09:00:00+01:00,0.0,520.2,14.5,0.0
2023-03-02T10:00:00+01:00,0.0,521.2,5.4,0.0
2023-03-02T11:00:00+01:00,0.0,521.3,6.2,0.0
2023-03-02T12:00:00+01:00,0.0,520.2,15.8,0.0
2023-03-02T13:00:00+01:00,0.0,509.7,24.2,0.0
2023-03-02T14:00:00+01:00,0.0,520.2,16.3,0.0
2023-03-02T15:00:00+01:00,0.0,521.5,4.7,0.0
2023-03-02T16:00:00+01:00,0.0,521.7,0.1,0.0
2023-03-02T17:00:00+01:00,0.0,520.3,0.0,0.0
2023-03-02T18:00:00+01:00,0.0,521.1,0.9,0.0
2023-03-02T19:00:00+01:00,0.0,521.0,1.4,0.0
2023-03-02T20:00:00+01:00,0.0,520.8,3.8,0.0
2023-03-02T21:00:00+01:00,0.0,520.1,3.2,0.0
2023-03-02T22:00:00+01:00,0.0,520.8,3.8,0.0
2023-03-02T23:00:00+01:00,0.0,520.0,5.4,0.0
2023-03-03T00:00:00+01:00,0.0,367.4,8.0,0.0
2023-03-03T01:00:00+01:00,0.0,291.2,11.3,0.0
2023-03-03T02:00:00+01:00,0.0,283.0,20.9,0.0
2023-03-03T03:00:00+01:00,0.0,290.4,13.8,0.0
2023-03-03T04:00:00+01:00,0.0,292.2,11.1,0.0
2023-03-03T05:00:00+01:00,0.0,394.7,6.8,0.0
2023-03-03T06:00:00+01:00,0.0,520.2,2.5,0.0
2023-03-03T07:00:00+01:00,0.0,519.9,3.9,0.0
2023-03-03T08:00:00+01:00,0.0,520.7,4.0,0.0
2023-03-03T09:00:00+01:00,0.0,518.8,3.2,0.0
2023-03-03T10:00:00+01:00,0.0,518.9,4.4,0.0
2023-03-03T11:00:00+01:00,0.0,518.8,5.0,0.0
2023-03-03T12:00:00+01:00,0.0,518.7,1.9,0.0
2023-03-03T13:00:00+01:00,0.0,518.9,0.0,0.0
2023-03-03T14:00:00+01:00,0.0,519.1,0.0,0.0
2023-03-03T15:00:00+01:00,0.0,515.0,1.4,0.0
2023-03-03T16:00:00+01:00,0.0,508.1,0.0,0.0
2023-03-03T17:00:00+01:00,0.0,512.7,0.0,0.0
2023-03-03T18:00:00+01:00,0.0,519.4,0.0,0.0
2023-03-03T19:00:00+01:00,0.0,519.1,1.6,0.0
2023-03-03T20:00:00+01:00,0.0,519.0,8.6,0.0
2023-03-03T21:00:00+01:00,0.0,517.1,12.9,0.0
2023-03-03T22:00:00+01:00,0.0,513.5,29.2,0.0
2023-03-03T23:00:00+01:00,0.0,512.3,44.1,0.0
2023-03-04T00:00:00+01:00,0.0,285.1,52.1,0.0
2023-03-04T01:00:00+01:00,0.0,276.9,64.5,0.0
2023-03-04T02:00:00+01:00,0.0,286.0,68.2,0.0
2023-03-04T03:00:00+01:00,0.0,291.6,65.3,0.0
2023-03-04T04:00:00+01:00,0.0,295.6,59.4,0.0
2023-03-04T05:00:00+01:00,0.0,296.7,46.3,0.0
2023-03-04T06:00:00+01:00,0.0,408.6,60.6,0.0
2023-03-04T07:00:00+01:00,0.0,517.8,65.2,0.0
2023-03-04T08:00:00+01:00,0.0,516.1,69.2,0.0
2023-03-04T09:00:00+01:00,0.0,517.0,64.4,0.0
2023-03-04T10:00:00+01:00,0.0,368.9,57.4,0.0
2023-03-04T11:00:00+01:00,0.0,370.5,46.6,0.0
2023-03-04T12:00:00+01:00,0.0,370.0,28.4,0.0
2023-03-04T13:00:00+01:00,0.0,369.3,22.8,0.0
2023-03-04T14:00:00+01:00,0.0,369.3,15.7,0.0
2023-03-04T15:00:00+01:00,0.0,369.6,15.7,0.0
2023-03-04T16:00:00+01:00,0.0,438.6,22.8,0.0
2023-03-04T17:00:00+01:00,0.0,519.5,30.1,0.0
2023-03-04T18:00:00+01:00,0.0,515.9,36.4,0.0
2023-03-04T19:00:00+01:00,0.0,509.9,40.0,0.0
2023-03-04T20:00:00+01:00,0.0,509.3,48.4,0.0
2023-03-04T21:00:00+01:00,0.0,441.3,32.5,0.0
2023-03-04T22:00:00+01:00,0.0,378.4,13.0,0.0
2023-03-04T23:00:00+01:00,0.0,376.1,20.9,0.0
2023-03-05T00:00:00+01:00,0.0,283.7,42.3,0.0
2023-03-05T01:00:00+01:00,0.0,289.2,39.1,0.0
2023-03-05T02:00:00+01:00,0.0,291.9,35.6,0.0
2023-03-05T03:00:00+01:00,0.0,295.8,25.2,0.0
2023-03-05T04:00:00+01:00,0.0,296.3,21.6,0.0
2023-03-05T05:00:00+01:00,0.0,296.2,17.1,0.0
2023-03-05T06:00:00+01:00,0.0,296.3,17.8,0.0
2023-03-05T07:00:00+01:00,0.0,296.6,18.1,0.0
2023-03-05T08:00:00+01:00,0.0,296.5,16.1,0.0
2023-03-05T09:00:00+01:00,0.0,370.8,15.4,0.0
2023-03-05T10:00:00+01:00,0.0,371.8,11.3,0.0
2023-03-05T11:00:00+01:00,0.0,380.6,9.4,0.0
2023-03-05T12:00:00+01:00,0.0,369.9,5.5,0.0
2023-03-05T13:00:00+01:00,0.0,367.0,4.2,0.0
2023-03-05T14:00:00+01:00,0.0,367.9,7.0,0.0
2023-03-05T15:00:00+01:00,0.0,368.2,11.7,0.0
2023-03-05T16:00:00+01:00,0.0,441.7,12.1,0.0
2023-03-05T17:00:00+01:00,0.0,518.4,24.0,0.0
2023-03-05T18:00:00+01:00,0.0,521.2,30.1,0.0
2023-03-05T19:00:00+01:00,0.0,521.0,27.0,0.0
2023-03-05T20:00:00+01:00,0.0,520.8,22.2,0.0
2023-03-05T21:00:00+01:00,0.0,520.8,9.0,0.0
2023-03-05T22:00:00+01:00,0.0,521.0,3.0,0.0
2023-03-05T23:00:00+01:00,0.0,517.8,5.8,0.0
2023-03-06T00:00:00+01:00,0.0,372.5,9.3,0.0
2023-03-06T01:00:00+01:00,0.0,293.7,13.5,0.0
2023-03-06T02:00:00+01:00,0.0,288.7,26.1,0.0
2023-03-06T03:00:00+01:00,0.0,292.9,25.5,0.0
2023-03-06T04:00:00+01:00,0.0,297.2,8.1,0.0
2023-03-06T05:00:00+01:00,0.0,520.6,6.5,0.0
2023-03-06T06:00:00+01:00,0.0,521.4,6.8,0.0
2023-03-06T07:00:00+01:00,0.0,519.8,10.0,0.0
2023-03-06T08:00:00+01:00,0.0,520.2,20.0,0.0
2023-03-06T09:00:00+01:00,0.0,517.1,24.4,0.0
2023-03-06T10:00:00+01:00,0.0,469.5,39.7,0.0
2023-03-06T11:00:00+01:00,0.0,503.0,54.2,0.0
2023-03-06T12:00:00+01:00,0.0,515.0,85.1,0.0
2023-03-06T13:00:00+01:00,0.0,455.7,83.3,0.0
2023-03-06T14:00:00+01:00,0.0,514.6,84.7,0.0
2023-03-06T15:00:00+01:00,0.0,494.9,96.5,0.0
2023-03-06T16:00:00+01:00,0.0,486.1,78.0,0.0
2023-03-06T17:00:00+01:00,0.0,520.1,79.2,0.0
2023-03-06T18:00:00+01:00,0.0,518.9,89.4,0.0
2023-03-06T19:00:00+01:00,0.0,519.2,85.6,0.0
2023-03-06T20:00:00+01:00,0.0,520.0,61.9,0.0
2023-03-06T21:00:00+01:00,0.0,513.0,89.3,0.0
2023-03-06T22:00:00+01:00,0.0,520.8,75.8,0.0
2023-03-06T23:00:00+01:00,0.0,459.7,55.7,0.0
2023-03-07T00:00:00+01:00,0.0,297.0,64.5,0.0
2023-03-07T01:00:00+01:00,0.0,296.9,47.7,0.0
2023-03-07T02:00:00+01:00,0.0,297.2,42.6,0.0
2023-03-07T03:00:00+01:00,0.0,296.7,46.1,0.0
2023-03-07T04:00:00+01:00,0.0,297.0,44.2,0.0
2023-03-07T05:00:00+01:00,0.0,292.2,54.1,0.0
2023-03-07T06:00:00+01:00,0.0,501.7,58.7,0.0
2023-03-07T07:00:00+01:00,0.0,520.0,40.1,0.0
2023-03-07T08:00:00+01:00,0.0,521.6,36.5,0.0
2023-03-07T09:00:00+01:00,0.0,520.6,28.0,0.0
2023-03-07T10:00:00+01:00,0.0,476.1,20.8,0.0
2023-03-07T11:00:00+01:00,0.0,474.2,17.1,0.0
2023-03-07T12:00:00+01:00,0.0,408.8,23.2,0.0
2023-03-07T13:00:00+01:00,0.0,397.9,28.9,0.0
2023-03-07T14:00:00+01:00,0.0,394.0,28.9,0.0
2023-03-07T15:00:00+01:00,0.0,504.8,35.3,0.0
2023-03-07T16:00:00+01:00,0.0,518.4,29.4,0.0
2023-03-07T17:00:00+01:00,0.0,513.1,30.7,0.0
2023-03-07T18:00:00+01:00,0.0,518.5,36.4,0.0
2023-03-07T19:00:00+01:00,0.0,510.1,48.5,0.0
2023-03-07T20:00:00+01:00,0.0,507.9,58.0,0.0
2023-03-07T21:00:00+01:00,0.0,516.0,48.9,0.0
2023-03-07T22:00:00+01:00,0.0,517.4,50.7,0.0
2023-03-07T23:00:00+01:00,0.0,372.9,46.6,0.0
2023-03-08T00:00:00+01:00,0.0,297.4,26.5,0.0
2023-03-08T01:00:00+01:00,0.0,295.1,26.8,0.0
2023-03-08T02:00:00+01:00,0.0,295.9,38.9,0.0
2023-03-08T03:00:00+01:00,0.0,297.2,28.6,0.0
2023-03-08T04:00:00+01:00,0.0,296.9,42.9,0.0
2023-03-08T05:00:00+01:00,0.0,292.1,47.0,0.0
2023-03-08T06:00:00+01:00,0.0,476.8,42.2,0.0
2023-03-08T07:00:00+01:00,0.0,511.7,49.9,0.0
2023-03-08T08:00:00+01:00,0.0,511.1,54.5,0.0
2023-03-08T09:00:00+01:00,0.0,515.2,40.8,0.0
2023-03-08T10:00:00+01:00,0.0,444.8,40.4,0.0
2023-03-08T11:00:00+01:00,0.0,445.2,38.9,0.0
2023-03-08T12:00:00+01:00,0.0,438.1,40.0,0.0
2023-03-08T13:00:00+01:00,0.0,438.0,41.9,0.0
2023-03-08T14:00:00+01:00,0.0,438.7,46.9,0.0
2023-03-08T15:00:00+01:00,0.0,445.4,55.2,0.0
2023-03-08T16:00:00+01:00,0.0,509.6,69.4,0.0
2023-03-08T17:00:00+01:00,0.0,493.8,70.4,0.0
2023-03-08T18:00:00+01:00,0.0,490.5,86.4,0.0
2023-03-08T19:00:00+01:00,0.0,509.6,85.7,0.0
2023-03-08T20:00:00+01:00,0.0,514.8,81.3,0.0
2023-03-08T21:00:00+01:00,0.0,514.2,81.1,0.0
2023-03-08T22:00:00+01:00,0.0,520.2,103.0,0.0
2023-03-08T23:00:00+01:00,0.0,297.8,95.2,0.0
2023-03-09T00:00:00+01:00,0.0,283.1,98.7,0.0
2023-03-09T01:00:00+01:00,0.0,291.7,93.6,0.0
2023-03-09T02:00:00+01:00,0.0,286.4,100.2,0.0
2023-03-09T03:00:00+01:00,0.0,283.0,105.1,0.0
2023-03-09T04:00:00+01:00,0.0,289.8,102.6,0.0
2023-03-09T05:00:00+01:00,0.0,287.4,99.0,0.0
2023-03-09T06:00:00+01:00,0.0,399.6,105.2,0.0
2023-03-09T07:00:00+01:00,0.0,402.9,108.1,0.0
2023-03-09T08:00:00+01:00,0.0,436.6,99.3,0.0
2023-03-09T09:00:00+01:00,0.0,433.9,100.0,0.0
2023-03-09T10:00:00+01:00,0.0,351.5,112.7,0.0
2023-03-09T11:00:00+01:00,0.0,369.1,109.0,0.0
2023-03-09T12:00:00+01:00,0.0,354.0,116.0,0.0
2023-03-09T13:00:00+01:00,0.0,359.5,115.2,0.0
2023-03-09T14:00:00+01:00,0.0,360.0,116.7,0.0
2023-03-09T15:00:00+01:00,0.0,348.1,112.0,0.0
2023-03-09T16:00:00+01:00,0.0,435.1,94.0,0.0
2023-03-09T17:00:00+01:00,0.0,452.3,80.5,0.0
2023-03-09T18:00:00+01:00,0.0,455.5,70.4,0.0
2023-03-09T19:00:00+01:00,0.0,477.1,69.2,0.0
2023-03-09T20:00:00+01:00,0.0,460.2,74.2,0.0
2023-03-09T21:00:00+01:00,0.0,491.7,75.1,0.0
2023-03-09T22:00:00+01:00,0.0,502.3,77.6,0.0
2023-03-09T23:00:00+01:00,0.0,367.7,79.1,0.0
2023-03-10T00:00:00+01:00,0.0,241.6,75.8,0.0
2023-03-10T01:00:00+01:00,0.0,200.2,80.9,0.0
2023-03-10T02:00:00+01:00,0.0,167.6,92.9,0.0
2023-03-10T03:00:00+01:00,0.0,151.1,92.3,0.0
2023-03-10T04:00:00+01:00,0.0,143.8,90.3,0.0
2023-03-10T05:00:00+01:00,0.0,155.0,94.8,0.0
2023-03-10T06:00:00+01:00,0.0,235.7,98.0,0.0
2023-03-10T07:00:00+01:00,0.0,386.7,113.4,0.0
2023-03-10T08:00:00+01:00,0.0,400.6,117.1,0.0
2023-03-10T09:00:00+01:00,0.0,413.6,100.4,0.0
2023-03-10T10:00:00+01:00,0.0,290.9,110.7,0.0
2023-03-10T11:00:00+01:00,0.0,289.5,110.3,0.0
2023-03-10T12:00:00+01:00,0.0,300.2,105.1,0.0
2023-03-10T13:00:00+01:00,0.0,278.7,103.6,0.0
2023-03-10T14:00:00+01:00,0.0,261.5,113.3,0.0
2023-03-10T15:00:00+01:00,0.0,262.1,110.0,0.0
2023-03-10T16:00:00+01:00,0.0,280.8,91.8,0.0
2023-03-10T17:00:00+01:00,0.0,305.9,84.3,0.0
2023-03-10T18:00:00+01:00,0.0,413.7,70.7,0.0
2023-03-10T19:00:00+01:00,0.0,399.6,87.5,0.0
2023-03-10T20:00:00+01:00,0.0,333.0,55.8,0.0
2023-03-10T21:00:00+01:00,0.0,336.3,36.0,0.0
2023-03-10T22:00:00+01:00,0.0,337.8,13.2,0.0
2023-03-10T23:00:00+01:00,0.0,313.2,9.8,0.0
2023-03-11T00:00:00+01:00,0.0,264.0,18.5,0.0
2023-03-11T01:00:00+01:00,0.0,268.5,22.4,0.0
2023-03-11T02:00:00+01:00,0.0,258.1,14.6,0.0
2023-03-11T03:00:00+01:00,0.0,257.3,22.2,0.0
2023-03-11T04:00:00+01:00,0.0,256.8,12.8,0.0
2023-03-11T05:00:00+01:00,0.0,250.7,22.4,0.0
2023-03-11T06:00:00+01:00,0.0,323.3,16.2,0.0
2023-03-11T07:00:00+01:00,0.0,440.7,13.4,0.0
2023-03-11T08:00:00+01:00,0.0,435.6,19.1,0.0
2023-03-11T09:00:00+01:00,0.0,435.7,27.4,0.0
2023-03-11T10:00:00+01:00,0.0,368.8,36.8,0.0
2023-03-11T11:00:00+01:00,0.0,369.9,29.4,0.0
2023-03-11T12:00:00+01:00,0.0,374.3,26.4,0.0
2023-03-11T13:00:00+01:00,0.0,370.5,22.7,0.0
2023-03-11T14:00:00+01:00,0.0,368.4,26.9,0.0
2023-03-11T15:00:00+01:00,0.0,372.0,13.7,0.0
2023-03-11T16:00:00+01:00,0.0,371.3,4.5,0.0
2023-03-11T17:00:00+01:00,0.0,442.9,7.1,0.0
2023-03-11T18:00:00+01:00,0.0,447.1,3.4,0.0
2023-03-11T19:00:00+01:00,0.0,443.9,21.5,0.0
2023-03-11T20:00:00+01:00,0.0,441.0,26.1,0.0
2023-03-11T21:00:00+01:00,0.0,441.7,21.5,0.0
2023-03-11T22:00:00+01:00,0.0,369.7,24.0,0.0
2023-03-11T23:00:00+01:00,0.0,368.7,28.9,0.0
2023-03-12T00:00:00+01:00,0.0,296.2,45.9,0.0
2023-03-12T01:00:00+01:00,0.0,296.3,64.2,0.0
2023-03-12T02:00:00+01:00,0.0,291.2,78.3,0.0
2023-03-12T03:00:00+01:00,0.0,274.8,113.5,0.0
2023-03-12T04:00:00+01:00,0.0,272.7,111.3,0.0
2023-03-12T05:00:00+01:00,0.0,285.9,104.0,0.0
2023-03-12T06:00:00+01:00,0.0,285.6,109.5,0.0
2023-03-12T07:00:00+01:00,0.0,294.9,113.7,0.0
2023-03-12T08:00:00+01:00,0.0,292.1,114.9,0.0
2023-03-12T09:00:00+01:00,0.0,287.7,113.5,0.0
2023-03-12T10:00:00+01:00,0.0,276.2,116.0,0.0
2023-03-12T11:00:00+01:00,0.0,277.8,111.6,0.0
2023-03-12T12:00:00+01:00,0.0,270.2,104.5,0.0
2023-03-12T13:00:00+01:00,0.0,272.3,79.3,0.0
2023-03-12T14:00:00+01:00,0.0,271.4,75.9,0.0
2023-03-12T15:00:00+01:00,0.0,271.3,79.1,0.0
2023-03-12T16:00:00+01:00,0.0,283.4,75.8,0.0
2023-03-12T17:00:00+01:00,0.0,514.5,78.6,0.0
2023-03-12T18:00:00+01:00,0.0,512.5,80.7,0.0
2023-03-12T19:00:00+01:00,0.0,520.0,70.2,0.0
2023-03-12T20:00:00+01:00,0.0,517.9,73.2,0.0
2023-03-12T21:00:00+01:00,0.0,437.2,81.1,0.0
2023-03-12T22:00:00+01:00,0.0,440.0,81.2,0.0
2023-03-12T23:00:00+01:00,0.0,284.6,91.7,0.0
2023-03-13T00:00:00+01:00,0.0,286.7,90.3,0.0
2023-03-13T01:00:00+01:00,0.0,293.3,72.5,0.0
2023-03-13T02:00:00+01:00,0.0,285.3,69.1,0.0
2023-03-13T03:00:00+01:00,0.0,296.2,46.7,0.0
2023-03-13T04:00:00+01:00,0.0,296.4,27.6,0.0
2023-03-13T05:00:00+01:00,0.0,295.7,46.5,0.0
2023-03-13T06:00:00+01:00,0.0,293.3,61.1,0.0
2023-03-13T07:00:00+01:00,0.0,508.8,61.7,0.0
2023-03-13T08:00:00+01:00,0.0,502.7,42.6,0.0
2023-03-13T09:00:00+01:00,0.0,373.7,25.1,0.0
2023-03-13T10:00:00+01:00,0.0,368.1,21.0,0.0
2023-03-13T11:00:00+01:00,0.0,367.9,14.6,0.0
2023-03-13T12:00:00+01:00,0.0,368.1,4.4,0.0
2023-03-13T13:00:00+01:00,0.0,367.2,1.1,0.0
2023-03-13T14:00:00+01:00,0.0,367.8,1.5,0.0
2023-03-13T15:00:00+01:00,0.0,367.1,4.6,0.0
2023-03-13T16:00:00+01:00,0.0,367.9,14.5,0.0
2023-03-13T17:00:00+01:00,0.0,456.0,17.0,0.0
2023-03-13T18:00:00+01:00,0.0,517.8,9.0,0.0
2023-03-13T19:00:00+01:00,0.0,518.4,1.7,0.0
2023-03-13T20:00:00+01:00,0.0,519.1,1.2,0.0
2023-03-13T21:00:00+01:00,0.0,406.6,0.2,0.0
2023-03-13T22:00:00+01:00,0.0,390.2,0.6,0.0
2023-03-13T23:00:00+01:00,0.0,370.3,1.0,0.0
2023-03-14T00:00:00+01:00,0.0,343.6,1.5,0.0
2023-03-14T01:00:00+01:00,0.0,278.0,6.3,0.0
2023-03-14T02:00:00+01:00,0.0,265.8,6.7,0.0
2023-03-14T03:00:00+01:00,0.0,267.7,9.0,0.0
2023-03-14T04:00:00+01:00,0.0,271.0,15.1,0.0
2023-03-14T05:00:00+01:00,0.0,271.2,14.1,0.0
2023-03-14T06:00:00+01:00,0.0,519.1,24.2,0.0
2023-03-14T07:00:00+01:00,0.0,517.8,26.4,0.0
2023-03-14T08:00:00+01:00,0.0,515.3,23.8,0.0
2023-03-14T09:00:00+01:00,0.0,512.6,25.2,0.0
2023-03-14T10:00:00+01:00,0.0,345.9,37.4,0.0
2023-03-14T11:00:00+01:00,0.0,316.9,47.5,0.0
2023-03-14T12:00:00+01:00,0.0,297.3,79.0,0.0
2023-03-14T13:00:00+01:00,0.0,298.3,89.6,0.0
2023-03-14T14:00:00+01:00,0.0,305.3,77.5,0.0
2023-03-14T15:00:00+01:00,0.0,436.0,73.2,0.0
2023-03-14T16:00:00+01:00,0.0,499.9,73.1,0.0
2023-03-14T17:00:00+01:00,0.0,509.0,69.7,0.0
2023-03-14T18:00:00+01:00,0.0,518.1,53.8,0.0
2023-03-14T19:00:00+01:00,0.0,518.8,76.5,0.0
2023-03-14T20:00:00+01:00,0.0,518.1,82.5,0.0
2023-03-14T21:00:00+01:00,0.0,479.5,94.4,0.0
2023-03-14T22:00:00+01:00,0.0,480.7,105.2,0.0
2023-03-14T23:00:00+01:00,0.0,484.9,110.0,0.0
2023-03-15T00:00:00+01:00,0.0,252.9,92.0,0.0
2023-03-15T01:00:00+01:00,0.0,236.7,59.4,0.0
2023-03-15T02:00:00+01:00,0.0,238.1,64.2,0.0
2023-03-15T03:00:00+01:00,0.0,236.2,49.5,0.0
2023-03-15T04:00:00+01:00,0.0,240.5,37.3,0.0
2023-03-15T05:00:00+01:00,0.0,240.0,45.6,0.0
2023-03-15T06:00:00+01:00,0.0,450.7,39.1,0.0
2023-03-15T07:00:00+01:00,0.0,462.3,31.4,0.0
2023-03-15T08:00:00+01:00,0.0,447.7,22.3,0.0
2023-03-15T09:00:00+01:00,0.0,482.5,19.8,0.0
2023-03-15T10:00:00+01:00,0.0,406.4,24.9,0.0
2023-03-15T11:00:00+01:00,0.0,394.3,35.8,0.0
2023-03-15T12:00:00+01:00,0.0,386.8,45.6,0.0
2023-03-15T13:00:00+01:00,0.0,378.6,49.5,0.0
2023-03-15T14:00:00+01:00,0.0,364.4,62.9,0.0
2023-03-15T15:00:00+01:00,0.0,420.6,77.2,0.0
2023-03-15T16:00:00+01:00,0.0,447.0,104.3,0.0
2023-03-15T17:00:00+01:00,0.0,441.4,117.7,0.0
2023-03-15T18:00:00+01:00,0.0,463.0,112.9,0.0
2023-03-15T19:00:00+01:00,0.0,467.5,107.3,0.0
2023-03-15T20:00:00+01:00,0.0,463.3,103.2,0.0
2023-03-15T21:00:00+01:00,0.0,500.5,99.1,0.0
2023-03-15T22:00:00+01:00,0.0,492.5,103.3,0.0
2023-03-15T23:00:00+01:00,0.0,443.4,104.3,0.0
2023-03-16T00:00:00+01:00,0.0,231.5,106.8,0.0
2023-03-16T01:00:00+01:00,0.0,191.2,111.0,0.0
2023-03-16T02:00:00+01:00,0.0,167.7,112.3,0.0
2023-03-16T03:00:00+01:00,0.0,159.4,110.0,0.0
2023-03-16T04:00:00+01:00,0.0,159.0,105.0,0.0
2023-03-16T05:00:00+01:00,0.0,175.8,104.0,0.0
2023-03-16T06:00:00+01:00,0.0,306.5,106.4,0.0
2023-03-16T07:00:00+01:00,0.0,372.4,107.8,0.0
2023-03-16T08:00:00+01:00,0.0,400.4,106.8,0.0
2023-03-16T09:00:00+01:00,0.0,420.4,94.6,0.0
2023-03-16T10:00:00+01:00,0.0,386.1,100.6,0.0
2023-03-16T11:00:00+01:00,0.0,373.6,101.0,0.0
2023-03-16T12:00:00+01:00,0.0,367.3,98.3,0.0
2023-03-16T13:00:00+01:00,0.0,350.8,101.7,0.0
2023-03-16T14:00:00+01:00,0.0,340.7,108.2,0.0
2023-03-16T15:00:00+01:00,0.0,372.4,101.5,0.0
2023-03-16T16:00:00+01:00,0.0,384.6,98.6,0.0
2023-03-16T17:00:00+01:00,0.0,394.7,112.1,0.0
2023-03-16T18:00:00+01:00,0.0,424.3,102.8,0.0
2023-03-16T19:00:00+01:00,0.0,443.6,77.3,0.0
2023-03-16T20:00:00+01:00,0.0,445.1,92.4,0.0
2023-03-16T21:00:00+01:00,0.0,433.0,71.2,0.0
2023-03-16T22:00:00+01:00,0.0,410.1,64.6,0.0
2023-03-16T23:00:00+01:00,0.0,383.2,83.1,0.0
2023-03-17T00:00:00+01:00,0.0,194.6,97.9,0.0
2023-03-17T01:00:00+01:00,0.0,157.2,99.0,0.0
2023-03-17T02:00:00+01:00,0.0,135.7,87.0,0.0
2023-03-17T03:00:00+01:00,0.0,121.5,92.4,0.0
2023-03-17T04:00:00+01:00,0.0,134.5,75.1,0.0
2023-03-17T05:00:00+01:00,0.0,156.4,62.9,0.0
2023-03-17T06:00:00+01:00,0.0,262.5,81.0,0.0
2023-03-17T07:00:00+01:00,0.0,436.3,84.2,0.0
2023-03-17T08:00:00+01:00,0.0,427.4,96.6,0.0
2023-03-17T09:00:00+01:00,0.0,295.0,107.0,0.0
2023-03-17T10:00:00+01:00,0.0,311.7,55.1,0.0
2023-03-17T11:00:00+01:00,0.0,312.4,50.6,0.0
2023-03-17T12:00:00+01:00,0.0,311.7,25.9,0.0
2023-03-17T13:00:00+01:00,0.0,307.1,17.6,0.0
2023-03-17T14:00:00+01:00,0.0,302.9,16.4,0.0
2023-03-17T15:00:00+01:00,0.0,304.1,14.4,0.0
2023-03-17T16:00:00+01:00,0.0,444.1,5.1,0.0
2023-03-17T17:00:00+01:00,0.0,470.3,3.5,0.0
2023-03-17T18:00:00+01:00,0.0,482.3,8.3,0.0
2023-03-17T19:00:00+01:00,0.0,465.8,37.8,0.0
2023-03-17T20:00:00+01:00,0.0,465.2,50.5,0.0
2023-03-17T21:00:00+01:00,0.0,437.3,39.3,0.0
2023-03-17T22:00:00+01:00,0.0,324.3,29.9,0.0
2023-03-17T23:00:00+01:00,0.0,310.4,26.7,0.0
2023-03-18T00:00:00+01:00,0.0,271.8,29.3,0.0
2023-03-18T01:00:00+01:00,0.0,218.4,36.5,0.0
2023-03-18T02:00:00+01:00,0.0,173.9,27.4,0.0
2023-03-18T03:00:00+01:00,0.0,172.8,17.9,0.0
2023-03-18T04:00:00+01:00,0.0,177.0,4.8,0.0
2023-03-18T05:00:00+01:00,0.0,209.4,1.5,0.0
2023-03-18T06:00:00+01:00,0.0,244.1,0.0,0.0
2023-03-18T07:00:00+01:00,0.0,296.1,0.2,0.0
2023-03-18T08:00:00+01:00,0.0,337.3,0.3,0.0
2023-03-18T09:00:00+01:00,0.0,348.3,0.5,0.0
2023-03-18T10:00:00+01:00,0.0,247.0,0.0,0.0
2023-03-18T11:00:00+01:00,0.0,234.1,0.4,0.0
2023-03-18T12:00:00+01:00,0.0,139.8,1.6,0.0
2023-03-18T13:00:00+01:00,0.0,132.8,6.6,0.0
2023-03-18T14:00:00+01:00,0.0,133.2,15.8,0.0
2023-03-18T15:00:00+01:00,0.0,215.1,21.1,0.0
2023-03-18T16:00:00+01:00,0.0,301.5,22.0,0.0
2023-03-18T17:00:00+01:00,0.0,471.5,18.3,0.0
2023-03-18T18:00:00+01:00,0.0,474.3,11.1,0.0
2023-03-18T19:00:00+01:00,0.0,475.4,1.2,0.0
2023-03-18T20:00:00+01:00,0.0,478.6,4.6,0.0
2023-03-18T21:00:00+01:00,0.0,474.4,3.6,0.0
2023-03-18T22:00:00+01:00,0.0,344.6,10.9,0.0
2023-03-18T23:00:00+01:00,0.0,314.5,18.4,0.0
2023-03-19T00:00:00+01:00,0.0,272.2,22.9,0.0
2023-03-19T01:00:00+01:00,0.0,231.2,27.4,0.0
2023-03-19T02:00:00+01:00,0.0,203.8,21.1,0.0
2023-03-19T03:00:00+01:00,0.0,192.5,24.4,0.0
2023-03-19T04:00:00+01:00,0.0,186.4,16.6,0.0
2023-03-19T05:00:00+01:00,0.0,203.2,7.4,0.0
2023-03-19T06:00:00+01:00,0.0,221.2,3.7,0.0
2023-03-19T07:00:00+01:00,0.0,275.0,1.6,0.0
2023-03-19T08:00:00+01:00,0.0,237.1,0.0,0.0
2023-03-19T09:00:00+01:00,0.0,291.5,0.0,0.0
2023-03-19T10:00:00+01:00,0.0,334.1,1.0,0.0
2023-03-19T11:00:00+01:00,0.0,268.9,2.8,0.0
2023-03-19T12:00:00+01:00,0.0,224.6,1.6,0.0
2023-03-19T13:00:00+01:00,0.0,218.5,3.0,0.0
2023-03-19T14:00:00+01:00,0.0,294.5,2.0,0.0
2023-03-19T15:00:00+01:00,0.0,296.9,0.8,0.0
2023-03-19T16:00:00+01:00,0.0,298.2,1.5,0.0
2023-03-19T17:00:00+01:00,0.0,468.0,0.6,0.0
2023-03-19T18:00:00+01:00,0.0,476.1,0.0,0.0
2023-03-19T19:00:00+01:00,0.0,481.8,0.0,0.0
2023-03-19T20:00:00+01:00,0.0,478.5,0.3,0.0
2023-03-19T21:00:00+01:00,0.0,471.6,0.0,0.0
2023-03-19T22:00:00+01:00,0.0,357.3,0.0,0.0
2023-03-19T23:00:00+01:00,0.0,315.2,0.3,0.0
2023-03-20T00:00:00+01:00,0.0,216.7,1.0,0.0
2023-03-20T01:00:00+01:00,0.0,173.2,0.1,0.0
2023-03-20T02:00:00+01:00,0.0,148.4,0.1,0.0
2023-03-20T03:00:00+01:00,0.0,138.3,0.1,0.0
2023-03-20T04:00:00+01:00,0.0,135.4,0.8,0.0
2023-03-20T05:00:00+01:00,0.0,191.4,2.8,0.0
2023-03-20T06:00:00+01:00,0.0,479.3,0.8,0.0
2023-03-20T07:00:00+01:00,0.0,447.6,0.0,0.0
2023-03-20T08:00:00+01:00,0.0,426.9,1.0,0.0
2023-03-20T09:00:00+01:00,0.0,412.7,0.3,0.0
2023-03-20T10:00:00+01:00,0.0,282.7,1.0,0.0
2023-03-20T11:00:00+01:00,0.0,264.6,1.9,0.0
2023-03-20T12:00:00+01:00,0.0,252.9,3.6,0.0
2023-03-20T13:00:00+01:00,0.0,242.1,9.3,0.0
2023-03-20T14:00:00+01:00,0.0,284.3,8.8,0.0
2023-03-20T15:00:00+01:00,0.0,428.9,7.0,0.0
2023-03-20T16:00:00+01:00,0.0,475.4,0.3,0.0
2023-03-20T17:00:00+01:00,0.0,461.3,2.1,0.0
2023-03-20T18:00:00+01:00,0.0,493.9,2.6,0.0
2023-03-20T19:00:00+01:00,0.0,484.2,0.1,0.0
2023-03-20T20:00:00+01:00,0.0,488.5,0.5,0.0
2023-03-20T21:00:00+01:00,0.0,415.9,1.9,0.0
2023-03-20T22:00:00+01:00,0.0,284.7,0.3,0.0
2023-03-20T23:00:00+01:00,0.0,250.9,2.6,0.0
2023-03-21T00:00:00+01:00,0.0,208.4,0.4,0.0
2023-03-21T01:00:00+01:00,0.0,172.1,0.0,0.0
2023-03-21T02:00:00+01:00,0.0,145.2,0.0,0.0
2023-03-21T03:00:00+01:00,0.0,134.8,0.3,0.0
2023-03-21T04:00:00+01:00,0.0,133.5,4.5,0.0
2023-03-21T05:00:00+01:00,0.0,151.1,1.1,0.0
2023-03-21T06:00:00+01:00,0.0,444.5,0.8,0.0
2023-03-21T07:00:00+01:00,0.0,499.8,0.8,0.0
2023-03-21T08:00:00+01:00,0.0,492.7,13.3,0.0
2023-03-21T09:00:00+01:00,0.0,488.4,21.0,0.0
2023-03-21T10:00:00+01:00,0.0,420.1,26.8,0.0
2023-03-21T11:00:00+01:00,0.0,267.2,36.3,0.0
2023-03-21T12:00:00+01:00,0.0,262.7,35.2,0.0
2023-03-21T13:00:00+01:00,0.0,245.2,40.8,0.0
2023-03-21T14:00:00+01:00,0.0,242.6,43.9,0.0
2023-03-21T15:00:00+01:00,0.0,240.7,33.9,0.0
2023-03-21T16:00:00+01:00,0.0,445.1,32.3,0.0
2023-03-21T17:00:00+01:00,0.0,500.3,52.1,0.0
2023-03-21T18:00:00+01:00,0.0,489.1,61.2,0.0
2023-03-21T19:00:00+01:00,0.0,485.0,52.8,0.0
2023-03-21T20:00:00+01:00,0.0,482.2,53.4,0.0
2023-03-21T21:00:00+01:00,0.0,469.1,62.3,0.0
2023-03-21T22:00:00+01:00,0.0,405.8,51.6,0.0
2023-03-21T23:00:00+01:00,0.0,220.7,46.1,0.0
2023-03-22T00:00:00+01:00,0.0,168.1,49.2,0.0
2023-03-22T01:00:00+01:00,0.0,121.8,58.1,0.0
2023-03-22T02:00:00+01:00,0.0,106.8,59.5,0.0
2023-03-22T03:00:00+01:00,0.0,92.5,52.1,0.0
2023-03-22T04:00:00+01:00,0.0,95.9,49.5,0.0
2023-03-22T05:00:00+01:00,0.0,111.8,40.4,0.0
2023-03-22T06:00:00+01:00,0.0,434.0,32.5,0.0
2023-03-22T07:00:00+01:00,0.0,505.8,30.5,0.0
2023-03-22T08:00:00+01:00,0.0,490.0,32.1,0.0
2023-03-22T09:00:00+01:00,0.0,481.5,41.2,0.0
2023-03-22T10:00:00+01:00,0.0,306.3,41.0,0.0
2023-03-22T11:00:00+01:00,0.0,226.3,38.1,0.0
2023-03-22T12:00:00+01:00,0.0,217.6,31.9,0.0
2023-03-22T13:00:00+01:00,0.0,217.8,25.3,0.0
2023-03-22T14:00:00+01:00,0.0,218.3,23.1,0.0
2023-03-22T15:00:00+01:00,0.0,370.4,31.4,0.0
2023-03-22T16:00:00+01:00,0.0,487.6,36.9,0.0
2023-03-22T17:00:00+01:00,0.0,490.2,26.0,0.0
2023-03-22T18:00:00+01:00,0.0,409.5,26.4,0.0
2023-03-22T19:00:00+01:00,0.0,454.5,19.2,0.0
2023-03-22T20:00:00+01:00,0.0,485.8,18.6,0.0
2023-03-22T21:00:00+01:00,0.0,420.1,7.2,0.0
2023-03-22T22:00:00+01:00,0.0,262.9,12.1,0.0
2023-03-22T23:00:00+01:00,0.0,223.8,35.4,0.0
2023-03-23T00:00:00+01:00,0.0,172.5,45.8,0.0
2023-03-23T01:00:00+01:00,0.0,128.0,39.0,0.0
2023-03-23T02:00:00+01:00,0.0,119.8,29.6,0.0
2023-03-23T03:00:00+01:00,0.0,117.1,19.4,0.0
2023-03-23T04:00:00+01:00,0.0,116.7,16.3,0.0
2023-03-23T05:00:00+01:00,0.0,134.8,6.1,0.0
2023-03-23T06:00:00+01:00,0.0,408.3,2.5,0.0
2023-03-23T07:00:00+01:00,0.0,486.1,0.4,0.0
2023-03-23T08:00:00+01:00,0.0,468.9,1.2,0.0
2023-03-23T09:00:00+01:00,0.0,264.7,0.9,0.0
2023-03-23T10:00:00+01:00,0.0,248.5,0.6,0.0
2023-03-23T11:00:00+01:00,0.0,236.5,0.1,0.0
2023-03-23T12:00:00+01:00,0.0,229.0,2.1,0.0
2023-03-23T13:00:00+01:00,0.0,218.9,4.2,0.0
2023-03-23T14:00:00+01:00,0.0,212.5,7.7,0.0
2023-03-23T15:00:00+01:00,0.0,232.5,12.1,0.0
2023-03-23T16:00:00+01:00,0.0,396.5,11.9,0.0
2023-03-23T17:00:00+01:00,0.0,475.7,13.0,0.0
2023-03-23T18:00:00+01:00,0.0,483.4,9.3,0.0
2023-03-23T19:00:00+01:00,0.0,481.1,7.8,0.0
2023-03-23T20:00:00+01:00,0.0,482.0,3.1,0.0
2023-03-23T21:00:00+01:00,0.0,427.3,0.0,0.0
2023-03-23T22:00:00+01:00,0.0,261.5,0.0,0.0
2023-03-23T23:00:00+01:00,0.0,238.6,0.0,0.0
2023-03-24T00:00:00+01:00,0.0,191.9,0.0,0.0
2023-03-24T01:00:00+01:00,0.0,160.6,0.0,0.0
2023-03-24T02:00:00+01:00,0.0,133.7,0.0,0.0
2023-03-24T03:00:00+01:00,0.0,131.4,0.0,0.0
2023-03-24T04:00:00+01:00,0.0,130.9,0.0,0.0
2023-03-24T05:00:00+01:00,0.0,134.4,0.0,0.0
2023-03-24T06:00:00+01:00,0.0,441.3,0.0,0.0
2023-03-24T07:00:00+01:00,0.0,488.6,0.0,0.0
2023-03-24T08:00:00+01:00,0.0,285.1,0.0,0.0
2023-03-24T09:00:00+01:00,0.0,265.7,0.5,0.0
2023-03-24T10:00:00+01:00,0.0,199.6,4.9,0.0
2023-03-24T11:00:00+01:00,0.0,193.9,11.0,0.0
2023-03-24T12:00:00+01:00,0.0,198.3,17.1,0.0
2023-03-24T13:00:00+01:00,0.0,198.2,25.1,0.0
2023-03-24T14:00:00+01:00,0.0,198.5,43.0,0.0
2023-03-24T15:00:00+01:00,0.0,193.2,39.2,0.0
2023-03-24T16:00:00+01:00,0.0,180.9,35.1,0.0
2023-03-24T17:00:00+01:00,0.0,399.2,28.1,0.0
2023-03-24T18:00:00+01:00,0.0,486.2,18.3,0.0
2023-03-24T19:00:00+01:00,0.0,481.0,11.7,0.0
2023-03-24T20:00:00+01:00,0.0,479.8,7.4,0.0
2023-03-24T21:00:00+01:00,0.0,257.2,3.5,0.0
2023-03-24T22:00:00+01:00,0.0,245.9,2.6,0.0
2023-03-24T23:00:00+01:00,0.0,222.5,2.6,0.0
2023-03-25T00:00:00+01:00,0.0,172.7,3.6,0.0
2023-03-25T01:00:00+01:00,0.0,124.4,1.7,0.0
2023-03-25T02:00:00+01:00,0.0,109.0,0.7,0.0
2023-03-25T03:00:00+01:00,0.0,112.8,0.4,0.0
2023-03-25T04:00:00+01:00,0.0,109.4,2.3,0.0
2023-03-25T05:00:00+01:00,0.0,99.3,0.5,0.0
2023-03-25T06:00:00+01:00,0.0,120.8,0.1,0.0
2023-03-25T07:00:00+01:00,0.0,113.7,0.8,0.0
2023-03-25T08:00:00+01:00,0.0,117.8,2.0,0.0
2023-03-25T09:00:00+01:00,0.0,121.2,2.1,0.0
2023-03-25T10:00:00+01:00,0.0,123.8,8.6,0.0
2023-03-25T11:00:00+01:00,0.0,132.3,12.8,0.0
2023-03-25T12:00:00+01:00,0.0,136.7,15.1,0.0
2023-03-25T13:00:00+01:00,0.0,119.3,31.6,0.0
2023-03-25T14:00:00+01:00,0.0,115.7,42.1,0.0
2023-03-25T15:00:00+01:00,0.0,124.3,37.1,0.0
2023-03-25T16:00:00+01:00,0.0,110.5,41.0,0.0
2023-03-25T17:00:00+01:00,0.0,191.0,35.4,0.0
2023-03-25T18:00:00+01:00,0.0,242.7,18.6,0.0
2023-03-25T19:00:00+01:00,0.0,248.0,14.8,0.0
2023-03-25T20:00:00+01:00,0.0,247.3,12.6,0.0
2023-03-25T21:00:00+01:00,0.0,180.3,2.9,0.0
2023-03-25T22:00:00+01:00,0.0,177.4,0.8,0.0
2023-03-25T23:00:00+01:00,0.0,164.9,1.1,0.0
2023-03-26T00:00:00+01:00,0.0,137.9,0.7,0.0
2023-03-26T01:00:00+01:00,0.0,121.5,1.6,0.0
2023-03-26T03:00:00+02:00,0.0,103.8,15.9,0.0
2023-03-26T04:00:00+02:00,0.0,103.7,30.2,0.0
2023-03-26T05:00:00+02:00,0.0,103.7,25.9,0.0
2023-03-26T06:00:00+02:00,0.0,111.5,11.4,0.0
2023-03-26T07:00:00+02:00,0.0,111.6,1.0,0.0
2023-03-26T08:00:00+02:00,0.0,151.3,0.0,0.0
2023-03-26T09:00:00+02:00,0.0,120.3,0.2,0.0
2023-03-26T10:00:00+02:00,0.0,117.4,0.2,0.0
2023-03-26T11:00:00+02:00,0.0,116.5,3.2,0.0
2023-03-26T12:00:00+02:00,0.0,116.4,8.7,0.0
2023-03-26T13:00:00+02:00,0.0,116.1,15.5,0.0
2023-03-26T14:00:00+02:00,0.0,85.8,25.5,0.0
2023-03-26T15:00:00+02:00,0.0,84.0,35.8,0.0
2023-03-26T16:00:00+02:00,0.0,115.3,24.6,0.0
2023-03-26T17:00:00+02:00,0.0,175.2,24.2,0.0
2023-03-26T18:00:00+02:00,0.0,290.1,33.6,0.0
2023-03-26T19:00:00+02:00,0.0,315.7,52.4,0.0
2023-03-26T20:00:00+02:00,0.0,314.2,51.5,0.0
2023-03-26T21:00:00+02:00,0.0,228.7,55.0,0.0
2023-03-26T22:00:00+02:00,0.0,200.7,83.0,0.0
2023-03-26T23:00:00+02:00,0.0,162.8,105.8,0.0
2023-03-27T00:00:00+02:00,0.0,49.1,112.9,0.0
2023-03-27T01:00:00+02:00,0.0,44.8,114.9,0.0
2023-03-27T02:00:00+02:00,0.0,54.3,115.4,0.0
2023-03-27T03:00:00+02:00,0.0,50.6,114.1,0.0
2023-03-27T04:00:00+02:00,0.0,67.1,114.9,0.0
2023-03-27T05:00:00+02:00,0.0,65.8,113.4,0.0
2023-03-27T06:00:00+02:00,0.0,267.6,113.9,0.0
2023-03-27T07:00:00+02:00,0.0,333.6,99.7,0.0
2023-03-27T08:00:00+02:00,0.0,364.8,46.6,0.0
2023-03-27T09:00:00+02:00,0.0,360.0,34.4,0.0
2023-03-27T10:00:00+02:00,0.0,136.8,24.5,0.0
2023-03-27T11:00:00+02:00,0.0,142.0,14.5,0.0
2023-03-27T12:00:00+02:00,0.0,127.4,20.5,0.0
2023-03-27T13:00:00+02:00,0.0,115.1,36.5,0.0
2023-03-27T14:00:00+02:00,0.0,111.9,31.6,0.0
2023-03-27T15:00:00+02:00,0.0,112.7,34.0,0.0
2023-03-27T16:00:00+02:00,0.0,107.8,44.3,0.0
2023-03-27T17:00:00+02:00,0.0,93.5,74.1,0.0
2023-03-27T18:00:00+02:00,0.0,142.7,86.1,0.0
2023-03-27T19:00:00+02:00,0.0,210.6,77.2,0.0
2023-03-27T20:00:00+02:00,0.0,303.0,91.8,0.0
2023-03-27T21:00:00+02:00,0.0,131.1,99.0,0.0
2023-03-27T22:00:00+02:00,0.0,205.5,81.1,0.0
2023-03-27T23:00:00+02:00,0.0,101.6,76.3,0.0
2023-03-28T00:00:00+02:00,0.0,163.8,85.9,0.0
2023-03-28T01:00:00+02:00,0.0,118.0,108.1,0.0
2023-03-28T02:00:00+02:00,0.0,120.7,111.5,0.0
2023-03-28T03:00:00+02:00,0.0,126.9,115.5,0.0
2023-03-28T04:00:00+02:00,0.0,132.5,110.9,0.0
2023-03-28T05:00:00+02:00,0.0,306.3,109.6,0.0
2023-03-28T06:00:00+02:00,0.0,360.2,115.1,0.0
2023-03-28T07:00:00+02:00,0.0,421.5,114.9,0.0
2023-03-28T08:00:00+02:00,0.0,318.9,115.8,0.0
2023-03-28T09:00:00+02:00,0.0,227.6,116.5,0.0
2023-03-28T10:00:00+02:00,0.0,219.5,116.6,0.0
2023-03-28T11:00:00+02:00,0.0,219.7,113.7,0.0
2023-03-28T12:00:00+02:00,0.0,209.7,112.4,0.0
2023-03-28T13:00:00+02:00,0.0,206.9,107.8,0.0
2023-03-28T14:00:00+02:00,0.0,197.2,102.6,0.0
2023-03-28T15:00:00+02:00,0.0,203.4,90.9,0.0
2023-03-28T16:00:00+02:00,0.0,195.4,90.3,0.0
2023-03-28T17:00:00+02:00,0.0,259.7,75.9,0.0
2023-03-28T18:00:00+02:00,0.0,279.5,85.5,0.0
2023-03-28T19:00:00+02:00,0.0,458.3,63.9,0.0
2023-03-28T20:00:00+02:00,0.0,466.6,78.0,0.0
2023-03-28T21:00:00+02:00,0.0,465.8,83.8,0.0
2023-03-28T22:00:00+02:00,0.0,449.5,82.6,0.0
2023-03-28T23:00:00+02:00,0.0,374.9,88.5,0.0
2023-03-29T00:00:00+02:00,0.0,206.7,75.2,0.0
2023-03-29T01:00:00+02:00,0.0,139.6,78.5,0.0
2023-03-29T02:00:00+02:00,0.0,115.0,76.4,0.0
2023-03-29T03:00:00+02:00,0.0,113.9,73.5,0.0
2023-03-29T04:00:00+02:00,0.0,120.0,61.4,0.0
2023-03-29T05:00:00+02:00,0.0,353.9,54.6,0.0
2023-03-29T06:00:00+02:00,0.0,386.8,32.4,0.0
2023-03-29T07:00:00+02:00,0.0,446.3,30.5,0.0
2023-03-29T08:00:00+02:00,0.0,406.4,7.9,0.0
2023-03-29T09:00:00+02:00,0.0,392.4,3.2,0.0
2023-03-29T10:00:00+02:00,0.0,368.5,1.3,0.0
2023-03-29T11:00:00+02:00,0.0,364.0,6.4,0.0
2023-03-29T12:00:00+02:00,0.0,326.3,13.6,0.0
2023-03-29T13:00:00+02:00,0.0,286.4,25.6,0.0
2023-03-29T14:00:00+02:00,0.0,337.6,36.1,0.0
2023-03-29T15:00:00+02:00,0.0,295.2,58.7,0.0
2023-03-29T16:00:00+02:00,0.0,395.0,55.0,0.0
2023-03-29T17:00:00+02:00,0.0,506.7,40.9,0.0
2023-03-29T18:00:00+02:00,0.0,511.0,28.8,0.0
2023-03-29T19:00:00+02:00,0.0,517.9,20.4,0.0
2023-03-29T20:00:00+02:00,0.0,514.8,2.8,0.0
2023-03-29T21:00:00+02:00,0.0,452.7,0.0,0.0
2023-03-29T22:00:00+02:00,0.0,424.2,0.6,0.0
2023-03-29T23:00:00+02:00,0.0,359.9,1.4,0.0
2023-03-30T00:00:00+02:00,0.0,173.8,0.0,0.0
2023-03-30T01:00:00+02:00,0.0,126.6,0.1,0.0
2023-03-30T02:00:00+02:00,0.0,101.0,0.1,0.0
2023-03-30T03:00:00+02:00,0.0,85.0,0.3,0.0
2023-03-30T04:00:00+02:00,0.0,88.8,0.1,0.0
2023-03-30T05:00:00+02:00,0.0,101.1,0.5,0.0
2023-03-30T06:00:00+02:00,0.0,387.1,0.7,0.0
2023-03-30T07:00:00+02:00,0.0,472.0,0.6,0.0
2023-03-30T08:00:00+02:00,0.0,471.0,1.5,0.0
2023-03-30T09:00:00+02:00,0.0,436.2,2.4,0.0
2023-03-30T10:00:00+02:00,0.0,271.3,5.0,0.0
2023-03-30T11:00:00+02:00,0.0,261.7,6.6,0.0
2023-03-30T12:00:00+02:00,0.0,241.2,10.8,0.0
2023-03-30T13:00:00+02:00,0.0,232.2,16.6,0.0
2023-03-30T14:00:00+02:00,0.0,220.7,14.8,0.0
2023-03-30T15:00:00+02:00,0.0,217.7,18.2,0.0
2023-03-30T16:00:00+02:00,0.0,370.8,20.6,0.0
2023-03-30T17:00:00+02:00,0.0,427.2,12.8,0.0
2023-03-30T18:00:00+02:00,0.0,439.8,8.9,0.0
2023-03-30T19:00:00+02:00,0.0,486.5,15.0,0.0
2023-03-30T20:00:00+02:00,0.0,472.9,13.4,0.0
2023-03-30T21:00:00+02:00,0.0,425.6,11.2,0.0
2023-03-30T22:00:00+02:00,0.0,374.1,18.4,0.0
2023-03-30T23:00:00+02:00,0.0,254.3,7.9,0.0
2023-03-31T00:00:00+02:00,0.0,159.2,10.0,0.0
2023-03-31T01:00:00+02:00,0.0,102.9,21.1,0.0
2023-03-31T02:00:00+02:00,0.0,83.8,16.2,0.0
2023-03-31T03:00:00+02:00,0.0,74.1,12.5,0.0
2023-03-31T04:00:00+02:00,0.0,73.3,7.8,0.0
2023-03-31T05:00:00+02:00,0.0,81.6,8.8,0.0
2023-03-31T06:00:00+02:00,0.0,352.8,6.8,0.0
2023-03-31T07:00:00+02:00,0.0,438.7,2.6,0.0
2023-03-31T08:00:00+02:00,0.0,429.7,7.1,0.0
2023-03-31T09:00:00+02:00,0.0,424.6,5.3,0.0
2023-03-31T10:00:00+02:00,0.0,382.1,8.0,0.0
2023-03-31T11:00:00+02:00,0.0,188.5,26.6,0.0
2023-03-31T12:00:00+02:00,0.0,163.3,45.1,0.0
2023-03-31T13:00:00+02:00,0.0,151.4,44.9,0.0
2023-03-31T14:00:00+02:00,0.0,142.9,59.5,0.0
2023-03-31T15:00:00+02:00,0.0,148.2,44.9,0.0
2023-03-31T16:00:00+02:00,0.0,371.2,46.2,0.0
2023-03-31T17:00:00+02:00,0.0,392.4,52.2,0.0
2023-03-31T18:00:00+02:00,0.0,419.5,50.9,0.0
2023-03-31T19:00:00+02:00,0.0,426.1,40.9,0.0
2023-03-31T20:00:00+02:00,0.0,407.5,66.8,0.0
2023-03-31T21:00:00+02:00,0.0,354.0,63.7,0.0
2023-03-31T22:00:00+02:00,0.0,162.2,69.0,0.0
2023-03-31T23:00:00+02:00,0.0,140.0,94.6,0.0
2023-04-01T00:00:00+02:00,0.0,41.3,103.3,0.0
2023-04-01T01:00:00+02:00,0.0,19.9,113.0,0.0
2023-04-01T02:00:00+02:00,0.0,19.8,117.3,0.0
2023-04-01T03:00:00+02:00,0.0,19.8,115.3,0.0
2023-04-01T04:00:00+02:00,0.0,19.8,116.6,0.0
2023-04-01T05:00:00+02:00,0.0,19.8,117.8,0.0
2023-04-01T06:00:00+02:00,0.0,21.8,114.3,0.0
2023-04-01T07:00:00+02:00,0.0,58.3,116.5,0.0
2023-04-01T08:00:00+02:00,0.0,59.3,114.5,0.0
2023-04-01T09:00:00+02:00,0.0,59.3,116.2,0.0
2023-04-01T10:00:00+02:00,0.0,59.3,114.7,0.0
2023-04-01T11:00:00+02:00,0.0,59.3,113.9,0.0
2023-04-01T12:00:00+02:00,0.0,54.6,95.0,0.0
2023-04-01T13:00:00+02:00,0.0,52.7,79.9,0.0
2023-04-01T14:00:00+02:00,0.0,52.9,71.3,0.0
2023-04-01T15:00:00+02:00,0.0,62.1,38.9,0.0
2023-04-01T16:00:00+02:00,0.0,60.4,16.7,0.0
2023-04-01T17:00:00+02:00,0.0,94.5,10.9,0.0
2023-04-01T18:00:00+02:00,0.0,107.9,15.5,0.0
2023-04-01T19:00:00+02:00,0.0,151.2,15.8,0.0
2023-04-01T20:00:00+02:00,0.0,164.5,4.1,0.0
2023-04-01T21:00:00+02:00,0.0,160.9,0.6,0.0
2023-04-01T22:00:00+02:00,0.0,143.7,0.2,0.0
2023-04-01T23:00:00+02:00,0.0,126.1,0.0,0.0
2023-04-02T00:00:00+02:00,0.0,89.8,0.2,0.0
2023-04-02T01:00:00+02:00,0.0,77.2,0.0,0.0
2023-04-02T02:00:00+02:00,0.0,72.2,0.0,0.0
2023-04-02T03:00:00+02:00,0.0,72.6,0.0,0.0
2023-04-02T04:00:00+02:00,0.0,76.8,0.0,0.0
2023-04-02T05:00:00+02:00,0.0,75.4,2.9,0.0
2023-04-02T06:00:00+02:00,0.0,75.2,13.5,0.0
2023-04-02T07:00:00+02:00,0.0,77.4,15.9,0.0
2023-04-02T08:00:00+02:00,0.0,81.6,14.8,0.0
2023-04-02T09:00:00+02:00,0.0,77.1,17.7,0.0
2023-04-02T10:00:00+02:00,0.0,78.5,10.1,0.0
2023-04-02T11:00:00+02:00,0.0,71.5,8.4,0.0
2023-04-02T12:00:00+02:00,0.0,66.6,7.8,0.0
2023-04-02T13:00:00+02:00,0.0,66.2,1.9,0.0
2023-04-02T14:00:00+02:00,0.0,72.8,0.1,0.0
2023-04-02T15:00:00+02:00,0.0,68.7,1.8,0.0
2023-04-02T16:00:00+02:00,0.0,69.9,0.7,0.0
2023-04-02T17:00:00+02:00,0.0,66.5,0.0,0.0
2023-04-02T18:00:00+02:00,0.0,133.6,0.0,0.0
2023-04-02T19:00:00+02:00,0.0,167.9,3.8,0.0
2023-04-02T20:00:00+02:00,0.0,173.5,6.9,0.0
2023-04-02T21:00:00+02:00,0.0,151.7,11.4,0.0
2023-04-02T22:00:00+02:00,0.0,123.6,15.4,0.0
2023-04-02T23:00:00+02:00,0.0,92.7,27.8,0.0
2023-04-03T00:00:00+02:00,0.0,156.0,63.1,0.0
2023-04-03T01:00:00+02:00,0.0,81.2,75.3,0.0
2023-04-03T02:00:00+02:00,0.0,83.8,83.5,0.0
2023-04-03T03:00:00+02:00,0.0,79.0,90.6,0.0
2023-04-03T04:00:00+02:00,0.0,84.6,101.5,0.0
2023-04-03T05:00:00+02:00,0.0,338.2,105.9,0.0
2023-04-03T06:00:00+02:00,0.0,370.1,107.1,0.0
2023-04-03T07:00:00+02:00,0.0,368.5,110.2,0.0
2023-04-03T08:00:00+02:00,0.0,372.6,110.0,0.0
2023-04-03T09:00:00+02:00,0.0,358.2,113.3,0.0
2023-04-03T10:00:00+02:00,0.0,363.7,114.7,0.0
2023-04-03T11:00:00+02:00,0.0,226.6,116.5,0.0
2023-04-03T12:00:00+02:00,0.0,167.2,116.9,0.0
2023-04-03T13:00:00+02:00,0.0,163.6,115.7,0.0
2023-04-03T14:00:00+02:00,0.0,159.8,117.0,0.0
2023-04-03T15:00:00+02:00,0.0,166.0,116.7,0.0
2023-04-03T16:00:00+02:00,0.0,181.7,113.6,0.0
2023-04-03T17:00:00+02:00,0.0,387.5,115.9,0.0
2023-04-03T18:00:00+02:00,0.0,383.3,114.2,0.0
2023-04-03T19:00:00+02:00,0.0,374.3,106.8,0.0
2023-04-03T20:00:00+02:00,0.0,356.4,104.6,0.0
2023-04-03T21:00:00+02:00,0.0,352.2,94.5,0.0
2023-04-03T22:00:00+02:00,0.0,317.0,77.3,0.0
2023-04-03T23:00:00+02:00,0.0,321.9,61.9,0.0
2023-04-04T00:00:00+02:00,0.0,114.3,58.2,0.0
2023-04-04T01:00:00+02:00,0.0,71.8,60.9,0.0
2023-04-04T02:00:00+02:00,0.0,63.2,79.8,0.0
2023-04-04T03:00:00+02:00,0.0,63.5,96.1,0.0
2023-04-04T04:00:00+02:00,0.0,67.9,92.0,0.0
2023-04-04T05:00:00+02:00,0.0,277.7,100.5,0.0
2023-04-04T06:00:00+02:00,0.0,328.9,98.5,0.0
2023-04-04T07:00:00+02:00,0.0,336.6,89.1,0.0
2023-04-04T08:00:00+02:00,0.0,339.5,83.4,0.0
2023-04-04T09:00:00+02:00,0.0,337.1,91.8,0.0
2023-04-04T10:00:00+02:00,0.0,333.1,86.4,0.0
2023-04-04T11:00:00+02:00,0.0,333.6,86.4,0.0
2023-04-04T12:00:00+02:00,0.0,154.9,101.4,0.0
2023-04-04T13:00:00+02:00,0.0,146.1,105.8,0.0
2023-04-04T14:00:00+02:00,0.0,148.5,90.1,0.0
2023-04-04T15:00:00+02:00,0.0,145.8,88.7,0.0
2023-04-04T16:00:00+02:00,0.0,271.6,107.1,0.0
2023-04-04T17:00:00+02:00,0.0,333.3,107.9,0.0
2023-04-04T18:00:00+02:00,0.0,334.3,112.9,0.0
2023-04-04T19:00:00+02:00,0.0,328.9,116.2,0.0
2023-04-04T20:00:00+02:00,0.0,329.1,98.8,0.0
2023-04-04T21:00:00+02:00,0.0,331.5,88.9,0.0
2023-04-04T22:00:00+02:00,0.0,334.7,81.3,0.0
2023-04-04T23:00:00+02:00,0.0,322.9,91.1,0.0
2023-04-05T00:00:00+02:00,0.0,92.0,102.2,0.0
2023-04-05T01:00:00+02:00,0.0,53.1,96.3,0.0
2023-04-05T02:00:00+02:00,0.0,36.0,84.1,0.0
2023-04-05T03:00:00+02:00,0.0,37.4,74.4,0.0
2023-04-05T04:00:00+02:00,0.0,43.6,66.0,0.0
2023-04-05T05:00:00+02:00,0.0,199.4,64.3,0.0
2023-04-05T06:00:00+02:00,0.0,336.1,61.7,0.0
2023-04-05T07:00:00+02:00,0.0,342.6,49.5,0.0
2023-04-05T08:00:00+02:00,0.0,338.3,50.7,0.0
2023-04-05T09:00:00+02:00,0.0,337.2,59.8,0.0
2023-04-05T10:00:00+02:00,0.0,283.7,54.0,0.0
2023-04-05T11:00:00+02:00,0.0,249.1,37.4,0.0
2023-04-05T12:00:00+02:00,0.0,247.1,25.6,0.0
2023-04-05T13:00:00+02:00,0.0,246.9,14.8,0.0
2023-04-05T14:00:00+02:00,0.0,232.4,8.3,0.0
2023-04-05T15:00:00+02:00,0.0,237.4,8.1,0.0
2023-04-05T16:00:00+02:00,0.0,234.8,5.5,0.0
2023-04-05T17:00:00+02:00,0.0,330.4,5.5,0.0
2023-04-05T18:00:00+02:00,0.0,346.7,13.5,0.0
2023-04-05T19:00:00+02:00,0.0,339.4,30.1,0.0
2023-04-05T20:00:00+02:00,0.0,326.7,32.6,0.0
2023-04-05T21:00:00+02:00,0.0,327.3,33.6,0.0
2023-04-05T22:00:00+02:00,0.0,335.2,30.8,0.0
2023-04-05T23:00:00+02:00,0.0,327.2,23.9,0.0
2023-04-06T00:00:00+02:00,0.0,168.5,21.1,0.0
2023-04-06T01:00:00+02:00,0.0,115.8,18.7,0.0
2023-04-06T02:00:00+02:00,0.0,70.5,22.6,0.0
2023-04-06T03:00:00+02:00,0.0,67.3,20.5,0.0
2023-04-06T04:00:00+02:00,0.0,66.7,20.2,0.0
2023-04-06T05:00:00+02:00,0.0,71.2,23.2,0.0
2023-04-06T06:00:00+02:00,0.0,325.4,15.7,0.0
2023-04-06T07:00:00+02:00,0.0,343.4,36.4,0.0
2023-04-06T08:00:00+02:00,0.0,345.7,35.0,0.0
2023-04-06T09:00:00+02:00,0.0,275.3,50.6,0.0
2023-04-06T10:00:00+02:00,0.0,210.5,43.1,0.0
2023-04-06T11:00:00+02:00,0.0,141.7,47.8,0.0
2023-04-06T12:00:00+02:00,0.0,63.7,35.9,0.0
2023-04-06T13:00:00+02:00,0.0,66.8,30.3,0.0
2023-04-06T14:00:00+02:00,0.0,55.7,29.3,0.0
2023-04-06T15:00:00+02:00,0.0,125.3,30.5,0.0
2023-04-06T16:00:00+02:00,0.0,181.0,31.1,0.0
2023-04-06T17:00:00+02:00,0.0,195.4,38.0,0.0
2023-04-06T18:00:00+02:00,0.0,324.8,44.7,0.0
2023-04-06T19:00:00+02:00,0.0,324.9,52.8,0.0
2023-04-06T20:00:00+02:00,0.0,321.4,59.6,0.0
2023-04-06T21:00:00+02:00,0.0,322.8,58.8,0.0
2023-04-06T22:00:00+02:00,0.0,285.4,48.1,0.0
2023-04-06T23:00:00+02:00,0.0,200.0,50.2,0.0
2023-04-07T00:00:00+02:00,0.0,42.5,39.9,0.0
2023-04-07T01:00:00+02:00,0.0,39.0,39.7,0.0
2023-04-07T02:00:00+02:00,0.0,26.2,61.1,0.0
2023-04-07T03:00:00+02:00,0.0,30.3,54.8,0.0
2023-04-07T04:00:00+02:00,0.0,40.6,52.9,0.0
2023-04-07T05:00:00+02:00,0.0,29.1,56.5,0.0
2023-04-07T06:00:00+02:00,0.0,40.8,62.6,0.0
2023-04-07T07:00:00+02:00,0.0,310.0,30.7,0.0
2023-04-07T08:00:00+02:00,0.0,305.5,17.4,0.0
2023-04-07T09:00:00+02:00,0.0,228.8,5.0,0.0
2023-04-07T10:00:00+02:00,0.0,144.9,0.3,0.0
2023-04-07T11:00:00+02:00,0.0,135.9,2.4,0.0
2023-04-07T12:00:00+02:00,0.0,126.0,6.5,0.0
2023-04-07T13:00:00+02:00,0.0,130.0,15.1,0.0
2023-04-07T14:00:00+02:00,0.0,133.7,19.2,0.0
2023-04-07T15:00:00+02:00,0.0,139.6,22.9,0.0
2023-04-07T16:00:00+02:00,0.0,139.0,25.2,0.0
2023-04-07T17:00:00+02:00,0.0,136.3,24.3,0.0
2023-04-07T18:00:00+02:00,0.0,222.9,18.8,0.0
2023-04-07T19:00:00+02:00,0.0,294.4,15.2,0.0
2023-04-07T20:00:00+02:00,0.0,296.4,7.7,0.0
2023-04-07T21:00:00+02:00,0.0,266.0,3.5,0.0
2023-04-07T22:00:00+02:00,0.0,253.0,6.0,0.0
2023-04-07T23:00:00+02:00,0.0,172.4,1.4,0.0
2023-04-08T00:00:00+02:00,0.0,93.8,0.0,0.0
2023-04-08T01:00:00+02:00,0.0,0.6,0.0,0.0
2023-04-08T02:00:00+02:00,0.0,0.0,0.0,0.0
2023-04-08T03:00:00+02:00,0.0,0.0,0.0,0.0
2023-04-08T04:00:00+02:00,0.0,0.0,0.0,0.0
2023-04-08T05:00:00+02:00,0.0,0.0,0.0,0.0
2023-04-08T06:00:00+02:00,0.0,46.8,0.0,0.0
2023-04-08T07:00:00+02:00,0.0,188.1,0.0,0.0
2023-04-08T08:00:00+02:00,0.0,226.2,0.0,0.0
2023-04-08T09:00:00+02:00,0.0,249.0,0.0,0.0
2023-04-08T10:00:00+02:00,0.0,108.4,0.0,0.0
2023-04-08T11:00:00+02:00,0.0,35.3,0.0,0.0
2023-04-08T12:00:00+02:00,0.0,36.6,2.5,0.0
2023-04-08T13:00:00+02:00,0.0,36.5,2.8,0.0
2023-04-08T14:00:00+02:00,0.0,35.6,1.8,0.0
2023-04-08T15:00:00+02:00,0.0,26.7,4.1,0.0
2023-04-08T16:00:00+02:00,0.0,20.6,2.6,0.0
2023-04-08T17:00:00+02:00,0.0,54.5,1.7,0.0
2023-04-08T18:00:00+02:00,0.0,235.4,0.1,0.0
2023-04-08T19:00:00+02:00,0.0,265.3,0.0,0.0
2023-04-08T20:00:00+02:00,0.0,282.9,0.3,0.0
2023-04-08T21:00:00+02:00,0.0,279.4,1.2,0.0
2023-04-08T22:00:00+02:00,0.0,253.1,2.5,0.0
2023-04-08T23:00:00+02:00,0.0,223.5,3.2,0.0
2023-04-09T00:00:00+02:00,0.0,139.2,1.8,0.0
2023-04-09T01:00:00+02:00,0.0,0.4,4.5,0.0
2023-04-09T02:00:00+02:00,0.0,0.0,12.4,0.0
2023-04-09T03:00:00+02:00,0.0,0.0,35.4,0.0
2023-04-09T04:00:00+02:00,0.0,0.0,49.8,0.0
2023-04-09T05:00:00+02:00,0.0,0.4,53.0,0.0
2023-04-09T06:00:00+02:00,0.0,21.5,53.7,0.0
2023-04-09T07:00:00+02:00,0.0,32.6,55.2,0.0
2023-04-09T08:00:00+02:00,0.0,44.7,56.0,0.0
2023-04-09T09:00:00+02:00,0.0,40.2,51.0,0.0
2023-04-09T10:00:00+02:00,0.0,25.1,38.5,0.0
2023-04-09T11:00:00+02:00,0.0,37.5,22.4,0.0
2023-04-09T12:00:00+02:00,0.0,34.3,37.4,0.0
2023-04-09T13:00:00+02:00,0.0,43.4,38.4,0.0
2023-04-09T14:00:00+02:00,0.0,44.0,30.9,0.0
2023-04-09T15:00:00+02:00,0.0,52.4,35.2,0.0
2023-04-09T16:00:00+02:00,0.0,52.3,35.3,0.0
2023-04-09T17:00:00+02:00,0.0,42.6,62.8,0.0
2023-04-09T18:00:00+02:00,0.0,208.0,80.8,0.0
2023-04-09T19:00:00+02:00,0.0,241.3,72.8,0.0
2023-04-09T20:00:00+02:00,0.0,238.7,80.1,0.0
2023-04-09T21:00:00+02:00,0.0,233.8,73.3,0.0
2023-04-09T22:00:00+02:00,0.0,227.2,50.3,0.0
2023-04-09T23:00:00+02:00,0.0,42.0,44.2,0.0
2023-04-10T00:00:00+02:00,0.0,60.6,46.9,0.0
2023-04-10T01:00:00+02:00,0.0,22.7,51.7,0.0
2023-04-10T02:00:00+02:00,0.0,0.0,62.6,0.0
2023-04-10T03:00:00+02:00,0.0,0.0,60.2,0.0
2023-04-10T04:00:00+02:00,0.0,0.0,57.0,0.0
2023-04-10T05:00:00+02:00,0.0,0.5,71.5,0.0
2023-04-10T06:00:00+02:00,0.0,21.6,94.9,0.0
2023-04-10T07:00:00+02:00,0.0,90.4,105.9,0.0
2023-04-10T08:00:00+02:00,0.0,115.5,104.1,0.0
2023-04-10T09:00:00+02:00,0.0,91.6,97.9,0.0
2023-04-10T10:00:00+02:00,0.0,58.5,92.0,0.0
2023-04-10T11:00:00+02:00,0.0,49.7,100.0,0.0
2023-04-10T12:00:00+02:00,0.0,28.1,102.8,0.0
2023-04-10T13:00:00+02:00,0.0,39.6,89.4,0.0
2023-04-10T14:00:00+02:00,0.0,30.9,92.3,0.0
2023-04-10T15:00:00+02:00,0.0,46.4,62.0,0.0
2023-04-10T16:00:00+02:00,0.0,60.6,61.8,0.0
2023-04-10T17:00:00+02:00,0.0,81.7,62.9,0.0
2023-04-10T18:00:00+02:00,0.0,102.3,65.2,0.0
2023-04-10T19:00:00+02:00,0.0,135.3,76.2,0.0
2023-04-10T20:00:00+02:00,0.0,133.5,87.8,0.0
2023-04-10T21:00:00+02:00,0.0,130.3,84.7,0.0
2023-04-10T22:00:00+02:00,0.0,107.3,88.2,0.0
2023-04-10T23:00:00+02:00,0.0,43.1,84.5,0.0
2023-04-11T00:00:00+02:00,0.0,0.0,88.5,0.0
2023-04-11T01:00:00+02:00,0.0,0.0,90.8,0.0
2023-04-11T02:00:00+02:00,0.0,0.0,70.7,0.0
2023-04-11T03:00:00+02:00,0.0,0.0,52.7,0.0
2023-04-11T04:00:00+02:00,0.0,0.0,55.6,0.0
2023-04-11T05:00:00+02:00,0.0,0.0,84.5,0.0
2023-04-11T06:00:00+02:00,0.0,0.2,67.9,0.0
2023-04-11T07:00:00+02:00,0.0,82.7,46.4,0.0
2023-04-11T08:00:00+02:00,0.0,117.7,58.9,0.0
2023-04-11T09:00:00+02:00,0.0,97.6,44.2,0.0
2023-04-11T10:00:00+02:00,0.0,38.9,35.1,0.0
2023-04-11T11:00:00+02:00,0.0,41.3,33.9,0.0
2023-04-11T12:00:00+02:00,0.0,24.1,43.7,0.0
2023-04-11T13:00:00+02:00,0.0,37.3,49.9,0.0
2023-04-11T14:00:00+02:00,0.0,30.4,34.9,0.0
2023-04-11T15:00:00+02:00,0.0,40.2,32.3,0.0
2023-04-11T16:00:00+02:00,0.0,42.5,32.6,0.0
2023-04-11T17:00:00+02:00,0.0,53.3,39.8,0.0
2023-04-11T18:00:00+02:00,0.0,125.3,42.0,0.0
2023-04-11T19:00:00+02:00,0.0,160.6,38.0,0.0
2023-04-11T20:00:00+02:00,0.0,166.1,37.5,0.0
2023-04-11T21:00:00+02:00,0.0,173.7,29.9,0.0
2023-04-11T22:00:00+02:00,0.0,112.2,24.0,0.0
2023-04-11T23:00:00+02:00,0.0,54.4,15.3,0.0
2023-04-12T00:00:00+02:00,0.0,0.0,7.4,0.0
2023-04-12T01:00:00+02:00,0.0,0.0,5.6,0.0
2023-04-12T02:00:00+02:00,0.0,0.0,7.3,0.0
2023-04-12T03:00:00+02:00,0.0,0.0,21.1,0.0
2023-04-12T04:00:00+02:00,0.0,0.0,8.1,0.0
2023-04-12T05:00:00+02:00,0.0,0.1,6.1,0.0
2023-04-12T06:00:00+02:00,0.0,59.7,3.2,0.0
2023-04-12T07:00:00+02:00,0.0,130.6,3.4,0.0
2023-04-12T08:00:00+02:00,0.0,145.5,18.3,0.0
2023-04-12T09:00:00+02:00,0.0,159.0,5.9,0.0
2023-04-12T10:00:00+02:00,0.0,38.7,2.7,0.0
2023-04-12T11:00:00+02:00,0.0,23.0,9.6,0.0
2023-04-12T12:00:00+02:00,0.0,17.4,23.0,0.0
2023-04-12T13:00:00+02:00,0.0,27.3,23.4,0.0
2023-04-12T14:00:00+02:00,0.0,22.3,17.5,0.0
2023-04-12T15:00:00+02:00,0.0,21.1,23.6,0.0
2023-04-12T16:00:00+02:00,0.0,25.9,14.3,0.0
2023-04-12T17:00:00+02:00,0.0,66.8,8.7,0.0
2023-04-12T18:00:00+02:00,0.0,134.5,5.2,0.0
2023-04-12T19:00:00+02:00,0.0,265.9,5.5,0.0
2023-04-12T20:00:00+02:00,0.0,270.1,4.7,0.0
2023-04-12T21:00:00+02:00,0.0,190.8,0.2,0.0
2023-04-12T22:00:00+02:00,0.0,29.4,0.3,0.0
2023-04-12T23:00:00+02:00,0.0,30.9,0.3,0.0
2023-04-13T00:00:00+02:00,0.0,0.0,3.3,0.0
2023-04-13T01:00:00+02:00,0.0,0.0,3.8,0.0
2023-04-13T02:00:00+02:00,0.0,0.0,3.6,0.0
2023-04-13T03:00:00+02:00,0.0,0.0,5.5,0.0
2023-04-13T04:00:00+02:00,0.0,0.0,4.0,0.0
2023-04-13T05:00:00+02:00,0.0,0.0,6.8,0.0
2023-04-13T06:00:00+02:00,0.0,55.5,9.8,0.0
2023-04-13T07:00:00+02:00,0.0,114.7,11.3,0.0
2023-04-13T08:00:00+02:00,0.0,125.5,18.8,0.0
2023-04-13T09:00:00+02:00,0.0,124.8,22.2,0.0
2023-04-13T10:00:00+02:00,0.0,26.9,27.4,0.0
2023-04-13T11:00:00+02:00,0.0,33.1,40.4,0.0
2023-04-13T12:00:00+02:00,0.0,46.6,42.4,0.0
2023-04-13T13:00:00+02:00,0.0,36.5,67.1,0.0
2023-04-13T14:00:00+02:00,0.0,18.0,96.7,0.0
2023-04-13T15:00:00+02:00,0.0,21.5,89.1,0.0
2023-04-13T16:00:00+02:00,0.0,20.0,85.6,0.0
2023-04-13T17:00:00+02:00,0.0,29.8,91.6,0.0
2023-04-13T18:00:00+02:00,0.0,40.1,108.9,0.0
2023-04-13T19:00:00+02:00,0.0,230.7,116.9,0.0
2023-04-13T20:00:00+02:00,0.0,225.2,115.2,0.0
2023-04-13T21:00:00+02:00,0.0,121.9,116.6,0.0
2023-04-13T22:00:00+02:00,0.0,54.9,95.2,0.0
2023-04-13T23:00:00+02:00,0.0,46.3,81.7,0.0
2023-04-14T00:00:00+02:00,0.0,0.0,84.4,0.0
2023-04-14T01:00:00+02:00,0.0,0.0,91.8,0.0
2023-04-14T02:00:00+02:00,0.0,0.0,103.4,0.0
2023-04-14T03:00:00+02:00,0.0,0.0,110.9,0.0
2023-04-14T04:00:00+02:00,0.0,0.0,62.0,0.0
2023-04-14T05:00:00+02:00,0.0,0.3,73.1,0.0
2023-04-14T06:00:00+02:00,0.0,65.8,56.5,0.0
2023-04-14T07:00:00+02:00,0.0,293.6,31.6,0.0
2023-04-14T08:00:00+02:00,0.0,292.6,41.8,0.0
2023-04-14T09:00:00+02:00,0.0,177.6,77.6,0.0
2023-04-14T10:00:00+02:00,0.0,72.2,94.3,0.0
2023-04-14T11:00:00+02:00,0.0,65.4,74.3,0.0
2023-04-14T12:00:00+02:00,0.0,52.3,93.0,0.0
2023-04-14T13:00:00+02:00,0.0,36.8,112.6,0.0
2023-04-14T14:00:00+02:00,0.0,37.3,115.7,0.0
2023-04-14T15:00:00+02:00,0.0,35.1,111.0,0.0
2023-04-14T16:00:00+02:00,0.0,45.9,93.8,0.0
2023-04-14T17:00:00+02:00,0.0,69.7,77.6,0.0
2023-04-14T18:00:00+02:00,0.0,83.3,63.9,0.0
2023-04-14T19:00:00+02:00,0.0,219.6,39.3,0.0
2023-04-14T20:00:00+02:00,0.0,286.5,47.1,0.0
2023-04-14T21:00:00+02:00,0.0,104.0,73.9,0.0
2023-04-14T22:00:00+02:00,0.0,80.3,75.5,0.0
2023-04-14T23:00:00+02:00,0.0,82.4,48.5,0.0
2023-04-15T00:00:00+02:00,0.0,60.6,45.2,0.0
2023-04-15T01:00:00+02:00,0.0,52.0,59.1,0.0
2023-04-15T02:00:00+02:00,0.0,56.7,50.8,0.0
2023-04-15T03:00:00+02:00,0.0,46.7,73.5,0.0
2023-04-15T04:00:00+02:00,0.0,52.5,77.7,0.0
2023-04-15T05:00:00+02:00,0.0,45.4,80.5,0.0
2023-04-15T06:00:00+02:00,0.0,46.6,76.0,0.0
2023-04-15T07:00:00+02:00,0.0,46.2,87.9,0.0
2023-04-15T08:00:00+02:00,0.0,55.8,88.2,0.0
2023-04-15T09:00:00+02:00,0.0,121.0,79.2,0.0
2023-04-15T10:00:00+02:00,0.0,123.7,67.8,0.0
2023-04-15T11:00:00+02:00,0.0,111.9,67.8,0.0
2023-04-15T12:00:00+02:00,0.0,121.0,72.8,0.0
2023-04-15T13:00:00+02:00,0.0,108.0,74.0,0.0
2023-04-15T14:00:00+02:00,0.0,100.8,77.3,0.0
2023-04-15T15:00:00+02:00,0.0,98.8,74.9,0.0
2023-04-15T16:00:00+02:00,0.0,77.0,76.3,0.0
2023-04-15T17:00:00+02:00,0.0,122.4,48.2,0.0
2023-04-15T18:00:00+02:00,0.0,133.2,38.9,0.0
2023-04-15T19:00:00+02:00,0.0,309.1,42.9,0.0
2023-04-15T20:00:00+02:00,0.0,321.2,47.3,0.0
2023-04-15T21:00:00+02:00,0.0,210.0,49.9,0.0
2023-04-15T22:00:00+02:00,0.0,127.4,41.9,0.0
2023-04-15T23:00:00+02:00,0.0,116.3,48.3,0.0
2023-04-16T00:00:00+02:00,0.0,128.3,59.6,0.0
2023-04-16T01:00:00+02:00,0.0,132.8,31.0,0.0
2023-04-16T02:00:00+02:00,0.0,142.6,12.0,0.0
2023-04-16T03:00:00+02:00,0.0,134.7,14.3,0.0
2023-04-16T04:00:00+02:00,0.0,128.3,18.9,0.0
2023-04-16T05:00:00+02:00,0.0,125.0,15.8,0.0
2023-04-16T06:00:00+02:00,0.0,119.8,34.5,0.0
2023-04-16T07:00:00+02:00,0.0,133.3,28.1,0.0
2023-04-16T08:00:00+02:00,0.0,147.8,12.1,0.0
2023-04-16T09:00:00+02:00,0.0,140.2,11.8,0.0
2023-04-16T10:00:00+02:00,0.0,138.0,9.9,0.0
2023-04-16T11:00:00+02:00,0.0,134.1,7.0,0.0
2023-04-16T12:00:00+02:00,0.0,132.6,5.9,0.0
2023-04-16T13:00:00+02:00,0.0,141.3,2.4,0.0
2023-04-16T14:00:00+02:00,0.0,137.2,0.0,0.0
2023-04-16T15:00:00+02:00,0.0,135.7,0.1,0.0
2023-04-16T16:00:00+02:00,0.0,137.4,0.4,0.0
2023-04-16T17:00:00+02:00,0.0,146.0,0.5,0.0
2023-04-16T18:00:00+02:00,0.0,128.2,15.8,0.0
2023-04-16T19:00:00+02:00,0.0,289.4,36.4,0.0
2023-04-16T20:00:00+02:00,0.0,349.2,27.8,0.0
2023-04-16T21:00:00+02:00,0.0,132.0,21.0,0.0
2023-04-16T22:00:00+02:00,0.0,136.0,16.8,0.0
2023-04-16T23:00:00+02:00,0.0,124.4,22.2,0.0
2023-04-17T00:00:00+02:00,0.0,114.3,24.4,0.0
2023-04-17T01:00:00+02:00,0.0,119.7,19.2,0.0
2023-04-17T02:00:00+02:00,0.0,121.7,15.8,0.0
2023-04-17T03:00:00+02:00,0.0,126.3,15.8,0.0
2023-04-17T04:00:00+02:00,0.0,126.9,18.0,0.0
2023-04-17T05:00:00+02:00,0.0,118.1,32.9,0.0
2023-04-17T06:00:00+02:00,0.0,117.9,46.3,0.0
2023-04-17T07:00:00+02:00,0.0,124.0,39.6,0.0
2023-04-17T08:00:00+02:00,0.0,196.2,37.6,0.0
2023-04-17T09:00:00+02:00,0.0,145.1,32.0,0.0
2023-04-17T10:00:00+02:00,0.0,135.8,26.3,0.0
2023-04-17T11:00:00+02:00,0.0,125.5,30.4,0.0
2023-04-17T12:00:00+02:00,0.0,129.3,19.2,0.0
2023-04-17T13:00:00+02:00,0.0,130.0,10.9,0.0
2023-04-17T14:00:00+02:00,0.0,127.9,9.8,0.0
2023-04-17T15:00:00+02:00,0.0,117.6,12.7,0.0
2023-04-17T16:00:00+02:00,0.0,115.9,14.6,0.0
2023-04-17T17:00:00+02:00,0.0,135.9,17.6,0.0
2023-04-17T18:00:00+02:00,0.0,206.7,14.2,0.0
2023-04-17T19:00:00+02:00,0.0,330.7,13.8,0.0
2023-04-17T20:00:00+02:00,0.0,311.1,22.0,0.0
2023-04-17T21:00:00+02:00,0.0,329.0,17.4,0.0
2023-04-17T22:00:00+02:00,0.0,122.3,11.4,0.0
2023-04-17T23:00:00+02:00,0.0,118.6,11.5,0.0
2023-04-18T00:00:00+02:00,0.0,144.7,3.1,0.0
2023-05-01T00:00:00+02:00,0.0,184.8,50.4,0.0
2023-05-01T01:00:00+02:00,0.0,151.2,55.4,0.0
2023-05-01T02:00:00+02:00,0.0,125.2,62.6,0.0
2023-05-01T03:00:00+02:00,0.0,119.5,64.9,0.0
2023-05-01T04:00:00+02:00,0.0,115.6,70.6,0.0
2023-05-01T05:00:00+02:00,0.0,107.9,65.4,0.0
2023-05-01T06:00:00+02:00,0.0,116.4,67.9,0.0
2023-05-01T07:00:00+02:00,0.0,171.3,57.7,0.0
2023-05-01T08:00:00+02:00,0.0,230.6,53.9,0.0
2023-05-01T09:00:00+02:00,0.0,227.0,49.6,0.0
2023-05-01T10:00:00+02:00,0.0,147.0,42.3,0.0
2023-05-01T11:00:00+02:00,0.0,152.6,19.3,0.0
2023-05-01T12:00:00+02:00,0.0,158.6,2.1,0.0
2023-05-01T13:00:00+02:00,0.0,153.8,0.0,0.0
2023-05-01T14:00:00+02:00,0.0,146.1,3.1,0.0
2023-05-01T15:00:00+02:00,0.0,144.1,4.0,0.0
2023-05-01T16:00:00+02:00,0.0,129.9,13.1,0.0
2023-05-01T17:00:00+02:00,0.0,208.1,18.4,0.0
2023-05-01T18:00:00+02:00,0.0,216.6,23.6,0.0
2023-05-01T19:00:00+02:00,0.0,290.5,19.8,0.0
2023-05-01T20:00:00+02:00,0.0,311.3,6.8,0.0
2023-05-01T21:00:00+02:00,0.0,312.2,1.3,0.0
2023-05-01T22:00:00+02:00,0.0,284.8,1.6,0.0
2023-05-01T23:00:00+02:00,0.0,243.9,2.4,0.0
2023-05-02T00:00:00+02:00,0.0,206.1,6.7,0.0
2023-05-02T01:00:00+02:00,0.0,187.3,13.9,0.0
2023-05-02T02:00:00+02:00,0.0,146.6,17.0,0.0
2023-05-02T03:00:00+02:00,0.0,141.4,22.0,0.0
2023-05-02T04:00:00+02:00,0.0,139.9,22.6,0.0
2023-05-02T05:00:00+02:00,0.0,116.3,31.3,0.0
2023-05-02T06:00:00+02:00,0.0,138.4,36.1,0.0
2023-05-02T07:00:00+02:00,0.0,274.9,42.9,0.0
2023-05-02T08:00:00+02:00,0.0,281.9,36.7,0.0
2023-05-02T09:00:00+02:00,0.0,231.1,35.0,0.0
2023-05-02T10:00:00+02:00,0.0,242.2,38.7,0.0
2023-05-02T11:00:00+02:00,0.0,234.8,46.5,0.0
2023-05-02T12:00:00+02:00,0.0,238.4,43.9,0.0
2023-05-02T13:00:00+02:00,0.0,239.9,30.3,0.0
2023-05-02T14:00:00+02:00,0.0,244.8,16.2,0.0
2023-05-02T15:00:00+02:00,0.0,239.3,11.6,0.0
2023-05-02T16:00:00+02:00,0.0,229.1,21.1,0.0
2023-05-02T17:00:00+02:00,0.0,213.0,44.0,0.0
2023-05-02T18:00:00+02:00,0.0,244.0,25.1,0.0
2023-05-02T19:00:00+02:00,0.0,276.7,23.0,0.0
2023-05-02T20:00:00+02:00,0.0,299.6,7.2,0.0
2023-05-02T21:00:00+02:00,0.0,289.8,10.5,0.0
2023-05-02T22:00:00+02:00,0.0,266.3,9.7,0.0
2023-05-02T23:00:00+02:00,0.0,238.8,17.4,0.0
2023-05-03T00:00:00+02:00,0.0,196.2,34.2,0.0
2023-05-03T01:00:00+02:00,0.0,172.6,48.1,0.0
2023-05-03T02:00:00+02:00,0.0,131.3,46.5,0.0
2023-05-03T03:00:00+02:00,0.0,115.6,46.5,0.0
2023-05-03T04:00:00+02:00,0.0,113.3,47.7,0.0
2023-05-03T05:00:00+02:00,0.0,131.9,47.9,0.0
2023-05-03T06:00:00+02:00,0.0,271.0,47.3,0.0
2023-05-03T07:00:00+02:00,0.0,272.2,46.3,0.0
2023-05-03T08:00:00+02:00,0.0,270.9,45.9,0.0
2023-05-03T09:00:00+02:00,0.0,251.2,44.7,0.0
2023-05-03T10:00:00+02:00,0.0,276.0,41.3,0.0
2023-05-03T11:00:00+02:00,0.0,267.8,41.5,0.0
2023-05-03T12:00:00+02:00,0.0,152.0,37.9,0.0
2023-05-03T13:00:00+02:00,0.0,105.8,44.5,0.0
2023-05-03T14:00:00+02:00,0.0,94.7,31.3,0.0
2023-05-03T15:00:00+02:00,0.0,104.5,18.8,0.0
2023-05-03T16:00:00+02:00,0.0,150.9,9.0,0.0
2023-05-03T17:00:00+02:00,0.0,248.4,10.8,0.0
2023-05-03T18:00:00+02:00,0.0,273.8,9.6,0.0
2023-05-03T19:00:00+02:00,0.0,301.2,2.5,0.0
2023-05-03T20:00:00+02:00,0.0,312.9,3.6,0.0
2023-05-03T21:00:00+02:00,0.0,294.4,5.4,0.0
2023-05-03T22:00:00+02:00,0.0,273.0,8.7,0.0
2023-05-03T23:00:00+02:00,0.0,262.4,7.8,0.0
2023-05-04T00:00:00+02:00,0.0,213.1,7.8,0.0
2023-05-04T01:00:00+02:00,0.0,170.2,12.3,0.0
2023-05-04T02:00:00+02:00,0.0,152.8,9.2,0.0
2023-05-04T03:00:00+02:00,0.0,143.5,5.3,0.0
2023-05-04T04:00:00+02:00,0.0,132.3,14.8,0.0
2023-05-04T05:00:00+02:00,0.0,131.1,28.3,0.0
2023-05-04T06:00:00+02:00,0.0,166.6,41.7,0.0
2023-05-04T07:00:00+02:00,0.0,221.8,49.9,0.0
2023-05-04T08:00:00+02:00,0.0,239.0,48.6,0.0
2023-05-04T09:00:00+02:00,0.0,251.2,47.9,0.0
2023-05-04T10:00:00+02:00,0.0,247.1,64.3,0.0
2023-05-04T11:00:00+02:00,0.0,31.2,51.1,0.0
2023-05-04T12:00:00+02:00,0.0,32.2,40.1,0.0
2023-05-04T13:00:00+02:00,0.0,29.0,35.6,0.0
2023-05-04T14:00:00+02:00,0.0,18.3,43.8,0.0
2023-05-04T15:00:00+02:00,0.0,17.5,63.4,0.0
2023-05-04T16:00:00+02:00,0.0,108.5,62.4,0.0
2023-05-04T17:00:00+02:00,0.0,217.5,56.4,0.0
2023-05-04T18:00:00+02:00,0.0,225.2,47.7,0.0
2023-05-04T19:00:00+02:00,0.0,230.3,69.4,0.0
2023-05-04T20:00:00+02:00,0.0,247.4,70.9,0.0
2023-05-04T21:00:00+02:00,0.0,220.4,83.8,0.0
2023-05-04T22:00:00+02:00,0.0,195.9,92.0,0.0
2023-05-04T23:00:00+02:00,0.0,182.4,94.4,0.0
2023-05-05T00:00:00+02:00,0.0,145.8,99.0,0.0
2023-05-05T01:00:00+02:00,0.0,121.9,87.8,0.0
2023-05-05T02:00:00+02:00,0.0,100.4,82.4,0.0
2023-05-05T03:00:00+02:00,0.0,110.2,60.6,0.0
2023-05-05T04:00:00+02:00,0.0,109.2,62.8,0.0
2023-05-05T05:00:00+02:00,0.0,114.7,60.1,0.0
2023-05-05T06:00:00+02:00,0.0,157.8,36.3,0.0
2023-05-05T07:00:00+02:00,0.0,203.9,58.6,0.0
2023-05-05T08:00:00+02:00,0.0,209.3,94.8,0.0
2023-05-05T09:00:00+02:00,0.0,191.7,97.4,0.0
2023-05-05T10:00:00+02:00,0.0,103.3,62.4,0.0
2023-05-05T11:00:00+02:00,0.0,18.8,62.6,0.0
2023-05-05T12:00:00+02:00,0.0,20.2,50.3,0.0
2023-05-05T13:00:00+02:00,0.0,23.5,33.3,0.0
2023-05-05T14:00:00+02:00,0.0,31.5,35.4,0.0
2023-05-05T15:00:00+02:00,0.0,36.7,30.9,0.0
2023-05-05T16:00:00+02:00,0.0,235.6,27.4,0.0
2023-05-05T17:00:00+02:00,0.0,245.7,17.9,0.0
2023-05-05T18:00:00+02:00,0.0,249.1,19.1,0.0
2023-05-05T19:00:00+02:00,0.0,291.9,21.3,0.0
2023-05-05T20:00:00+02:00,0.0,297.3,13.0,0.0
2023-05-05T21:00:00+02:00,0.0,279.6,14.1,0.0
2023-05-05T22:00:00+02:00,0.0,268.1,18.4,0.0
2023-05-05T23:00:00+02:00,0.0,241.8,28.8,0.0
2023-05-06T00:00:00+02:00,0.0,129.2,45.5,0.0
2023-05-06T01:00:00+02:00,0.0,96.2,36.8,0.0
2023-05-06T02:00:00+02:00,0.0,86.1,36.2,0.0
2023-05-06T03:00:00+02:00,0.0,43.9,15.3,0.0
2023-05-06T04:00:00+02:00,0.0,50.9,7.4,0.0
2023-05-06T05:00:00+02:00,0.0,48.0,8.1,0.0
2023-05-06T06:00:00+02:00,0.0,114.4,5.7,0.0
2023-05-06T07:00:00+02:00,0.0,160.1,6.1,0.0
2023-05-06T08:00:00+02:00,0.0,189.1,7.6,0.0
2023-05-06T09:00:00+02:00,0.0,124.6,6.1,0.0
2023-05-06T10:00:00+02:00,0.0,43.6,10.3,0.0
2023-05-06T11:00:00+02:00,0.0,43.0,7.2,0.0
2023-05-06T12:00:00+02:00,0.0,38.8,9.4,0.0
2023-05-06T13:00:00+02:00,0.0,34.0,6.0,0.0
2023-05-06T14:00:00+02:00,0.0,26.8,8.0,0.0
2023-05-06T15:00:00+02:00,0.0,42.6,13.7,0.0
2023-05-06T16:00:00+02:00,0.0,33.4,20.7,0.0
2023-05-06T17:00:00+02:00,0.0,96.1,21.7,0.0
2023-05-06T18:00:00+02:00,0.0,168.2,18.0,0.0
2023-05-06T19:00:00+02:00,0.0,220.1,10.0,0.0
2023-05-06T20:00:00+02:00,0.0,251.0,7.2,0.0
2023-05-06T21:00:00+02:00,0.0,244.5,0.3,0.0
2023-05-06T22:00:00+02:00,0.0,200.1,0.0,0.0
2023-05-06T23:00:00+02:00,0.0,191.1,3.7,0.0
2023-05-07T00:00:00+02:00,0.0,163.5,9.3,0.0
2023-05-07T01:00:00+02:00,0.0,86.8,5.8,0.0
2023-05-07T02:00:00+02:00,0.0,31.1,7.1,0.0
2023-05-07T03:00:00+02:00,0.0,36.2,4.9,0.0
2023-05-07T04:00:00+02:00,0.0,31.3,4.2,0.0
2023-05-07T05:00:00+02:00,0.0,43.4,5.0,0.0
2023-05-07T06:00:00+02:00,0.0,41.8,3.9,0.0
2023-05-07T07:00:00+02:00,0.0,37.4,1.8,0.0
2023-05-07T08:00:00+02:00,0.0,37.3,1.1,0.0
2023-05-07T09:00:00+02:00,0.0,38.6,0.9,0.0
2023-05-07T10:00:00+02:00,0.0,41.6,1.6,0.0
2023-05-07T11:00:00+02:00,0.0,34.4,3.0,0.0
2023-05-07T12:00:00+02:00,0.0,35.5,4.2,0.0
2023-05-07T13:00:00+02:00,0.0,36.5,9.1,0.0
2023-05-07T14:00:00+02:00,0.0,31.6,6.6,0.0
2023-05-07T15:00:00+02:00,0.0,40.5,2.3,0.0
2023-05-07T16:00:00+02:00,0.0,40.1,0.7,0.0
2023-05-07T17:00:00+02:00,0.0,38.3,4.6,0.0
2023-05-07T18:00:00+02:00,0.0,181.7,12.4,0.0
2023-05-07T19:00:00+02:00,0.0,266.3,13.8,0.0
2023-05-07T20:00:00+02:00,0.0,269.6,9.4,0.0
2023-05-07T21:00:00+02:00,0.0,240.6,1.6,0.0
2023-05-07T22:00:00+02:00,0.0,224.4,0.7,0.0
2023-05-07T23:00:00+02:00,0.0,190.0,0.0,0.0
2023-05-08T00:00:00+02:00,0.0,183.5,0.0,0.0
2023-05-08T01:00:00+02:00,0.0,157.4,0.0,0.0
2023-05-08T02:00:00+02:00,0.0,46.9,0.0,0.0
2023-05-08T03:00:00+02:00,0.0,36.5,0.1,0.0
2023-05-08T04:00:00+02:00,0.0,23.2,0.0,0.0
2023-05-08T05:00:00+02:00,0.0,132.0,0.0,0.0
2023-05-08T06:00:00+02:00,0.0,194.0,0.0,0.0
2023-05-08T07:00:00+02:00,0.0,236.5,0.0,0.0
2023-05-08T08:00:00+02:00,0.0,264.7,0.0,0.0
2023-05-08T09:00:00+02:00,0.0,272.4,0.0,0.0
2023-05-08T10:00:00+02:00,0.0,275.1,0.0,0.0
2023-05-08T11:00:00+02:00,0.0,270.1,0.0,0.0
2023-05-08T12:00:00+02:00,0.0,263.2,1.6,0.0
2023-05-08T13:00:00+02:00,0.0,166.7,4.7,0.0
2023-05-08T14:00:00+02:00,0.0,34.6,0.9,0.0
2023-05-08T15:00:00+02:00,0.0,46.2,4.5,0.0
2023-05-08T16:00:00+02:00,0.0,241.6,1.0,0.0
2023-05-08T17:00:00+02:00,0.0,242.5,3.7,0.0
2023-05-08T18:00:00+02:00,0.0,245.2,4.6,0.0
2023-05-08T19:00:00+02:00,0.0,258.3,1.3,0.0
2023-05-08T20:00:00+02:00,0.0,284.9,1.5,0.0
2023-05-08T21:00:00+02:00,0.0,269.4,9.0,0.0
2023-05-08T22:00:00+02:00,0.0,234.2,21.9,0.0
2023-05-08T23:00:00+02:00,0.0,220.9,20.8,0.0
2023-05-09T00:00:00+02:00,0.0,184.0,30.2,0.0
2023-05-09T01:00:00+02:00,0.0,160.0,55.0,0.0
2023-05-09T02:00:00+02:00,0.0,125.4,62.1,0.0
2023-05-09T03:00:00+02:00,0.0,111.7,68.4,0.0
2023-05-09T04:00:00+02:00,0.0,106.8,67.5,0.0
2023-05-09T05:00:00+02:00,0.0,106.7,64.7,0.0
2023-05-09T06:00:00+02:00,0.0,152.1,64.8,0.0
2023-05-09T07:00:00+02:00,0.0,261.7,56.1,0.0
2023-05-09T08:00:00+02:00,0.0,239.8,64.4,0.0
2023-05-09T09:00:00+02:00,0.0,212.6,64.2,0.0
2023-05-09T10:00:00+02:00,0.0,214.8,49.9,0.0
2023-05-09T11:00:00+02:00,0.0,234.7,22.0,0.0
2023-05-09T12:00:00+02:00,0.0,139.1,19.8,0.0
2023-05-09T13:00:00+02:00,0.0,134.4,22.6,0.0
2023-05-09T14:00:00+02:00,0.0,133.5,22.0,0.0
2023-05-09T15:00:00+02:00,0.0,130.5,29.0,0.0
2023-05-09T16:00:00+02:00,0.0,214.3,43.4,0.0
2023-05-09T17:00:00+02:00,0.0,220.9,45.7,0.0
2023-05-09T18:00:00+02:00,0.0,260.6,46.2,0.0
2023-05-09T19:00:00+02:00,0.0,257.8,42.9,0.0
2023-05-09T20:00:00+02:00,0.0,265.6,45.6,0.0
2023-05-09T21:00:00+02:00,0.0,246.7,46.4,0.0
2023-05-09T22:00:00+02:00,0.0,222.3,44.7,0.0
2023-05-09T23:00:00+02:00,0.0,201.8,44.7,0.0
2023-05-10T00:00:00+02:00,0.0,176.1,44.7,0.0
2023-05-10T01:00:00+02:00,0.0,138.2,44.7,0.0
2023-05-10T02:00:00+02:00,0.0,122.1,44.3,0.0
2023-05-10T03:00:00+02:00,0.0,114.8,43.5,0.0
2023-05-10T04:00:00+02:00,0.0,133.6,35.7,0.0
2023-05-10T05:00:00+02:00,0.0,171.9,35.5,0.0
2023-05-10T06:00:00+02:00,0.0,298.3,29.6,0.0
2023-05-10T07:00:00+02:00,0.0,311.5,18.1,0.0
2023-05-10T08:00:00+02:00,0.0,306.9,12.5,0.0
2023-05-10T09:00:00+02:00,0.0,302.5,14.5,0.0
2023-05-10T10:00:00+02:00,0.0,268.5,8.5,0.0
2023-05-10T11:00:00+02:00,0.0,268.6,3.8,0.0
2023-05-10T12:00:00+02:00,0.0,262.7,6.2,0.0
2023-05-10T13:00:00+02:00,0.0,252.0,8.0,0.0
2023-05-10T14:00:00+02:00,0.0,244.4,10.6,0.0
2023-05-10T15:00:00+02:00,0.0,249.4,8.3,0.0
2023-05-10T16:00:00+02:00,0.0,270.3,12.1,0.0
2023-05-10T17:00:00+02:00,0.0,301.6,13.8,0.0
2023-05-10T18:00:00+02:00,0.0,304.8,16.0,0.0
2023-05-10T19:00:00+02:00,0.0,302.9,22.5,0.0
2023-05-10T20:00:00+02:00,0.0,360.5,19.4,0.0
2023-05-10T21:00:00+02:00,0.0,313.4,12.7,0.0
2023-05-10T22:00:00+02:00,0.0,297.8,35.0,0.0
2023-05-10T23:00:00+02:00,0.0,303.8,34.3,0.0
2023-05-11T00:00:00+02:00,0.0,249.8,39.9,0.0
2023-05-11T01:00:00+02:00,0.0,138.9,43.2,0.0
2023-05-11T02:00:00+02:00,0.0,113.3,38.2,0.0
2023-05-11T03:00:00+02:00,0.0,106.3,47.1,0.0
2023-05-11T04:00:00+02:00,0.0,94.8,71.5,0.0
2023-05-11T05:00:00+02:00,0.0,95.8,85.4,0.0
2023-05-11T06:00:00+02:00,0.0,303.3,85.8,0.0
2023-05-11T07:00:00+02:00,0.0,299.5,89.3,0.0
2023-05-11T08:00:00+02:00,0.0,296.1,95.2,0.0
2023-05-11T09:00:00+02:00,0.0,292.2,102.0,0.0
2023-05-11T10:00:00+02:00,0.0,260.6,106.5,0.0
2023-05-11T11:00:00+02:00,0.0,260.4,114.0,0.0
2023-05-11T12:00:00+02:00,0.0,261.8,112.1,0.0
2023-05-11T13:00:00+02:00,0.0,258.8,112.2,0.0
2023-05-11T14:00:00+02:00,0.0,264.3,91.3,0.0
2023-05-11T15:00:00+02:00,0.0,256.7,95.6,0.0
2023-05-11T16:00:00+02:00,0.0,253.2,97.6,0.0
2023-05-11T17:00:00+02:00,0.0,294.9,84.8,0.0
2023-05-11T18:00:00+02:00,0.0,303.7,72.6,0.0
2023-05-11T19:00:00+02:00,0.0,302.3,65.0,0.0
2023-05-11T20:00:00+02:00,0.0,329.9,55.5,0.0
2023-05-11T21:00:00+02:00,0.0,321.0,64.6,0.0
2023-05-11T22:00:00+02:00,0.0,293.6,55.9,0.0
2023-05-11T23:00:00+02:00,0.0,295.4,60.8,0.0
2023-05-12T00:00:00+02:00,0.0,289.9,62.5,0.0
2023-05-12T01:00:00+02:00,0.0,180.3,68.7,0.0
2023-05-12T02:00:00+02:00,0.0,166.6,85.6,0.0
2023-05-12T03:00:00+02:00,0.0,164.1,105.5,0.0
2023-05-12T04:00:00+02:00,0.0,172.1,91.3,0.0
2023-05-12T05:00:00+02:00,0.0,174.6,82.0,0.0
2023-05-12T06:00:00+02:00,0.0,326.1,59.5,0.0
2023-05-12T07:00:00+02:00,0.0,327.3,49.2,0.0
2023-05-12T08:00:00+02:00,0.0,332.5,43.6,0.0
2023-05-12T09:00:00+02:00,0.0,337.1,45.9,0.0
2023-05-12T10:00:00+02:00,0.0,419.8,59.0,0.0
2023-05-12T11:00:00+02:00,0.0,423.4,67.4,0.0
2023-05-12T12:00:00+02:00,0.0,488.4,64.2,0.0
2023-05-12T13:00:00+02:00,0.0,491.8,100.1,0.0
2023-05-12T14:00:00+02:00,0.0,495.4,96.4,0.0
2023-05-12T15:00:00+02:00,0.0,508.5,94.6,0.0
2023-05-12T16:00:00+02:00,0.0,518.6,74.3,0.0
2023-05-12T17:00:00+02:00,0.0,497.5,51.3,0.0
2023-05-12T18:00:00+02:00,0.0,508.7,29.4,0.0
2023-05-12T19:00:00+02:00,0.0,503.6,20.2,0.0
2023-05-12T20:00:00+02:00,0.0,506.9,24.1,0.0
2023-05-12T21:00:00+02:00,0.0,505.6,26.6,0.0
2023-05-12T22:00:00+02:00,0.0,499.3,38.7,0.0
2023-05-12T23:00:00+02:00,0.0,514.7,37.6,0.0
2023-05-13T00:00:00+02:00,0.0,516.1,31.9,0.0
2023-05-13T01:00:00+02:00,0.0,369.4,22.3,0.0
2023-05-13T02:00:00+02:00,0.0,366.4,32.5,0.0
2023-05-13T03:00:00+02:00,0.0,366.4,31.8,0.0
2023-05-13T04:00:00+02:00,0.0,366.7,28.4,0.0
2023-05-13T05:00:00+02:00,0.0,367.3,18.9,0.0
2023-05-13T06:00:00+02:00,0.0,370.1,18.0,0.0
2023-05-13T07:00:00+02:00,0.0,518.5,15.1,0.0
2023-05-13T08:00:00+02:00,0.0,519.1,12.8,0.0
2023-05-13T09:00:00+02:00,0.0,369.2,9.5,0.0
2023-05-13T10:00:00+02:00,0.0,293.7,30.9,0.0
2023-05-13T11:00:00+02:00,0.0,280.6,51.1,0.0
2023-05-13T12:00:00+02:00,0.0,269.3,63.0,0.0
2023-05-13T13:00:00+02:00,0.0,278.6,57.4,0.0
2023-05-13T14:00:00+02:00,0.0,271.1,64.2,0.0
2023-05-13T15:00:00+02:00,0.0,279.4,48.2,0.0
2023-05-13T16:00:00+02:00,0.0,292.3,40.3,0.0
2023-05-13T17:00:00+02:00,0.0,296.6,12.5,0.0
2023-05-13T18:00:00+02:00,0.0,519.6,13.9,0.0
2023-05-13T19:00:00+02:00,0.0,520.3,4.8,0.0
2023-05-13T20:00:00+02:00,0.0,520.4,9.5,0.0
2023-05-13T21:00:00+02:00,0.0,519.8,14.9,0.0
2023-05-13T22:00:00+02:00,0.0,514.4,29.7,0.0
2023-05-13T23:00:00+02:00,0.0,507.9,55.8,0.0
2023-05-14T00:00:00+02:00,0.0,509.1,73.3,0.0
2023-05-14T01:00:00+02:00,0.0,514.5,71.7,0.0
2023-05-14T02:00:00+02:00,0.0,509.4,74.9,0.0
2023-05-14T03:00:00+02:00,0.0,472.6,84.1,0.0
2023-05-14T04:00:00+02:00,0.0,393.6,90.4,0.0
2023-05-14T05:00:00+02:00,0.0,396.7,83.5,0.0
2023-05-14T06:00:00+02:00,0.0,396.9,80.2,0.0
2023-05-14T07:00:00+02:00,0.0,385.2,93.7,0.0
2023-05-14T08:00:00+02:00,0.0,401.2,95.2,0.0
2023-05-14T09:00:00+02:00,0.0,400.7,98.6,0.0
2023-05-14T10:00:00+02:00,0.0,295.7,95.8,0.0
2023-05-14T11:00:00+02:00,0.0,295.4,110.2,0.0
2023-05-14T12:00:00+02:00,0.0,294.8,103.1,0.0
2023-05-14T13:00:00+02:00,0.0,295.3,96.3,0.0
2023-05-14T14:00:00+02:00,0.0,295.5,89.2,0.0
2023-05-14T15:00:00+02:00,0.0,295.3,79.5,0.0
2023-05-14T16:00:00+02:00,0.0,295.6,91.6,0.0
2023-05-14T17:00:00+02:00,0.0,405.4,79.3,0.0
2023-05-14T18:00:00+02:00,0.0,519.4,77.9,0.0
2023-05-14T19:00:00+02:00,0.0,520.1,93.1,0.0
2023-05-14T20:00:00+02:00,0.0,520.0,90.6,0.0
2023-05-14T21:00:00+02:00,0.0,507.1,108.5,0.0
2023-05-14T22:00:00+02:00,0.0,501.1,111.8,0.0
2023-05-14T23:00:00+02:00,0.0,502.8,97.3,0.0
2023-05-15T00:00:00+02:00,0.0,515.4,67.8,0.0
2023-05-15T01:00:00+02:00,0.0,516.8,66.4,0.0
2023-05-15T02:00:00+02:00,0.0,518.8,51.3,0.0
2023-05-15T03:00:00+02:00,0.0,516.9,55.9,0.0
2023-05-15T04:00:00+02:00,0.0,518.9,60.8,0.0
2023-05-15T05:00:00+02:00,0.0,517.6,69.7,0.0
2023-05-15T06:00:00+02:00,0.0,518.8,74.6,0.0
2023-05-15T07:00:00+02:00,0.0,519.1,68.6,0.0
2023-05-15T08:00:00+02:00,0.0,519.9,69.3,0.0
2023-05-15T09:00:00+02:00,0.0,519.3,69.9,0.0
2023-05-15T10:00:00+02:00,0.0,519.6,69.6,0.0
2023-05-15T11:00:00+02:00,0.0,519.8,67.6,0.0
2023-05-15T12:00:00+02:00,0.0,519.6,72.9,0.0
2023-05-15T13:00:00+02:00,0.0,513.0,76.8,0.0
2023-05-15T14:00:00+02:00,0.0,503.9,82.3,0.0
2023-05-15T15:00:00+02:00,0.0,483.1,89.0,0.0
2023-05-15T16:00:00+02:00,0.0,519.8,88.3,0.0
2023-05-15T17:00:00+02:00,0.0,513.2,107.2,0.0
2023-05-15T18:00:00+02:00,0.0,507.4,98.7,0.0
2023-05-15T19:00:00+02:00,0.0,507.1,96.1,0.0
2023-05-15T20:00:00+02:00,0.0,519.0,86.2,0.0
2023-05-15T21:00:00+02:00,0.0,508.7,93.9,0.0
2023-05-15T22:00:00+02:00,0.0,503.6,108.1,0.0
2023-05-15T23:00:00+02:00,0.0,507.0,96.1,0.0
2023-05-16T00:00:00+02:00,0.0,514.0,108.0,0.0
2023-05-16T01:00:00+02:00,0.0,520.0,102.3,0.0
2023-05-16T02:00:00+02:00,0.0,519.5,96.6,0.0
2023-05-16T03:00:00+02:00,0.0,519.8,101.2,0.0
2023-05-16T04:00:00+02:00,0.0,519.7,60.6,0.0
2023-05-16T05:00:00+02:00,0.0,519.9,55.6,0.0
2023-05-16T06:00:00+02:00,0.0,520.2,74.0,0.0
2023-05-16T07:00:00+02:00,0.0,517.6,94.1,0.0
2023-05-16T08:00:00+02:00,0.0,510.5,114.0,0.0
2023-05-16T09:00:00+02:00,0.0,496.7,106.9,0.0
2023-05-16T10:00:00+02:00,0.0,493.0,111.1,0.0
2023-05-16T11:00:00+02:00,0.0,495.1,98.7,0.0
2023-05-16T12:00:00+02:00,0.0,509.0,91.6,0.0
2023-05-16T13:00:00+02:00,0.0,509.0,97.2,0.0
2023-05-16T14:00:00+02:00,0.0,495.3,112.9,0.0
2023-05-16T15:00:00+02:00,0.0,494.2,117.4,0.0
2023-05-16T16:00:00+02:00,0.0,497.5,112.8,0.0
2023-05-16T17:00:00+02:00,0.0,500.6,109.1,0.0
2023-05-16T18:00:00+02:00,0.0,508.0,114.2,0.0
2023-05-16T19:00:00+02:00,0.0,510.4,115.6,0.0
2023-05-16T20:00:00+02:00,0.0,510.8,105.8,0.0
2023-05-16T21:00:00+02:00,0.0,514.4,90.4,0.0
2023-05-16T22:00:00+02:00,0.0,514.6,91.1,0.0
2023-05-16T23:00:00+02:00,0.0,515.8,99.8,0.0
2023-05-17T00:00:00+02:00,0.0,517.7,93.7,0.0
2023-05-17T01:00:00+02:00,0.0,520.0,72.8,0.0
2023-05-17T02:00:00+02:00,0.0,519.8,43.2,0.0
2023-05-17T03:00:00+02:00,0.0,520.2,36.8,0.0
2023-05-17T04:00:00+02:00,0.0,520.1,43.9,0.0
2023-05-17T05:00:00+02:00,0.0,519.7,33.9,0.0
2023-05-17T06:00:00+02:00,0.0,519.3,35.5,0.0
2023-05-17T07:00:00+02:00,0.0,519.8,42.8,0.0
2023-05-17T08:00:00+02:00,0.0,520.0,32.0,0.0
2023-05-17T09:00:00+02:00,0.0,519.6,22.6,0.0
2023-05-17T10:00:00+02:00,0.0,519.2,23.8,0.0
2023-05-17T11:00:00+02:00,0.0,518.1,17.7,0.0
2023-05-17T12:00:00+02:00,0.0,511.9,17.0,0.0
2023-05-17T13:00:00+02:00,0.0,501.4,16.6,0.0
2023-05-17T14:00:00+02:00,0.0,501.0,13.2,0.0
2023-05-17T15:00:00+02:00,0.0,500.5,12.6,0.0
2023-05-17T16:00:00+02:00,0.0,511.7,7.9,0.0
2023-05-17T17:00:00+02:00,0.0,507.5,1.8,0.0
2023-05-17T18:00:00+02:00,0.0,508.2,0.2,0.0
2023-05-17T19:00:00+02:00,0.0,517.7,0.0,0.0
2023-05-17T20:00:00+02:00,0.0,518.4,0.0,0.0
2023-05-17T21:00:00+02:00,0.0,517.5,0.1,0.0
2023-05-17T22:00:00+02:00,0.0,512.4,11.5,0.0
2023-05-17T23:00:00+02:00,0.0,515.5,9.2,0.0
2023-05-18T00:00:00+02:00,0.0,516.8,7.3,0.0
2023-05-18T01:00:00+02:00,0.0,516.2,8.4,0.0
2023-05-18T02:00:00+02:00,0.0,510.4,16.3,0.0
2023-05-18T03:00:00+02:00,0.0,511.9,24.2,0.0
2023-05-18T04:00:00+02:00,0.0,514.1,27.5,0.0
2023-05-18T05:00:00+02:00,0.0,511.1,20.1,0.0
2023-05-18T06:00:00+02:00,0.0,506.6,37.4,0.0
2023-05-18T07:00:00+02:00,0.0,516.4,39.8,0.0
2023-05-18T08:00:00+02:00,0.0,520.2,31.2,0.0
2023-05-18T09:00:00+02:00,0.0,519.9,16.8,0.0
2023-05-18T10:00:00+02:00,0.0,516.8,15.7,0.0
2023-05-18T11:00:00+02:00,0.0,521.2,16.2,0.0
2023-05-18T12:00:00+02:00,0.0,520.5,12.0,0.0
2023-05-18T13:00:00+02:00,0.0,518.9,18.0,0.0
2023-05-18T14:00:00+02:00,0.0,495.4,23.7,0.0
2023-05-18T15:00:00+02:00,0.0,504.9,25.8,0.0
2023-05-18T16:00:00+02:00,0.0,500.4,30.0,0.0
2023-05-18T17:00:00+02:00,0.0,510.1,24.5,0.0
2023-05-18T18:00:00+02:00,0.0,512.5,28.5,0.0
2023-05-18T19:00:00+02:00,0.0,511.4,27.7,0.0
2023-05-18T20:00:00+02:00,0.0,494.9,55.8,0.0
2023-05-18T21:00:00+02:00,0.0,496.5,78.0,0.0
2023-05-18T22:00:00+02:00,0.0,493.8,84.4,0.0
2023-05-18T23:00:00+02:00,0.0,503.7,66.9,0.0
2023-05-19T00:00:00+02:00,0.0,517.7,44.9,0.0
2023-05-19T01:00:00+02:00,0.0,517.6,34.7,0.0
2023-05-19T02:00:00+02:00,0.0,515.5,47.8,0.0
2023-05-19T03:00:00+02:00,0.0,513.8,43.6,0.0
2023-05-19T04:00:00+02:00,0.0,519.0,33.0,0.0
2023-05-19T05:00:00+02:00,0.0,521.0,32.9,0.0
2023-05-19T06:00:00+02:00,0.0,513.2,67.6,0.0
2023-05-19T07:00:00+02:00,0.0,517.5,55.1,0.0
2023-05-19T08:00:00+02:00,0.0,518.5,37.4,0.0
2023-05-19T09:00:00+02:00,0.0,516.0,49.0,0.0
2023-05-19T10:00:00+02:00,0.0,510.1,42.4,0.0
2023-05-19T11:00:00+02:00,0.0,511.8,40.7,0.0
2023-05-19T12:00:00+02:00,0.0,495.8,47.8,0.0
2023-05-19T13:00:00+02:00,0.0,497.9,36.1,0.0
2023-05-19T14:00:00+02:00,0.0,517.1,10.6,0.0
2023-05-19T15:00:00+02:00,0.0,519.0,6.2,0.0
2023-05-19T16:00:00+02:00,0.0,520.0,11.9,0.0
2023-05-19T17:00:00+02:00,0.0,520.4,8.5,0.0
2023-05-19T18:00:00+02:00,0.0,520.8,4.5,0.0
2023-05-19T19:00:00+02:00,0.0,517.2,29.6,0.0
2023-05-19T20:00:00+02:00,0.0,508.9,44.7,0.0
2023-05-19T21:00:00+02:00,0.0,505.3,49.4,0.0
2023-05-19T22:00:00+02:00,0.0,511.2,52.9,0.0
2023-05-19T23:00:00+02:00,0.0,512.7,54.1,0.0
2023-05-20T00:00:00+02:00,0.0,511.2,57.3,0.0
2023-05-20T01:00:00+02:00,0.0,505.4,57.8,0.0
2023-05-20T02:00:00+02:00,0.0,509.4,54.2,0.0
2023-05-20T03:00:00+02:00,0.0,508.7,49.8,0.0
2023-05-20T04:00:00+02:00,0.0,518.9,47.4,0.0
2023-05-20T05:00:00+02:00,0.0,514.0,46.2,0.0
2023-05-20T06:00:00+02:00,0.0,510.9,46.8,0.0
2023-05-20T07:00:00+02:00,0.0,509.9,46.6,0.0
2023-05-20T08:00:00+02:00,0.0,510.8,47.4,0.0
2023-05-20T09:00:00+02:00,0.0,505.6,48.7,0.0
2023-05-20T10:00:00+02:00,0.0,498.7,54.6,0.0
2023-05-20T11:00:00+02:00,0.0,453.6,53.0,0.0
2023-05-20T12:00:00+02:00,0.0,449.1,47.3,0.0
2023-05-20T13:00:00+02:00,0.0,433.9,56.6,0.0
2023-05-20T14:00:00+02:00,0.0,425.2,56.8,0.0
2023-05-20T15:00:00+02:00,0.0,461.3,47.1,0.0
2023-05-20T16:00:00+02:00,0.0,520.2,31.6,0.0
2023-05-20T17:00:00+02:00,0.0,521.2,11.7,0.0
2023-05-20T18:00:00+02:00,0.0,518.1,19.8,0.0
2023-05-20T19:00:00+02:00,0.0,520.7,15.8,0.0
2023-05-20T20:00:00+02:00,0.0,517.8,28.4,0.0
2023-05-20T21:00:00+02:00,0.0,517.0,22.9,0.0
2023-05-20T22:00:00+02:00,0.0,519.4,18.1,0.0
2023-05-20T23:00:00+02:00,0.0,510.1,28.2,0.0
2023-05-21T00:00:00+02:00,0.0,512.0,37.5,0.0
2023-05-21T01:00:00+02:00,0.0,494.0,76.6,0.0
2023-05-21T02:00:00+02:00,0.0,493.8,69.4,0.0
2023-05-21T03:00:00+02:00,0.0,494.3,60.1,0.0
2023-05-21T04:00:00+02:00,0.0,497.9,61.5,0.0
2023-05-21T05:00:00+02:00,0.0,506.1,56.1,0.0
2023-05-21T06:00:00+02:00,0.0,500.5,74.8,0.0
2023-05-21T07:00:00+02:00,0.0,506.1,86.6,0.0
2023-05-21T08:00:00+02:00,0.0,507.1,91.4,0.0
2023-05-21T09:00:00+02:00,0.0,498.6,89.1,0.0
2023-05-21T10:00:00+02:00,0.0,486.5,80.0,0.0
2023-05-21T11:00:00+02:00,0.0,477.1,73.7,0.0
2023-05-21T12:00:00+02:00,0.0,435.5,57.4,0.0
2023-05-21T13:00:00+02:00,0.0,410.2,49.0,0.0
2023-05-21T14:00:00+02:00,0.0,425.8,23.2,0.0
2023-05-21T15:00:00+02:00,0.0,426.2,24.8,0.0
2023-05-21T16:00:00+02:00,0.0,510.1,28.2,0.0
2023-05-21T17:00:00+02:00,0.0,513.5,40.6,0.0
2023-05-21T18:00:00+02:00,0.0,516.8,51.7,0.0
2023-05-21T19:00:00+02:00,0.0,516.5,70.5,0.0
2023-05-21T20:00:00+02:00,0.0,494.4,77.4,0.0
2023-05-21T21:00:00+02:00,0.0,509.0,75.0,0.0
2023-05-21T22:00:00+02:00,0.0,498.5,67.7,0.0
2023-05-21T23:00:00+02:00,0.0,503.3,54.2,0.0
2023-05-22T00:00:00+02:00,0.0,519.6,34.0,0.0
2023-05-22T01:00:00+02:00,0.0,520.6,20.3,0.0
2023-05-22T02:00:00+02:00,0.0,519.0,24.3,0.0
2023-05-22T03:00:00+02:00,0.0,519.0,34.8,0.0
2023-05-22T04:00:00+02:00,0.0,518.8,43.2,0.0
2023-05-22T05:00:00+02:00,0.0,507.6,60.5,0.0
2023-05-22T06:00:00+02:00,0.0,512.5,53.5,0.0
2023-05-22T07:00:00+02:00,0.0,512.0,64.7,0.0
2023-05-22T08:00:00+02:00,0.0,496.8,68.1,0.0
2023-05-22T09:00:00+02:00,0.0,496.1,72.4,0.0
2023-05-22T10:00:00+02:00,0.0,505.7,57.5,0.0
2023-05-22T11:00:00+02:00,0.0,512.7,40.3,0.0
2023-05-22T12:00:00+02:00,0.0,515.6,38.3,0.0
2023-05-22T13:00:00+02:00,0.0,520.0,27.7,0.0
2023-05-22T14:00:00+02:00,0.0,521.4,15.5,0.0
2023-05-22T15:00:00+02:00,0.0,521.4,10.8,0.0
2023-05-22T16:00:00+02:00,0.0,518.9,10.6,0.0
2023-05-22T17:00:00+02:00,0.0,520.2,21.3,0.0
2023-05-22T18:00:00+02:00,0.0,519.1,11.8,0.0
2023-05-22T19:00:00+02:00,0.0,511.6,10.2,0.0
2023-05-22T20:00:00+02:00,0.0,518.6,7.8,0.0
2023-05-22T21:00:00+02:00,0.0,511.2,11.7,0.0
2023-05-22T22:00:00+02:00,0.0,518.6,4.7,0.0
2023-05-22T23:00:00+02:00,0.0,512.6,12.7,0.0
2023-05-23T00:00:00+02:00,0.0,515.6,21.6,0.0
2023-05-23T01:00:00+02:00,0.0,520.9,9.6,0.0
2023-05-23T02:00:00+02:00,0.0,521.3,7.8,0.0
2023-05-23T03:00:00+02:00,0.0,520.8,6.6,0.0
2023-05-23T04:00:00+02:00,0.0,520.3,2.6,0.0
2023-05-23T05:00:00+02:00,0.0,520.8,0.8,0.0
2023-05-23T06:00:00+02:00,0.0,521.0,0.7,0.0
2023-05-23T07:00:00+02:00,0.0,521.2,0.1,0.0
2023-05-23T08:00:00+02:00,0.0,520.9,0.3,0.0
2023-05-23T09:00:00+02:00,0.0,516.8,0.6,0.0
2023-05-23T10:00:00+02:00,0.0,518.9,0.4,0.0
2023-05-23T11:00:00+02:00,0.0,512.7,0.2,0.0
2023-05-23T12:00:00+02:00,0.0,507.4,0.5,0.0
2023-05-23T13:00:00+02:00,0.0,506.7,3.3,0.0
2023-05-23T14:00:00+02:00,0.0,504.0,9.7,0.0
2023-05-23T15:00:00+02:00,0.0,503.1,25.2,0.0
2023-05-23T16:00:00+02:00,0.0,497.5,33.5,0.0
2023-05-23T17:00:00+02:00,0.0,504.5,17.9,0.0
2023-05-23T18:00:00+02:00,0.0,513.4,15.7,0.0
2023-05-23T19:00:00+02:00,0.0,518.5,4.7,0.0
2023-05-23T20:00:00+02:00,0.0,521.2,0.7,0.0
2023-05-23T21:00:00+02:00,0.0,520.5,0.1,0.0
2023-05-23T22:00:00+02:00,0.0,520.8,2.4,0.0
2023-05-23T23:00:00+02:00,0.0,518.8,0.9,0.0
2023-05-24T00:00:00+02:00,0.0,511.4,0.0,0.0
2023-05-24T01:00:00+02:00,0.0,509.3,0.0,0.0
2023-05-24T02:00:00+02:00,0.0,511.0,0.0,0.0
2023-05-24T03:00:00+02:00,0.0,515.1,0.0,0.0
2023-05-24T04:00:00+02:00,0.0,513.3,0.0,0.0
2023-05-24T05:00:00+02:00,0.0,514.5,0.0,0.0
2023-05-24T06:00:00+02:00,0.0,518.8,0.0,0.0
2023-05-24T07:00:00+02:00,0.0,513.1,0.9,0.0
2023-05-24T08:00:00+02:00,0.0,519.8,2.7,0.0
2023-05-24T09:00:00+02:00,0.0,515.2,0.8,0.0
2023-05-24T10:00:00+02:00,0.0,511.8,0.1,0.0
2023-05-24T11:00:00+02:00,0.0,515.6,0.0,0.0
2023-05-24T12:00:00+02:00,0.0,519.9,0.1,0.0
2023-05-24T13:00:00+02:00,0.0,521.3,5.0,0.0
2023-05-24T14:00:00+02:00,0.0,521.6,3.1,0.0
2023-05-24T15:00:00+02:00,0.0,520.6,6.4,0.0
2023-05-24T16:00:00+02:00,0.0,520.6,2.8,0.0
2023-05-24T17:00:00+02:00,0.0,520.4,7.3,0.0
2023-05-24T18:00:00+02:00,0.0,520.6,8.2,0.0
2023-05-24T19:00:00+02:00,0.0,516.7,4.0,0.0
2023-05-24T20:00:00+02:00,0.0,519.4,10.0,0.0
2023-05-24T21:00:00+02:00,0.0,501.2,16.9,0.0
2023-05-24T22:00:00+02:00,0.0,506.7,16.2,0.0
2023-05-24T23:00:00+02:00,0.0,507.1,17.3,0.0
2023-05-25T00:00:00+02:00,0.0,409.3,23.0,0.0
2023-05-25T01:00:00+02:00,0.0,333.2,17.0,0.0
2023-05-25T02:00:00+02:00,0.0,335.5,17.8,0.0
2023-05-25T03:00:00+02:00,0.0,351.6,14.0,0.0
2023-05-25T04:00:00+02:00,0.0,343.4,13.7,0.0
2023-05-25T05:00:00+02:00,0.0,346.1,15.1,0.0
2023-05-25T06:00:00+02:00,0.0,339.9,15.8,0.0
2023-05-25T07:00:00+02:00,0.0,356.1,32.8,0.0
2023-05-25T08:00:00+02:00,0.0,371.5,32.1,0.0
2023-05-25T09:00:00+02:00,0.0,383.5,24.7,0.0
2023-05-25T10:00:00+02:00,0.0,396.3,11.6,0.0
2023-05-25T11:00:00+02:00,0.0,399.1,7.5,0.0
2023-05-25T12:00:00+02:00,0.0,408.6,15.1,0.0
2023-05-25T13:00:00+02:00,0.0,393.5,17.3,0.0
2023-05-25T14:00:00+02:00,0.0,374.9,34.6,0.0
2023-05-25T15:00:00+02:00,0.0,372.8,30.6,0.0
2023-05-25T16:00:00+02:00,0.0,374.5,47.0,0.0
2023-05-25T17:00:00+02:00,0.0,372.6,32.7,0.0
2023-05-25T18:00:00+02:00,0.0,373.3,25.9,0.0
2023-05-25T19:00:00+02:00,0.0,377.0,37.7,0.0
2023-05-25T20:00:00+02:00,0.0,391.1,61.5,0.0
2023-05-25T21:00:00+02:00,0.0,377.6,75.0,0.0
2023-05-25T22:00:00+02:00,0.0,358.9,81.4,0.0
2023-05-25T23:00:00+02:00,0.0,348.3,68.3,0.0
2023-05-26T00:00:00+02:00,0.0,294.9,57.3,0.0
2023-05-26T01:00:00+02:00,0.0,271.2,46.9,0.0
2023-05-26T02:00:00+02:00,0.0,252.5,52.0,0.0
2023-05-26T03:00:00+02:00,0.0,255.5,46.2,0.0
2023-05-26T04:00:00+02:00,0.0,237.4,47.3,0.0
2023-05-26T05:00:00+02:00,0.0,258.8,31.9,0.0
2023-05-26T06:00:00+02:00,0.0,291.1,38.4,0.0
2023-05-26T07:00:00+02:00,0.0,329.9,75.1,0.0
2023-05-26T08:00:00+02:00,0.0,348.4,70.5,0.0
2023-05-26T09:00:00+02:00,0.0,372.1,51.4,0.0
2023-05-26T10:00:00+02:00,0.0,373.6,43.9,0.0
2023-05-26T11:00:00+02:00,0.0,187.1,38.0,0.0
2023-05-26T12:00:00+02:00,0.0,186.1,25.6,0.0
2023-05-26T13:00:00+02:00,0.0,187.3,21.3,0.0
2023-05-26T14:00:00+02:00,0.0,174.7,37.8,0.0
2023-05-26T15:00:00+02:00,0.0,191.8,38.2,0.0
2023-05-26T16:00:00+02:00,0.0,186.1,55.9,0.0
2023-05-26T17:00:00+02:00,0.0,343.2,61.9,0.0
2023-05-26T18:00:00+02:00,0.0,351.5,79.3,0.0
2023-05-26T19:00:00+02:00,0.0,353.8,77.4,0.0
2023-05-26T20:00:00+02:00,0.0,368.0,69.3,0.0
2023-05-26T21:00:00+02:00,0.0,358.1,69.6,0.0
2023-05-26T22:00:00+02:00,0.0,345.8,54.5,0.0
2023-05-26T23:00:00+02:00,0.0,337.2,53.1,0.0
2023-05-27T00:00:00+02:00,0.0,316.0,75.4,0.0
2023-05-27T01:00:00+02:00,0.0,175.5,87.1,0.0
2023-05-27T02:00:00+02:00,0.0,150.5,94.3,0.0
2023-05-27T03:00:00+02:00,0.0,165.2,93.0,0.0
2023-05-27T04:00:00+02:00,0.0,162.3,80.2,0.0
2023-05-27T05:00:00+02:00,0.0,160.8,95.6,0.0
2023-05-27T06:00:00+02:00,0.0,172.4,108.0,0.0
2023-05-27T07:00:00+02:00,0.0,211.9,105.0,0.0
2023-05-27T08:00:00+02:00,0.0,250.1,102.0,0.0
2023-05-27T09:00:00+02:00,0.0,263.3,95.8,0.0
2023-05-27T10:00:00+02:00,0.0,97.0,82.1,0.0
2023-05-27T11:00:00+02:00,0.0,98.0,78.8,0.0
2023-05-27T12:00:00+02:00,0.0,101.8,52.6,0.0
2023-05-27T13:00:00+02:00,0.0,96.0,45.0,0.0
2023-05-27T14:00:00+02:00,0.0,99.1,35.2,0.0
2023-05-27T15:00:00+02:00,0.0,105.9,36.9,0.0
2023-05-27T16:00:00+02:00,0.0,112.6,37.3,0.0
2023-05-27T17:00:00+02:00,0.0,294.3,40.4,0.0
2023-05-27T18:00:00+02:00,0.0,305.6,36.1,0.0
2023-05-27T19:00:00+02:00,0.0,337.5,36.7,0.0
2023-05-27T20:00:00+02:00,0.0,334.6,41.5,0.0
2023-05-27T21:00:00+02:00,0.0,314.0,50.6,0.0
2023-05-27T22:00:00+02:00,0.0,313.9,73.5,0.0
2023-05-27T23:00:00+02:00,0.0,315.3,77.3,0.0
2023-05-28T00:00:00+02:00,0.0,221.1,61.7,0.0
2023-05-28T01:00:00+02:00,0.0,196.7,52.1,0.0
2023-05-28T02:00:00+02:00,0.0,168.1,64.0,0.0
2023-05-28T03:00:00+02:00,0.0,148.8,81.2,0.0
2023-05-28T04:00:00+02:00,0.0,143.0,85.9,0.0
2023-05-28T05:00:00+02:00,0.0,149.5,76.8,0.0
2023-05-28T06:00:00+02:00,0.0,171.6,68.2,0.0
2023-05-28T07:00:00+02:00,0.0,173.0,59.3,0.0
2023-05-28T08:00:00+02:00,0.0,172.4,57.9,0.0
2023-05-28T09:00:00+02:00,0.0,161.6,62.0,0.0
2023-05-28T10:00:00+02:00,0.0,77.9,54.6,0.0
2023-05-28T11:00:00+02:00,0.0,84.8,28.6,0.0
2023-05-28T12:00:00+02:00,0.0,82.0,18.3,0.0
2023-05-28T13:00:00+02:00,0.0,82.1,15.1,0.0
2023-05-28T14:00:00+02:00,0.0,74.0,18.4,0.0
2023-05-28T15:00:00+02:00,0.0,84.3,38.9,0.0
2023-05-28T16:00:00+02:00,0.0,84.4,39.7,0.0
2023-05-28T17:00:00+02:00,0.0,189.9,24.1,0.0
2023-05-28T18:00:00+02:00,0.0,199.1,22.5,0.0
2023-05-28T19:00:00+02:00,0.0,325.9,28.5,0.0
2023-05-28T20:00:00+02:00,0.0,346.8,23.7,0.0
2023-05-28T21:00:00+02:00,0.0,340.1,24.7,0.0
2023-05-28T22:00:00+02:00,0.0,309.4,39.4,0.0
2023-05-28T23:00:00+02:00,0.0,269.8,58.4,0.0
2023-05-29T00:00:00+02:00,0.0,140.4,57.9,0.0
2023-05-29T01:00:00+02:00,0.0,114.7,59.0,0.0
2023-05-29T02:00:00+02:00,0.0,113.2,61.7,0.0
2023-05-29T03:00:00+02:00,0.0,110.9,55.1,0.0
2023-05-29T04:00:00+02:00,0.0,121.5,53.6,0.0
2023-05-29T05:00:00+02:00,0.0,122.0,38.7,0.0
2023-05-29T06:00:00+02:00,0.0,151.2,23.9,0.0
2023-05-29T07:00:00+02:00,0.0,208.1,18.2,0.0
2023-05-29T08:00:00+02:00,0.0,233.7,13.4,0.0
2023-05-29T09:00:00+02:00,0.0,242.1,20.7,0.0
2023-05-29T10:00:00+02:00,0.0,174.3,17.9,0.0
2023-05-29T11:00:00+02:00,0.0,165.4,9.1,0.0
2023-05-29T12:00:00+02:00,0.0,156.9,3.8,0.0
2023-05-29T13:00:00+02:00,0.0,158.6,2.7,0.0
2023-05-29T14:00:00+02:00,0.0,152.7,3.3,0.0
2023-05-29T15:00:00+02:00,0.0,156.6,10.9,0.0
2023-05-29T16:00:00+02:00,0.0,145.9,11.5,0.0
2023-05-29T17:00:00+02:00,0.0,151.5,9.6,0.0
2023-05-29T18:00:00+02:00,0.0,249.8,10.4,0.0
2023-05-29T19:00:00+02:00,0.0,322.9,9.0,0.0
2023-05-29T20:00:00+02:00,0.0,331.7,14.0,0.0
2023-05-29T21:00:00+02:00,0.0,334.9,7.3,0.0
2023-05-29T22:00:00+02:00,0.0,306.7,7.0,0.0
2023-05-29T23:00:00+02:00,0.0,234.5,2.8,0.0
2023-05-30T00:00:00+02:00,0.0,200.2,0.4,0.0
2023-05-30T01:00:00+02:00,0.0,160.4,1.9,0.0
2023-05-30T02:00:00+02:00,0.0,136.0,12.4,0.0
2023-05-30T03:00:00+02:00,0.0,138.3,31.2,0.0
2023-05-30T04:00:00+02:00,0.0,126.5,22.6,0.0
2023-05-30T05:00:00+02:00,0.0,135.0,16.5,0.0
2023-05-30T06:00:00+02:00,0.0,318.3,9.0,0.0
2023-05-30T07:00:00+02:00,0.0,324.6,1.4,0.0
2023-05-30T08:00:00+02:00,0.0,330.6,0.1,0.0
2023-05-30T09:00:00+02:00,0.0,321.4,0.0,0.0
2023-05-30T10:00:00+02:00,0.0,261.7,0.0,0.0
2023-05-30T11:00:00+02:00,0.0,262.8,1.3,0.0
2023-05-30T12:00:00+02:00,0.0,266.0,4.2,0.0
2023-05-30T13:00:00+02:00,0.0,270.1,1.2,0.0
2023-05-30T14:00:00+02:00,0.0,264.9,0.5,0.0
2023-05-30T15:00:00+02:00,0.0,252.2,9.3,0.0
2023-05-30T16:00:00+02:00,0.0,253.6,1.5,0.0
2023-05-30T17:00:00+02:00,0.0,246.9,8.7,0.0
2023-05-30T18:00:00+02:00,0.0,323.0,0.0,0.0
2023-05-30T19:00:00+02:00,0.0,324.8,0.1,0.0
2023-05-30T20:00:00+02:00,0.0,330.9,0.0,0.0
2023-05-30T21:00:00+02:00,0.0,325.9,0.0,0.0
2023-05-30T22:00:00+02:00,0.0,323.8,0.6,0.0
2023-05-30T23:00:00+02:00,0.0,325.6,0.7,0.0
2023-05-31T00:00:00+02:00,0.0,315.2,1.8,0.0
2023-05-31T01:00:00+02:00,0.0,246.1,0.6,0.0
2023-05-31T02:00:00+02:00,0.0,149.3,0.8,0.0
2023-05-31T03:00:00+02:00,0.0,141.5,2.2,0.0
2023-05-31T04:00:00+02:00,0.0,132.1,2.9,0.0
2023-05-31T05:00:00+02:00,0.0,136.6,6.7,0.0
2023-05-31T06:00:00+02:00,0.0,315.3,0.8,0.0
2023-05-31T07:00:00+02:00,0.0,313.3,0.5,0.0
2023-05-31T08:00:00+02:00,0.0,314.3,1.4,0.0
2023-05-31T09:00:00+02:00,0.0,315.2,1.9,0.0
2023-05-31T10:00:00+02:00,0.0,264.3,1.0,0.0
2023-05-31T11:00:00+02:00,0.0,272.4,0.7,0.0
2023-05-31T12:00:00+02:00,0.0,153.0,1.3,0.0
2023-05-31T13:00:00+02:00,0.0,179.7,2.5,0.0
2023-05-31T14:00:00+02:00,0.0,194.3,10.9,0.0
2023-05-31T15:00:00+02:00,0.0,266.7,8.3,0.0
2023-05-31T16:00:00+02:00,0.0,261.8,2.3,0.0
2023-05-31T17:00:00+02:00,0.0,261.1,3.4,0.0
2023-05-31T18:00:00+02:00,0.0,317.8,4.7,0.0
2023-05-31T19:00:00+02:00,0.0,308.0,6.3,0.0
2023-05-31T20:00:00+02:00,0.0,309.9,4.4,0.0
2023-05-31T21:00:00+02:00,0.0,300.1,20.8,0.0
2023-05-31T22:00:00+02:00,0.0,303.4,21.1,0.0
2023-05-31T23:00:00+02:00,0.0,299.2,26.7,0.0
2023-06-01T00:00:00+02:00,0.0,213.6,31.4,0.0
2023-06-01T01:00:00+02:00,0.0,176.2,23.4,0.0
2023-06-01T02:00:00+02:00,0.0,158.9,16.1,0.0
2023-06-01T03:00:00+02:00,0.0,148.8,15.8,0.0
2023-06-01T04:00:00+02:00,0.0,156.7,12.6,0.0
2023-06-01T05:00:00+02:00,0.0,148.3,16.3,0.0
2023-06-01T06:00:00+02:00,0.0,300.9,17.7,0.0
2023-06-01T07:00:00+02:00,0.0,304.7,11.6,0.0
2023-06-01T08:00:00+02:00,0.0,309.4,8.0,0.0
2023-06-01T09:00:00+02:00,0.0,279.0,8.9,0.0
2023-06-01T10:00:00+02:00,0.0,283.2,3.8,0.0
2023-06-01T11:00:00+02:00,0.0,176.7,1.2,0.0
2023-06-01T12:00:00+02:00,0.0,82.4,0.0,0.0
2023-06-01T13:00:00+02:00,0.0,83.8,0.1,0.0
2023-06-01T14:00:00+02:00,0.0,82.5,0.3,0.0
2023-06-01T15:00:00+02:00,0.0,85.7,0.0,0.0
2023-06-01T16:00:00+02:00,0.0,289.5,0.9,0.0
2023-06-01T17:00:00+02:00,0.0,291.6,0.3,0.0
2023-06-01T18:00:00+02:00,0.0,326.3,0.0,0.0
2023-06-01T19:00:00+02:00,0.0,317.0,0.3,0.0
2023-06-01T20:00:00+02:00,0.0,320.6,0.0,0.0
2023-06-01T21:00:00+02:00,0.0,315.7,0.0,0.0
2023-06-01T22:00:00+02:00,0.0,316.5,0.0,0.0
2023-06-01T23:00:00+02:00,0.0,315.1,0.0,0.0
2023-06-02T00:00:00+02:00,0.0,236.6,0.0,0.0
2023-06-02T01:00:00+02:00,0.0,201.3,0.0,0.0
2023-06-02T02:00:00+02:00,0.0,185.6,0.0,0.0
2023-06-02T03:00:00+02:00,0.0,178.6,0.0,0.0
2023-06-02T04:00:00+02:00,0.0,175.7,0.0,0.0
2023-06-02T05:00:00+02:00,0.0,180.9,0.0,0.0
2023-06-02T06:00:00+02:00,0.0,307.6,0.0,0.0
2023-06-02T07:00:00+02:00,0.0,307.0,0.0,0.0
2023-06-02T08:00:00+02:00,0.0,301.1,0.0,0.0
2023-06-02T09:00:00+02:00,0.0,302.8,0.2,0.0
2023-06-02T10:00:00+02:00,0.0,296.9,1.2,0.0
2023-06-02T11:00:00+02:00,0.0,186.8,4.4,0.0
2023-06-02T12:00:00+02:00,0.0,79.5,8.4,0.0
2023-06-02T13:00:00+02:00,0.0,77.2,4.0,0.0
2023-06-02T14:00:00+02:00,0.0,80.6,2.3,0.0
2023-06-02T15:00:00+02:00,0.0,81.0,7.2,0.0
2023-06-02T16:00:00+02:00,0.0,84.8,6.5,0.0
2023-06-02T17:00:00+02:00,0.0,289.1,11.7,0.0
2023-06-02T18:00:00+02:00,0.0,315.6,6.4,0.0
2023-06-02T19:00:00+02:00,0.0,313.5,2.9,0.0
2023-06-02T20:00:00+02:00,0.0,312.7,5.3,0.0
2023-06-02T21:00:00+02:00,0.0,308.2,1.3,0.0
2023-06-02T22:00:00+02:00,0.0,309.2,0.5,0.0
2023-06-02T23:00:00+02:00,0.0,306.5,0.0,0.0
2023-06-03T00:00:00+02:00,0.0,175.1,0.0,0.0
2023-06-03T01:00:00+02:00,0.0,136.5,0.0,0.0
2023-06-03T02:00:00+02:00,0.0,116.5,0.0,0.0
2023-06-03T03:00:00+02:00,0.0,106.0,0.5,0.0
2023-06-03T04:00:00+02:00,0.0,101.7,0.0,0.0
2023-06-03T05:00:00+02:00,0.0,105.5,0.5,0.0
2023-06-03T06:00:00+02:00,0.0,128.9,2.1,0.0
2023-06-03T07:00:00+02:00,0.0,169.4,2.8,0.0
2023-06-03T08:00:00+02:00,0.0,194.5,5.8,0.0
2023-06-03T09:00:00+02:00,0.0,20.0,7.1,0.0
2023-06-03T10:00:00+02:00,0.0,18.4,8.0,0.0
2023-06-03T11:00:00+02:00,0.0,16.6,12.3,0.0
2023-06-03T12:00:00+02:00,0.0,16.9,17.9,0.0
2023-06-03T13:00:00+02:00,0.0,27.7,1.5,0.0
2023-06-03T14:00:00+02:00,0.0,25.8,1.6,0.0
2023-06-03T15:00:00+02:00,0.0,29.1,4.4,0.0
2023-06-03T16:00:00+02:00,0.0,20.5,16.0,0.0
2023-06-03T17:00:00+02:00,0.0,21.8,10.6,0.0
2023-06-03T18:00:00+02:00,0.0,213.7,5.9,0.0
2023-06-03T19:00:00+02:00,0.0,217.5,11.7,0.0
2023-06-03T20:00:00+02:00,0.0,228.7,15.1,0.0
2023-06-03T21:00:00+02:00,0.0,222.3,14.3,0.0
2023-06-03T22:00:00+02:00,0.0,204.3,12.3,0.0
2023-06-03T23:00:00+02:00,0.0,185.3,13.2,0.0
2023-06-04T00:00:00+02:00,0.0,155.4,15.5,0.0
2023-06-04T01:00:00+02:00,0.0,121.7,18.9,0.0
2023-06-04T02:00:00+02:00,0.0,108.9,8.5,0.0
2023-06-04T03:00:00+02:00,0.0,63.8,3.1,0.0
2023-06-04T04:00:00+02:00,0.0,64.1,13.2,0.0
2023-06-04T05:00:00+02:00,0.0,37.6,35.6,0.0
2023-06-04T06:00:00+02:00,0.0,62.8,19.6,0.0
2023-06-04T07:00:00+02:00,0.0,32.2,7.7,0.0
2023-06-04T08:00:00+02:00,0.0,32.2,4.7,0.0
2023-06-04T09:00:00+02:00,0.0,27.5,6.8,0.0
2023-06-04T10:00:00+02:00,0.0,40.5,4.8,0.0
2023-06-04T11:00:00+02:00,0.0,40.5,3.5,0.0
2023-06-04T12:00:00+02:00,0.0,40.7,0.0,0.0
2023-06-04T13:00:00+02:00,0.0,40.6,2.8,0.0
2023-06-04T14:00:00+02:00,0.0,40.5,23.9,0.0
2023-06-04T15:00:00+02:00,0.0,40.5,12.2,0.0
2023-06-04T16:00:00+02:00,0.0,40.5,0.0,0.0
2023-06-04T17:00:00+02:00,0.0,41.5,0.0,0.0
2023-06-04T18:00:00+02:00,0.0,213.6,0.0,0.0
2023-06-04T19:00:00+02:00,0.0,227.9,0.0,0.0
2023-06-04T20:00:00+02:00,0.0,246.8,0.4,0.0
2023-06-04T21:00:00+02:00,0.0,251.5,0.5,0.0
2023-06-04T22:00:00+02:00,0.0,231.8,3.5,0.0
2023-06-04T23:00:00+02:00,0.0,209.6,2.7,0.0
2023-06-05T00:00:00+02:00,0.0,229.4,1.1,0.0
2023-06-05T01:00:00+02:00,0.0,203.1,0.0,0.0
2023-06-05T02:00:00+02:00,0.0,175.5,0.2,0.0
2023-06-05T03:00:00+02:00,0.0,172.9,0.0,0.0
2023-06-05T04:00:00+02:00,0.0,170.5,0.0,0.0
2023-06-05T05:00:00+02:00,0.0,170.3,0.9,0.0
2023-06-05T06:00:00+02:00,0.0,211.5,5.7,0.0
2023-06-05T07:00:00+02:00,0.0,251.3,8.7,0.0
2023-06-05T08:00:00+02:00,0.0,289.1,0.4,0.0
2023-06-05T09:00:00+02:00,0.0,301.6,3.1,0.0
2023-06-05T10:00:00+02:00,0.0,301.2,8.5,0.0
2023-06-05T11:00:00+02:00,0.0,184.4,10.4,0.0
2023-06-05T12:00:00+02:00,0.0,185.4,8.4,0.0
2023-06-05T13:00:00+02:00,0.0,184.3,12.7,0.0
2023-06-05T14:00:00+02:00,0.0,178.4,21.1,0.0
2023-06-05T15:00:00+02:00,0.0,208.1,23.0,0.0
2023-06-05T16:00:00+02:00,0.0,234.4,24.9,0.0
2023-06-05T17:00:00+02:00,0.0,192.3,20.5,0.0
2023-06-05T18:00:00+02:00,0.0,165.4,14.7,0.0
2023-06-05T19:00:00+02:00,0.0,137.5,6.5,0.0
2023-06-05T20:00:00+02:00,0.0,137.7,5.2,0.0
2023-06-05T21:00:00+02:00,0.0,118.7,3.5,0.0
2023-06-05T22:00:00+02:00,0.0,84.3,5.3,0.0
2023-06-05T23:00:00+02:00,0.0,66.6,5.7,0.0
2023-06-06T00:00:00+02:00,0.0,31.2,4.3,0.0
2023-06-06T01:00:00+02:00,0.0,17.5,8.8,0.0
2023-06-06T02:00:00+02:00,0.0,16.8,11.8,0.0
2023-06-06T03:00:00+02:00,0.0,26.3,11.6,0.0
2023-06-06T04:00:00+02:00,0.0,29.2,3.4,0.0
2023-06-06T05:00:00+02:00,0.0,31.1,4.3,0.0
2023-06-06T06:00:00+02:00,0.0,34.0,5.6,0.0
2023-06-06T07:00:00+02:00,0.0,99.3,6.0,0.0
2023-06-06T08:00:00+02:00,0.0,96.5,10.4,0.0
2023-06-06T09:00:00+02:00,0.0,93.2,16.7,0.0
2023-06-06T10:00:00+02:00,0.0,101.6,20.7,0.0
2023-06-06T11:00:00+02:00,0.0,111.3,12.4,0.0
2023-06-06T12:00:00+02:00,0.0,125.6,0.3,0.0
2023-06-06T13:00:00+02:00,0.0,116.7,2.3,0.0
2023-06-06T14:00:00+02:00,0.0,112.8,7.1,0.0
2023-06-06T15:00:00+02:00,0.0,107.7,12.3,0.0
2023-06-06T16:00:00+02:00,0.0,108.7,12.8,0.0
2023-06-06T17:00:00+02:00,0.0,107.1,9.9,0.0
2023-06-06T18:00:00+02:00,0.0,108.1,3.6,0.0
2023-06-06T19:00:00+02:00,0.0,105.0,2.2,0.0
2023-06-06T20:00:00+02:00,0.0,117.8,0.3,0.0
2023-06-06T21:00:00+02:00,0.0,120.2,0.0,0.0
2023-06-06T22:00:00+02:00,0.0,110.2,0.0,0.0
2023-06-06T23:00:00+02:00,0.0,106.2,0.0,0.0
2023-06-07T00:00:00+02:00,0.0,44.5,0.0,0.0
2023-06-07T01:00:00+02:00,0.0,11.5,0.0,0.0
2023-06-07T02:00:00+02:00,0.0,0.0,0.0,0.0
2023-06-07T03:00:00+02:00,0.0,0.0,0.0,0.0
2023-06-07T04:00:00+02:00,0.0,0.0,0.0,0.0
2023-06-07T05:00:00+02:00,0.0,0.4,0.0,0.0
2023-06-07T06:00:00+02:00,0.0,170.2,0.0,0.0
2023-06-07T07:00:00+02:00,0.0,213.1,0.0,0.0
2023-06-07T08:00:00+02:00,0.0,307.5,0.0,0.0
2023-06-07T09:00:00+02:00,0.0,211.2,0.2,0.0
2023-06-07T10:00:00+02:00,0.0,104.6,4.3,0.0
2023-06-07T11:00:00+02:00,0.0,101.0,7.2,0.0
2023-06-07T12:00:00+02:00,0.0,34.9,6.0,0.0
2023-06-07T13:00:00+02:00,0.0,34.3,5.6,0.0
2023-06-07T14:00:00+02:00,0.0,30.1,9.1,0.0
2023-06-07T15:00:00+02:00,0.0,30.8,6.5,0.0
2023-06-07T16:00:00+02:00,0.0,107.8,2.7,0.0
2023-06-07T17:00:00+02:00,0.0,134.7,0.0,0.0
2023-06-07T18:00:00+02:00,0.0,290.2,0.0,0.0
2023-06-07T19:00:00+02:00,0.0,293.1,1.4,0.0
2023-06-07T20:00:00+02:00,0.0,296.0,1.0,0.0
2023-06-07T21:00:00+02:00,0.0,294.2,1.1,0.0
2023-06-07T22:00:00+02:00,0.0,291.2,1.1,0.0
2023-06-07T23:00:00+02:00,0.0,134.5,3.2,0.0
2023-06-08T00:00:00+02:00,0.0,56.8,0.1,0.0
2023-06-08T01:00:00+02:00,0.0,36.3,0.0,0.0
2023-06-08T02:00:00+02:00,0.0,16.1,0.0,0.0
2023-06-08T03:00:00+02:00,0.0,15.8,0.1,0.0
2023-06-08T04:00:00+02:00,0.0,15.8,0.0,0.0
2023-06-08T05:00:00+02:00,0.0,32.8,0.0,0.0
2023-06-08T06:00:00+02:00,0.0,36.7,0.1,0.0
2023-06-08T07:00:00+02:00,0.0,294.4,0.6,0.0
2023-06-08T08:00:00+02:00,0.0,295.9,0.0,0.0
2023-06-08T09:00:00+02:00,0.0,116.0,0.0,0.0
2023-06-08T10:00:00+02:00,0.0,39.1,0.0,0.0
2023-06-08T11:00:00+02:00,0.0,37.6,0.6,0.0
2023-06-08T12:00:00+02:00,0.0,39.9,5.8,0.0
2023-06-08T13:00:00+02:00,0.0,34.6,17.6,0.0
2023-06-08T14:00:00+02:00,0.0,43.5,6.5,0.0
2023-06-08T15:00:00+02:00,0.0,43.3,8.7,0.0
2023-06-08T16:00:00+02:00,0.0,42.6,9.7,0.0
2023-06-08T17:00:00+02:00,0.0,114.4,6.6,0.0
2023-06-08T18:00:00+02:00,0.0,222.0,4.0,0.0
2023-06-08T19:00:00+02:00,0.0,300.6,1.4,0.0
2023-06-08T20:00:00+02:00,0.0,309.9,0.0,0.0
2023-06-08T21:00:00+02:00,0.0,302.1,0.0,0.0
2023-06-08T22:00:00+02:00,0.0,295.3,0.0,0.0
2023-06-08T23:00:00+02:00,0.0,131.8,0.6,0.0
2023-06-09T00:00:00+02:00,0.0,45.8,3.3,0.0
2023-06-09T01:00:00+02:00,0.0,30.6,4.2,0.0
2023-06-09T02:00:00+02:00,0.0,25.9,0.3,0.0
2023-06-09T03:00:00+02:00,0.0,27.6,0.0,0.0
2023-06-09T04:00:00+02:00,0.0,23.6,0.0,0.0
2023-06-09T05:00:00+02:00,0.0,23.0,0.0,0.0
2023-06-09T06:00:00+02:00,0.0,29.5,0.0,0.0
2023-06-09T07:00:00+02:00,0.0,253.9,0.0,0.0
2023-06-09T08:00:00+02:00,0.0,256.5,0.0,0.0
2023-06-09T09:00:00+02:00,0.0,133.8,0.0,0.0
2023-06-09T10:00:00+02:00,0.0,137.2,0.0,0.0
2023-06-09T11:00:00+02:00,0.0,61.9,1.6,0.0
2023-06-09T12:00:00+02:00,0.0,28.2,3.1,0.0
2023-06-09T13:00:00+02:00,0.0,28.1,7.9,0.0
2023-06-09T14:00:00+02:00,0.0,31.9,13.8,0.0
2023-06-09T15:00:00+02:00,0.0,32.0,14.5,0.0
2023-06-09T16:00:00+02:00,0.0,30.6,19.8,0.0
2023-06-09T17:00:00+02:00,0.0,115.2,19.5,0.0
2023-06-09T18:00:00+02:00,0.0,111.9,27.4,0.0
2023-06-09T19:00:00+02:00,0.0,281.2,22.8,0.0
2023-06-09T20:00:00+02:00,0.0,289.5,11.4,0.0
2023-06-09T21:00:00+02:00,0.0,286.3,2.1,0.0
2023-06-09T22:00:00+02:00,0.0,281.7,1.8,0.0
2023-06-09T23:00:00+02:00,0.0,106.8,1.3,0.0
2023-06-10T00:00:00+02:00,0.0,83.5,0.7,0.0
2023-06-10T01:00:00+02:00,0.0,41.3,0.0,0.0
2023-06-10T02:00:00+02:00,0.0,29.6,0.0,0.0
2023-06-10T03:00:00+02:00,0.0,31.3,0.0,0.0
2023-06-10T04:00:00+02:00,0.0,34.5,0.0,0.0
2023-06-10T05:00:00+02:00,0.0,34.6,0.0,0.0
2023-06-10T06:00:00+02:00,0.0,32.9,0.0,0.0
2023-06-10T07:00:00+02:00,0.0,0.0,0.0,0.0
2023-06-10T08:00:00+02:00,0.0,0.0,0.0,0.0
2023-06-10T09:00:00+02:00,0.0,0.0,0.0,0.0
2023-06-10T10:00:00+02:00,0.0,0.0,0.0,0.0
2023-06-10T11:00:00+02:00,0.0,0.0,0.8,0.0
2023-06-10T12:00:00+02:00,0.0,0.0,5.6,0.0
2023-06-10T13:00:00+02:00,0.0,0.0,11.4,0.0
2023-06-10T14:00:00+02:00,0.0,0.0,18.5,0.0
2023-06-10T15:00:00+02:00,0.0,0.0,26.7,0.0
2023-06-10T16:00:00+02:00,0.0,0.0,32.7,0.0
2023-06-10T17:00:00+02:00,0.0,1.0,30.3,0.0
2023-06-10T18:00:00+02:00,0.0,105.9,6.1,0.0
2023-06-10T19:00:00+02:00,0.0,139.5,0.5,0.0
2023-06-10T20:00:00+02:00,0.0,134.9,1.8,0.0
2023-06-10T21:00:00+02:00,0.0,123.0,11.9,0.0
2023-06-10T22:00:00+02:00,0.0,115.1,8.5,0.0
2023-06-10T23:00:00+02:00,0.0,92.5,4.1,0.0
2023-06-11T00:00:00+02:00,0.0,50.9,3.0,0.0
2023-06-11T01:00:00+02:00,0.0,45.5,1.4,0.0
2023-06-11T02:00:00+02:00,0.0,42.3,0.0,0.0
2023-06-11T03:00:00+02:00,0.0,45.4,0.0,0.0
2023-06-11T04:00:00+02:00,0.0,41.1,0.0,0.0
2023-06-11T05:00:00+02:00,0.0,43.0,0.0,0.0
2023-06-11T06:00:00+02:00,0.0,42.8,0.1,0.0
2023-06-11T07:00:00+02:00,0.0,0.0,3.8,0.0
2023-06-11T08:00:00+02:00,0.0,0.0,2.9,0.0
2023-06-11T09:00:00+02:00,0.0,0.0,1.2,0.0
2023-06-11T10:00:00+02:00,0.0,0.0,1.5,0.0
2023-06-11T11:00:00+02:00,0.0,0.0,0.9,0.0
2023-06-11T12:00:00+02:00,0.0,0.0,0.8,0.0
2023-06-11T13:00:00+02:00,0.0,0.0,6.9,0.0
2023-06-11T14:00:00+02:00,0.0,0.0,7.8,0.0
2023-06-11T15:00:00+02:00,0.0,0.0,3.5,0.0
2023-06-11T16:00:00+02:00,0.0,0.0,6.3,0.0
2023-06-11T17:00:00+02:00,0.0,0.6,6.8,0.0
2023-06-11T18:00:00+02:00,0.0,28.7,2.6,0.0
2023-06-11T19:00:00+02:00,0.0,113.6,2.8,0.0
2023-06-11T20:00:00+02:00,0.0,131.2,2.7,0.0
2023-06-11T21:00:00+02:00,0.0,134.3,2.4,0.0
2023-06-11T22:00:00+02:00,0.0,115.0,3.6,0.0
2023-06-11T23:00:00+02:00,0.0,91.2,2.6,0.0
2023-06-12T00:00:00+02:00,0.0,42.2,4.1,0.0
2023-06-12T01:00:00+02:00,0.0,9.7,1.9,0.0
2023-06-12T02:00:00+02:00,0.0,0.0,5.0,0.0
2023-06-12T03:00:00+02:00,0.0,0.0,11.5,0.0
2023-06-12T04:00:00+02:00,0.0,0.0,14.3,0.0
2023-06-12T05:00:00+02:00,0.0,0.1,17.1,0.0
2023-06-12T06:00:00+02:00,0.0,26.5,9.4,0.0
2023-06-12T07:00:00+02:00,0.0,251.2,8.2,0.0
2023-06-12T08:00:00+02:00,0.0,247.8,4.0,0.0
2023-06-12T09:00:00+02:00,0.0,110.8,1.4,0.0
2023-06-12T10:00:00+02:00,0.0,114.2,3.4,0.0
2023-06-12T11:00:00+02:00,0.0,86.7,7.8,0.0
2023-06-12T12:00:00+02:00,0.0,21.3,8.4,0.0
2023-06-12T13:00:00+02:00,0.0,21.1,10.0,0.0
2023-06-12T14:00:00+02:00,0.0,20.9,18.4,0.0
2023-06-12T15:00:00+02:00,0.0,24.8,18.9,0.0
2023-06-12T16:00:00+02:00,0.0,90.0,23.3,0.0
2023-06-12T17:00:00+02:00,0.0,89.9,28.0,0.0
2023-06-12T18:00:00+02:00,0.0,248.1,30.6,0.0
2023-06-12T19:00:00+02:00,0.0,297.6,31.9,0.0
2023-06-12T20:00:00+02:00,0.0,299.5,25.4,0.0
2023-06-12T21:00:00+02:00,0.0,251.3,21.5,0.0
2023-06-12T22:00:00+02:00,0.0,244.8,38.3,0.0
2023-06-12T23:00:00+02:00,0.0,46.6,37.8,0.0
2023-06-13T00:00:00+02:00,0.0,20.4,33.7,0.0
2023-06-13T01:00:00+02:00,0.0,0.6,29.2,0.0
2023-06-13T02:00:00+02:00,0.0,0.0,26.0,0.0
2023-06-13T03:00:00+02:00,0.0,0.0,26.1,0.0
2023-06-13T04:00:00+02:00,0.0,0.0,20.0,0.0
2023-06-13T05:00:00+02:00,0.0,0.9,13.5,0.0
2023-06-13T06:00:00+02:00,0.0,128.5,7.1,0.0
2023-06-13T07:00:00+02:00,0.0,259.4,7.4,0.0
2023-06-13T08:00:00+02:00,0.0,249.1,4.4,0.0
2023-06-13T09:00:00+02:00,0.0,115.8,4.2,0.0
2023-06-13T10:00:00+02:00,0.0,36.9,0.6,0.0
2023-06-13T11:00:00+02:00,0.0,18.7,0.7,0.0
2023-06-13T12:00:00+02:00,0.0,19.9,0.0,0.0
2023-06-13T13:00:00+02:00,0.0,20.1,0.5,0.0
2023-06-13T14:00:00+02:00,0.0,18.5,4.7,0.0
2023-06-13T15:00:00+02:00,0.0,21.0,6.7,0.0
2023-06-13T16:00:00+02:00,0.0,113.4,12.1,0.0
2023-06-13T17:00:00+02:00,0.0,108.9,23.9,0.0
2023-06-13T18:00:00+02:00,0.0,215.5,27.0,0.0
2023-06-13T19:00:00+02:00,0.0,257.5,3.9,0.0
2023-06-13T20:00:00+02:00,0.0,262.4,0.3,0.0
2023-06-13T21:00:00+02:00,0.0,248.0,0.7,0.0
2023-06-13T22:00:00+02:00,0.0,217.9,0.1,0.0
2023-06-13T23:00:00+02:00,0.0,94.0,0.1,0.0
2023-06-14T00:00:00+02:00,0.0,47.0,0.1,0.0
2023-06-14T01:00:00+02:00,0.0,13.8,0.0,0.0
2023-06-14T02:00:00+02:00,0.0,0.0,1.4,0.0
2023-06-14T03:00:00+02:00,0.0,0.0,0.6,0.0
2023-06-14T04:00:00+02:00,0.0,0.0,0.3,0.0
2023-06-14T05:00:00+02:00,0.0,0.7,0.9,0.0
2023-06-14T06:00:00+02:00,0.0,143.4,1.9,0.0
2023-06-14T07:00:00+02:00,0.0,255.8,3.1,0.0
2023-06-14T08:00:00+02:00,0.0,251.9,6.2,0.0
2023-06-14T09:00:00+02:00,0.0,110.6,5.6,0.0
2023-06-14T10:00:00+02:00,0.0,112.4,6.1,0.0
2023-06-14T11:00:00+02:00,0.0,23.7,4.3,0.0
2023-06-14T12:00:00+02:00,0.0,21.7,14.6,0.0
2023-06-14T13:00:00+02:00,0.0,22.5,6.0,0.0
2023-06-14T14:00:00+02:00,0.0,20.8,11.2,0.0
2023-06-14T15:00:00+02:00,0.0,47.7,8.1,0.0
2023-06-14T16:00:00+02:00,0.0,117.5,0.9,0.0
2023-06-14T17:00:00+02:00,0.0,196.6,0.1,0.0
2023-06-14T18:00:00+02:00,0.0,256.2,0.0,0.0
2023-06-14T19:00:00+02:00,0.0,218.4,0.0,0.0
2023-06-14T20:00:00+02:00,0.0,253.7,1.1,0.0
2023-06-14T21:00:00+02:00,0.0,223.6,4.1,0.0
2023-06-14T22:00:00+02:00,0.0,246.1,6.9,0.0
2023-06-14T23:00:00+02:00,0.0,243.6,2.5,0.0
2023-06-15T00:00:00+02:00,0.0,40.9,6.1,0.0
2023-06-15T01:00:00+02:00,0.0,12.4,14.5,0.0
2023-06-15T02:00:00+02:00,0.0,0.0,13.0,0.0
2023-06-15T03:00:00+02:00,0.0,0.0,2.3,0.0
2023-06-15T04:00:00+02:00,0.0,0.0,4.4,0.0
2023-06-15T05:00:00+02:00,0.0,1.2,20.4,0.0
2023-06-15T06:00:00+02:00,0.0,251.3,44.9,0.0
2023-06-15T07:00:00+02:00,0.0,227.0,48.5,0.0
2023-06-15T08:00:00+02:00,0.0,235.6,29.7,0.0
2023-06-15T09:00:00+02:00,0.0,243.0,32.2,0.0
2023-06-15T10:00:00+02:00,0.0,95.7,31.1,0.0
2023-06-15T11:00:00+02:00,0.0,92.5,44.2,0.0
2023-06-15T12:00:00+02:00,0.0,93.8,34.1,0.0
2023-06-15T13:00:00+02:00,0.0,98.6,24.3,0.0
2023-06-15T14:00:00+02:00,0.0,90.7,25.8,0.0
2023-06-15T15:00:00+02:00,0.0,91.6,25.6,0.0
2023-06-15T16:00:00+02:00,0.0,95.7,9.2,0.0
2023-06-15T17:00:00+02:00,0.0,242.8,1.4,0.0
2023-06-15T18:00:00+02:00,0.0,256.0,3.4,0.0
2023-06-15T19:00:00+02:00,0.0,256.2,1.7,0.0
2023-06-15T20:00:00+02:00,0.0,254.7,6.7,0.0
2023-06-15T21:00:00+02:00,0.0,228.0,37.3,0.0
2023-06-15T22:00:00+02:00,0.0,249.5,22.4,0.0
2023-06-15T23:00:00+02:00,0.0,243.6,6.7,0.0
2023-06-16T00:00:00+02:00,0.0,31.4,13.1,0.0
2023-06-16T01:00:00+02:00,0.0,0.0,16.1,0.0
2023-06-16T02:00:00+02:00,0.0,0.0,20.7,0.0
2023-06-16T03:00:00+02:00,0.0,0.0,27.7,0.0
2023-06-16T04:00:00+02:00,0.0,0.2,35.4,0.0
2023-06-16T05:00:00+02:00,0.0,69.8,40.8,0.0
2023-06-16T06:00:00+02:00,0.0,81.9,41.1,0.0
2023-06-16T07:00:00+02:00,0.0,215.8,57.5,0.0
2023-06-16T08:00:00+02:00,0.0,140.6,59.0,0.0
2023-06-16T09:00:00+02:00,0.0,145.5,59.5,0.0
2023-06-16T10:00:00+02:00,0.0,128.9,61.5,0.0
2023-06-16T11:00:00+02:00,0.0,133.9,61.6,0.0
2023-06-16T12:00:00+02:00,0.0,130.0,72.2,0.0
2023-06-16T13:00:00+02:00,0.0,112.7,83.2,0.0
2023-06-16T14:00:00+02:00,0.0,134.7,91.4,0.0
2023-06-16T15:00:00+02:00,0.0,113.8,88.0,0.0
2023-06-16T16:00:00+02:00,0.0,116.7,81.4,0.0
2023-06-16T17:00:00+02:00,0.0,113.5,75.5,0.0
2023-06-16T18:00:00+02:00,0.0,136.6,75.6,0.0
2023-06-16T19:00:00+02:00,0.0,124.6,82.5,0.0
2023-06-16T20:00:00+02:00,0.0,134.6,74.3,0.0
2023-06-16T21:00:00+02:00,0.0,124.0,68.8,0.0
2023-06-16T22:00:00+02:00,0.0,127.0,66.3,0.0
2023-06-16T23:00:00+02:00,0.0,136.0,75.9,0.0
2023-06-17T00:00:00+02:00,0.0,38.7,85.2,0.0
2023-06-17T01:00:00+02:00,0.0,35.4,84.7,0.0
2023-06-17T02:00:00+02:00,0.0,43.3,89.8,0.0
2023-06-17T03:00:00+02:00,0.0,42.8,91.6,0.0
2023-06-17T04:00:00+02:00,0.0,45.7,92.4,0.0
2023-06-17T05:00:00+02:00,0.0,49.2,83.6,0.0
2023-06-17T06:00:00+02:00,0.0,38.9,91.7,0.0
2023-06-17T07:00:00+02:00,0.0,41.5,86.4,0.0
2023-06-17T08:00:00+02:00,0.0,46.1,72.8,0.0
2023-06-17T09:00:00+02:00,0.0,50.6,81.2,0.0
2023-06-17T10:00:00+02:00,0.0,39.4,77.2,0.0
2023-06-17T11:00:00+02:00,0.0,52.0,69.5,0.0
2023-06-17T12:00:00+02:00,0.0,58.2,60.8,0.0
2023-06-17T13:00:00+02:00,0.0,62.5,57.2,0.0
2023-06-17T14:00:00+02:00,0.0,58.9,61.6,0.0
2023-06-17T15:00:00+02:00,0.0,42.3,57.1,0.0
2023-06-17T16:00:00+02:00,0.0,43.1,48.6,0.0
2023-06-17T17:00:00+02:00,0.0,25.3,65.0,0.0
2023-06-17T18:00:00+02:00,0.0,38.6,64.2,0.0
2023-06-17T19:00:00+02:00,0.0,109.1,57.6,0.0
2023-06-17T20:00:00+02:00,0.0,131.3,48.0,0.0
2023-06-17T21:00:00+02:00,0.0,129.5,50.7,0.0
2023-06-17T22:00:00+02:00,0.0,32.9,66.7,0.0
2023-06-17T23:00:00+02:00,0.0,35.7,55.2,0.0
2023-06-18T00:00:00+02:00,0.0,52.0,60.8,0.0
2023-06-18T01:00:00+02:00,0.0,54.9,64.3,0.0
2023-06-18T02:00:00+02:00,0.0,54.4,67.9,0.0
2023-06-18T03:00:00+02:00,0.0,40.8,74.7,0.0
2023-06-18T04:00:00+02:00,0.0,46.0,67.5,0.0
2023-06-18T05:00:00+02:00,0.0,57.0,73.9,0.0
2023-06-18T06:00:00+02:00,0.0,62.7,63.7,0.0
2023-06-18T07:00:00+02:00,0.0,59.8,65.2,0.0
2023-06-18T08:00:00+02:00,0.0,65.5,66.7,0.0
2023-06-18T09:00:00+02:00,0.0,64.7,66.9,0.0
2023-06-18T10:00:00+02:00,0.0,53.4,66.3,0.0
2023-06-18T11:00:00+02:00,0.0,46.1,63.3,0.0
2023-06-18T12:00:00+02:00,0.0,63.5,45.0,0.0
2023-06-18T13:00:00+02:00,0.0,54.0,36.1,0.0
2023-06-18T14:00:00+02:00,0.0,54.8,37.6,0.0
2023-06-18T15:00:00+02:00,0.0,71.1,38.7,0.0
2023-06-18T16:00:00+02:00,0.0,62.5,45.4,0.0
2023-06-18T17:00:00+02:00,0.0,56.0,44.1,0.0
2023-06-18T18:00:00+02:00,0.0,62.1,44.9,0.0
2023-06-18T19:00:00+02:00,0.0,71.5,40.6,0.0
2023-06-18T20:00:00+02:00,0.0,138.0,19.9,0.0
2023-06-18T21:00:00+02:00,0.0,140.6,7.9,0.0
2023-06-18T22:00:00+02:00,0.0,140.2,9.6,0.0
2023-06-18T23:00:00+02:00,0.0,70.4,16.3,0.0
2023-06-19T00:00:00+02:00,0.0,41.3,33.5,0.0
2023-06-19T01:00:00+02:00,0.0,43.7,40.8,0.0
2023-06-19T02:00:00+02:00,0.0,36.6,38.5,0.0
2023-06-19T03:00:00+02:00,0.0,37.4,39.4,0.0
2023-06-19T04:00:00+02:00,0.0,43.7,37.4,0.0
2023-06-19T05:00:00+02:00,0.0,46.7,29.5,0.0
2023-06-19T06:00:00+02:00,0.0,51.8,20.1,0.0
2023-06-19T07:00:00+02:00,0.0,272.1,9.6,0.0
2023-06-19T08:00:00+02:00,0.0,223.1,4.3,0.0
2023-06-19T09:00:00+02:00,0.0,222.6,1.7,0.0
2023-06-19T10:00:00+02:00,0.0,221.5,1.0,0.0
2023-06-19T11:00:00+02:00,0.0,223.5,5.0,0.0
2023-06-19T12:00:00+02:00,0.0,221.0,12.5,0.0
2023-06-19T13:00:00+02:00,0.0,207.5,14.7,0.0
2023-06-19T14:00:00+02:00,0.0,221.6,16.6,0.0
2023-06-19T15:00:00+02:00,0.0,223.5,12.1,0.0
2023-06-19T16:00:00+02:00,0.0,256.0,17.4,0.0
2023-06-19T17:00:00+02:00,0.0,254.9,21.5,0.0
2023-06-19T18:00:00+02:00,0.0,272.9,13.8,0.0
2023-06-19T19:00:00+02:00,0.0,275.9,13.4,0.0
2023-06-19T20:00:00+02:00,0.0,272.1,10.7,0.0
2023-06-19T21:00:00+02:00,0.0,274.9,8.0,0.0
2023-06-19T22:00:00+02:00,0.0,276.7,1.3,0.0
2023-06-19T23:00:00+02:00,0.0,259.6,0.0,0.0
2023-06-20T00:00:00+02:00,0.0,118.4,0.5,0.0
2023-06-20T01:00:00+02:00,0.0,78.8,0.0,0.0
2023-06-20T02:00:00+02:00,0.0,55.9,0.6,0.0
2023-06-20T03:00:00+02:00,0.0,47.0,2.1,0.0
2023-06-20T04:00:00+02:00,0.0,48.3,0.5,0.0
2023-06-20T05:00:00+02:00,0.0,50.4,0.1,0.0
2023-06-20T06:00:00+02:00,0.0,188.0,0.8,0.0
2023-06-20T07:00:00+02:00,0.0,231.0,1.4,0.0
2023-06-20T08:00:00+02:00,0.0,300.4,0.1,0.0
2023-06-20T09:00:00+02:00,0.0,298.0,0.4,0.0
2023-06-20T10:00:00+02:00,0.0,293.6,0.0,0.0
2023-06-20T11:00:00+02:00,0.0,302.4,0.0,0.0
2023-06-20T12:00:00+02:00,0.0,302.9,0.6,0.0
2023-06-20T13:00:00+02:00,0.0,296.7,5.4,0.0
2023-06-20T14:00:00+02:00,0.0,301.5,10.2,0.0
2023-06-20T15:00:00+02:00,0.0,304.2,9.3,0.0
2023-06-20T16:00:00+02:00,0.0,307.2,15.8,0.0
2023-06-20T17:00:00+02:00,0.0,302.6,24.4,0.0
2023-06-20T18:00:00+02:00,0.0,370.9,15.8,0.0
2023-06-20T19:00:00+02:00,0.0,381.7,9.9,0.0
2023-06-20T20:00:00+02:00,0.0,390.1,4.2,0.0
2023-06-20T21:00:00+02:00,0.0,393.5,0.0,0.0
2023-06-20T22:00:00+02:00,0.0,382.1,1.3,0.0
2023-06-20T23:00:00+02:00,0.0,382.1,2.7,0.0
2023-06-21T00:00:00+02:00,0.0,214.8,2.5,0.0
2023-06-21T01:00:00+02:00,0.0,145.3,2.1,0.0
2023-06-21T02:00:00+02:00,0.0,151.9,0.8,0.0
2023-06-21T03:00:00+02:00,0.0,150.4,0.0,0.0
2023-06-21T04:00:00+02:00,0.0,150.1,0.0,0.0
2023-06-21T05:00:00+02:00,0.0,148.9,0.3,0.0
2023-06-21T06:00:00+02:00,0.0,109.2,1.3,0.0
2023-06-21T07:00:00+02:00,0.0,175.9,1.8,0.0
2023-06-21T08:00:00+02:00,0.0,227.6,2.4,0.0
2023-06-21T09:00:00+02:00,0.0,235.4,0.1,0.0
2023-06-21T10:00:00+02:00,0.0,252.7,0.0,0.0
2023-06-21T11:00:00+02:00,0.0,232.1,0.0,0.0
2023-06-21T12:00:00+02:00,0.0,248.2,0.0,0.0
2023-06-21T13:00:00+02:00,0.0,244.3,0.0,0.0
2023-06-21T14:00:00+02:00,0.0,251.9,0.3,0.0
2023-06-21T15:00:00+02:00,0.0,248.0,0.1,0.0
2023-06-21T16:00:00+02:00,0.0,258.8,0.5,0.0
2023-06-21T17:00:00+02:00,0.0,332.6,0.5,0.0
2023-06-21T18:00:00+02:00,0.0,399.2,0.2,0.0
2023-06-21T19:00:00+02:00,0.0,384.6,0.0,0.0
2023-06-21T20:00:00+02:00,0.0,496.6,0.0,0.0
2023-06-21T21:00:00+02:00,0.0,509.6,0.0,0.0
2023-06-21T22:00:00+02:00,0.0,398.2,0.2,0.0
2023-06-21T23:00:00+02:00,0.0,325.8,0.7,0.0
2023-06-22T00:00:00+02:00,0.0,224.2,1.7,0.0
2023-06-22T01:00:00+02:00,0.0,79.4,7.2,0.0
2023-06-22T02:00:00+02:00,0.0,68.2,12.7,0.0
2023-06-22T03:00:00+02:00,0.0,61.5,25.5,0.0
2023-06-22T04:00:00+02:00,0.0,61.3,23.6,0.0
2023-06-22T05:00:00+02:00,0.0,65.8,19.6,0.0
2023-06-22T06:00:00+02:00,0.0,219.0,16.0,0.0
2023-06-22T07:00:00+02:00,0.0,292.4,33.5,0.0
2023-06-22T08:00:00+02:00,0.0,292.1,24.9,0.0
2023-06-22T09:00:00+02:00,0.0,307.5,10.1,0.0
2023-06-22T10:00:00+02:00,0.0,306.6,6.1,0.0
2023-06-22T11:00:00+02:00,0.0,312.7,1.1,0.0
2023-06-22T12:00:00+02:00,0.0,208.8,0.0,0.0
2023-06-22T13:00:00+02:00,0.0,220.6,0.2,0.0
2023-06-22T14:00:00+02:00,0.0,218.2,4.3,0.0
2023-06-22T15:00:00+02:00,0.0,224.9,7.4,0.0
2023-06-22T16:00:00+02:00,0.0,207.4,6.1,0.0
2023-06-22T17:00:00+02:00,0.0,324.9,8.7,0.0
2023-06-22T18:00:00+02:00,0.0,401.4,17.3,0.0
2023-06-22T19:00:00+02:00,0.0,409.6,7.8,0.0
2023-06-22T20:00:00+02:00,0.0,408.6,1.1,0.0
2023-06-22T21:00:00+02:00,0.0,407.8,0.7,0.0
2023-06-22T22:00:00+02:00,0.0,397.9,0.0,0.0
2023-06-22T23:00:00+02:00,0.0,312.5,0.0,0.0
2023-06-23T00:00:00+02:00,0.0,135.7,0.0,0.0
2023-06-23T01:00:00+02:00,0.0,72.8,0.0,0.0
2023-06-23T02:00:00+02:00,0.0,66.4,0.0,0.0
2023-06-23T03:00:00+02:00,0.0,65.3,0.0,0.0
2023-06-23T04:00:00+02:00,0.0,64.9,0.0,0.0
2023-06-23T05:00:00+02:00,0.0,62.5,0.0,0.0
2023-06-23T06:00:00+02:00,0.0,134.4,0.0,0.0
2023-06-23T07:00:00+02:00,0.0,195.8,0.0,0.0
2023-06-23T08:00:00+02:00,0.0,305.8,0.9,0.0
2023-06-23T09:00:00+02:00,0.0,303.8,0.2,0.0
2023-06-23T10:00:00+02:00,0.0,181.2,0.0,0.0
2023-06-23T11:00:00+02:00,0.0,187.7,0.0,0.0
2023-06-23T12:00:00+02:00,0.0,210.9,0.9,0.0
2023-06-23T13:00:00+02:00,0.0,214.5,1.0,0.0
2023-06-23T14:00:00+02:00,0.0,213.9,2.9,0.0
2023-06-23T15:00:00+02:00,0.0,197.5,7.1,0.0
2023-06-23T16:00:00+02:00,0.0,190.4,8.0,0.0
2023-06-23T17:00:00+02:00,0.0,204.4,2.3,0.0
2023-06-23T18:00:00+02:00,0.0,402.9,6.2,0.0
2023-06-23T19:00:00+02:00,0.0,412.3,12.6,0.0
2023-06-23T20:00:00+02:00,0.0,365.3,6.7,0.0
2023-06-23T21:00:00+02:00,0.0,360.6,4.0,0.0
2023-06-23T22:00:00+02:00,0.0,358.4,2.8,0.0
2023-06-23T23:00:00+02:00,0.0,228.3,7.8,0.0
2023-06-24T00:00:00+02:00,0.0,136.6,17.2,0.0
2023-06-24T01:00:00+02:00,0.0,69.3,10.4,0.0
2023-06-24T02:00:00+02:00,0.0,68.8,4.0,0.0
2023-06-24T03:00:00+02:00,0.0,73.0,4.1,0.0
2023-06-24T04:00:00+02:00,0.0,74.0,7.0,0.0
2023-06-24T05:00:00+02:00,0.0,48.7,35.7,0.0
2023-06-24T06:00:00+02:00,0.0,62.9,17.1,0.0
2023-06-24T07:00:00+02:00,0.0,66.0,19.9,0.0
2023-06-24T08:00:00+02:00,0.0,65.5,39.7,0.0
2023-06-24T09:00:00+02:00,0.0,53.9,19.0,0.0
2023-06-24T10:00:00+02:00,0.0,52.6,14.9,0.0
2023-06-24T11:00:00+02:00,0.0,0.0,9.9,0.0
2023-06-24T12:00:00+02:00,0.0,0.0,21.2,0.0
2023-06-24T13:00:00+02:00,0.0,0.0,26.4,0.0
2023-06-24T14:00:00+02:00,0.0,0.0,35.2,0.0
2023-06-24T15:00:00+02:00,0.0,0.6,23.9,0.0
2023-06-24T16:00:00+02:00,0.0,25.0,20.7,0.0
2023-06-24T17:00:00+02:00,0.0,78.2,17.5,0.0
2023-06-24T18:00:00+02:00,0.0,180.1,17.4,0.0
2023-06-24T19:00:00+02:00,0.0,176.5,27.0,0.0
2023-06-24T20:00:00+02:00,0.0,158.2,49.1,0.0
2023-06-24T21:00:00+02:00,0.0,171.9,15.7,0.0
2023-06-24T22:00:00+02:00,0.0,140.5,8.3,0.0
2023-06-24T23:00:00+02:00,0.0,120.7,34.9,0.0
2023-06-25T00:00:00+02:00,0.0,108.5,36.0,0.0
2023-06-25T01:00:00+02:00,0.0,39.1,48.6,0.0
2023-06-25T02:00:00+02:00,0.0,44.0,53.6,0.0
2023-06-25T03:00:00+02:00,0.0,33.9,61.8,0.0
2023-06-25T04:00:00+02:00,0.0,32.4,75.9,0.0
2023-06-25T05:00:00+02:00,0.0,31.8,71.6,0.0
2023-06-25T06:00:00+02:00,0.0,39.8,59.6,0.0
2023-06-25T07:00:00+02:00,0.0,50.2,26.8,0.0
2023-06-25T08:00:00+02:00,0.0,0.0,13.0,0.0
2023-06-25T09:00:00+02:00,0.0,0.0,2.7,0.0
2023-06-25T10:00:00+02:00,0.0,0.0,3.3,0.0
2023-06-25T11:00:00+02:00,0.0,0.0,3.6,0.0
2023-06-25T12:00:00+02:00,0.0,0.0,1.3,0.0
2023-06-25T13:00:00+02:00,0.0,0.0,0.1,0.0
2023-06-25T14:00:00+02:00,0.0,0.0,0.8,0.0
2023-06-25T15:00:00+02:00,0.0,0.0,5.1,0.0
2023-06-25T16:00:00+02:00,0.0,0.0,21.5,0.0
2023-06-25T17:00:00+02:00,0.0,10.6,13.8,0.0
2023-06-25T18:00:00+02:00,0.0,154.7,25.2,0.0
2023-06-25T19:00:00+02:00,0.0,164.2,18.7,0.0
2023-06-25T20:00:00+02:00,0.0,172.9,10.8,0.0
2023-06-25T21:00:00+02:00,0.0,174.8,14.1,0.0
2023-06-25T22:00:00+02:00,0.0,147.2,18.2,0.0
2023-06-25T23:00:00+02:00,0.0,107.1,31.4,0.0
2023-06-26T00:00:00+02:00,0.0,49.6,54.1,0.0
2023-06-26T01:00:00+02:00,0.0,47.2,60.4,0.0
2023-06-26T02:00:00+02:00,0.0,55.8,44.2,0.0
2023-06-26T03:00:00+02:00,0.0,55.6,51.1,0.0
2023-06-26T04:00:00+02:00,0.0,68.2,42.6,0.0
2023-06-26T05:00:00+02:00,0.0,57.0,47.0,0.0
2023-06-26T06:00:00+02:00,0.0,61.3,45.5,0.0
2023-06-26T07:00:00+02:00,0.0,82.5,25.1,0.0
2023-06-26T08:00:00+02:00,0.0,140.0,37.9,0.0
2023-06-26T09:00:00+02:00,0.0,137.9,38.5,0.0
2023-06-26T10:00:00+02:00,0.0,140.1,27.7,0.0
2023-06-26T11:00:00+02:00,0.0,156.6,21.4,0.0
2023-06-26T12:00:00+02:00,0.0,10.1,22.9,0.0
2023-06-26T13:00:00+02:00,0.0,9.9,21.9,0.0
2023-06-26T14:00:00+02:00,0.0,10.2,25.1,0.0
2023-06-26T15:00:00+02:00,0.0,86.1,28.9,0.0
2023-06-26T16:00:00+02:00,0.0,133.8,32.5,0.0
2023-06-26T17:00:00+02:00,0.0,157.9,41.5,0.0
2023-06-26T18:00:00+02:00,0.0,161.0,34.0,0.0
2023-06-26T19:00:00+02:00,0.0,380.4,31.8,0.0
2023-06-26T20:00:00+02:00,0.0,386.2,42.0,0.0
2023-06-26T21:00:00+02:00,0.0,370.3,39.2,0.0
2023-06-26T22:00:00+02:00,0.0,219.3,45.8,0.0
2023-06-26T23:00:00+02:00,0.0,106.1,48.2,0.0
2023-06-27T00:00:00+02:00,0.0,57.8,70.9,0.0
2023-06-27T01:00:00+02:00,0.0,60.5,67.5,0.0
2023-06-27T02:00:00+02:00,0.0,67.7,55.0,0.0
2023-06-27T03:00:00+02:00,0.0,71.4,58.6,0.0
2023-06-27T04:00:00+02:00,0.0,75.4,54.7,0.0
2023-06-27T05:00:00+02:00,0.0,69.0,51.5,0.0
2023-06-27T06:00:00+02:00,0.0,71.9,52.9,0.0
2023-06-27T07:00:00+02:00,0.0,66.6,51.4,0.0
2023-06-27T08:00:00+02:00,0.0,142.1,44.9,0.0
2023-06-27T09:00:00+02:00,0.0,138.7,30.7,0.0
2023-06-27T10:00:00+02:00,0.0,139.3,11.0,0.0
2023-06-27T11:00:00+02:00,0.0,77.4,2.9,0.0
2023-06-27T12:00:00+02:00,0.0,71.8,4.2,0.0
2023-06-27T13:00:00+02:00,0.0,61.1,9.9,0.0
2023-06-27T14:00:00+02:00,0.0,89.0,11.7,0.0
2023-06-27T15:00:00+02:00,0.0,194.9,15.4,0.0
2023-06-27T16:00:00+02:00,0.0,143.5,13.2,0.0
2023-06-27T17:00:00+02:00,0.0,278.4,6.4,0.0
2023-06-27T18:00:00+02:00,0.0,280.9,4.7,0.0
2023-06-27T19:00:00+02:00,0.0,430.5,3.5,0.0
2023-06-27T20:00:00+02:00,0.0,426.5,0.8,0.0
2023-06-27T21:00:00+02:00,0.0,426.3,0.0,0.0
2023-06-27T22:00:00+02:00,0.0,369.8,0.0,0.0
2023-06-27T23:00:00+02:00,0.0,159.1,0.0,0.0
2023-06-28T00:00:00+02:00,0.0,142.6,0.3,0.0
2023-06-28T01:00:00+02:00,0.0,66.6,0.6,0.0
2023-06-28T02:00:00+02:00,0.0,70.4,2.2,0.0
2023-06-28T03:00:00+02:00,0.0,69.0,6.0,0.0
2023-06-28T04:00:00+02:00,0.0,70.0,2.9,0.0
2023-06-28T05:00:00+02:00,0.0,66.6,8.9,0.0
2023-06-28T06:00:00+02:00,0.0,66.0,7.9,0.0
2023-06-28T07:00:00+02:00,0.0,288.3,5.3,0.0
2023-06-28T08:00:00+02:00,0.0,288.2,6.5,0.0
2023-06-28T09:00:00+02:00,0.0,157.0,9.1,0.0
2023-06-28T10:00:00+02:00,0.0,166.2,7.9,0.0
2023-06-28T11:00:00+02:00,0.0,174.0,7.4,0.0
2023-06-28T12:00:00+02:00,0.0,182.5,10.9,0.0
2023-06-28T13:00:00+02:00,0.0,192.5,7.5,0.0
2023-06-28T14:00:00+02:00,0.0,197.1,10.1,0.0
2023-06-28T15:00:00+02:00,0.0,196.9,6.2,0.0
2023-06-28T16:00:00+02:00,0.0,186.3,2.0,0.0
2023-06-28T17:00:00+02:00,0.0,171.6,1.2,0.0
2023-06-28T18:00:00+02:00,0.0,275.9,2.6,0.0
2023-06-28T19:00:00+02:00,0.0,392.6,1.4,0.0
2023-06-28T20:00:00+02:00,0.0,402.2,5.6,0.0
2023-06-28T21:00:00+02:00,0.0,371.8,11.5,0.0
2023-06-28T22:00:00+02:00,0.0,343.5,20.3,0.0
2023-06-28T23:00:00+02:00,0.0,260.8,31.7,0.0
2023-06-29T00:00:00+02:00,0.0,106.3,31.3,0.0
2023-06-29T01:00:00+02:00,0.0,36.4,48.0,0.0
2023-06-29T02:00:00+02:00,0.0,32.6,50.2,0.0
2023-06-29T03:00:00+02:00,0.0,49.3,47.2,0.0
2023-06-29T04:00:00+02:00,0.0,44.8,58.6,0.0
2023-06-29T05:00:00+02:00,0.0,38.0,67.9,0.0
2023-06-29T06:00:00+02:00,0.0,44.7,67.5,0.0
2023-06-29T07:00:00+02:00,0.0,159.3,60.4,0.0
2023-06-29T08:00:00+02:00,0.0,190.5,50.0,0.0
2023-06-29T09:00:00+02:00,0.0,118.9,45.0,0.0
2023-06-29T10:00:00+02:00,0.0,147.3,27.5,0.0
2023-06-29T11:00:00+02:00,0.0,139.3,14.1,0.0
2023-06-29T12:00:00+02:00,0.0,159.7,9.1,0.0
2023-06-29T13:00:00+02:00,0.0,118.5,4.3,0.0
2023-06-29T14:00:00+02:00,0.0,187.9,4.1,0.0
2023-06-29T15:00:00+02:00,0.0,187.5,9.6,0.0
2023-06-29T16:00:00+02:00,0.0,184.3,13.9,0.0
2023-06-29T17:00:00+02:00,0.0,171.4,13.9,0.0
2023-06-29T18:00:00+02:00,0.0,338.8,7.0,0.0
2023-06-29T19:00:00+02:00,0.0,343.2,4.1,0.0
2023-06-29T20:00:00+02:00,0.0,348.3,2.5,0.0
2023-06-29T21:00:00+02:00,0.0,348.2,0.5,0.0
2023-06-29T22:00:00+02:00,0.0,336.2,0.8,0.0
2023-06-29T23:00:00+02:00,0.0,268.4,1.1,0.0
2023-06-30T00:00:00+02:00,0.0,134.1,5.6,0.0
2023-06-30T01:00:00+02:00,0.0,56.4,12.9,0.0
2023-06-30T02:00:00+02:00,0.0,53.8,18.7,0.0
2023-06-30T03:00:00+02:00,0.0,53.7,24.2,0.0
2023-06-30T04:00:00+02:00,0.0,49.8,37.7,0.0
2023-06-30T05:00:00+02:00,0.0,41.2,35.6,0.0
2023-06-30T06:00:00+02:00,0.0,55.9,14.9,0.0
2023-06-30T07:00:00+02:00,0.0,275.6,6.0,0.0
2023-06-30T08:00:00+02:00,0.0,270.8,1.3,0.0
2023-06-30T09:00:00+02:00,0.0,158.3,0.0,0.0
2023-06-30T10:00:00+02:00,0.0,164.2,0.0,0.0
2023-06-30T11:00:00+02:00,0.0,173.7,0.3,0.0
2023-06-30T12:00:00+02:00,0.0,179.3,2.3,0.0
2023-06-30T13:00:00+02:00,0.0,175.8,7.1,0.0
2023-06-30T14:00:00+02:00,0.0,111.3,8.4,0.0
2023-06-30T15:00:00+02:00,0.0,158.4,11.1,0.0
2023-06-30T16:00:00+02:00,0.0,173.8,9.6,0.0
2023-06-30T17:00:00+02:00,0.0,174.6,8.1,0.0
2023-06-30T18:00:00+02:00,0.0,171.7,12.8,0.0
2023-06-30T19:00:00+02:00,0.0,317.8,6.6,0.0
2023-06-30T20:00:00+02:00,0.0,321.2,10.2,0.0
2023-06-30T21:00:00+02:00,0.0,319.8,6.2,0.0
2023-06-30T22:00:00+02:00,0.0,312.3,3.9,0.0
2023-06-30T23:00:00+02:00,0.0,136.9,2.1,0.0
2023-07-01T00:00:00+02:00,0.0,38.2,1.0,0.0
2023-07-01T01:00:00+02:00,0.0,32.5,4.6,0.0
2023-07-01T02:00:00+02:00,0.0,29.6,11.6,0.0
2023-07-01T03:00:00+02:00,0.0,32.9,9.1,0.0
2023-07-01T04:00:00+02:00,0.0,32.3,9.4,0.0
2023-07-01T05:00:00+02:00,0.0,31.8,6.8,0.0
2023-07-01T06:00:00+02:00,0.0,37.4,7.9,0.0
2023-07-01T07:00:00+02:00,0.0,35.2,12.8,0.0
2023-07-01T08:00:00+02:00,0.0,29.9,15.3,0.0
2023-07-01T09:00:00+02:00,0.0,33.9,20.8,0.0
2023-07-01T10:00:00+02:00,0.0,0.0,22.9,0.0
2023-07-01T11:00:00+02:00,0.0,0.0,25.3,0.0
2023-07-01T12:00:00+02:00,0.0,0.0,27.5,0.0
2023-07-01T13:00:00+02:00,0.0,0.0,27.6,0.0
2023-07-01T14:00:00+02:00,0.0,0.0,31.2,0.0
2023-07-01T15:00:00+02:00,0.0,0.0,36.6,0.0
2023-07-01T16:00:00+02:00,0.0,0.5,20.7,0.0
2023-07-01T17:00:00+02:00,0.0,19.7,22.7,0.0
2023-07-01T18:00:00+02:00,0.0,17.3,51.5,0.0
2023-07-01T19:00:00+02:00,0.0,17.1,43.9,0.0
2023-07-01T20:00:00+02:00,0.0,88.3,44.5,0.0
2023-07-01T21:00:00+02:00,0.0,87.0,5.7,0.0
2023-07-01T22:00:00+02:00,0.0,87.7,9.2,0.0
2023-07-01T23:00:00+02:00,0.0,17.3,17.5,0.0
2023-07-02T00:00:00+02:00,0.0,18.5,16.0,0.0
2023-07-02T01:00:00+02:00,0.0,17.4,15.4,0.0
2023-07-02T02:00:00+02:00,0.0,26.0,4.1,0.0
2023-07-02T03:00:00+02:00,0.0,16.8,29.0,0.0
2023-07-02T04:00:00+02:00,0.0,17.2,26.1,0.0
2023-07-02T05:00:00+02:00,0.0,20.1,31.6,0.0
2023-07-02T06:00:00+02:00,0.0,20.4,25.9,0.0
2023-07-02T07:00:00+02:00,0.0,23.0,6.0,0.0
2023-07-02T08:00:00+02:00,0.0,0.0,0.0,0.0
2023-07-02T09:00:00+02:00,0.0,0.0,0.0,0.0
2023-07-02T10:00:00+02:00,0.0,0.0,0.0,0.0
2023-07-02T11:00:00+02:00,0.0,0.0,0.0,0.0
2023-07-02T12:00:00+02:00,0.0,0.0,2.5,0.0
2023-07-02T13:00:00+02:00,0.0,0.0,4.7,0.0
2023-07-02T14:00:00+02:00,0.0,0.0,3.1,0.0
2023-07-02T15:00:00+02:00,0.0,0.0,10.5,0.0
2023-07-02T16:00:00+02:00,0.0,0.0,6.2,0.0
2023-07-02T17:00:00+02:00,0.0,0.0,7.8,0.0
2023-07-02T18:00:00+02:00,0.0,0.0,8.7,0.0
2023-07-02T19:00:00+02:00,0.0,35.1,10.2,0.0
2023-07-02T20:00:00+02:00,0.0,99.0,12.5,0.0
2023-07-02T21:00:00+02:00,0.0,101.2,24.1,0.0
2023-07-02T22:00:00+02:00,0.0,89.9,28.4,0.0
2023-07-02T23:00:00+02:00,0.0,25.2,23.2,0.0
2023-07-03T00:00:00+02:00,0.0,36.3,39.2,0.0
2023-07-03T01:00:00+02:00,0.0,24.0,43.8,0.0
2023-07-03T02:00:00+02:00,0.0,34.7,27.9,0.0
2023-07-03T03:00:00+02:00,0.0,40.2,23.0,0.0
2023-07-03T04:00:00+02:00,0.0,37.1,19.5,0.0
2023-07-03T05:00:00+02:00,0.0,39.0,19.5,0.0
2023-07-03T06:00:00+02:00,0.0,42.9,23.0,0.0
2023-07-03T07:00:00+02:00,0.0,46.7,8.9,0.0
2023-07-03T08:00:00+02:00,0.0,41.5,7.3,0.0
2023-07-03T09:00:00+02:00,0.0,31.0,10.0,0.0
2023-07-03T10:00:00+02:00,0.0,17.3,3.0,0.0
2023-07-03T11:00:00+02:00,0.0,17.5,1.1,0.0
2023-07-03T12:00:00+02:00,0.0,23.9,0.4,0.0
2023-07-03T13:00:00+02:00,0.0,21.2,0.3,0.0
2023-07-03T14:00:00+02:00,0.0,22.6,3.4,0.0
2023-07-03T15:00:00+02:00,0.0,155.0,2.3,0.0
2023-07-03T16:00:00+02:00,0.0,170.1,0.9,0.0
2023-07-03T17:00:00+02:00,0.0,170.8,3.5,0.0
2023-07-03T18:00:00+02:00,0.0,148.8,4.3,0.0
2023-07-03T19:00:00+02:00,0.0,388.7,2.9,0.0
2023-07-03T20:00:00+02:00,0.0,404.6,1.8,0.0
2023-07-03T21:00:00+02:00,0.0,403.5,0.3,0.0
2023-07-03T22:00:00+02:00,0.0,332.9,4.4,0.0
2023-07-03T23:00:00+02:00,0.0,115.6,16.6,0.0
2023-07-04T00:00:00+02:00,0.0,42.4,7.2,0.0
2023-07-04T01:00:00+02:00,0.0,36.4,0.5,0.0
2023-07-04T02:00:00+02:00,0.0,34.3,1.1,0.0
2023-07-04T03:00:00+02:00,0.0,32.9,1.8,0.0
2023-07-04T04:00:00+02:00,0.0,31.5,1.9,0.0
2023-07-04T05:00:00+02:00,0.0,30.8,4.4,0.0
2023-07-04T06:00:00+02:00,0.0,32.8,8.2,0.0
2023-07-04T07:00:00+02:00,0.0,277.0,8.7,0.0
2023-07-04T08:00:00+02:00,0.0,276.4,5.9,0.0
2023-07-04T09:00:00+02:00,0.0,119.2,4.3,0.0
2023-07-04T10:00:00+02:00,0.0,79.9,2.5,0.0
2023-07-04T11:00:00+02:00,0.0,84.5,5.7,0.0
2023-07-04T12:00:00+02:00,0.0,96.3,8.3,0.0
2023-07-04T13:00:00+02:00,0.0,98.1,12.4,0.0
2023-07-04T14:00:00+02:00,0.0,94.6,15.6,0.0
2023-07-04T15:00:00+02:00,0.0,95.7,18.6,0.0
2023-07-04T16:00:00+02:00,0.0,92.6,15.3,0.0
2023-07-04T17:00:00+02:00,0.0,123.2,8.8,0.0
2023-07-04T18:00:00+02:00,0.0,366.9,5.0,0.0
2023-07-04T19:00:00+02:00,0.0,403.9,10.4,0.0
2023-07-04T20:00:00+02:00,0.0,397.2,25.9,0.0
2023-07-04T21:00:00+02:00,0.0,397.7,8.1,0.0
2023-07-04T22:00:00+02:00,0.0,394.1,1.1,0.0
2023-07-04T23:00:00+02:00,0.0,293.0,0.1,0.0
2023-07-05T00:00:00+02:00,0.0,48.2,0.0,0.0
2023-07-05T01:00:00+02:00,0.0,43.5,2.7,0.0
2023-07-05T02:00:00+02:00,0.0,41.3,0.3,0.0
2023-07-05T03:00:00+02:00,0.0,40.6,1.9,0.0
2023-07-05T04:00:00+02:00,0.0,40.0,1.2,0.0
2023-07-05T05:00:00+02:00,0.0,39.3,0.8,0.0
2023-07-05T06:00:00+02:00,0.0,40.4,0.0,0.0
2023-07-05T07:00:00+02:00,0.0,270.5,0.0,0.0
2023-07-05T08:00:00+02:00,0.0,270.5,0.0,0.0
2023-07-05T09:00:00+02:00,0.0,119.6,0.0,0.0
2023-07-05T10:00:00+02:00,0.0,46.2,0.0,0.0
2023-07-05T11:00:00+02:00,0.0,48.5,0.2,0.0
2023-07-05T12:00:00+02:00,0.0,45.9,4.9,0.0
2023-07-05T13:00:00+02:00,0.0,45.5,3.2,0.0
2023-07-05T14:00:00+02:00,0.0,45.5,8.1,0.0
2023-07-05T15:00:00+02:00,0.0,45.5,7.2,0.0
2023-07-05T16:00:00+02:00,0.0,48.0,12.1,0.0
2023-07-05T17:00:00+02:00,0.0,115.9,7.5,0.0
2023-07-05T18:00:00+02:00,0.0,220.0,0.7,0.0
2023-07-05T19:00:00+02:00,0.0,358.8,1.4,0.0
2023-07-05T20:00:00+02:00,0.0,356.9,0.1,0.0
2023-07-05T21:00:00+02:00,0.0,356.9,1.1,0.0
2023-07-05T22:00:00+02:00,0.0,348.8,6.2,0.0
2023-07-05T23:00:00+02:00,0.0,302.0,11.2,0.0
2023-07-06T00:00:00+02:00,0.0,33.4,8.9,0.0
2023-07-06T01:00:00+02:00,0.0,46.9,2.2,0.0
2023-07-06T02:00:00+02:00,0.0,43.9,5.9,0.0
2023-07-06T03:00:00+02:00,0.0,44.4,2.6,0.0
2023-07-06T04:00:00+02:00,0.0,48.5,0.0,0.0
2023-07-06T05:00:00+02:00,0.0,44.7,3.4,0.0
2023-07-06T06:00:00+02:00,0.0,268.2,4.8,0.0
2023-07-06T07:00:00+02:00,0.0,266.4,8.7,0.0
2023-07-06T08:00:00+02:00,0.0,262.2,8.5,0.0
2023-07-06T09:00:00+02:00,0.0,275.5,3.0,0.0
2023-07-06T10:00:00+02:00,0.0,121.8,1.7,0.0
2023-07-06T11:00:00+02:00,0.0,109.9,0.7,0.0
2023-07-06T12:00:00+02:00,0.0,121.0,3.7,0.0
2023-07-06T13:00:00+02:00,0.0,127.2,6.6,0.0
2023-07-06T14:00:00+02:00,0.0,114.1,10.8,0.0
2023-07-06T15:00:00+02:00,0.0,108.7,18.5,0.0
2023-07-06T16:00:00+02:00,0.0,124.9,18.3,0.0
2023-07-06T17:00:00+02:00,0.0,234.7,38.1,0.0
2023-07-06T18:00:00+02:00,0.0,364.1,46.7,0.0
2023-07-06T19:00:00+02:00,0.0,375.1,41.5,0.0
2023-07-06T20:00:00+02:00,0.0,373.8,36.9,0.0
2023-07-06T21:00:00+02:00,0.0,368.6,26.5,0.0
2023-07-06T22:00:00+02:00,0.0,365.1,7.3,0.0
2023-07-06T23:00:00+02:00,0.0,320.0,5.2,0.0
2023-07-07T00:00:00+02:00,0.0,47.5,5.7,0.0
2023-07-07T01:00:00+02:00,0.0,50.8,9.9,0.0
2023-07-07T02:00:00+02:00,0.0,44.3,10.2,0.0
2023-07-07T03:00:00+02:00,0.0,50.2,18.0,0.0
2023-07-07T04:00:00+02:00,0.0,46.1,17.2,0.0
2023-07-07T05:00:00+02:00,0.0,42.5,14.2,0.0
2023-07-07T06:00:00+02:00,0.0,272.8,2.6,0.0
2023-07-07T07:00:00+02:00,0.0,276.1,0.2,0.0
2023-07-07T08:00:00+02:00,0.0,272.3,0.0,0.0
2023-07-07T09:00:00+02:00,0.0,194.7,0.0,0.0
2023-07-07T10:00:00+02:00,0.0,116.2,0.0,0.0
2023-07-07T11:00:00+02:00,0.0,45.2,2.2,0.0
2023-07-07T12:00:00+02:00,0.0,35.1,11.4,0.0
2023-07-07T13:00:00+02:00,0.0,28.0,20.5,0.0
2023-07-07T14:00:00+02:00,0.0,46.4,11.7,0.0
2023-07-07T15:00:00+02:00,0.0,49.5,5.9,0.0
2023-07-07T16:00:00+02:00,0.0,34.3,33.6,0.0
2023-07-07T17:00:00+02:00,0.0,79.1,46.4,0.0
2023-07-07T18:00:00+02:00,0.0,356.1,56.4,0.0
2023-07-07T19:00:00+02:00,0.0,343.5,59.6,0.0
2023-07-07T20:00:00+02:00,0.0,344.3,65.5,0.0
2023-07-07T21:00:00+02:00,0.0,343.9,42.8,0.0
2023-07-07T22:00:00+02:00,0.0,342.9,50.5,0.0
2023-07-07T23:00:00+02:00,0.0,190.8,67.1,0.0
2023-07-08T00:00:00+02:00,0.0,18.5,65.3,0.0
2023-07-08T01:00:00+02:00,0.0,0.1,55.3,0.0
2023-07-08T02:00:00+02:00,0.0,0.0,63.8,0.0
2023-07-08T03:00:00+02:00,0.0,0.0,76.8,0.0
2023-07-08T04:00:00+02:00,0.0,0.0,69.7,0.0
2023-07-08T05:00:00+02:00,0.0,0.0,44.4,0.0
2023-07-08T06:00:00+02:00,0.0,0.0,45.1,0.0
2023-07-08T07:00:00+02:00,0.0,0.0,50.5,0.0
2023-07-08T08:00:00+02:00,0.0,0.0,57.5,0.0
2023-07-08T09:00:00+02:00,0.0,0.0,45.7,0.0
2023-07-08T10:00:00+02:00,0.0,0.0,48.8,0.0
2023-07-08T11:00:00+02:00,0.0,0.0,38.7,0.0
2023-07-08T12:00:00+02:00,0.0,0.0,28.0,0.0
2023-07-08T13:00:00+02:00,0.0,0.0,23.1,0.0
2023-07-08T14:00:00+02:00,0.0,0.0,16.4,0.0
2023-07-08T15:00:00+02:00,0.0,0.0,19.1,0.0
2023-07-08T16:00:00+02:00,0.0,0.0,18.9,0.0
2023-07-08T17:00:00+02:00,0.0,0.2,8.8,0.0
2023-07-08T18:00:00+02:00,0.0,91.1,13.3,0.0
2023-07-08T19:00:00+02:00,0.0,214.2,26.9,0.0
2023-07-08T20:00:00+02:00,0.0,252.2,15.0,0.0
2023-07-08T21:00:00+02:00,0.0,257.4,5.5,0.0
2023-07-08T22:00:00+02:00,0.0,220.5,9.7,0.0
2023-07-08T23:00:00+02:00,0.0,104.9,12.2,0.0
2023-07-09T00:00:00+02:00,0.0,24.8,25.4,0.0
2023-07-09T01:00:00+02:00,0.0,0.0,31.0,0.0
2023-07-09T02:00:00+02:00,0.0,0.0,59.6,0.0
2023-07-09T03:00:00+02:00,0.0,0.0,37.7,0.0
2023-07-09T04:00:00+02:00,0.0,0.0,27.9,0.0
2023-07-09T05:00:00+02:00,0.0,0.0,18.7,0.0
2023-07-09T06:00:00+02:00,0.0,0.0,17.1,0.0
2023-07-09T07:00:00+02:00,0.0,0.0,30.5,0.0
2023-07-09T08:00:00+02:00,0.0,0.0,37.0,0.0
2023-07-09T09:00:00+02:00,0.0,0.0,23.3,0.0
2023-07-09T10:00:00+02:00,0.0,0.0,14.8,0.0
2023-07-09T11:00:00+02:00,0.0,0.0,11.1,0.0
2023-07-09T12:00:00+02:00,0.0,0.0,7.7,0.0
2023-07-09T13:00:00+02:00,0.0,0.0,11.7,0.0
2023-07-09T14:00:00+02:00,0.0,0.0,16.0,0.0
2023-07-09T15:00:00+02:00,0.0,0.0,16.9,0.0
2023-07-09T16:00:00+02:00,0.0,0.0,16.7,0.0
2023-07-09T17:00:00+02:00,0.0,0.2,14.7,0.0
2023-07-09T18:00:00+02:00,0.0,91.9,14.0,0.0
2023-07-09T19:00:00+02:00,0.0,201.5,14.2,0.0
2023-07-09T20:00:00+02:00,0.0,230.3,12.0,0.0
2023-07-09T21:00:00+02:00,0.0,230.2,18.1,0.0
2023-07-09T22:00:00+02:00,0.0,193.3,39.8,0.0
2023-07-09T23:00:00+02:00,0.0,87.0,71.7,0.0
2023-07-10T00:00:00+02:00,0.0,39.5,68.9,0.0
2023-07-10T01:00:00+02:00,0.0,39.6,65.5,0.0
2023-07-10T02:00:00+02:00,0.0,39.6,69.8,0.0
2023-07-10T03:00:00+02:00,0.0,39.6,75.2,0.0
2023-07-10T04:00:00+02:00,0.0,39.6,59.5,0.0
2023-07-10T05:00:00+02:00,0.0,40.2,51.3,0.0
2023-07-10T06:00:00+02:00,0.0,262.0,46.4,0.0
2023-07-10T07:00:00+02:00,0.0,255.8,53.2,0.0
2023-07-10T08:00:00+02:00,0.0,257.6,54.5,0.0
2023-07-10T09:00:00+02:00,0.0,108.7,40.6,0.0
2023-07-10T10:00:00+02:00,0.0,108.5,25.3,0.0
2023-07-10T11:00:00+02:00,0.0,110.2,13.8,0.0
2023-07-10T12:00:00+02:00,0.0,119.3,7.3,0.0
2023-07-10T13:00:00+02:00,0.0,40.4,3.5,0.0
2023-07-10T14:00:00+02:00,0.0,110.2,1.3,0.0
2023-07-10T15:00:00+02:00,0.0,128.3,3.9,0.0
2023-07-10T16:00:00+02:00,0.0,118.8,4.5,0.0
2023-07-10T17:00:00+02:00,0.0,259.6,4.9,0.0
2023-07-10T18:00:00+02:00,0.0,261.1,6.8,0.0
2023-07-10T19:00:00+02:00,0.0,261.1,9.0,0.0
2023-07-10T20:00:00+02:00,0.0,261.1,7.8,0.0
2023-07-10T21:00:00+02:00,0.0,260.5,5.5,0.0
2023-07-10T22:00:00+02:00,0.0,259.6,11.8,0.0
2023-07-10T23:00:00+02:00,0.0,249.2,14.3,0.0
2023-07-11T00:00:00+02:00,0.0,33.4,16.6,0.0
2023-07-11T01:00:00+02:00,0.0,39.6,17.9,0.0
2023-07-11T02:00:00+02:00,0.0,34.2,23.0,0.0
2023-07-11T03:00:00+02:00,0.0,34.2,28.5,0.0
2023-07-11T04:00:00+02:00,0.0,38.1,24.8,0.0
2023-07-11T05:00:00+02:00,0.0,41.8,15.2,0.0
2023-07-11T06:00:00+02:00,0.0,156.4,6.2,0.0
2023-07-11T07:00:00+02:00,0.0,277.3,7.3,0.0
2023-07-11T08:00:00+02:00,0.0,273.0,6.3,0.0
2023-07-11T09:00:00+02:00,0.0,194.9,1.8,0.0
2023-07-11T10:00:00+02:00,0.0,114.8,0.0,0.0
2023-07-11T11:00:00+02:00,0.0,118.8,0.0,0.0
2023-07-11T12:00:00+02:00,0.0,135.8,0.6,0.0
2023-07-11T13:00:00+02:00,0.0,142.9,2.8,0.0
2023-07-11T14:00:00+02:00,0.0,146.2,4.0,0.0
2023-07-11T15:00:00+02:00,0.0,144.9,3.7,0.0
2023-07-11T16:00:00+02:00,0.0,141.1,2.7,0.0
2023-07-11T17:00:00+02:00,0.0,275.8,3.8,0.0
2023-07-11T18:00:00+02:00,0.0,399.9,3.4,0.0
2023-07-11T19:00:00+02:00,0.0,440.2,2.2,0.0
2023-07-11T20:00:00+02:00,0.0,448.6,0.2,0.0
2023-07-11T21:00:00+02:00,0.0,394.4,0.0,0.0
2023-07-11T22:00:00+02:00,0.0,376.7,0.0,0.0
2023-07-11T23:00:00+02:00,0.0,218.6,0.2,0.0
2023-07-12T00:00:00+02:00,0.0,58.2,1.4,0.0
2023-07-12T01:00:00+02:00,0.0,11.2,1.6,0.0
2023-07-12T02:00:00+02:00,0.0,0.0,5.1,0.0
2023-07-12T03:00:00+02:00,0.0,0.0,3.6,0.0
2023-07-12T04:00:00+02:00,0.0,0.0,0.1,0.0
2023-07-12T05:00:00+02:00,0.0,1.4,0.5,0.0
2023-07-12T06:00:00+02:00,0.0,187.3,0.5,0.0
2023-07-12T07:00:00+02:00,0.0,263.9,0.0,0.0
2023-07-12T08:00:00+02:00,0.0,255.3,1.1,0.0
2023-07-12T09:00:00+02:00,0.0,92.5,2.0,0.0
2023-07-12T10:00:00+02:00,0.0,105.1,0.7,0.0
2023-07-12T11:00:00+02:00,0.0,118.0,2.6,0.0
2023-07-12T12:00:00+02:00,0.0,127.3,5.7,0.0
2023-07-12T13:00:00+02:00,0.0,138.9,3.7,0.0
2023-07-12T14:00:00+02:00,0.0,142.4,7.0,0.0
2023-07-12T15:00:00+02:00,0.0,134.3,16.0,0.0
2023-07-12T16:00:00+02:00,0.0,127.7,20.1,0.0
2023-07-12T17:00:00+02:00,0.0,322.0,17.4,0.0
2023-07-12T18:00:00+02:00,0.0,421.4,13.1,0.0
2023-07-12T19:00:00+02:00,0.0,421.0,6.9,0.0
2023-07-12T20:00:00+02:00,0.0,420.8,9.5,0.0
2023-07-12T21:00:00+02:00,0.0,371.3,5.3,0.0
2023-07-12T22:00:00+02:00,0.0,363.6,6.1,0.0
2023-07-12T23:00:00+02:00,0.0,307.4,10.3,0.0
2023-07-13T00:00:00+02:00,0.0,51.7,12.8,0.0
2023-07-13T01:00:00+02:00,0.0,20.6,15.9,0.0
2023-07-13T02:00:00+02:00,0.0,0.0,22.8,0.0
2023-07-13T03:00:00+02:00,0.0,0.0,20.0,0.0
2023-07-13T04:00:00+02:00,0.0,0.0,17.8,0.0
2023-07-13T05:00:00+02:00,0.0,1.5,18.1,0.0
2023-07-13T06:00:00+02:00,0.0,259.3,13.7,0.0
2023-07-13T07:00:00+02:00,0.0,263.7,14.0,0.0
2023-07-13T08:00:00+02:00,0.0,260.6,21.6,0.0
2023-07-13T09:00:00+02:00,0.0,74.0,19.9,0.0
2023-07-13T10:00:00+02:00,0.0,76.8,17.9,0.0
2023-07-13T11:00:00+02:00,0.0,93.6,20.1,0.0
2023-07-13T12:00:00+02:00,0.0,102.8,26.9,0.0
2023-07-13T13:00:00+02:00,0.0,106.7,34.7,0.0
2023-07-13T14:00:00+02:00,0.0,98.3,35.4,0.0
2023-07-13T15:00:00+02:00,0.0,90.5,31.7,0.0
2023-07-13T16:00:00+02:00,0.0,96.2,23.3,0.0
2023-07-13T17:00:00+02:00,0.0,307.2,17.7,0.0
2023-07-13T18:00:00+02:00,0.0,376.5,13.8,0.0
2023-07-13T19:00:00+02:00,0.0,375.5,10.9,0.0
2023-07-13T20:00:00+02:00,0.0,373.8,13.6,0.0
2023-07-13T21:00:00+02:00,0.0,358.7,40.3,0.0
2023-07-13T22:00:00+02:00,0.0,349.9,38.8,0.0
2023-07-13T23:00:00+02:00,0.0,275.1,26.4,0.0
2023-07-14T00:00:00+02:00,0.0,33.5,29.3,0.0
2023-07-14T01:00:00+02:00,0.0,7.8,36.5,0.0
2023-07-14T02:00:00+02:00,0.0,0.0,21.0,0.0
2023-07-14T03:00:00+02:00,0.0,0.0,18.7,0.0
2023-07-14T04:00:00+02:00,0.0,0.0,22.2,0.0
2023-07-14T05:00:00+02:00,0.0,1.3,18.7,0.0
2023-07-14T06:00:00+02:00,0.0,255.4,16.3,0.0
2023-07-14T07:00:00+02:00,0.0,262.2,6.1,0.0
2023-07-14T08:00:00+02:00,0.0,265.5,1.1,0.0
2023-07-14T09:00:00+02:00,0.0,79.4,1.1,0.0
2023-07-14T10:00:00+02:00,0.0,8.6,1.9,0.0
2023-07-14T11:00:00+02:00,0.0,15.9,2.0,0.0
2023-07-14T12:00:00+02:00,0.0,11.9,2.5,0.0
2023-07-14T13:00:00+02:00,0.0,18.7,0.6,0.0
2023-07-14T14:00:00+02:00,0.0,8.0,0.6,0.0
2023-07-14T15:00:00+02:00,0.0,20.6,1.6,0.0
2023-07-14T16:00:00+02:00,0.0,25.7,5.1,0.0
2023-07-14T17:00:00+02:00,0.0,114.9,4.1,0.0
2023-07-14T18:00:00+02:00,0.0,313.2,3.4,0.0
2023-07-14T19:00:00+02:00,0.0,333.8,2.7,0.0
2023-07-14T20:00:00+02:00,0.0,335.0,3.6,0.0
2023-07-14T21:00:00+02:00,0.0,328.3,1.2,0.0
2023-07-14T22:00:00+02:00,0.0,327.2,0.3,0.0
2023-07-14T23:00:00+02:00,0.0,135.2,0.0,0.0
2023-07-15T00:00:00+02:00,0.0,29.5,0.0,0.0
2023-07-15T01:00:00+02:00,0.0,5.4,0.0,0.0
2023-07-15T02:00:00+02:00,0.0,0.0,0.0,0.0
2023-07-15T03:00:00+02:00,0.0,0.0,0.0,0.0
2023-07-15T04:00:00+02:00,0.0,0.0,0.0,0.0
2023-07-15T05:00:00+02:00,0.0,0.0,0.3,0.0
2023-07-15T06:00:00+02:00,0.0,0.0,1.9,0.0
2023-07-15T07:00:00+02:00,0.0,0.0,1.6,0.0
2023-07-15T08:00:00+02:00,0.0,0.0,0.0,0.0
2023-07-15T09:00:00+02:00,0.0,0.0,0.0,0.0
2023-07-15T10:00:00+02:00,0.0,0.0,0.0,0.0
2023-07-15T11:00:00+02:00,0.0,0.2,0.0,0.0
2023-07-15T12:00:00+02:00,0.0,8.3,0.6,0.0
2023-07-15T13:00:00+02:00,0.0,38.7,3.5,0.0
2023-07-15T14:00:00+02:00,0.0,49.1,8.2,0.0
2023-07-15T15:00:00+02:00,0.0,48.5,9.9,0.0
2023-07-15T16:00:00+02:00,0.0,8.8,14.8,0.0
2023-07-15T17:00:00+02:00,0.0,0.1,17.2,0.0
2023-07-15T18:00:00+02:00,0.0,90.1,20.6,0.0
2023-07-15T19:00:00+02:00,0.0,150.6,25.0,0.0
2023-07-15T20:00:00+02:00,0.0,172.9,25.4,0.0
2023-07-15T21:00:00+02:00,0.0,174.1,26.6,0.0
2023-07-15T22:00:00+02:00,0.0,155.6,13.1,0.0
2023-07-15T23:00:00+02:00,0.0,0.3,4.6,0.0
2023-07-16T00:00:00+02:00,0.0,0.0,0.7,0.0
2023-07-16T01:00:00+02:00,0.0,0.0,0.0,0.0
2023-07-16T02:00:00+02:00,0.0,0.0,0.0,0.0
2023-07-16T03:00:00+02:00,0.0,0.0,1.0,0.0
2023-07-16T04:00:00+02:00,0.0,0.0,2.4,0.0
2023-07-16T05:00:00+02:00,0.0,0.0,4.0,0.0
2023-07-16T06:00:00+02:00,0.0,0.4,0.5,0.0
2023-07-16T07:00:00+02:00,0.0,15.8,0.0,0.0
2023-07-16T08:00:00+02:00,0.0,0.0,0.0,0.0
2023-07-16T09:00:00+02:00,0.0,0.0,0.0,0.0
2023-07-16T10:00:00+02:00,0.0,0.0,0.0,0.0
2023-07-16T11:00:00+02:00,0.0,0.0,0.0,0.0
2023-07-16T12:00:00+02:00,0.0,0.0,0.0,0.0
2023-07-16T13:00:00+02:00,0.0,0.0,0.9,0.0
2023-07-16T14:00:00+02:00,0.0,0.9,3.8,0.0
2023-07-16T15:00:00+02:00,0.0,58.0,3.4,0.0
2023-07-16T16:00:00+02:00,0.0,73.1,5.2,0.0
2023-07-16T17:00:00+02:00,0.0,0.3,4.8,0.0
2023-07-16T18:00:00+02:00,0.0,70.8,5.3,0.0
2023-07-16T19:00:00+02:00,0.0,143.5,5.4,0.0
2023-07-16T20:00:00+02:00,0.0,180.4,2.9,0.0
2023-07-16T21:00:00+02:00,0.0,184.1,0.5,0.0
2023-07-16T22:00:00+02:00,0.0,177.9,0.1,0.0
2023-07-16T23:00:00+02:00,0.0,121.6,0.8,0.0
2023-07-17T00:00:00+02:00,0.0,86.0,0.9,0.0
2023-07-17T01:00:00+02:00,0.0,28.9,1.2,0.0
2023-07-17T02:00:00+02:00,0.0,0.0,0.3,0.0
2023-07-17T03:00:00+02:00,0.0,0.0,0.0,0.0
2023-07-17T04:00:00+02:00,0.0,0.0,0.2,0.0
2023-07-17T05:00:00+02:00,0.0,0.0,0.0,0.0
2023-07-17T06:00:00+02:00,0.0,14.7,0.0,0.0
2023-07-17T07:00:00+02:00,0.0,97.1,0.0,0.0
2023-07-17T08:00:00+02:00,0.0,108.3,0.0,0.0
2023-07-17T09:00:00+02:00,0.0,112.9,0.0,0.0
2023-07-17T10:00:00+02:00,0.0,112.9,0.1,0.0
2023-07-17T11:00:00+02:00,0.0,113.0,0.8,0.0
2023-07-17T12:00:00+02:00,0.0,113.0,7.0,0.0
2023-07-17T13:00:00+02:00,0.0,113.0,12.1,0.0
2023-07-17T14:00:00+02:00,0.0,163.0,8.1,0.0
2023-07-17T15:00:00+02:00,0.0,113.2,15.9,0.0
2023-07-17T16:00:00+02:00,0.0,198.9,31.0,0.0
2023-07-17T17:00:00+02:00,0.0,225.5,37.9,0.0
2023-07-17T18:00:00+02:00,0.0,335.8,43.1,0.0
2023-07-17T19:00:00+02:00,0.0,391.6,45.5,0.0
2023-07-17T20:00:00+02:00,0.0,398.9,35.5,0.0
2023-07-17T21:00:00+02:00,0.0,395.9,22.5,0.0
2023-07-17T22:00:00+02:00,0.0,325.5,5.0,0.0
2023-07-17T23:00:00+02:00,0.0,224.0,0.9,0.0
2023-07-18T00:00:00+02:00,0.0,111.8,0.0,0.0
2023-07-18T01:00:00+02:00,0.0,0.8,0.0,0.0
2023-07-18T02:00:00+02:00,0.0,0.0,5.0,0.0
2023-07-18T03:00:00+02:00,0.0,0.0,14.1,0.0
2023-07-18T04:00:00+02:00,0.0,0.0,19.6,0.0
2023-07-18T05:00:00+02:00,0.0,0.2,15.7,0.0
2023-07-18T06:00:00+02:00,0.0,25.1,10.9,0.0
2023-07-18T07:00:00+02:00,0.0,98.8,18.2,0.0
2023-07-18T08:00:00+02:00,0.0,113.4,18.0,0.0
2023-07-18T09:00:00+02:00,0.0,146.7,18.8,0.0
2023-07-18T10:00:00+02:00,0.0,118.5,15.9,0.0
2023-07-18T11:00:00+02:00,0.0,130.2,17.5,0.0
2023-07-18T12:00:00+02:00,0.0,143.4,18.3,0.0
2023-07-18T13:00:00+02:00,0.0,152.4,7.9,0.0
2023-07-18T14:00:00+02:00,0.0,147.8,2.3,0.0
2023-07-18T15:00:00+02:00,0.0,173.1,1.9,0.0
2023-07-18T16:00:00+02:00,0.0,179.9,2.8,0.0
2023-07-18T17:00:00+02:00,0.0,351.1,8.7,0.0
2023-07-18T18:00:00+02:00,0.0,463.0,14.9,0.0
2023-07-18T19:00:00+02:00,0.0,441.4,8.6,0.0
2023-07-18T20:00:00+02:00,0.0,444.2,2.7,0.0
2023-07-18T21:00:00+02:00,0.0,447.4,0.3,0.0
2023-07-18T22:00:00+02:00,0.0,405.4,4.2,0.0
2023-07-18T23:00:00+02:00,0.0,321.1,14.0,0.0
2023-07-19T00:00:00+02:00,0.0,121.7,36.0,0.0
2023-07-19T01:00:00+02:00,0.0,71.3,56.3,0.0
2023-07-19T02:00:00+02:00,0.0,0.7,67.3,0.0
2023-07-19T03:00:00+02:00,0.0,0.0,53.9,0.0
2023-07-19T04:00:00+02:00,0.0,0.0,21.8,0.0
2023-07-19T05:00:00+02:00,0.0,1.1,10.5,0.0
2023-07-19T06:00:00+02:00,0.0,44.8,6.9,0.0
2023-07-19T07:00:00+02:00,0.0,113.2,0.4,0.0
2023-07-19T08:00:00+02:00,0.0,137.7,0.1,0.0
2023-07-19T09:00:00+02:00,0.0,170.9,2.0,0.0
2023-07-19T10:00:00+02:00,0.0,194.8,4.7,0.0
2023-07-19T11:00:00+02:00,0.0,216.5,4.8,0.0
2023-07-19T12:00:00+02:00,0.0,221.9,3.4,0.0
2023-07-19T13:00:00+02:00,0.0,217.1,2.9,0.0
2023-07-19T14:00:00+02:00,0.0,242.7,4.3,0.0
2023-07-19T15:00:00+02:00,0.0,244.2,7.2,0.0
2023-07-19T16:00:00+02:00,0.0,235.9,12.6,0.0
2023-07-19T17:00:00+02:00,0.0,320.5,17.8,0.0
2023-07-19T18:00:00+02:00,0.0,413.6,17.6,0.0
2023-07-19T19:00:00+02:00,0.0,405.2,21.6,0.0
2023-07-19T20:00:00+02:00,0.0,411.0,12.5,0.0
2023-07-19T21:00:00+02:00,0.0,369.4,3.9,0.0
2023-07-19T22:00:00+02:00,0.0,360.5,4.5,0.0
2023-07-19T23:00:00+02:00,0.0,244.8,4.0,0.0
2023-07-20T00:00:00+02:00,0.0,71.1,8.8,0.0
2023-07-20T01:00:00+02:00,0.0,0.7,9.8,0.0
2023-07-20T02:00:00+02:00,0.0,0.0,6.0,0.0
2023-07-20T03:00:00+02:00,0.0,0.0,5.2,0.0
2023-07-20T04:00:00+02:00,0.0,0.0,5.0,0.0
2023-07-20T05:00:00+02:00,0.0,1.6,2.0,0.0
2023-07-20T06:00:00+02:00,0.0,59.5,0.3,0.0
2023-07-20T07:00:00+02:00,0.0,124.6,9.8,0.0
2023-07-20T08:00:00+02:00,0.0,129.2,11.0,0.0
2023-07-20T09:00:00+02:00,0.0,111.5,0.5,0.0
2023-07-20T10:00:00+02:00,0.0,111.2,0.2,0.0
2023-07-20T11:00:00+02:00,0.0,117.5,4.7,0.0
2023-07-20T12:00:00+02:00,0.0,130.3,10.8,0.0
2023-07-20T13:00:00+02:00,0.0,133.7,14.6,0.0
2023-07-20T14:00:00+02:00,0.0,129.4,17.3,0.0
2023-07-20T15:00:00+02:00,0.0,228.4,18.4,0.0
2023-07-20T16:00:00+02:00,0.0,223.0,21.1,0.0
2023-07-20T17:00:00+02:00,0.0,220.2,22.7,0.0
2023-07-20T18:00:00+02:00,0.0,392.7,19.6,0.0
2023-07-20T19:00:00+02:00,0.0,419.6,11.5,0.0
2023-07-20T20:00:00+02:00,0.0,422.6,6.7,0.0
2023-07-20T21:00:00+02:00,0.0,358.6,1.6,0.0
2023-07-20T22:00:00+02:00,0.0,346.4,10.3,0.0
2023-07-20T23:00:00+02:00,0.0,199.8,12.3,0.0
2023-07-21T00:00:00+02:00,0.0,71.5,5.9,0.0
2023-07-21T01:00:00+02:00,0.0,0.6,5.0,0.0
2023-07-21T02:00:00+02:00,0.0,0.0,2.7,0.0
2023-07-21T03:00:00+02:00,0.0,0.0,2.2,0.0
2023-07-21T04:00:00+02:00,0.0,0.0,1.2,0.0
2023-07-21T05:00:00+02:00,0.0,0.2,1.1,0.0
2023-07-21T06:00:00+02:00,0.0,49.0,1.7,0.0
2023-07-21T07:00:00+02:00,0.0,105.0,4.3,0.0
2023-07-21T08:00:00+02:00,0.0,129.4,2.0,0.0
2023-07-21T09:00:00+02:00,0.0,74.4,1.9,0.0
2023-07-21T10:00:00+02:00,0.0,109.0,1.6,0.0
2023-07-21T11:00:00+02:00,0.0,127.5,8.3,0.0
2023-07-21T12:00:00+02:00,0.0,101.7,15.7,0.0
2023-07-21T13:00:00+02:00,0.0,112.9,20.1,0.0
2023-07-21T14:00:00+02:00,0.0,151.0,25.3,0.0
2023-07-21T15:00:00+02:00,0.0,121.5,41.1,0.0
2023-07-21T16:00:00+02:00,0.0,215.5,47.5,0.0
2023-07-21T17:00:00+02:00,0.0,284.6,53.1,0.0
2023-07-21T18:00:00+02:00,0.0,360.3,39.0,0.0
2023-07-21T19:00:00+02:00,0.0,358.6,38.5,0.0
2023-07-21T20:00:00+02:00,0.0,355.1,48.6,0.0
2023-07-21T21:00:00+02:00,0.0,350.9,38.0,0.0
2023-07-21T22:00:00+02:00,0.0,360.3,41.6,0.0
2023-07-21T23:00:00+02:00,0.0,168.6,62.0,0.0
2023-07-22T00:00:00+02:00,0.0,87.7,69.7,0.0
2023-07-22T01:00:00+02:00,0.0,18.2,59.6,0.0
2023-07-22T02:00:00+02:00,0.0,0.0,71.5,0.0
2023-07-22T03:00:00+02:00,0.0,0.0,72.6,0.0
2023-07-22T04:00:00+02:00,0.0,0.0,51.0,0.0
2023-07-22T05:00:00+02:00,0.0,0.0,29.9,0.0
2023-07-22T06:00:00+02:00,0.0,0.0,20.6,0.0
2023-07-22T07:00:00+02:00,0.0,0.0,12.1,0.0
2023-07-22T08:00:00+02:00,0.0,0.0,5.0,0.0
2023-07-22T09:00:00+02:00,0.0,0.0,11.4,0.0
2023-07-22T10:00:00+02:00,0.0,0.0,23.2,0.0
2023-07-22T11:00:00+02:00,0.0,0.0,27.3,0.0
2023-07-22T12:00:00+02:00,0.0,0.0,48.4,0.0
2023-07-22T13:00:00+02:00,0.0,0.0,57.3,0.0
2023-07-22T14:00:00+02:00,0.0,0.0,49.3,0.0
2023-07-22T15:00:00+02:00,0.0,0.0,50.1,0.0
2023-07-22T16:00:00+02:00,0.0,0.4,53.3,0.0
2023-07-22T17:00:00+02:00,0.0,90.5,53.5,0.0
2023-07-22T18:00:00+02:00,0.0,98.9,41.2,0.0
2023-07-22T19:00:00+02:00,0.0,119.0,22.1,0.0
2023-07-22T20:00:00+02:00,0.0,239.6,18.5,0.0
2023-07-22T21:00:00+02:00,0.0,242.0,9.7,0.0
2023-07-22T22:00:00+02:00,0.0,219.0,6.1,0.0
2023-07-22T23:00:00+02:00,0.0,176.9,15.8,0.0
2023-07-23T00:00:00+02:00,0.0,134.1,8.5,0.0
2023-07-23T01:00:00+02:00,0.0,30.9,7.1,0.0
2023-07-23T02:00:00+02:00,0.0,0.0,3.5,0.0
2023-07-23T03:00:00+02:00,0.0,0.0,3.0,0.0
2023-07-23T04:00:00+02:00,0.0,0.0,4.9,0.0
2023-07-23T05:00:00+02:00,0.0,0.0,7.1,0.0
2023-07-23T06:00:00+02:00,0.0,0.0,8.1,0.0
2023-07-23T07:00:00+02:00,0.0,0.2,5.8,0.0
2023-07-23T08:00:00+02:00,0.0,9.9,1.1,0.0
2023-07-23T09:00:00+02:00,0.0,15.8,0.2,0.0
2023-07-23T10:00:00+02:00,0.0,15.8,1.0,0.0
2023-07-23T11:00:00+02:00,0.0,11.8,3.8,0.0
2023-07-23T12:00:00+02:00,0.0,9.9,8.4,0.0
2023-07-23T13:00:00+02:00,0.0,10.0,16.5,0.0
2023-07-23T14:00:00+02:00,0.0,19.8,27.9,0.0
2023-07-23T15:00:00+02:00,0.0,9.9,21.4,0.0
2023-07-23T16:00:00+02:00,0.0,29.7,12.1,0.0
2023-07-23T17:00:00+02:00,0.0,62.7,14.6,0.0
2023-07-23T18:00:00+02:00,0.0,19.1,22.6,0.0
2023-07-23T19:00:00+02:00,0.0,102.3,25.0,0.0
2023-07-23T20:00:00+02:00,0.0,241.9,12.8,0.0
2023-07-23T21:00:00+02:00,0.0,246.3,1.6,0.0
2023-07-23T22:00:00+02:00,0.0,220.6,0.2,0.0
2023-07-23T23:00:00+02:00,0.0,181.9,0.8,0.0
2023-07-24T00:00:00+02:00,0.0,125.8,2.1,0.0
2023-07-24T01:00:00+02:00,0.0,81.7,2.0,0.0
2023-07-24T02:00:00+02:00,0.0,0.7,1.2,0.0
2023-07-24T03:00:00+02:00,0.0,0.0,0.0,0.0
2023-07-24T04:00:00+02:00,0.0,0.0,0.0,0.0
2023-07-24T05:00:00+02:00,0.0,0.4,0.0,0.0
2023-07-24T06:00:00+02:00,0.0,42.9,0.0,0.0
2023-07-24T07:00:00+02:00,0.0,105.5,2.4,0.0
2023-07-24T08:00:00+02:00,0.0,138.3,3.7,0.0
2023-07-24T09:00:00+02:00,0.0,115.6,0.7,0.0
2023-07-24T10:00:00+02:00,0.0,104.3,0.3,0.0
2023-07-24T11:00:00+02:00,0.0,159.8,5.5,0.0
2023-07-24T12:00:00+02:00,0.0,216.8,7.4,0.0
2023-07-24T13:00:00+02:00,0.0,239.5,5.6,0.0
2023-07-24T14:00:00+02:00,0.0,246.4,10.5,0.0
2023-07-24T15:00:00+02:00,0.0,245.1,12.9,0.0
2023-07-24T16:00:00+02:00,0.0,185.6,13.1,0.0
2023-07-24T17:00:00+02:00,0.0,238.4,10.4,0.0
2023-07-24T18:00:00+02:00,0.0,388.1,5.8,0.0
2023-07-24T19:00:00+02:00,0.0,384.4,8.8,0.0
2023-07-24T20:00:00+02:00,0.0,380.2,18.9,0.0
2023-07-24T21:00:00+02:00,0.0,371.8,24.3,0.0
2023-07-24T22:00:00+02:00,0.0,211.7,37.0,0.0
2023-07-24T23:00:00+02:00,0.0,176.9,36.6,0.0
2023-07-25T00:00:00+02:00,0.0,75.1,40.0,0.0
2023-07-25T01:00:00+02:00,0.0,0.6,51.0,0.0
2023-07-25T02:00:00+02:00,0.0,0.0,68.0,0.0
2023-07-25T03:00:00+02:00,0.0,0.0,75.4,0.0
2023-07-25T04:00:00+02:00,0.0,0.0,64.4,0.0
2023-07-25T05:00:00+02:00,0.0,0.0,76.0,0.0
2023-07-25T06:00:00+02:00,0.0,0.1,54.8,0.0
2023-07-25T07:00:00+02:00,0.0,72.3,58.0,0.0
2023-07-25T08:00:00+02:00,0.0,96.4,58.5,0.0
2023-07-25T09:00:00+02:00,0.0,122.7,69.8,0.0
2023-07-25T10:00:00+02:00,0.0,73.2,80.4,0.0
2023-07-25T11:00:00+02:00,0.0,72.5,92.1,0.0
2023-07-25T12:00:00+02:00,0.0,88.9,100.1,0.0
2023-07-25T13:00:00+02:00,0.0,101.3,98.6,0.0
2023-07-25T14:00:00+02:00,0.0,90.4,99.3,0.0
2023-07-25T15:00:00+02:00,0.0,101.5,112.1,0.0
2023-07-25T16:00:00+02:00,0.0,101.8,104.7,0.0
2023-07-25T17:00:00+02:00,0.0,154.2,98.8,0.0
2023-07-25T18:00:00+02:00,0.0,272.2,96.5,0.0
2023-07-25T19:00:00+02:00,0.0,342.6,97.8,0.0
2023-07-25T20:00:00+02:00,0.0,337.1,108.0,0.0
2023-07-25T21:00:00+02:00,0.0,285.2,98.6,0.0
2023-07-25T22:00:00+02:00,0.0,171.4,110.9,0.0
2023-07-25T23:00:00+02:00,0.0,127.8,117.7,0.0
2023-07-26T00:00:00+02:00,0.0,0.6,111.8,0.0
2023-07-26T01:00:00+02:00,0.0,0.0,93.9,0.0
2023-07-26T02:00:00+02:00,0.0,0.0,88.7,0.0
2023-07-26T03:00:00+02:00,0.0,0.0,91.5,0.0
2023-07-26T04:00:00+02:00,0.0,0.0,98.9,0.0
2023-07-26T05:00:00+02:00,0.0,0.0,110.8,0.0
2023-07-26T06:00:00+02:00,0.0,0.5,99.1,0.0
2023-07-26T07:00:00+02:00,0.0,24.9,108.7,0.0
2023-07-26T08:00:00+02:00,0.0,31.0,116.9,0.0
2023-07-26T09:00:00+02:00,0.0,49.6,100.0,0.0
2023-07-26T10:00:00+02:00,0.0,0.1,105.6,0.0
2023-07-26T11:00:00+02:00,0.0,0.1,93.9,0.0
2023-07-26T12:00:00+02:00,0.0,75.7,73.9,0.0
2023-07-26T13:00:00+02:00,0.0,80.3,46.6,0.0
2023-07-26T14:00:00+02:00,0.0,75.3,53.1,0.0
2023-07-26T15:00:00+02:00,0.0,81.4,55.0,0.0
2023-07-26T16:00:00+02:00,0.0,91.1,39.5,0.0
2023-07-26T17:00:00+02:00,0.0,162.8,47.8,0.0
2023-07-26T18:00:00+02:00,0.0,157.6,45.3,0.0
2023-07-26T19:00:00+02:00,0.0,281.0,36.0,0.0
2023-07-26T20:00:00+02:00,0.0,366.1,22.8,0.0
2023-07-26T21:00:00+02:00,0.0,353.8,17.1,0.0
2023-07-26T22:00:00+02:00,0.0,155.7,23.4,0.0
2023-07-26T23:00:00+02:00,0.0,120.5,37.6,0.0
2023-07-27T00:00:00+02:00,0.0,0.5,28.0,0.0
2023-07-27T01:00:00+02:00,0.0,0.0,29.8,0.0
2023-07-27T02:00:00+02:00,0.0,0.0,30.1,0.0
2023-07-27T03:00:00+02:00,0.0,0.0,27.1,0.0
2023-07-27T04:00:00+02:00,0.0,0.0,34.0,0.0
2023-07-27T05:00:00+02:00,0.0,0.0,41.4,0.0
2023-07-27T06:00:00+02:00,0.0,0.3,58.4,0.0
2023-07-27T07:00:00+02:00,0.0,27.9,87.7,0.0
2023-07-27T08:00:00+02:00,0.0,30.6,81.1,0.0
2023-07-27T09:00:00+02:00,0.0,17.7,52.8,0.0
2023-07-27T10:00:00+02:00,0.0,17.7,45.9,0.0
2023-07-27T11:00:00+02:00,0.0,0.0,38.1,0.0
2023-07-27T12:00:00+02:00,0.0,0.0,29.6,0.0
2023-07-27T13:00:00+02:00,0.0,0.0,10.6,0.0
2023-07-27T14:00:00+02:00,0.0,44.2,3.8,0.0
2023-07-27T15:00:00+02:00,0.0,70.0,11.8,0.0
2023-07-27T16:00:00+02:00,0.0,70.9,16.3,0.0
2023-07-27T17:00:00+02:00,0.0,153.0,19.3,0.0
2023-07-27T18:00:00+02:00,0.0,132.3,36.7,0.0
2023-07-27T19:00:00+02:00,0.0,254.2,44.5,0.0
2023-07-27T20:00:00+02:00,0.0,223.6,33.4,0.0
2023-07-27T21:00:00+02:00,0.0,271.2,24.2,0.0
2023-07-27T22:00:00+02:00,0.0,157.1,10.7,0.0
2023-07-27T23:00:00+02:00,0.0,124.4,4.1,0.0
2023-07-28T00:00:00+02:00,0.0,0.7,2.0,0.0
2023-07-28T01:00:00+02:00,0.0,0.0,4.4,0.0
2023-07-28T02:00:00+02:00,0.0,0.0,5.4,0.0
2023-07-28T03:00:00+02:00,0.0,0.0,2.4,0.0
2023-07-28T04:00:00+02:00,0.0,0.0,1.2,0.0
2023-07-28T05:00:00+02:00,0.0,0.0,1.9,0.0
2023-07-28T06:00:00+02:00,0.0,0.1,2.0,0.0
2023-07-28T07:00:00+02:00,0.0,75.0,2.6,0.0
2023-07-28T08:00:00+02:00,0.0,77.3,0.3,0.0
2023-07-28T09:00:00+02:00,0.0,71.0,0.0,0.0
2023-07-28T10:00:00+02:00,0.0,70.3,0.0,0.0
2023-07-28T11:00:00+02:00,0.0,71.9,2.2,0.0
2023-07-28T12:00:00+02:00,0.0,77.3,6.1,0.0
2023-07-28T13:00:00+02:00,0.0,73.7,11.3,0.0
2023-07-28T14:00:00+02:00,0.0,78.3,16.5,0.0
2023-07-28T15:00:00+02:00,0.0,74.5,13.7,0.0
2023-07-28T16:00:00+02:00,0.0,71.6,28.1,0.0
2023-07-28T17:00:00+02:00,0.0,147.1,22.6,0.0
2023-07-28T18:00:00+02:00,0.0,202.7,19.1,0.0
2023-07-28T19:00:00+02:00,0.0,240.2,20.5,0.0
2023-07-28T20:00:00+02:00,0.0,239.5,20.7,0.0
2023-07-28T21:00:00+02:00,0.0,235.9,3.1,0.0
2023-07-28T22:00:00+02:00,0.0,174.2,0.6,0.0
2023-07-28T23:00:00+02:00,0.0,110.1,1.4,0.0
2023-07-29T00:00:00+02:00,0.0,59.8,0.6,0.0
2023-07-29T01:00:00+02:00,0.0,48.6,0.5,0.0
2023-07-29T02:00:00+02:00,0.0,49.0,0.1,0.0
2023-07-29T03:00:00+02:00,0.0,38.9,0.0,0.0
2023-07-29T04:00:00+02:00,0.0,38.6,0.0,0.0
2023-07-29T05:00:00+02:00,0.0,29.4,0.0,0.0
2023-07-29T06:00:00+02:00,0.0,28.9,0.0,0.0
2023-07-29T07:00:00+02:00,0.0,29.2,0.0,0.0
2023-07-29T08:00:00+02:00,0.0,29.3,0.0,0.0
2023-07-29T09:00:00+02:00,0.0,8.1,0.0,0.0
2023-07-29T10:00:00+02:00,0.0,86.6,0.1,0.0
2023-07-29T11:00:00+02:00,0.0,71.4,0.3,0.0
2023-07-29T12:00:00+02:00,0.0,76.6,2.9,0.0
2023-07-29T13:00:00+02:00,0.0,70.8,14.0,0.0
2023-07-29T14:00:00+02:00,0.0,71.0,24.5,0.0
2023-07-29T15:00:00+02:00,0.0,70.6,41.2,0.0
2023-07-29T16:00:00+02:00,0.0,70.8,47.9,0.0
2023-07-29T17:00:00+02:00,0.0,71.0,51.8,0.0
2023-07-29T18:00:00+02:00,0.0,71.0,55.4,0.0
2023-07-29T19:00:00+02:00,0.0,142.4,53.5,0.0
2023-07-29T20:00:00+02:00,0.0,151.8,44.8,0.0
2023-07-29T21:00:00+02:00,0.0,157.4,29.9,0.0
2023-07-29T22:00:00+02:00,0.0,91.8,10.1,0.0
2023-07-29T23:00:00+02:00,0.0,86.1,0.5,0.0
2023-07-30T00:00:00+02:00,0.0,0.5,0.0,0.0
2023-07-30T01:00:00+02:00,0.0,0.0,0.0,0.0
2023-07-30T02:00:00+02:00,0.0,0.0,0.0,0.0
2023-07-30T03:00:00+02:00,0.0,0.0,0.0,0.0
2023-07-30T04:00:00+02:00,0.0,0.0,0.0,0.0
2023-07-30T05:00:00+02:00,0.0,0.0,0.0,0.0
2023-07-30T06:00:00+02:00,0.0,0.0,0.0,0.0
2023-07-30T07:00:00+02:00,0.0,0.0,0.0,0.0
2023-07-30T08:00:00+02:00,0.0,0.0,0.0,0.0
2023-07-30T09:00:00+02:00,0.0,0.0,0.1,0.0
2023-07-30T10:00:00+02:00,0.0,0.0,2.3,0.0
2023-07-30T11:00:00+02:00,0.0,0.0,6.9,0.0
2023-07-30T12:00:00+02:00,0.0,0.0,12.7,0.0
2023-07-30T13:00:00+02:00,0.0,0.0,29.5,0.0
2023-07-30T14:00:00+02:00,0.0,0.0,41.5,0.0
2023-07-30T15:00:00+02:00,0.0,0.0,52.4,0.0
2023-07-30T16:00:00+02:00,0.0,0.0,53.5,0.0
2023-07-30T17:00:00+02:00,0.0,0.0,63.2,0.0
2023-07-30T18:00:00+02:00,0.0,0.0,68.9,0.0
2023-07-30T19:00:00+02:00,0.0,0.8,56.7,0.0
2023-07-30T20:00:00+02:00,0.0,159.2,42.8,0.0
2023-07-30T21:00:00+02:00,0.0,158.1,38.9,0.0
2023-07-30T22:00:00+02:00,0.0,1.0,26.8,0.0
2023-07-30T23:00:00+02:00,0.0,0.0,27.3,0.0
2023-07-31T00:00:00+02:00,0.0,0.0,41.2,0.0
2023-07-31T01:00:00+02:00,0.0,0.0,52.6,0.0
2023-07-31T02:00:00+02:00,0.0,0.0,32.7,0.0
2023-07-31T03:00:00+02:00,0.0,0.0,42.8,0.0
2023-07-31T04:00:00+02:00,0.0,0.0,58.3,0.0
2023-07-31T05:00:00+02:00,0.0,0.0,55.5,0.0
2023-07-31T06:00:00+02:00,0.0,0.0,61.3,0.0
2023-07-31T07:00:00+02:00,0.0,0.0,61.8,0.0
2023-07-31T08:00:00+02:00,0.0,0.3,65.1,0.0
2023-07-31T09:00:00+02:00,0.0,70.5,51.0,0.0
2023-07-31T10:00:00+02:00,0.0,70.1,41.1,0.0
2023-07-31T11:00:00+02:00,0.0,70.0,36.0,0.0
2023-07-31T12:00:00+02:00,0.0,70.0,29.6,0.0
2023-07-31T13:00:00+02:00,0.0,70.5,28.5,0.0
2023-07-31T14:00:00+02:00,0.0,70.3,24.0,0.0
2023-07-31T15:00:00+02:00,0.0,71.0,25.6,0.0
2023-07-31T16:00:00+02:00,0.0,70.6,32.4,0.0
2023-07-31T17:00:00+02:00,0.0,71.0,35.5,0.0
2023-07-31T18:00:00+02:00,0.0,214.1,40.5,0.0
2023-07-31T19:00:00+02:00,0.0,219.8,26.9,0.0
2023-07-31T20:00:00+02:00,0.0,224.1,12.4,0.0
2023-07-31T21:00:00+02:00,0.0,220.2,16.4,0.0
2023-07-31T22:00:00+02:00,0.0,95.0,43.4,0.0
2023-07-31T23:00:00+02:00,0.0,71.4,46.9,0.0
2023-08-01T00:00:00+02:00,0.0,0.5,51.6,0.0
2023-08-01T01:00:00+02:00,0.0,0.0,49.9,0.0
2023-08-01T02:00:00+02:00,0.0,0.0,43.7,0.0
2023-08-01T03:00:00+02:00,0.0,0.0,38.7,0.0
2023-08-01T04:00:00+02:00,0.0,0.0,40.3,0.0
2023-08-01T05:00:00+02:00,0.0,0.0,37.3,0.0
2023-08-01T06:00:00+02:00,0.0,0.0,23.4,0.0
2023-08-01T07:00:00+02:00,0.0,0.4,4.4,0.0
2023-08-01T08:00:00+02:00,0.0,77.6,3.4,0.0
2023-08-01T09:00:00+02:00,0.0,73.6,1.8,0.0
2023-08-01T10:00:00+02:00,0.0,70.9,0.7,0.0
2023-08-01T11:00:00+02:00,0.0,70.5,0.3,0.0
2023-08-01T12:00:00+02:00,0.0,74.0,4.7,0.0
2023-08-01T13:00:00+02:00,0.0,75.4,9.6,0.0
2023-08-01T14:00:00+02:00,0.0,74.4,17.3,0.0
2023-08-01T15:00:00+02:00,0.0,107.0,21.6,0.0
2023-08-01T16:00:00+02:00,0.0,107.9,34.2,0.0
2023-08-01T17:00:00+02:00,0.0,108.0,34.6,0.0
2023-08-01T18:00:00+02:00,0.0,157.2,34.6,0.0
2023-08-01T19:00:00+02:00,0.0,219.6,14.5,0.0
2023-08-01T20:00:00+02:00,0.0,223.9,10.4,0.0
2023-08-01T21:00:00+02:00,0.0,212.1,22.3,0.0
2023-08-01T22:00:00+02:00,0.0,88.4,28.1,0.0
2023-08-01T23:00:00+02:00,0.0,53.8,36.8,0.0
2023-08-02T00:00:00+02:00,0.0,0.0,31.0,0.0
2023-08-02T01:00:00+02:00,0.0,0.0,25.1,0.0
2023-08-02T02:00:00+02:00,0.0,0.0,27.9,0.0
2023-08-02T03:00:00+02:00,0.0,0.0,25.0,0.0
2023-08-02T04:00:00+02:00,0.0,0.0,34.1,0.0
2023-08-02T05:00:00+02:00,0.0,0.0,38.1,0.0
2023-08-02T06:00:00+02:00,0.0,0.0,26.4,0.0
2023-08-02T07:00:00+02:00,0.0,0.3,19.2,0.0
2023-08-02T08:00:00+02:00,0.0,71.5,22.1,0.0
2023-08-02T09:00:00+02:00,0.0,70.4,25.2,0.0
2023-08-02T10:00:00+02:00,0.0,70.7,32.8,0.0
2023-08-02T11:00:00+02:00,0.0,70.8,53.0,0.0
2023-08-02T12:00:00+02:00,0.0,70.6,47.3,0.0
2023-08-02T13:00:00+02:00,0.0,70.7,44.5,0.0
2023-08-02T14:00:00+02:00,0.0,78.4,50.8,0.0
2023-08-02T15:00:00+02:00,0.0,85.5,46.2,0.0
2023-08-02T16:00:00+02:00,0.0,92.1,46.6,0.0
2023-08-02T17:00:00+02:00,0.0,100.7,33.7,0.0
2023-08-02T18:00:00+02:00,0.0,142.3,35.1,0.0
2023-08-02T19:00:00+02:00,0.0,155.3,26.1,0.0
2023-08-02T20:00:00+02:00,0.0,174.7,15.3,0.0
2023-08-02T21:00:00+02:00,0.0,162.2,10.1,0.0
2023-08-02T22:00:00+02:00,0.0,93.3,9.9,0.0
2023-08-02T23:00:00+02:00,0.0,0.5,7.3,0.0
2023-08-03T00:00:00+02:00,0.0,0.0,10.3,0.0
2023-08-03T01:00:00+02:00,0.0,0.0,11.7,0.0
2023-08-03T02:00:00+02:00,0.0,0.0,7.2,0.0
2023-08-03T03:00:00+02:00,0.0,0.0,8.8,0.0
2023-08-03T04:00:00+02:00,0.0,0.0,8.1,0.0
2023-08-03T05:00:00+02:00,0.0,0.0,9.2,0.0
2023-08-03T06:00:00+02:00,0.0,0.0,6.1,0.0
2023-08-03T07:00:00+02:00,0.0,0.1,3.8,0.0
2023-08-03T08:00:00+02:00,0.0,76.9,1.6,0.0
2023-08-03T09:00:00+02:00,0.0,87.4,1.9,0.0
2023-08-03T10:00:00+02:00,0.0,102.0,1.8,0.0
2023-08-03T11:00:00+02:00,0.0,111.1,3.9,0.0
2023-08-03T12:00:00+02:00,0.0,151.9,8.6,0.0
2023-08-03T13:00:00+02:00,0.0,153.9,10.1,0.0
2023-08-03T14:00:00+02:00,0.0,148.7,12.8,0.0
2023-08-03T15:00:00+02:00,0.0,151.9,13.5,0.0
2023-08-03T16:00:00+02:00,0.0,153.6,9.7,0.0
2023-08-03T17:00:00+02:00,0.0,154.2,16.0,0.0
2023-08-03T18:00:00+02:00,0.0,180.2,15.2,0.0
2023-08-03T19:00:00+02:00,0.0,177.9,8.1,0.0
2023-08-03T20:00:00+02:00,0.0,221.3,2.2,0.0
2023-08-03T21:00:00+02:00,0.0,178.5,0.5,0.0
2023-08-03T22:00:00+02:00,0.0,152.8,0.2,0.0
2023-08-03T23:00:00+02:00,0.0,86.7,0.0,0.0
2023-08-04T00:00:00+02:00,0.0,0.6,0.0,0.0
2023-08-04T01:00:00+02:00,0.0,0.0,0.1,0.0
2023-08-04T02:00:00+02:00,0.0,0.0,0.0,0.0
2023-08-04T03:00:00+02:00,0.0,0.0,0.0,0.0
2023-08-04T04:00:00+02:00,0.0,0.0,0.0,0.0
2023-08-04T05:00:00+02:00,0.0,0.0,0.0,0.0
2023-08-04T06:00:00+02:00,0.0,0.0,0.0,0.0
2023-08-04T07:00:00+02:00,0.0,0.3,0.0,0.0
2023-08-04T08:00:00+02:00,0.0,78.5,0.0,0.0
2023-08-04T09:00:00+02:00,0.0,88.9,0.0,0.0
2023-08-04T10:00:00+02:00,0.0,95.1,0.2,0.0
2023-08-04T11:00:00+02:00,0.0,89.7,3.4,0.0
2023-08-04T12:00:00+02:00,0.0,107.4,8.7,0.0
2023-08-04T13:00:00+02:00,0.0,111.9,19.8,0.0
2023-08-04T14:00:00+02:00,0.0,112.0,33.6,0.0
2023-08-04T15:00:00+02:00,0.0,110.7,32.2,0.0
2023-08-04T16:00:00+02:00,0.0,92.1,37.0,0.0
2023-08-04T17:00:00+02:00,0.0,107.7,44.1,0.0
2023-08-04T18:00:00+02:00,0.0,224.0,23.5,0.0
2023-08-04T19:00:00+02:00,0.0,223.0,31.2,0.0
2023-08-04T20:00:00+02:00,0.0,223.8,37.6,0.0
2023-08-04T21:00:00+02:00,0.0,204.7,49.4,0.0
2023-08-04T22:00:00+02:00,0.0,126.1,53.7,0.0
2023-08-04T23:00:00+02:00,0.0,70.3,79.9,0.0
2023-08-05T00:00:00+02:00,0.0,0.6,56.5,0.0
2023-08-05T01:00:00+02:00,0.0,0.0,54.5,0.0
2023-08-05T02:00:00+02:00,0.0,0.0,62.6,0.0
2023-08-05T03:00:00+02:00,0.0,0.0,65.8,0.0
2023-08-05T04:00:00+02:00,0.0,0.0,92.6,0.0
2023-08-05T05:00:00+02:00,0.0,0.0,88.4,0.0
2023-08-05T06:00:00+02:00,0.0,0.0,66.1,0.0
2023-08-05T07:00:00+02:00,0.0,0.0,45.5,0.0
2023-08-05T08:00:00+02:00,0.0,0.0,38.5,0.0
2023-08-05T09:00:00+02:00,0.0,0.0,67.7,0.0
2023-08-05T10:00:00+02:00,0.0,0.0,70.1,0.0
2023-08-05T11:00:00+02:00,0.0,0.0,45.7,0.0
2023-08-05T12:00:00+02:00,0.0,0.0,86.0,0.0
2023-08-05T13:00:00+02:00,0.0,0.0,65.5,0.0
2023-08-05T14:00:00+02:00,0.0,0.0,39.7,0.0
2023-08-05T15:00:00+02:00,0.0,0.0,40.0,0.0
2023-08-05T16:00:00+02:00,0.0,0.0,45.4,0.0
2023-08-05T17:00:00+02:00,0.0,0.1,21.9,0.0
2023-08-05T18:00:00+02:00,0.0,72.1,20.6,0.0
2023-08-05T19:00:00+02:00,0.0,72.0,14.1,0.0
2023-08-05T20:00:00+02:00,0.0,72.5,2.8,0.0
2023-08-05T21:00:00+02:00,0.0,72.2,2.1,0.0
2023-08-05T22:00:00+02:00,0.0,71.5,0.0,0.0
2023-08-05T23:00:00+02:00,0.0,0.5,0.9,0.0
2023-08-06T00:00:00+02:00,0.0,0.0,24.5,0.0
2023-08-06T01:00:00+02:00,0.0,0.0,27.5,0.0
2023-08-06T02:00:00+02:00,0.0,0.0,0.1,0.0
2023-08-06T03:00:00+02:00,0.0,0.0,0.0,0.0
2023-08-06T04:00:00+02:00,0.0,0.0,0.4,0.0
2023-08-06T05:00:00+02:00,0.0,0.0,5.2,0.0
2023-08-06T06:00:00+02:00,0.0,0.0,4.8,0.0
2023-08-06T07:00:00+02:00,0.0,0.0,2.4,0.0
2023-08-06T08:00:00+02:00,0.0,0.0,6.6,0.0
2023-08-06T09:00:00+02:00,0.0,0.0,6.0,0.0
2023-08-06T10:00:00+02:00,0.0,0.0,8.3,0.0
2023-08-06T11:00:00+02:00,0.0,0.0,11.7,0.0
2023-08-06T12:00:00+02:00,0.0,0.0,15.0,0.0
2023-08-06T13:00:00+02:00,0.0,0.0,15.8,0.0
2023-08-06T14:00:00+02:00,0.0,0.0,22.8,0.0
2023-08-06T15:00:00+02:00,0.0,0.0,22.2,0.0
2023-08-06T16:00:00+02:00,0.0,0.0,40.7,0.0
2023-08-06T17:00:00+02:00,0.0,0.1,44.5,0.0
2023-08-06T18:00:00+02:00,0.0,71.5,25.1,0.0
2023-08-06T19:00:00+02:00,0.0,75.3,5.6,0.0
2023-08-06T20:00:00+02:00,0.0,79.8,0.5,0.0
2023-08-06T21:00:00+02:00,0.0,81.9,1.3,0.0
2023-08-06T22:00:00+02:00,0.0,85.8,1.4,0.0
2023-08-06T23:00:00+02:00,0.0,0.6,8.5,0.0
2023-08-07T00:00:00+02:00,0.0,0.0,7.2,0.0
2023-08-07T01:00:00+02:00,0.0,0.0,11.3,0.0
2023-08-07T02:00:00+02:00,0.0,0.0,12.8,0.0
2023-08-07T03:00:00+02:00,0.0,0.0,14.1,0.0
2023-08-07T04:00:00+02:00,0.0,0.0,12.3,0.0
2023-08-07T05:00:00+02:00,0.0,0.0,17.3,0.0
2023-08-07T06:00:00+02:00,0.0,0.0,15.3,0.0
2023-08-07T07:00:00+02:00,0.0,0.1,22.3,0.0
2023-08-07T08:00:00+02:00,0.0,70.6,25.0,0.0
2023-08-07T09:00:00+02:00,0.0,70.4,22.2,0.0
2023-08-07T10:00:00+02:00,0.0,71.0,24.4,0.0
2023-08-07T11:00:00+02:00,0.0,72.0,10.4,0.0
2023-08-07T12:00:00+02:00,0.0,70.2,8.0,0.0
2023-08-07T13:00:00+02:00,0.0,70.2,18.3,0.0
2023-08-07T14:00:00+02:00,0.0,50.0,43.5,0.0
2023-08-07T15:00:00+02:00,0.0,14.2,35.7,0.0
2023-08-07T16:00:00+02:00,0.0,74.2,25.8,0.0
2023-08-07T17:00:00+02:00,0.0,80.9,24.1,0.0
2023-08-07T18:00:00+02:00,0.0,189.8,11.6,0.0
2023-08-07T19:00:00+02:00,0.0,222.5,5.4,0.0
2023-08-07T20:00:00+02:00,0.0,222.1,8.7,0.0
2023-08-07T21:00:00+02:00,0.0,209.8,7.4,0.0
2023-08-07T22:00:00+02:00,0.0,71.8,12.4,0.0
2023-08-07T23:00:00+02:00,0.0,70.4,14.5,0.0
2023-08-08T00:00:00+02:00,0.0,0.7,20.2,0.0
2023-08-08T01:00:00+02:00,0.0,0.0,42.2,0.0
2023-08-08T02:00:00+02:00,0.0,0.0,39.9,0.0
2023-08-08T03:00:00+02:00,0.0,0.0,44.5,0.0
2023-08-08T04:00:00+02:00,0.0,0.0,53.4,0.0
2023-08-08T05:00:00+02:00,0.0,0.0,50.5,0.0
2023-08-08T06:00:00+02:00,0.0,0.0,60.0,0.0
2023-08-08T07:00:00+02:00,0.0,0.0,64.0,0.0
2023-08-08T08:00:00+02:00,0.0,0.0,82.5,0.0
2023-08-08T09:00:00+02:00,0.0,0.0,93.6,0.0
2023-08-08T10:00:00+02:00,0.0,0.0,107.6,0.0
2023-08-08T11:00:00+02:00,0.0,0.0,74.0,0.0
2023-08-08T12:00:00+02:00,0.0,0.0,37.7,0.0
2023-08-08T13:00:00+02:00,0.0,0.0,28.2,0.0
2023-08-08T14:00:00+02:00,0.0,0.0,23.1,0.0
2023-08-08T15:00:00+02:00,0.0,0.3,24.8,0.0
2023-08-08T16:00:00+02:00,0.0,71.7,21.7,0.0
2023-08-08T17:00:00+02:00,0.0,71.5,18.2,0.0
2023-08-08T18:00:00+02:00,0.0,71.8,20.9,0.0
2023-08-08T19:00:00+02:00,0.0,142.2,19.1,0.0
2023-08-08T20:00:00+02:00,0.0,219.5,9.0,0.0
2023-08-08T21:00:00+02:00,0.0,140.9,13.3,0.0
2023-08-08T22:00:00+02:00,0.0,74.3,15.5,0.0
2023-08-08T23:00:00+02:00,0.0,70.4,48.7,0.0
2023-08-09T00:00:00+02:00,0.0,0.5,57.3,0.0
2023-08-09T01:00:00+02:00,0.0,0.0,45.8,0.0
2023-08-09T02:00:00+02:00,0.0,0.0,24.2,0.0
2023-08-09T03:00:00+02:00,0.0,0.0,26.4,0.0
2023-08-09T04:00:00+02:00,0.0,0.0,38.0,0.0
2023-08-09T05:00:00+02:00,0.0,0.0,53.5,0.0
2023-08-09T06:00:00+02:00,0.0,0.0,41.4,0.0
2023-08-09T07:00:00+02:00,0.0,0.3,30.0,0.0
2023-08-09T08:00:00+02:00,0.0,73.8,21.6,0.0
2023-08-09T09:00:00+02:00,0.0,72.0,9.2,0.0
2023-08-09T10:00:00+02:00,0.0,70.8,2.2,0.0
2023-08-09T11:00:00+02:00,0.0,74.7,0.2,0.0
2023-08-09T12:00:00+02:00,0.0,70.5,3.0,0.0
2023-08-09T13:00:00+02:00,0.0,70.5,7.5,0.0
2023-08-09T14:00:00+02:00,0.0,70.3,13.5,0.0
2023-08-09T15:00:00+02:00,0.0,74.9,16.2,0.0
2023-08-09T16:00:00+02:00,0.0,74.5,11.8,0.0
2023-08-09T17:00:00+02:00,0.0,85.8,11.7,0.0
2023-08-09T18:00:00+02:00,0.0,107.2,20.3,0.0
2023-08-09T19:00:00+02:00,0.0,209.1,25.8,0.0
2023-08-09T20:00:00+02:00,0.0,204.7,17.3,0.0
2023-08-09T21:00:00+02:00,0.0,216.2,9.0,0.0
2023-08-09T22:00:00+02:00,0.0,184.0,9.4,0.0
2023-08-09T23:00:00+02:00,0.0,70.9,7.0,0.0
2023-08-10T00:00:00+02:00,0.0,0.5,14.3,0.0
2023-08-10T01:00:00+02:00,0.0,0.0,11.0,0.0
2023-08-10T02:00:00+02:00,0.0,0.0,14.6,0.0
2023-08-10T03:00:00+02:00,0.0,0.0,19.1,0.0
2023-08-10T04:00:00+02:00,0.0,0.0,20.9,0.0
2023-08-10T05:00:00+02:00,0.0,0.0,13.6,0.0
2023-08-10T06:00:00+02:00,0.0,0.0,15.1,0.0
2023-08-10T07:00:00+02:00,0.0,0.1,19.1,0.0
2023-08-10T08:00:00+02:00,0.0,71.2,27.7,0.0
2023-08-10T09:00:00+02:00,0.0,70.5,27.3,0.0
2023-08-10T10:00:00+02:00,0.0,73.3,16.1,0.0
2023-08-10T11:00:00+02:00,0.0,72.5,25.3,0.0
2023-08-10T12:00:00+02:00,0.0,70.9,22.1,0.0
2023-08-10T13:00:00+02:00,0.0,70.8,14.5,0.0
2023-08-10T14:00:00+02:00,0.0,70.7,12.9,0.0
2023-08-10T15:00:00+02:00,0.0,70.7,24.3,0.0
2023-08-10T16:00:00+02:00,0.0,71.3,29.6,0.0
2023-08-10T17:00:00+02:00,0.0,71.9,33.6,0.0
2023-08-10T18:00:00+02:00,0.0,74.3,42.5,0.0
2023-08-10T19:00:00+02:00,0.0,216.3,45.0,0.0
2023-08-10T20:00:00+02:00,0.0,220.6,32.1,0.0
2023-08-10T21:00:00+02:00,0.0,212.4,37.1,0.0
2023-08-10T22:00:00+02:00,0.0,155.5,45.9,0.0
2023-08-10T23:00:00+02:00,0.0,70.6,84.0,0.0
2023-08-11T00:00:00+02:00,0.0,0.2,88.0,0.0
2023-08-11T01:00:00+02:00,0.0,0.0,83.2,0.0
2023-08-11T02:00:00+02:00,0.0,0.0,76.5,0.0
2023-08-11T03:00:00+02:00,0.0,0.0,70.3,0.0
2023-08-11T04:00:00+02:00,0.0,0.0,78.4,0.0
2023-08-11T05:00:00+02:00,0.0,0.0,83.8,0.0
2023-08-11T06:00:00+02:00,0.0,0.0,80.6,0.0
2023-08-11T07:00:00+02:00,0.0,0.1,84.8,0.0
2023-08-11T08:00:00+02:00,0.0,71.2,78.7,0.0
2023-08-11T09:00:00+02:00,0.0,71.2,59.9,0.0
2023-08-11T10:00:00+02:00,0.0,72.0,61.7,0.0
2023-08-11T11:00:00+02:00,0.0,0.6,48.8,0.0
2023-08-11T12:00:00+02:00,0.0,0.0,29.7,0.0
2023-08-11T13:00:00+02:00,0.0,0.0,15.5,0.0
2023-08-11T14:00:00+02:00,0.0,0.0,12.3,0.0
2023-08-11T15:00:00+02:00,0.0,0.0,21.4,0.0
2023-08-11T16:00:00+02:00,0.0,0.1,25.5,0.0
2023-08-11T17:00:00+02:00,0.0,86.9,26.1,0.0
2023-08-11T18:00:00+02:00,0.0,111.5,23.5,0.0
2023-08-11T19:00:00+02:00,0.0,223.7,20.9,0.0
2023-08-11T20:00:00+02:00,0.0,224.6,14.4,0.0
2023-08-11T21:00:00+02:00,0.0,223.1,28.0,0.0
2023-08-11T22:00:00+02:00,0.0,145.7,58.4,0.0
2023-08-11T23:00:00+02:00,0.0,70.9,68.9,0.0
2023-08-12T00:00:00+02:00,0.0,0.6,71.5,0.0
2023-08-12T01:00:00+02:00,0.0,0.0,69.6,0.0
2023-08-12T02:00:00+02:00,0.0,0.0,71.5,0.0
2023-08-12T03:00:00+02:00,0.0,0.0,72.2,0.0
2023-08-12T04:00:00+02:00,0.0,0.0,66.8,0.0
2023-08-12T05:00:00+02:00,0.0,0.0,67.4,0.0
2023-08-12T06:00:00+02:00,0.0,0.0,70.9,0.0
2023-08-12T07:00:00+02:00,0.0,0.0,72.2,0.0
2023-08-12T08:00:00+02:00,0.0,0.0,69.9,0.0
2023-08-12T09:00:00+02:00,0.0,0.0,61.2,0.0
2023-08-12T10:00:00+02:00,0.0,0.0,56.2,0.0
2023-08-12T11:00:00+02:00,0.0,0.0,45.1,0.0
2023-08-12T12:00:00+02:00,0.0,0.0,26.8,0.0
2023-08-12T13:00:00+02:00,0.0,0.0,11.8,0.0
2023-08-12T14:00:00+02:00,0.0,0.0,11.6,0.0
2023-08-12T15:00:00+02:00,0.0,0.0,9.7,0.0
2023-08-12T16:00:00+02:00,0.0,0.0,11.8,0.0
2023-08-12T17:00:00+02:00,0.0,0.3,10.0,0.0
2023-08-12T18:00:00+02:00,0.0,90.9,11.5,0.0
2023-08-12T19:00:00+02:00,0.0,198.5,14.4,0.0
2023-08-12T20:00:00+02:00,0.0,223.0,12.7,0.0
2023-08-12T21:00:00+02:00,0.0,203.8,12.9,0.0
2023-08-12T22:00:00+02:00,0.0,72.5,23.6,0.0
2023-08-12T23:00:00+02:00,0.0,79.5,41.6,0.0
2023-08-13T00:00:00+02:00,0.0,0.6,48.6,0.0
2023-08-13T01:00:00+02:00,0.0,0.0,26.1,0.0
2023-08-13T02:00:00+02:00,0.0,0.0,12.0,0.0
2023-08-13T03:00:00+02:00,0.0,0.0,19.1,0.0
2023-08-13T04:00:00+02:00,0.0,0.0,41.0,0.0
2023-08-13T05:00:00+02:00,0.0,0.0,41.3,0.0
2023-08-13T06:00:00+02:00,0.0,0.0,33.6,0.0
2023-08-13T07:00:00+02:00,0.0,0.0,37.5,0.0
2023-08-13T08:00:00+02:00,0.0,0.0,48.8,0.0
2023-08-13T09:00:00+02:00,0.0,0.0,40.1,0.0
2023-08-13T10:00:00+02:00,0.0,0.0,23.5,0.0
2023-08-13T11:00:00+02:00,0.0,0.0,18.9,0.0
2023-08-13T12:00:00+02:00,0.0,0.0,9.5,0.0
2023-08-13T13:00:00+02:00,0.0,0.0,3.8,0.0
2023-08-13T14:00:00+02:00,0.0,0.0,3.2,0.0
2023-08-13T15:00:00+02:00,0.0,0.0,2.6,0.0
2023-08-13T16:00:00+02:00,0.0,0.0,7.4,0.0
2023-08-13T17:00:00+02:00,0.0,0.1,11.9,0.0
2023-08-13T18:00:00+02:00,0.0,104.1,11.9,0.0
2023-08-13T19:00:00+02:00,0.0,110.9,17.2,0.0
2023-08-13T20:00:00+02:00,0.0,111.3,22.2,0.0
2023-08-13T21:00:00+02:00,0.0,94.4,39.3,0.0
2023-08-13T22:00:00+02:00,0.0,70.2,58.4,0.0
2023-08-13T23:00:00+02:00,0.0,70.6,51.6,0.0
2023-08-14T00:00:00+02:00,0.0,0.6,51.7,0.0
2023-08-14T01:00:00+02:00,0.0,0.0,51.3,0.0
2023-08-14T02:00:00+02:00,0.0,0.0,47.1,0.0
2023-08-14T03:00:00+02:00,0.0,0.0,40.3,0.0
2023-08-14T04:00:00+02:00,0.0,0.0,32.5,0.0
2023-08-14T05:00:00+02:00,0.0,0.0,13.9,0.0
2023-08-14T06:00:00+02:00,0.0,0.0,4.0,0.0
2023-08-14T07:00:00+02:00,0.0,0.1,6.4,0.0
2023-08-14T08:00:00+02:00,0.0,73.3,21.4,0.0
2023-08-14T09:00:00+02:00,0.0,70.2,29.0,0.0
2023-08-14T10:00:00+02:00,0.0,71.6,32.6,0.0
2023-08-14T11:00:00+02:00,0.0,70.5,10.5,0.0
2023-08-14T12:00:00+02:00,0.0,70.7,7.6,0.0
2023-08-14T13:00:00+02:00,0.0,70.4,13.5,0.0
2023-08-14T14:00:00+02:00,0.0,70.3,20.2,0.0
2023-08-14T15:00:00+02:00,0.0,0.9,25.1,0.0
2023-08-14T16:00:00+02:00,0.0,93.5,25.8,0.0
2023-08-14T17:00:00+02:00,0.0,106.7,22.2,0.0
2023-08-14T18:00:00+02:00,0.0,106.6,27.2,0.0
2023-08-14T19:00:00+02:00,0.0,223.6,36.5,0.0
2023-08-14T20:00:00+02:00,0.0,224.6,39.8,0.0
2023-08-14T21:00:00+02:00,0.0,223.2,30.2,0.0
2023-08-14T22:00:00+02:00,0.0,141.1,42.5,0.0
2023-08-14T23:00:00+02:00,0.0,72.2,46.2,0.0
2023-08-15T00:00:00+02:00,0.0,70.8,47.0,0.0
2023-08-15T01:00:00+02:00,0.0,0.5,32.4,0.0
2023-08-15T02:00:00+02:00,0.0,0.0,18.9,0.0
2023-08-15T03:00:00+02:00,0.0,0.0,18.8,0.0
2023-08-15T04:00:00+02:00,0.0,0.0,8.5,0.0
2023-08-15T05:00:00+02:00,0.0,0.0,3.9,0.0
2023-08-15T06:00:00+02:00,0.0,0.1,2.1,0.0
2023-08-15T07:00:00+02:00,0.0,87.4,2.6,0.0
2023-08-15T08:00:00+02:00,0.0,81.7,0.0,0.0
2023-08-15T09:00:00+02:00,0.0,99.7,0.0,0.0
2023-08-15T10:00:00+02:00,0.0,0.5,0.0,0.0
2023-08-15T11:00:00+02:00,0.0,0.0,0.0,0.0
2023-08-15T12:00:00+02:00,0.0,0.0,0.6,0.0
2023-08-15T13:00:00+02:00,0.0,0.0,4.5,0.0
2023-08-15T14:00:00+02:00,0.0,0.0,8.5,0.0
2023-08-15T15:00:00+02:00,0.0,0.0,14.4,0.0
2023-08-15T16:00:00+02:00,0.0,0.3,17.3,0.0
2023-08-15T17:00:00+02:00,0.0,100.0,9.0,0.0
2023-08-15T18:00:00+02:00,0.0,221.2,1.1,0.0
2023-08-15T19:00:00+02:00,0.0,219.0,1.4,0.0
2023-08-15T20:00:00+02:00,0.0,211.9,1.8,0.0
2023-08-15T21:00:00+02:00,0.0,216.1,0.9,0.0
2023-08-15T22:00:00+02:00,0.0,215.6,2.3,0.0
2023-08-15T23:00:00+02:00,0.0,216.0,6.9,0.0
2023-08-16T00:00:00+02:00,0.0,70.7,3.2,0.0
2023-08-16T01:00:00+02:00,0.0,0.5,0.4,0.0
2023-08-16T02:00:00+02:00,0.0,0.0,0.7,0.0
2023-08-16T03:00:00+02:00,0.0,0.0,1.6,0.0
2023-08-16T04:00:00+02:00,0.0,0.0,0.0,0.0
2023-08-16T05:00:00+02:00,0.0,0.0,0.0,0.0
2023-08-16T06:00:00+02:00,0.0,0.1,0.0,0.0
2023-08-16T07:00:00+02:00,0.0,73.1,0.0,0.0
2023-08-16T08:00:00+02:00,0.0,72.6,0.0,0.0
2023-08-16T09:00:00+02:00,0.0,101.5,0.0,0.0
2023-08-16T10:00:00+02:00,0.0,106.0,0.0,0.0
2023-08-16T11:00:00+02:00,0.0,0.6,0.0,0.0
2023-08-16T12:00:00+02:00,0.0,0.0,0.0,0.0
2023-08-16T13:00:00+02:00,0.0,0.3,0.7,0.0
2023-08-16T14:00:00+02:00,0.0,71.0,4.8,0.0
2023-08-16T15:00:00+02:00,0.0,212.6,6.9,0.0
2023-08-16T16:00:00+02:00,0.0,201.7,6.9,0.0
2023-08-16T17:00:00+02:00,0.0,216.8,4.3,0.0
2023-08-16T18:00:00+02:00,0.0,222.7,3.3,0.0
2023-08-16T19:00:00+02:00,0.0,222.0,1.4,0.0
2023-08-16T20:00:00+02:00,0.0,223.5,0.6,0.0
2023-08-16T21:00:00+02:00,0.0,217.0,4.6,0.0
2023-08-16T22:00:00+02:00,0.0,214.8,3.3,0.0
2023-08-16T23:00:00+02:00,0.0,141.0,1.9,0.0
2023-08-17T00:00:00+02:00,0.0,76.6,2.7,0.0
2023-08-17T01:00:00+02:00,0.0,0.2,6.6,0.0
2023-08-17T02:00:00+02:00,0.0,0.0,5.0,0.0
2023-08-17T03:00:00+02:00,0.0,0.0,1.9,0.0
2023-08-17T04:00:00+02:00,0.0,0.0,2.9,0.0
2023-08-17T05:00:00+02:00,0.0,0.0,3.0,0.0
2023-08-17T06:00:00+02:00,0.0,0.6,4.9,0.0
2023-08-17T07:00:00+02:00,0.0,169.0,7.4,0.0
2023-08-17T08:00:00+02:00,0.0,166.3,7.8,0.0
2023-08-17T09:00:00+02:00,0.0,94.3,7.5,0.0
2023-08-17T10:00:00+02:00,0.0,105.0,5.2,0.0
2023-08-17T11:00:00+02:00,0.0,75.7,6.8,0.0
2023-08-17T12:00:00+02:00,0.0,70.9,5.7,0.0
2023-08-17T13:00:00+02:00,0.0,0.7,4.3,0.0
2023-08-17T14:00:00+02:00,0.0,71.2,3.9,0.0
2023-08-17T15:00:00+02:00,0.0,154.6,6.2,0.0
2023-08-17T16:00:00+02:00,0.0,143.9,11.2,0.0
2023-08-17T17:00:00+02:00,0.0,223.5,11.9,0.0
2023-08-17T18:00:00+02:00,0.0,223.9,9.8,0.0
2023-08-17T19:00:00+02:00,0.0,220.8,7.1,0.0
2023-08-17T20:00:00+02:00,0.0,220.7,6.2,0.0
2023-08-17T21:00:00+02:00,0.0,218.9,7.3,0.0
2023-08-17T22:00:00+02:00,0.0,217.7,8.1,0.0
2023-08-17T23:00:00+02:00,0.0,82.5,9.6,0.0
2023-08-18T00:00:00+02:00,0.0,72.8,12.6,0.0
2023-08-18T01:00:00+02:00,0.0,0.5,11.4,0.0
2023-08-18T02:00:00+02:00,0.0,0.0,13.6,0.0
2023-08-18T03:00:00+02:00,0.0,0.0,6.5,0.0
2023-08-18T04:00:00+02:00,0.0,0.0,1.7,0.0
2023-08-18T05:00:00+02:00,0.0,0.1,0.5,0.0
2023-08-18T06:00:00+02:00,0.0,157.2,1.2,0.0
2023-08-18T07:00:00+02:00,0.0,218.5,3.1,0.0
2023-08-18T08:00:00+02:00,0.0,222.3,2.5,0.0
2023-08-18T09:00:00+02:00,0.0,108.0,0.5,0.0
2023-08-18T10:00:00+02:00,0.0,111.7,0.0,0.0
2023-08-18T11:00:00+02:00,0.0,77.3,0.0,0.0
2023-08-18T12:00:00+02:00,0.0,88.8,0.0,0.0
2023-08-18T13:00:00+02:00,0.0,0.5,2.5,0.0
2023-08-18T14:00:00+02:00,0.0,0.1,2.6,0.0
2023-08-18T15:00:00+02:00,0.0,81.1,5.5,0.0
2023-08-18T16:00:00+02:00,0.0,155.5,17.9,0.0
2023-08-18T17:00:00+02:00,0.0,224.6,12.6,0.0
2023-08-18T18:00:00+02:00,0.0,225.5,10.2,0.0
2023-08-18T19:00:00+02:00,0.0,224.3,9.5,0.0
2023-08-18T20:00:00+02:00,0.0,224.1,10.1,0.0
2023-08-18T21:00:00+02:00,0.0,223.2,6.9,0.0
2023-08-18T22:00:00+02:00,0.0,222.8,8.6,0.0
2023-08-18T23:00:00+02:00,0.0,106.8,5.6,0.0
2023-08-19T00:00:00+02:00,0.0,77.1,6.3,0.0
2023-08-19T01:00:00+02:00,0.0,0.5,7.2,0.0
2023-08-19T02:00:00+02:00,0.0,0.0,5.3,0.0
2023-08-19T03:00:00+02:00,0.0,0.0,4.9,0.0
2023-08-19T04:00:00+02:00,0.0,0.0,4.6,0.0
2023-08-19T05:00:00+02:00,0.0,0.0,4.2,0.0
2023-08-19T06:00:00+02:00,0.0,0.0,7.1,0.0
2023-08-19T07:00:00+02:00,0.0,0.0,8.4,0.0
2023-08-19T08:00:00+02:00,0.0,0.0,5.2,0.0
2023-08-19T09:00:00+02:00,0.0,0.0,3.2,0.0
2023-08-19T10:00:00+02:00,0.0,0.0,3.0,0.0
2023-08-19T11:00:00+02:00,0.0,0.0,2.8,0.0
2023-08-19T12:00:00+02:00,0.0,0.0,1.9,0.0
2023-08-19T13:00:00+02:00,0.0,0.0,5.8,0.0
2023-08-19T14:00:00+02:00,0.0,0.0,18.0,0.0
2023-08-19T15:00:00+02:00,0.0,0.0,22.7,0.0
2023-08-19T16:00:00+02:00,0.0,0.2,25.5,0.0
2023-08-19T17:00:00+02:00,0.0,121.2,36.9,0.0
2023-08-19T18:00:00+02:00,0.0,100.7,16.2,0.0
2023-08-19T19:00:00+02:00,0.0,153.6,34.6,0.0
2023-08-19T20:00:00+02:00,0.0,204.9,59.4,0.0
2023-08-19T21:00:00+02:00,0.0,197.8,68.2,0.0
2023-08-19T22:00:00+02:00,0.0,76.3,55.2,0.0
2023-08-19T23:00:00+02:00,0.0,70.8,30.8,0.0
2023-08-20T00:00:00+02:00,0.0,70.6,60.1,0.0
2023-08-20T01:00:00+02:00,0.0,0.5,69.6,0.0
2023-08-20T02:00:00+02:00,0.0,0.0,62.3,0.0
2023-08-20T03:00:00+02:00,0.0,0.0,44.3,0.0
2023-08-20T04:00:00+02:00,0.0,0.0,43.2,0.0
2023-08-20T05:00:00+02:00,0.0,0.0,67.0,0.0
2023-08-20T06:00:00+02:00,0.0,0.0,63.5,0.0
2023-08-20T07:00:00+02:00,0.0,0.0,71.0,0.0
2023-08-20T08:00:00+02:00,0.0,0.0,67.7,0.0
2023-08-20T09:00:00+02:00,0.0,0.0,36.4,0.0
2023-08-20T10:00:00+02:00,0.0,0.0,16.8,0.0
2023-08-20T11:00:00+02:00,0.0,0.0,29.7,0.0
2023-08-20T12:00:00+02:00,0.0,0.0,43.7,0.0
2023-08-20T13:00:00+02:00,0.0,0.0,58.5,0.0
2023-08-20T14:00:00+02:00,0.0,0.0,51.3,0.0
2023-08-20T15:00:00+02:00,0.0,0.0,45.8,0.0
2023-08-20T16:00:00+02:00,0.0,0.4,59.3,0.0
2023-08-20T17:00:00+02:00,0.0,97.5,57.0,0.0
2023-08-20T18:00:00+02:00,0.0,223.9,69.2,0.0
2023-08-20T19:00:00+02:00,0.0,218.8,97.8,0.0
2023-08-20T20:00:00+02:00,0.0,216.7,107.7,0.0
2023-08-20T21:00:00+02:00,0.0,205.6,111.0,0.0
2023-08-20T22:00:00+02:00,0.0,211.9,108.5,0.0
2023-08-20T23:00:00+02:00,0.0,207.3,112.3,0.0
2023-08-21T00:00:00+02:00,0.0,1.0,112.2,0.0
2023-08-21T01:00:00+02:00,0.0,0.0,103.7,0.0
2023-08-21T02:00:00+02:00,0.0,0.0,101.6,0.0
2023-08-21T03:00:00+02:00,0.0,0.0,101.4,0.0
2023-08-21T04:00:00+02:00,0.0,0.0,98.1,0.0
2023-08-21T05:00:00+02:00,0.0,0.6,98.1,0.0
2023-08-21T06:00:00+02:00,0.0,153.7,80.8,0.0
2023-08-21T07:00:00+02:00,0.0,220.8,76.3,0.0
2023-08-21T08:00:00+02:00,0.0,221.3,83.4,0.0
2023-08-21T09:00:00+02:00,0.0,222.2,68.6,0.0
2023-08-21T10:00:00+02:00,0.0,88.5,70.5,0.0
2023-08-21T11:00:00+02:00,0.0,111.2,49.6,0.0
2023-08-21T12:00:00+02:00,0.0,97.9,46.7,0.0
2023-08-21T13:00:00+02:00,0.0,98.1,32.9,0.0
2023-08-21T14:00:00+02:00,0.0,176.8,28.6,0.0
2023-08-21T15:00:00+02:00,0.0,178.2,22.3,0.0
2023-08-21T16:00:00+02:00,0.0,170.9,28.3,0.0
2023-08-21T17:00:00+02:00,0.0,225.1,56.8,0.0
2023-08-21T18:00:00+02:00,0.0,224.3,59.0,0.0
2023-08-21T19:00:00+02:00,0.0,222.8,75.5,0.0
2023-08-21T20:00:00+02:00,0.0,220.1,98.1,0.0
2023-08-21T21:00:00+02:00,0.0,220.9,90.5,0.0
2023-08-21T22:00:00+02:00,0.0,224.1,76.3,0.0
2023-08-21T23:00:00+02:00,0.0,222.8,73.0,0.0
2023-08-22T00:00:00+02:00,0.0,75.0,79.0,0.0
2023-08-22T01:00:00+02:00,0.0,0.3,111.7,0.0
2023-08-22T02:00:00+02:00,0.0,0.0,101.5,0.0
2023-08-22T03:00:00+02:00,0.0,0.0,89.3,0.0
2023-08-22T04:00:00+02:00,0.0,0.0,84.5,0.0
2023-08-22T05:00:00+02:00,0.0,0.3,85.8,0.0
2023-08-22T06:00:00+02:00,0.0,81.2,71.4,0.0
2023-08-22T07:00:00+02:00,0.0,219.8,75.0,0.0
2023-08-22T08:00:00+02:00,0.0,223.5,59.9,0.0
2023-08-22T09:00:00+02:00,0.0,95.8,53.9,0.0
2023-08-22T10:00:00+02:00,0.0,112.1,41.0,0.0
2023-08-22T11:00:00+02:00,0.0,157.1,34.2,0.0
2023-08-22T12:00:00+02:00,0.0,111.8,20.9,0.0
2023-08-22T13:00:00+02:00,0.0,112.5,7.0,0.0
2023-08-22T14:00:00+02:00,0.0,221.1,6.7,0.0
2023-08-22T15:00:00+02:00,0.0,216.9,7.8,0.0
2023-08-22T16:00:00+02:00,0.0,206.5,9.1,0.0
2023-08-22T17:00:00+02:00,0.0,224.4,14.2,0.0
2023-08-22T18:00:00+02:00,0.0,224.5,18.8,0.0
2023-08-22T19:00:00+02:00,0.0,224.5,26.3,0.0
2023-08-22T20:00:00+02:00,0.0,224.1,42.4,0.0
2023-08-22T21:00:00+02:00,0.0,221.9,58.0,0.0
2023-08-22T22:00:00+02:00,0.0,223.9,56.9,0.0
2023-08-22T23:00:00+02:00,0.0,222.7,51.7,0.0
2023-08-23T00:00:00+02:00,0.0,79.9,50.5,0.0
2023-08-23T01:00:00+02:00,0.0,70.8,49.7,0.0
2023-08-23T02:00:00+02:00,0.0,0.5,47.6,0.0
2023-08-23T03:00:00+02:00,0.0,0.0,46.6,0.0
2023-08-23T04:00:00+02:00,0.0,0.0,45.9,0.0
2023-08-23T05:00:00+02:00,0.0,0.6,45.3,0.0
2023-08-23T06:00:00+02:00,0.0,174.9,44.6,0.0
2023-08-23T07:00:00+02:00,0.0,218.7,36.9,0.0
2023-08-23T08:00:00+02:00,0.0,223.6,25.2,0.0
2023-08-23T09:00:00+02:00,0.0,223.6,21.0,0.0
2023-08-23T10:00:00+02:00,0.0,187.1,10.4,0.0
2023-08-23T11:00:00+02:00,0.0,210.3,8.0,0.0
2023-08-23T12:00:00+02:00,0.0,225.4,0.6,0.0
2023-08-23T13:00:00+02:00,0.0,225.1,0.5,0.0
2023-08-23T14:00:00+02:00,0.0,225.4,3.6,0.0
2023-08-23T15:00:00+02:00,0.0,225.4,11.4,0.0
2023-08-23T16:00:00+02:00,0.0,222.1,20.1,0.0
2023-08-23T17:00:00+02:00,0.0,225.1,15.1,0.0
2023-08-23T18:00:00+02:00,0.0,225.4,5.4,0.0
2023-08-23T19:00:00+02:00,0.0,225.6,6.3,0.0
2023-08-23T20:00:00+02:00,0.0,225.0,16.9,0.0
2023-08-23T21:00:00+02:00,0.0,213.0,21.5,0.0
2023-08-23T22:00:00+02:00,0.0,212.7,23.5,0.0
2023-08-23T23:00:00+02:00,0.0,222.0,22.3,0.0
2023-08-24T00:00:00+02:00,0.0,95.3,31.4,0.0
2023-08-24T01:00:00+02:00,0.0,70.5,49.0,0.0
2023-08-24T02:00:00+02:00,0.0,70.5,50.4,0.0
2023-08-24T03:00:00+02:00,0.0,0.3,46.2,0.0
2023-08-24T04:00:00+02:00,0.0,0.0,40.1,0.0
2023-08-24T05:00:00+02:00,0.0,0.7,31.3,0.0
2023-08-24T06:00:00+02:00,0.0,222.3,41.6,0.0
2023-08-24T07:00:00+02:00,0.0,211.2,43.7,0.0
2023-08-24T08:00:00+02:00,0.0,206.4,39.2,0.0
2023-08-24T09:00:00+02:00,0.0,207.2,38.8,0.0
2023-08-24T10:00:00+02:00,0.0,169.2,38.5,0.0
2023-08-24T11:00:00+02:00,0.0,192.3,27.3,0.0
2023-08-24T12:00:00+02:00,0.0,220.0,13.3,0.0
2023-08-24T13:00:00+02:00,0.0,225.2,4.3,0.0
2023-08-24T14:00:00+02:00,0.0,224.2,9.6,0.0
2023-08-24T15:00:00+02:00,0.0,225.3,20.8,0.0
2023-08-24T16:00:00+02:00,0.0,224.5,17.3,0.0
2023-08-24T17:00:00+02:00,0.0,222.1,16.6,0.0
2023-08-24T18:00:00+02:00,0.0,222.5,12.3,0.0
2023-08-24T19:00:00+02:00,0.0,222.4,9.3,0.0
2023-08-24T20:00:00+02:00,0.0,223.6,6.7,0.0
2023-08-24T21:00:00+02:00,0.0,215.1,19.8,0.0
2023-08-24T22:00:00+02:00,0.0,209.6,26.4,0.0
2023-08-24T23:00:00+02:00,0.0,206.7,20.9,0.0
2023-08-25T00:00:00+02:00,0.0,89.4,17.8,0.0
2023-08-25T01:00:00+02:00,0.0,73.0,27.0,0.0
2023-08-25T02:00:00+02:00,0.0,70.5,43.6,0.0
2023-08-25T03:00:00+02:00,0.0,0.6,42.7,0.0
2023-08-25T04:00:00+02:00,0.0,0.0,18.1,0.0
2023-08-25T05:00:00+02:00,0.0,0.8,9.2,0.0
2023-08-25T06:00:00+02:00,0.0,210.8,13.6,0.0
2023-08-25T07:00:00+02:00,0.0,217.3,13.6,0.0
2023-08-25T08:00:00+02:00,0.0,216.0,12.7,0.0
2023-08-25T09:00:00+02:00,0.0,220.8,7.0,0.0
2023-08-25T10:00:00+02:00,0.0,187.2,1.7,0.0
2023-08-25T11:00:00+02:00,0.0,207.6,1.2,0.0
2023-08-25T12:00:00+02:00,0.0,215.3,1.9,0.0
2023-08-25T13:00:00+02:00,0.0,223.1,1.3,0.0
2023-08-25T14:00:00+02:00,0.0,224.3,0.7,0.0
2023-08-25T15:00:00+02:00,0.0,224.5,1.1,0.0
2023-08-25T16:00:00+02:00,0.0,225.2,5.0,0.0
2023-08-25T17:00:00+02:00,0.0,225.5,6.7,0.0
2023-08-25T18:00:00+02:00,0.0,224.9,6.6,0.0
2023-08-25T19:00:00+02:00,0.0,222.9,4.1,0.0
2023-08-25T20:00:00+02:00,0.0,225.1,1.7,0.0
2023-08-25T21:00:00+02:00,0.0,216.5,0.1,0.0
2023-08-25T22:00:00+02:00,0.0,210.2,3.3,0.0
2023-08-25T23:00:00+02:00,0.0,204.9,3.3,0.0
2023-08-26T00:00:00+02:00,0.0,89.0,0.7,0.0
2023-08-26T01:00:00+02:00,0.0,71.0,4.2,0.0
2023-08-26T02:00:00+02:00,0.0,0.6,4.5,0.0
2023-08-26T03:00:00+02:00,0.0,0.0,3.5,0.0
2023-08-26T04:00:00+02:00,0.0,0.0,0.3,0.0
2023-08-26T05:00:00+02:00,0.0,0.0,0.1,0.0
2023-08-26T06:00:00+02:00,0.0,0.3,0.2,0.0
2023-08-26T07:00:00+02:00,0.0,71.4,0.0,0.0
2023-08-26T08:00:00+02:00,0.0,86.8,0.7,0.0
2023-08-26T09:00:00+02:00,0.0,71.5,0.4,0.0
2023-08-26T10:00:00+02:00,0.0,73.7,0.1,0.0
2023-08-26T11:00:00+02:00,0.0,0.6,0.0,0.0
2023-08-26T12:00:00+02:00,0.0,0.0,0.3,0.0
2023-08-26T13:00:00+02:00,0.0,0.3,0.9,0.0
2023-08-26T14:00:00+02:00,0.0,102.7,6.4,0.0
2023-08-26T15:00:00+02:00,0.0,102.4,18.4,0.0
2023-08-26T16:00:00+02:00,0.0,179.6,32.3,0.0
2023-08-26T17:00:00+02:00,0.0,162.1,34.4,0.0
2023-08-26T18:00:00+02:00,0.0,223.3,35.4,0.0
2023-08-26T19:00:00+02:00,0.0,224.6,9.2,0.0
2023-08-26T20:00:00+02:00,0.0,225.3,0.6,0.0
2023-08-26T21:00:00+02:00,0.0,224.3,0.0,0.0
2023-08-26T22:00:00+02:00,0.0,224.2,0.0,0.0
2023-08-26T23:00:00+02:00,0.0,144.7,0.0,0.0
2023-08-27T00:00:00+02:00,0.0,79.2,0.0,0.0
2023-08-27T01:00:00+02:00,0.0,71.9,0.0,0.0
2023-08-27T02:00:00+02:00,0.0,0.5,0.0,0.0
2023-08-27T03:00:00+02:00,0.0,0.0,0.0,0.0
2023-08-27T04:00:00+02:00,0.0,0.0,0.0,0.0
2023-08-27T05:00:00+02:00,0.0,0.0,0.0,0.0
2023-08-27T06:00:00+02:00,0.0,0.0,0.0,0.0
2023-08-27T07:00:00+02:00,0.0,0.0,0.0,0.0
2023-08-27T08:00:00+02:00,0.0,0.0,1.0,0.0
2023-08-27T09:00:00+02:00,0.0,0.0,3.1,0.0
2023-08-27T10:00:00+02:00,0.0,0.0,3.1,0.0
2023-08-27T11:00:00+02:00,0.0,0.0,4.0,0.0
2023-08-27T12:00:00+02:00,0.0,0.0,2.2,0.0
2023-08-27T13:00:00+02:00,0.0,0.0,0.2,0.0
2023-08-27T14:00:00+02:00,0.0,0.0,5.5,0.0
2023-08-27T15:00:00+02:00,0.0,0.3,20.4,0.0
2023-08-27T16:00:00+02:00,0.0,78.4,18.3,0.0
2023-08-27T17:00:00+02:00,0.0,157.1,11.7,0.0
2023-08-27T18:00:00+02:00,0.0,224.5,2.6,0.0
2023-08-27T19:00:00+02:00,0.0,224.7,0.1,0.0
2023-08-27T20:00:00+02:00,0.0,224.6,0.0,0.0
2023-08-27T21:00:00+02:00,0.0,223.8,0.0,0.0
2023-08-27T22:00:00+02:00,0.0,222.3,0.0,0.0
2023-08-27T23:00:00+02:00,0.0,107.0,0.1,0.0
2023-08-28T00:00:00+02:00,0.0,74.3,0.0,0.0
2023-08-28T01:00:00+02:00,0.0,70.6,0.7,0.0
2023-08-28T02:00:00+02:00,0.0,0.5,2.4,0.0
2023-08-28T03:00:00+02:00,0.0,0.0,1.3,0.0
2023-08-28T04:00:00+02:00,0.0,0.0,2.1,0.0
2023-08-28T05:00:00+02:00,0.0,0.0,3.9,0.0
2023-08-28T06:00:00+02:00,0.0,1.2,3.8,0.0
2023-08-28T07:00:00+02:00,0.0,215.0,5.1,0.0
2023-08-28T08:00:00+02:00,0.0,213.8,10.8,0.0
2023-08-28T09:00:00+02:00,0.0,193.3,16.5,0.0
2023-08-28T10:00:00+02:00,0.0,141.3,28.2,0.0
2023-08-28T11:00:00+02:00,0.0,141.9,40.5,0.0
2023-08-28T12:00:00+02:00,0.0,144.1,59.4,0.0
2023-08-28T13:00:00+02:00,0.0,141.6,66.5,0.0
2023-08-28T14:00:00+02:00,0.0,140.8,76.1,0.0
2023-08-28T15:00:00+02:00,0.0,141.2,74.6,0.0
2023-08-28T16:00:00+02:00,0.0,141.6,80.6,0.0
2023-08-28T17:00:00+02:00,0.0,216.6,69.8,0.0
2023-08-28T18:00:00+02:00,0.0,213.6,66.3,0.0
2023-08-28T19:00:00+02:00,0.0,200.0,84.5,0.0
2023-08-28T20:00:00+02:00,0.0,196.9,89.6,0.0
2023-08-28T21:00:00+02:00,0.0,174.7,85.1,0.0
2023-08-28T22:00:00+02:00,0.0,166.8,106.3,0.0
2023-08-28T23:00:00+02:00,0.0,71.0,83.5,0.0
2023-08-29T00:00:00+02:00,0.0,0.5,74.5,0.0
2023-08-29T01:00:00+02:00,0.0,0.0,49.2,0.0
2023-08-29T02:00:00+02:00,0.0,0.0,28.3,0.0
2023-08-29T03:00:00+02:00,0.0,0.0,20.9,0.0
2023-08-29T04:00:00+02:00,0.0,0.0,34.1,0.0
2023-08-29T05:00:00+02:00,0.0,0.6,16.9,0.0
2023-08-29T06:00:00+02:00,0.0,174.2,16.0,0.0
2023-08-29T07:00:00+02:00,0.0,222.3,23.5,0.0
2023-08-29T08:00:00+02:00,0.0,222.4,34.1,0.0
2023-08-29T09:00:00+02:00,0.0,217.0,45.8,0.0
2023-08-29T10:00:00+02:00,0.0,70.8,60.0,0.0
2023-08-29T11:00:00+02:00,0.0,70.2,60.0,0.0
2023-08-29T12:00:00+02:00,0.0,70.3,65.6,0.0
2023-08-29T13:00:00+02:00,0.0,70.3,58.5,0.0
2023-08-29T14:00:00+02:00,0.0,70.4,49.4,0.0
2023-08-29T15:00:00+02:00,0.0,70.2,67.4,0.0
2023-08-29T16:00:00+02:00,0.0,70.8,75.0,0.0
2023-08-29T17:00:00+02:00,0.0,204.0,59.0,0.0
2023-08-29T18:00:00+02:00,0.0,187.0,33.5,0.0
2023-08-29T19:00:00+02:00,0.0,203.8,33.1,0.0
2023-08-29T20:00:00+02:00,0.0,198.7,55.4,0.0
2023-08-29T21:00:00+02:00,0.0,180.9,67.2,0.0
2023-08-29T22:00:00+02:00,0.0,177.3,48.4,0.0
2023-08-29T23:00:00+02:00,0.0,70.4,52.6,0.0
2023-08-30T00:00:00+02:00,0.0,0.3,38.5,0.0
2023-08-30T01:00:00+02:00,0.0,0.0,24.8,0.0
2023-08-30T02:00:00+02:00,0.0,0.0,8.9,0.0
2023-08-30T03:00:00+02:00,0.0,0.0,14.9,0.0
2023-08-30T04:00:00+02:00,0.0,0.0,14.0,0.0
2023-08-30T05:00:00+02:00,0.0,0.3,0.2,0.0
2023-08-30T06:00:00+02:00,0.0,111.3,1.4,0.0
2023-08-30T07:00:00+02:00,0.0,222.8,10.8,0.0
2023-08-30T08:00:00+02:00,0.0,220.4,27.3,0.0
2023-08-30T09:00:00+02:00,0.0,222.7,24.2,0.0
2023-08-30T10:00:00+02:00,0.0,74.3,25.9,0.0
2023-08-30T11:00:00+02:00,0.0,77.6,20.1,0.0
2023-08-30T12:00:00+02:00,0.0,86.5,18.3,0.0
2023-08-30T13:00:00+02:00,0.0,0.7,24.3,0.0
2023-08-30T14:00:00+02:00,0.0,0.0,30.3,0.0
2023-08-30T15:00:00+02:00,0.0,0.2,37.3,0.0
2023-08-30T16:00:00+02:00,0.0,70.9,35.5,0.0
2023-08-30T17:00:00+02:00,0.0,198.4,44.4,0.0
2023-08-30T18:00:00+02:00,0.0,203.9,39.4,0.0
2023-08-30T19:00:00+02:00,0.0,214.9,33.9,0.0
2023-08-30T20:00:00+02:00,0.0,196.8,31.6,0.0
2023-08-30T21:00:00+02:00,0.0,196.8,37.5,0.0
2023-08-30T22:00:00+02:00,0.0,87.4,27.5,0.0
2023-08-30T23:00:00+02:00,0.0,0.9,16.4,0.0
2023-08-31T00:00:00+02:00,0.0,0.0,9.5,0.0
2023-08-31T01:00:00+02:00,0.0,0.0,17.8,0.0
2023-08-31T02:00:00+02:00,0.0,0.0,15.0,0.0
2023-08-31T03:00:00+02:00,0.0,0.0,7.9,0.0
2023-08-31T04:00:00+02:00,0.0,0.0,9.7,0.0
2023-08-31T05:00:00+02:00,0.0,0.0,7.1,0.0
2023-08-31T06:00:00+02:00,0.0,0.9,12.3,0.0
2023-08-31T07:00:00+02:00,0.0,219.9,24.0,0.0
2023-08-31T08:00:00+02:00,0.0,222.6,16.9,0.0
2023-08-31T09:00:00+02:00,0.0,74.4,13.0,0.0
2023-08-31T10:00:00+02:00,0.0,70.3,16.8,0.0
2023-08-31T11:00:00+02:00,0.0,70.4,8.2,0.0
2023-08-31T12:00:00+02:00,0.0,0.6,7.9,0.0
2023-08-31T13:00:00+02:00,0.0,0.0,7.8,0.0
2023-08-31T14:00:00+02:00,0.0,0.0,10.2,0.0
2023-08-31T15:00:00+02:00,0.0,0.1,5.9,0.0
2023-08-31T16:00:00+02:00,0.0,71.2,4.9,0.0
2023-08-31T17:00:00+02:00,0.0,70.8,3.8,0.0
2023-08-31T18:00:00+02:00,0.0,214.8,1.9,0.0
2023-08-31T19:00:00+02:00,0.0,219.3,0.4,0.0
2023-08-31T20:00:00+02:00,0.0,218.6,0.9,0.0
2023-08-31T21:00:00+02:00,0.0,216.8,0.0,0.0
2023-08-31T22:00:00+02:00,0.0,144.5,0.0,0.0
2023-08-31T23:00:00+02:00,0.0,72.2,0.0,0.0
2023-09-01T00:00:00+02:00,0.0,0.6,0.0,0.0
2023-09-01T01:00:00+02:00,0.0,0.0,0.0,0.0
2023-09-01T02:00:00+02:00,0.0,0.0,0.0,0.0
2023-09-01T03:00:00+02:00,0.0,0.0,0.0,0.0
2023-09-01T04:00:00+02:00,0.0,0.0,0.0,0.0
2023-09-01T05:00:00+02:00,0.0,0.0,0.0,0.0
2023-09-01T06:00:00+02:00,0.0,0.2,0.0,0.0
2023-09-01T07:00:00+02:00,0.0,215.2,0.5,0.0
2023-09-01T08:00:00+02:00,0.0,222.9,0.0,0.0
2023-09-01T09:00:00+02:00,0.0,142.0,0.0,0.0
2023-09-01T10:00:00+02:00,0.0,141.3,0.0,0.0
2023-09-01T11:00:00+02:00,0.0,140.6,0.0,0.0
2023-09-01T12:00:00+02:00,0.0,1.2,3.0,0.0
2023-09-01T13:00:00+02:00,0.0,0.0,4.8,0.0
2023-09-01T14:00:00+02:00,0.0,0.3,5.6,0.0
2023-09-01T15:00:00+02:00,0.0,70.6,7.0,0.0
2023-09-01T16:00:00+02:00,0.0,98.9,9.6,0.0
2023-09-01T17:00:00+02:00,0.0,161.4,14.9,0.0
2023-09-01T18:00:00+02:00,0.0,218.9,11.0,0.0
2023-09-01T19:00:00+02:00,0.0,218.8,6.5,0.0
2023-09-01T20:00:00+02:00,0.0,221.2,1.2,0.0
2023-09-01T21:00:00+02:00,0.0,216.0,0.9,0.0
2023-09-01T22:00:00+02:00,0.0,141.8,5.2,0.0
2023-09-01T23:00:00+02:00,0.0,71.6,4.2,0.0
2023-09-02T00:00:00+02:00,0.0,72.6,3.6,0.0
2023-09-02T01:00:00+02:00,0.0,0.6,2.6,0.0
2023-09-02T02:00:00+02:00,0.0,0.0,0.7,0.0
2023-09-02T03:00:00+02:00,0.0,0.0,0.5,0.0
2023-09-02T04:00:00+02:00,0.0,0.0,0.0,0.0
2023-09-02T05:00:00+02:00,0.0,0.0,0.0,0.0
2023-09-02T06:00:00+02:00,0.0,0.2,0.3,0.0
2023-09-02T07:00:00+02:00,0.0,73.7,0.2,0.0
2023-09-02T08:00:00+02:00,0.0,74.3,1.8,0.0
2023-09-02T09:00:00+02:00,0.0,0.6,0.0,0.0
2023-09-02T10:00:00+02:00,0.0,0.0,0.1,0.0
2023-09-02T11:00:00+02:00,0.0,0.0,0.0,0.0
2023-09-02T12:00:00+02:00,0.0,0.0,0.0,0.0
2023-09-02T13:00:00+02:00,0.0,0.0,0.1,0.0
2023-09-02T14:00:00+02:00,0.0,0.0,1.3,0.0
2023-09-02T15:00:00+02:00,0.0,0.0,1.6,0.0
2023-09-02T16:00:00+02:00,0.0,0.2,3.4,0.0
2023-09-02T17:00:00+02:00,0.0,71.5,8.1,0.0
2023-09-02T18:00:00+02:00,0.0,145.7,10.0,0.0
2023-09-02T19:00:00+02:00,0.0,219.8,9.8,0.0
2023-09-02T20:00:00+02:00,0.0,222.2,7.0,0.0
2023-09-02T21:00:00+02:00,0.0,143.7,1.0,0.0
2023-09-02T22:00:00+02:00,0.0,80.0,0.9,0.0
2023-09-02T23:00:00+02:00,0.0,75.0,0.3,0.0
2023-09-03T00:00:00+02:00,0.0,75.8,2.5,0.0
2023-09-03T01:00:00+02:00,0.0,0.6,12.1,0.0
2023-09-03T02:00:00+02:00,0.0,0.0,17.2,0.0
2023-09-03T03:00:00+02:00,0.0,0.0,18.6,0.0
2023-09-03T04:00:00+02:00,0.0,0.0,16.1,0.0
2023-09-03T05:00:00+02:00,0.0,0.0,13.1,0.0
2023-09-03T06:00:00+02:00,0.0,0.0,9.0,0.0
2023-09-03T07:00:00+02:00,0.0,0.0,6.0,0.0
2023-09-03T08:00:00+02:00,0.0,0.0,1.0,0.0
2023-09-03T09:00:00+02:00,0.0,0.0,0.9,0.0
2023-09-03T10:00:00+02:00,0.0,0.0,1.1,0.0
2023-09-03T11:00:00+02:00,0.0,0.0,3.6,0.0
2023-09-03T12:00:00+02:00,0.0,0.0,2.1,0.0
2023-09-03T13:00:00+02:00,0.0,0.0,15.9,0.0
2023-09-03T14:00:00+02:00,0.0,0.0,26.8,0.0
2023-09-03T15:00:00+02:00,0.0,0.0,23.8,0.0
2023-09-03T16:00:00+02:00,0.0,0.0,19.1,0.0
2023-09-03T17:00:00+02:00,0.0,0.1,32.9,0.0
2023-09-03T18:00:00+02:00,0.0,71.7,51.9,0.0
2023-09-03T19:00:00+02:00,0.0,83.2,62.7,0.0
2023-09-03T20:00:00+02:00,0.0,84.1,53.8,0.0
2023-09-03T21:00:00+02:00,0.0,73.6,52.6,0.0
2023-09-03T22:00:00+02:00,0.0,81.3,44.5,0.0
2023-09-03T23:00:00+02:00,0.0,0.6,61.2,0.0
2023-09-04T00:00:00+02:00,0.0,0.0,98.0,0.0
2023-09-04T01:00:00+02:00,0.0,0.0,106.4,0.0
2023-09-04T02:00:00+02:00,0.0,0.0,103.5,0.0
2023-09-04T03:00:00+02:00,0.0,0.0,86.0,0.0
2023-09-04T04:00:00+02:00,0.0,0.0,98.7,0.0
2023-09-04T05:00:00+02:00,0.0,0.0,99.8,0.0
2023-09-04T06:00:00+02:00,0.0,0.0,98.5,0.0
2023-09-04T07:00:00+02:00,0.0,0.0,108.6,0.0
2023-09-04T08:00:00+02:00,0.0,0.0,102.4,0.0
2023-09-04T09:00:00+02:00,0.0,0.0,81.4,0.0
2023-09-04T10:00:00+02:00,0.0,0.0,99.5,0.0
2023-09-04T11:00:00+02:00,0.0,0.0,114.6,0.0
2023-09-04T12:00:00+02:00,0.0,0.0,112.3,0.0
2023-09-04T13:00:00+02:00,0.0,0.0,98.6,0.0
2023-09-04T14:00:00+02:00,0.0,0.0,70.0,0.0
2023-09-04T15:00:00+02:00,0.0,0.0,84.8,0.0
2023-09-04T16:00:00+02:00,0.0,0.1,104.2,0.0
2023-09-04T17:00:00+02:00,0.0,70.3,103.1,0.0
2023-09-04T18:00:00+02:00,0.0,71.2,91.6,0.0
2023-09-04T19:00:00+02:00,0.0,220.9,64.0,0.0
2023-09-04T20:00:00+02:00,0.0,115.3,56.4,0.0
2023-09-04T21:00:00+02:00,0.0,93.8,64.0,0.0
2023-09-04T22:00:00+02:00,0.0,0.0,79.5,0.0
2023-09-04T23:00:00+02:00,0.0,0.0,52.4,0.0
2023-09-05T00:00:00+02:00,0.0,0.0,75.9,0.0
2023-09-05T01:00:00+02:00,0.0,0.0,69.7,0.0
2023-09-05T02:00:00+02:00,0.0,0.0,77.4,0.0
2023-09-05T03:00:00+02:00,0.0,0.0,75.6,0.0
2023-09-05T04:00:00+02:00,0.0,0.0,84.8,0.0
2023-09-05T05:00:00+02:00,0.0,0.0,81.9,0.0
2023-09-05T06:00:00+02:00,0.0,0.5,82.8,0.0
2023-09-05T07:00:00+02:00,0.0,111.9,94.6,0.0
2023-09-05T08:00:00+02:00,0.0,71.3,110.9,0.0
2023-09-05T09:00:00+02:00,0.0,71.0,103.3,0.0
2023-09-05T10:00:00+02:00,0.0,0.0,108.7,0.0
2023-09-05T11:00:00+02:00,0.0,0.0,103.8,0.0
2023-09-05T12:00:00+02:00,0.0,0.0,105.7,0.0
2023-09-05T13:00:00+02:00,0.0,0.0,110.1,0.0
2023-09-05T14:00:00+02:00,0.0,0.0,109.7,0.0
2023-09-05T15:00:00+02:00,0.0,0.0,110.1,0.0
2023-09-05T16:00:00+02:00,0.0,0.1,109.2,0.0
2023-09-05T17:00:00+02:00,0.0,93.1,109.1,0.0
2023-09-05T18:00:00+02:00,0.0,144.0,111.0,0.0
2023-09-05T19:00:00+02:00,0.0,212.9,109.4,0.0
2023-09-05T20:00:00+02:00,0.0,212.4,106.3,0.0
2023-09-05T21:00:00+02:00,0.0,144.8,108.5,0.0
2023-09-05T22:00:00+02:00,0.0,71.7,99.3,0.0
2023-09-05T23:00:00+02:00,0.0,0.6,106.5,0.0
2023-09-06T00:00:00+02:00,0.0,0.0,108.6,0.0
2023-09-06T01:00:00+02:00,0.0,0.0,95.2,0.0
2023-09-06T02:00:00+02:00,0.0,0.0,94.9,0.0
2023-09-06T03:00:00+02:00,0.0,0.0,74.8,0.0
2023-09-06T04:00:00+02:00,0.0,0.0,86.2,0.0
2023-09-06T05:00:00+02:00,0.0,0.3,114.5,0.0
2023-09-06T06:00:00+02:00,0.0,76.1,113.4,0.0
2023-09-06T07:00:00+02:00,0.0,220.8,114.5,0.0
2023-09-06T08:00:00+02:00,0.0,206.3,113.8,0.0
2023-09-06T09:00:00+02:00,0.0,71.5,113.2,0.0
2023-09-06T10:00:00+02:00,0.0,0.6,109.0,0.0
2023-09-06T11:00:00+02:00,0.0,0.0,108.1,0.0
2023-09-06T12:00:00+02:00,0.0,0.0,111.7,0.0
2023-09-06T13:00:00+02:00,0.0,0.0,97.3,0.0
2023-09-06T14:00:00+02:00,0.0,0.0,81.1,0.0
2023-09-06T15:00:00+02:00,0.0,0.0,94.0,0.0
2023-09-06T16:00:00+02:00,0.0,0.3,87.9,0.0
2023-09-06T17:00:00+02:00,0.0,80.1,86.4,0.0
2023-09-06T18:00:00+02:00,0.0,224.1,88.4,0.0
2023-09-06T19:00:00+02:00,0.0,222.9,95.6,0.0
2023-09-06T20:00:00+02:00,0.0,224.9,89.4,0.0
2023-09-06T21:00:00+02:00,0.0,221.5,88.1,0.0
2023-09-06T22:00:00+02:00,0.0,72.3,99.8,0.0
2023-09-06T23:00:00+02:00,0.0,0.6,96.7,0.0
2023-09-07T00:00:00+02:00,0.0,0.0,93.6,0.0
2023-09-07T01:00:00+02:00,0.0,0.0,91.8,0.0
2023-09-07T02:00:00+02:00,0.0,0.0,78.6,0.0
2023-09-07T03:00:00+02:00,0.0,0.0,68.4,0.0
2023-09-07T04:00:00+02:00,0.0,0.0,67.8,0.0
2023-09-07T05:00:00+02:00,0.0,0.5,75.0,0.0
2023-09-07T06:00:00+02:00,0.0,166.4,61.7,0.0
2023-09-07T07:00:00+02:00,0.0,223.2,52.4,0.0
2023-09-07T08:00:00+02:00,0.0,217.9,71.4,0.0
2023-09-07T09:00:00+02:00,0.0,70.8,71.5,0.0
2023-09-07T10:00:00+02:00,0.0,0.6,68.4,0.0
2023-09-07T11:00:00+02:00,0.0,0.0,64.0,0.0
2023-09-07T12:00:00+02:00,0.0,0.0,74.1,0.0
2023-09-07T13:00:00+02:00,0.0,0.0,76.9,0.0
2023-09-07T14:00:00+02:00,0.0,0.0,72.5,0.0
2023-09-07T15:00:00+02:00,0.0,0.0,85.8,0.0
2023-09-07T16:00:00+02:00,0.0,0.3,83.2,0.0
2023-09-07T17:00:00+02:00,0.0,99.7,84.3,0.0
2023-09-07T18:00:00+02:00,0.0,224.6,92.8,0.0
2023-09-07T19:00:00+02:00,0.0,216.1,89.0,0.0
2023-09-07T20:00:00+02:00,0.0,212.9,80.8,0.0
2023-09-07T21:00:00+02:00,0.0,209.4,84.4,0.0
2023-09-07T22:00:00+02:00,0.0,72.0,84.1,0.0
2023-09-07T23:00:00+02:00,0.0,71.2,84.4,0.0
2023-09-08T00:00:00+02:00,0.0,0.7,95.2,0.0
2023-09-08T01:00:00+02:00,0.0,0.0,81.7,0.0
2023-09-08T02:00:00+02:00,0.0,0.0,71.8,0.0
2023-09-08T03:00:00+02:00,0.0,0.0,65.5,0.0
2023-09-08T04:00:00+02:00,0.0,0.0,93.1,0.0
2023-09-08T05:00:00+02:00,0.0,0.1,88.0,0.0
2023-09-08T06:00:00+02:00,0.0,99.6,86.2,0.0
2023-09-08T07:00:00+02:00,0.0,221.8,72.8,0.0
2023-09-08T08:00:00+02:00,0.0,216.9,69.1,0.0
2023-09-08T09:00:00+02:00,0.0,71.3,61.1,0.0
2023-09-08T10:00:00+02:00,0.0,0.7,69.3,0.0
2023-09-08T11:00:00+02:00,0.0,0.0,65.8,0.0
2023-09-08T12:00:00+02:00,0.0,0.0,82.9,0.0
2023-09-08T13:00:00+02:00,0.0,0.0,85.8,0.0
2023-09-08T14:00:00+02:00,0.0,0.0,82.0,0.0
2023-09-08T15:00:00+02:00,0.0,0.0,77.2,0.0
2023-09-08T16:00:00+02:00,0.0,0.1,74.0,0.0
2023-09-08T17:00:00+02:00,0.0,88.2,73.1,0.0
2023-09-08T18:00:00+02:00,0.0,203.5,83.0,0.0
2023-09-08T19:00:00+02:00,0.0,217.2,91.7,0.0
2023-09-08T20:00:00+02:00,0.0,198.3,92.7,0.0
2023-09-08T21:00:00+02:00,0.0,200.4,74.4,0.0
2023-09-08T22:00:00+02:00,0.0,209.5,63.9,0.0
2023-09-08T23:00:00+02:00,0.0,74.9,64.6,0.0
2023-09-09T00:00:00+02:00,0.0,0.7,63.0,0.0
2023-09-09T01:00:00+02:00,0.0,0.0,50.6,0.0
2023-09-09T02:00:00+02:00,0.0,0.0,50.3,0.0
2023-09-09T03:00:00+02:00,0.0,0.0,52.4,0.0
2023-09-09T04:00:00+02:00,0.0,0.0,52.8,0.0
2023-09-09T05:00:00+02:00,0.0,0.0,50.9,0.0
2023-09-09T06:00:00+02:00,0.0,0.2,53.1,0.0
2023-09-09T07:00:00+02:00,0.0,71.0,52.3,0.0
2023-09-09T08:00:00+02:00,0.0,76.7,51.5,0.0
2023-09-09T09:00:00+02:00,0.0,0.3,49.2,0.0
2023-09-09T10:00:00+02:00,0.0,0.0,46.0,0.0
2023-09-09T11:00:00+02:00,0.0,0.0,41.6,0.0
2023-09-09T12:00:00+02:00,0.0,0.0,37.5,0.0
2023-09-09T13:00:00+02:00,0.0,0.0,28.7,0.0
2023-09-09T14:00:00+02:00,0.0,0.0,28.3,0.0
2023-09-09T15:00:00+02:00,0.0,0.0,43.7,0.0
2023-09-09T16:00:00+02:00,0.0,0.1,40.0,0.0
2023-09-09T17:00:00+02:00,0.0,105.5,34.2,0.0
2023-09-09T18:00:00+02:00,0.0,224.3,39.4,0.0
2023-09-09T19:00:00+02:00,0.0,221.5,59.5,0.0
2023-09-09T20:00:00+02:00,0.0,203.2,61.0,0.0
2023-09-09T21:00:00+02:00,0.0,199.2,68.2,0.0
2023-09-09T22:00:00+02:00,0.0,207.4,60.7,0.0
2023-09-09T23:00:00+02:00,0.0,71.5,83.2,0.0
2023-09-10T00:00:00+02:00,0.0,0.6,80.4,0.0
2023-09-10T01:00:00+02:00,0.0,0.0,82.2,0.0
2023-09-10T02:00:00+02:00,0.0,0.0,85.9,0.0
2023-09-10T03:00:00+02:00,0.0,0.0,85.2,0.0
2023-09-10T04:00:00+02:00,0.0,0.0,77.0,0.0
2023-09-10T05:00:00+02:00,0.0,0.0,75.3,0.0
2023-09-10T06:00:00+02:00,0.0,0.0,64.2,0.0
2023-09-10T07:00:00+02:00,0.0,0.0,63.2,0.0
2023-09-10T08:00:00+02:00,0.0,0.0,57.3,0.0
2023-09-10T09:00:00+02:00,0.0,0.0,43.8,0.0
2023-09-10T10:00:00+02:00,0.0,0.0,40.8,0.0
2023-09-10T11:00:00+02:00,0.0,0.0,28.1,0.0
2023-09-10T12:00:00+02:00,0.0,0.0,17.0,0.0
2023-09-10T13:00:00+02:00,0.0,0.0,14.5,0.0
2023-09-10T14:00:00+02:00,0.0,0.0,17.7,0.0
2023-09-10T15:00:00+02:00,0.0,0.0,19.4,0.0
2023-09-10T16:00:00+02:00,0.0,0.3,17.9,0.0
2023-09-10T17:00:00+02:00,0.0,74.4,25.4,0.0
2023-09-10T18:00:00+02:00,0.0,193.4,32.6,0.0
2023-09-10T19:00:00+02:00,0.0,224.4,36.2,0.0
2023-09-10T20:00:00+02:00,0.0,225.5,35.5,0.0
2023-09-10T21:00:00+02:00,0.0,218.6,38.5,0.0
2023-09-10T22:00:00+02:00,0.0,162.8,67.3,0.0
2023-09-10T23:00:00+02:00,0.0,48.3,75.7,0.0
2023-09-11T00:00:00+02:00,0.0,0.0,69.1,0.0
2023-09-11T01:00:00+02:00,0.0,0.0,68.2,0.0
2023-09-11T02:00:00+02:00,0.0,0.0,70.2,0.0
2023-09-11T03:00:00+02:00,0.0,0.0,77.6,0.0
2023-09-11T04:00:00+02:00,0.0,0.0,79.9,0.0
2023-09-11T05:00:00+02:00,0.0,0.2,84.1,0.0
2023-09-11T06:00:00+02:00,0.0,182.8,59.6,0.0
2023-09-11T07:00:00+02:00,0.0,213.1,50.8,0.0
2023-09-11T08:00:00+02:00,0.0,186.9,36.0,0.0
2023-09-11T09:00:00+02:00,0.0,83.8,22.1,0.0
2023-09-11T10:00:00+02:00,0.0,98.4,11.9,0.0
2023-09-11T11:00:00+02:00,0.0,70.6,5.5,0.0
2023-09-11T12:00:00+02:00,0.0,0.6,3.9,0.0
2023-09-11T13:00:00+02:00,0.0,0.0,4.3,0.0
2023-09-11T14:00:00+02:00,0.0,0.3,4.9,0.0
2023-09-11T15:00:00+02:00,0.0,72.0,6.5,0.0
2023-09-11T16:00:00+02:00,0.0,111.5,7.3,0.0
2023-09-11T17:00:00+02:00,0.0,222.2,8.7,0.0
2023-09-11T18:00:00+02:00,0.0,222.9,13.9,0.0
2023-09-11T19:00:00+02:00,0.0,217.7,13.4,0.0
2023-09-11T20:00:00+02:00,0.0,216.7,14.8,0.0
2023-09-11T21:00:00+02:00,0.0,213.7,10.1,0.0
2023-09-11T22:00:00+02:00,0.0,207.9,16.0,0.0
2023-09-11T23:00:00+02:00,0.0,72.5,17.9,0.0
2023-09-12T00:00:00+02:00,0.0,70.8,14.0,0.0
2023-09-12T01:00:00+02:00,0.0,0.6,16.4,0.0
2023-09-12T02:00:00+02:00,0.0,0.0,9.7,0.0
2023-09-12T03:00:00+02:00,0.0,0.0,11.7,0.0
2023-09-12T04:00:00+02:00,0.0,0.0,15.5,0.0
2023-09-12T05:00:00+02:00,0.0,0.5,9.4,0.0
2023-09-12T06:00:00+02:00,0.0,212.1,7.0,0.0
2023-09-12T07:00:00+02:00,0.0,218.6,2.6,0.0
2023-09-12T08:00:00+02:00,0.0,220.0,0.1,0.0
2023-09-12T09:00:00+02:00,0.0,214.6,0.0,0.0
2023-09-12T10:00:00+02:00,0.0,152.1,0.0,0.0
2023-09-12T11:00:00+02:00,0.0,143.3,0.1,0.0
2023-09-12T12:00:00+02:00,0.0,70.8,1.1,0.0
2023-09-12T13:00:00+02:00,0.0,70.3,1.1,0.0
2023-09-12T14:00:00+02:00,0.0,71.2,2.1,0.0
2023-09-12T15:00:00+02:00,0.0,71.8,2.1,0.0
2023-09-12T16:00:00+02:00,0.0,144.9,2.9,0.0
2023-09-12T17:00:00+02:00,0.0,222.6,4.7,0.0
2023-09-12T18:00:00+02:00,0.0,219.2,3.2,0.0
2023-09-12T19:00:00+02:00,0.0,216.8,0.6,0.0
2023-09-12T20:00:00+02:00,0.0,214.1,0.3,0.0
2023-09-12T21:00:00+02:00,0.0,208.2,0.0,0.0
2023-09-12T22:00:00+02:00,0.0,208.4,0.0,0.0
2023-09-12T23:00:00+02:00,0.0,144.1,0.0,0.0
2023-09-13T00:00:00+02:00,0.0,208.7,0.1,0.0
2023-09-13T01:00:00+02:00,0.0,207.7,3.1,0.0
2023-09-13T02:00:00+02:00,0.0,209.7,3.2,0.0
2023-09-13T03:00:00+02:00,0.0,217.6,1.0,0.0
2023-09-13T04:00:00+02:00,0.0,209.1,0.8,0.0
2023-09-13T05:00:00+02:00,0.0,211.5,0.4,0.0
2023-09-13T06:00:00+02:00,0.0,213.5,0.9,0.0
2023-09-13T07:00:00+02:00,0.0,222.0,0.3,0.0
2023-09-13T08:00:00+02:00,0.0,221.8,2.4,0.0
2023-09-13T09:00:00+02:00,0.0,224.2,3.3,0.0
2023-09-13T10:00:00+02:00,0.0,106.6,5.2,0.0
2023-09-13T11:00:00+02:00,0.0,108.2,8.2,0.0
2023-09-13T12:00:00+02:00,0.0,0.7,8.7,0.0
2023-09-13T13:00:00+02:00,0.0,0.0,7.4,0.0
2023-09-13T14:00:00+02:00,0.0,0.3,9.8,0.0
2023-09-13T15:00:00+02:00,0.0,70.6,10.7,0.0
2023-09-13T16:00:00+02:00,0.0,109.7,9.5,0.0
2023-09-13T17:00:00+02:00,0.0,200.4,4.0,0.0
2023-09-13T18:00:00+02:00,0.0,217.4,3.1,0.0
2023-09-13T19:00:00+02:00,0.0,220.8,1.2,0.0
2023-09-13T20:00:00+02:00,0.0,214.4,0.5,0.0
2023-09-13T21:00:00+02:00,0.0,207.9,0.0,0.0
2023-09-13T22:00:00+02:00,0.0,169.0,0.0,0.0
2023-09-13T23:00:00+02:00,0.0,75.2,0.0,0.0
2023-09-14T00:00:00+02:00,0.0,71.6,1.4,0.0
2023-09-14T01:00:00+02:00,0.0,0.5,1.1,0.0
2023-09-14T02:00:00+02:00,0.0,0.0,0.7,0.0
2023-09-14T03:00:00+02:00,0.0,0.0,2.5,0.0
2023-09-14T04:00:00+02:00,0.0,0.0,0.4,0.0
2023-09-14T05:00:00+02:00,0.0,0.8,0.0,0.0
2023-09-14T06:00:00+02:00,0.0,220.5,0.0,0.0
2023-09-14T07:00:00+02:00,0.0,214.1,0.0,0.0
2023-09-14T08:00:00+02:00,0.0,213.9,0.0,0.0
2023-09-14T09:00:00+02:00,0.0,215.9,0.0,0.0
2023-09-14T10:00:00+02:00,0.0,103.0,1.4,0.0
2023-09-14T11:00:00+02:00,0.0,71.2,4.5,0.0
2023-09-14T12:00:00+02:00,0.0,70.7,7.4,0.0
2023-09-14T13:00:00+02:00,0.0,70.2,9.1,0.0
2023-09-14T14:00:00+02:00,0.0,73.6,0.9,0.0
2023-09-14T15:00:00+02:00,0.0,104.3,0.1,0.0
2023-09-14T16:00:00+02:00,0.0,142.9,0.3,0.0
2023-09-14T17:00:00+02:00,0.0,213.2,0.1,0.0
2023-09-14T18:00:00+02:00,0.0,205.3,0.2,0.0
2023-09-14T19:00:00+02:00,0.0,208.5,0.0,0.0
2023-09-14T20:00:00+02:00,0.0,209.1,0.0,0.0
2023-09-14T21:00:00+02:00,0.0,206.8,0.0,0.0
2023-09-14T22:00:00+02:00,0.0,209.1,2.6,0.0
2023-09-14T23:00:00+02:00,0.0,70.9,9.6,0.0
2023-09-15T00:00:00+02:00,0.0,70.3,13.2,0.0
2023-09-15T01:00:00+02:00,0.0,0.6,6.8,0.0
2023-09-15T02:00:00+02:00,0.0,0.0,2.0,0.0
2023-09-15T03:00:00+02:00,0.0,0.0,4.6,0.0
2023-09-15T04:00:00+02:00,0.0,0.0,5.3,0.0
2023-09-15T05:00:00+02:00,0.0,0.1,3.0,0.0
2023-09-15T06:00:00+02:00,0.0,213.6,2.8,0.0
2023-09-15T07:00:00+02:00,0.0,213.9,5.7,0.0
2023-09-15T08:00:00+02:00,0.0,215.7,5.3,0.0
2023-09-15T09:00:00+02:00,0.0,176.1,0.8,0.0
2023-09-15T10:00:00+02:00,0.0,99.8,0.4,0.0
2023-09-15T11:00:00+02:00,0.0,0.8,0.0,0.0
2023-09-15T12:00:00+02:00,0.0,0.0,0.2,0.0
2023-09-15T13:00:00+02:00,0.0,0.0,0.0,0.0
2023-09-15T14:00:00+02:00,0.0,0.0,0.3,0.0
2023-09-15T15:00:00+02:00,0.0,0.1,3.2,0.0
2023-09-15T16:00:00+02:00,0.0,97.0,9.2,0.0
2023-09-15T17:00:00+02:00,0.0,221.7,5.2,0.0
2023-09-15T18:00:00+02:00,0.0,219.1,3.0,0.0
2023-09-15T19:00:00+02:00,0.0,220.8,1.8,0.0
2023-09-15T20:00:00+02:00,0.0,220.0,0.7,0.0
2023-09-15T21:00:00+02:00,0.0,210.0,5.1,0.0
2023-09-15T22:00:00+02:00,0.0,102.2,1.9,0.0
2023-09-15T23:00:00+02:00,0.0,74.9,1.6,0.0
2023-09-16T00:00:00+02:00,0.0,0.6,4.5,0.0
2023-09-16T01:00:00+02:00,0.0,0.0,4.8,0.0
2023-09-16T02:00:00+02:00,0.0,0.0,10.4,0.0
2023-09-16T03:00:00+02:00,0.0,0.0,12.7,0.0
2023-09-16T04:00:00+02:00,0.0,0.0,8.7,0.0
2023-09-16T05:00:00+02:00,0.0,0.0,7.7,0.0
2023-09-16T06:00:00+02:00,0.0,0.2,8.4,0.0
2023-09-16T07:00:00+02:00,0.0,72.6,9.1,0.0
2023-09-16T08:00:00+02:00,0.0,71.3,7.2,0.0
2023-09-16T09:00:00+02:00,0.0,0.7,7.6,0.0
2023-09-16T10:00:00+02:00,0.0,0.0,7.0,0.0
2023-09-16T11:00:00+02:00,0.0,0.0,10.5,0.0
2023-09-16T12:00:00+02:00,0.0,0.0,11.1,0.0
2023-09-16T13:00:00+02:00,0.0,0.0,15.4,0.0
2023-09-16T14:00:00+02:00,0.0,0.0,23.6,0.0
2023-09-16T15:00:00+02:00,0.0,0.0,37.2,0.0
2023-09-16T16:00:00+02:00,0.0,0.2,36.7,0.0
2023-09-16T17:00:00+02:00,0.0,71.2,22.4,0.0
2023-09-16T18:00:00+02:00,0.0,219.1,16.6,0.0
2023-09-16T19:00:00+02:00,0.0,214.9,22.8,0.0
2023-09-16T20:00:00+02:00,0.0,217.2,17.4,0.0
2023-09-16T21:00:00+02:00,0.0,220.0,1.9,0.0
2023-09-16T22:00:00+02:00,0.0,77.9,0.0,0.0
2023-09-16T23:00:00+02:00,0.0,0.6,0.0,0.0
2023-09-17T00:00:00+02:00,0.0,0.0,0.0,0.0
2023-09-17T01:00:00+02:00,0.0,0.0,0.9,0.0
2023-09-17T02:00:00+02:00,0.0,0.0,1.5,0.0
2023-09-17T03:00:00+02:00,0.0,0.0,0.0,0.0
2023-09-17T04:00:00+02:00,0.0,0.0,0.9,0.0
2023-09-17T05:00:00+02:00,0.0,0.0,1.3,0.0
2023-09-17T06:00:00+02:00,0.0,0.0,0.0,0.0
2023-09-17T07:00:00+02:00,0.0,0.0,0.0,0.0
2023-09-17T08:00:00+02:00,0.0,0.0,0.0,0.0
2023-09-17T09:00:00+02:00,0.0,0.0,0.0,0.0
2023-09-17T10:00:00+02:00,0.0,0.0,0.0,0.0
2023-09-17T11:00:00+02:00,0.0,0.0,0.0,0.0
2023-09-17T12:00:00+02:00,0.0,0.0,0.0,0.0
2023-09-17T13:00:00+02:00,0.0,0.0,1.6,0.0
2023-09-17T14:00:00+02:00,0.0,0.0,1.9,0.0
2023-09-17T15:00:00+02:00,0.0,0.0,4.5,0.0
2023-09-17T16:00:00+02:00,0.0,0.3,17.6,0.0
2023-09-17T17:00:00+02:00,0.0,97.8,25.2,0.0
2023-09-17T18:00:00+02:00,0.0,221.6,23.6,0.0
2023-09-17T19:00:00+02:00,0.0,222.9,9.7,0.0
2023-09-17T20:00:00+02:00,0.0,223.9,1.1,0.0
2023-09-17T21:00:00+02:00,0.0,199.0,2.0,0.0
2023-09-17T22:00:00+02:00,0.0,1.5,7.7,0.0
2023-09-17T23:00:00+02:00,0.0,0.0,5.3,0.0
2023-09-18T00:00:00+02:00,0.0,0.0,4.5,0.0
2023-09-18T01:00:00+02:00,0.0,0.0,8.0,0.0
2023-09-18T02:00:00+02:00,0.0,0.0,0.4,0.0
2023-09-18T03:00:00+02:00,0.0,0.0,0.0,0.0
2023-09-18T04:00:00+02:00,0.0,0.0,0.0,0.0
2023-09-18T05:00:00+02:00,0.0,0.0,0.0,0.0
2023-09-18T06:00:00+02:00,0.0,0.2,0.0,0.0
2023-09-18T07:00:00+02:00,0.0,222.9,0.1,0.0
2023-09-18T08:00:00+02:00,0.0,144.2,0.1,0.0
2023-09-18T09:00:00+02:00,0.0,92.2,1.7,0.0
2023-09-18T10:00:00+02:00,0.0,0.6,0.9,0.0
2023-09-18T11:00:00+02:00,0.0,0.0,1.7,0.0
2023-09-18T12:00:00+02:00,0.0,0.0,0.0,0.0
2023-09-18T13:00:00+02:00,0.0,0.0,0.8,0.0
2023-09-18T14:00:00+02:00,0.0,3.2,4.4,0.0
2023-09-18T15:00:00+02:00,0.0,2.6,6.8,0.0
2023-09-18T16:00:00+02:00,0.0,107.6,13.9,0.0
2023-09-18T17:00:00+02:00,0.0,178.2,8.7,0.0
2023-09-18T18:00:00+02:00,0.0,222.4,7.1,0.0
2023-09-18T19:00:00+02:00,0.0,224.5,0.7,0.0
2023-09-18T20:00:00+02:00,0.0,223.4,0.0,0.0
2023-09-18T21:00:00+02:00,0.0,167.7,0.1,0.0
2023-09-18T22:00:00+02:00,0.0,87.3,0.0,0.0
2023-09-18T23:00:00+02:00,0.0,0.7,0.0,0.0
2023-09-19T00:00:00+02:00,0.0,0.0,0.0,0.0
2023-09-19T01:00:00+02:00,0.0,0.0,0.0,0.0
2023-09-19T02:00:00+02:00,0.0,0.0,0.0,0.0
2023-09-19T03:00:00+02:00,0.0,0.0,0.5,0.0
2023-09-19T04:00:00+02:00,0.0,0.0,1.2,0.0
2023-09-19T05:00:00+02:00,0.0,0.4,3.3,0.0
2023-09-19T06:00:00+02:00,0.0,170.2,5.4,0.0
2023-09-19T07:00:00+02:00,0.0,216.4,1.7,0.0
2023-09-19T08:00:00+02:00,0.0,144.3,1.1,0.0
2023-09-19T09:00:00+02:00,0.0,96.8,2.9,0.0
2023-09-19T10:00:00+02:00,0.0,1.6,6.4,0.0
2023-09-19T11:00:00+02:00,0.0,0.0,7.1,0.0
2023-09-19T12:00:00+02:00,0.0,0.0,7.4,0.0
2023-09-19T13:00:00+02:00,0.0,2.4,8.3,0.0
2023-09-19T14:00:00+02:00,0.0,74.2,9.3,0.0
2023-09-19T15:00:00+02:00,0.0,77.2,5.4,0.0
2023-09-19T16:00:00+02:00,0.0,108.6,8.8,0.0
2023-09-19T17:00:00+02:00,0.0,160.1,8.0,0.0
2023-09-19T18:00:00+02:00,0.0,269.0,4.2,0.0
2023-09-19T19:00:00+02:00,0.0,279.4,2.5,0.0
2023-09-19T20:00:00+02:00,0.0,233.3,1.0,0.0
2023-09-19T21:00:00+02:00,0.0,156.7,0.8,0.0
2023-09-19T22:00:00+02:00,0.0,0.5,0.0,0.0
2023-09-19T23:00:00+02:00,0.0,0.0,0.0,0.0
2023-09-20T00:00:00+02:00,0.0,0.0,0.0,0.0
2023-09-20T01:00:00+02:00,0.0,0.0,0.0,0.0
2023-09-20T02:00:00+02:00,0.0,0.0,0.0,0.0
2023-09-20T03:00:00+02:00,0.0,0.0,0.0,0.0
2023-09-20T04:00:00+02:00,0.0,0.0,0.0,0.0
2023-09-20T05:00:00+02:00,0.0,0.5,0.8,0.0
2023-09-20T06:00:00+02:00,0.0,148.9,0.2,0.0
2023-09-20T07:00:00+02:00,0.0,220.1,0.0,0.0
2023-09-20T08:00:00+02:00,0.0,106.1,0.0,0.0
2023-09-20T09:00:00+02:00,0.0,0.8,0.0,0.0
2023-09-20T10:00:00+02:00,0.0,0.0,0.0,0.0
2023-09-20T11:00:00+02:00,0.0,6.2,0.0,0.0
2023-09-20T12:00:00+02:00,0.0,0.0,2.1,0.0
2023-09-20T13:00:00+02:00,0.0,3.4,4.5,0.0
2023-09-20T14:00:00+02:00,0.0,0.0,8.7,0.0
2023-09-20T15:00:00+02:00,0.0,1.4,15.2,0.0
2023-09-20T16:00:00+02:00,0.0,54.3,13.4,0.0
2023-09-20T17:00:00+02:00,0.0,279.6,14.7,0.0
2023-09-20T18:00:00+02:00,0.0,276.7,16.4,0.0
2023-09-20T19:00:00+02:00,0.0,266.0,14.0,0.0
2023-09-20T20:00:00+02:00,0.0,270.4,7.7,0.0
2023-09-20T21:00:00+02:00,0.0,262.0,4.8,0.0
2023-09-20T22:00:00+02:00,0.0,41.5,3.4,0.0
2023-09-20T23:00:00+02:00,0.0,0.0,0.8,0.0
2023-09-21T00:00:00+02:00,0.0,0.0,0.0,0.0
2023-09-21T01:00:00+02:00,0.0,0.0,0.0,0.0
2023-09-21T02:00:00+02:00,0.0,0.0,0.0,0.0
2023-09-21T03:00:00+02:00,0.0,0.0,0.1,0.0
2023-09-21T04:00:00+02:00,0.0,0.0,0.0,0.0
2023-09-21T05:00:00+02:00,0.0,0.9,0.2,0.0
2023-09-21T06:00:00+02:00,0.0,155.3,2.5,0.0
2023-09-21T07:00:00+02:00,0.0,271.9,4.8,0.0
2023-09-21T08:00:00+02:00,0.0,267.2,8.0,0.0
2023-09-21T09:00:00+02:00,0.0,78.3,19.9,0.0
2023-09-21T10:00:00+02:00,0.0,0.7,30.4,0.0
2023-09-21T11:00:00+02:00,0.0,1.4,55.6,0.0
2023-09-21T12:00:00+02:00,0.0,0.0,47.8,0.0
2023-09-21T13:00:00+02:00,0.0,0.0,46.1,0.0
2023-09-21T14:00:00+02:00,0.0,0.0,54.4,0.0
2023-09-21T15:00:00+02:00,0.0,0.3,53.0,0.0
2023-09-21T16:00:00+02:00,0.0,75.6,53.6,0.0
2023-09-21T17:00:00+02:00,0.0,248.4,61.9,0.0
2023-09-21T18:00:00+02:00,0.0,370.0,42.7,0.0
2023-09-21T19:00:00+02:00,0.0,370.9,51.4,0.0
2023-09-21T20:00:00+02:00,0.0,338.2,73.0,0.0
2023-09-21T21:00:00+02:00,0.0,297.7,42.6,0.0
2023-09-21T22:00:00+02:00,0.0,77.2,39.9,0.0
2023-09-21T23:00:00+02:00,0.0,0.5,79.7,0.0
2023-09-22T00:00:00+02:00,0.0,0.0,80.5,0.0
2023-09-22T01:00:00+02:00,0.0,0.0,78.7,0.0
2023-09-22T02:00:00+02:00,0.0,0.0,77.9,0.0
2023-09-22T03:00:00+02:00,0.0,0.0,84.6,0.0
2023-09-22T04:00:00+02:00,0.0,0.0,81.6,0.0
2023-09-22T05:00:00+02:00,0.0,1.0,80.0,0.0
2023-09-22T06:00:00+02:00,0.0,93.8,77.8,0.0
2023-09-22T07:00:00+02:00,0.0,257.8,87.4,0.0
2023-09-22T08:00:00+02:00,0.0,248.4,91.8,0.0
2023-09-22T09:00:00+02:00,0.0,17.9,88.0,0.0
2023-09-22T10:00:00+02:00,0.0,0.0,78.0,0.0
2023-09-22T11:00:00+02:00,0.0,0.0,74.1,0.0
2023-09-22T12:00:00+02:00,0.0,0.0,63.5,0.0
2023-09-22T13:00:00+02:00,0.0,0.0,73.2,0.0
2023-09-22T14:00:00+02:00,0.0,0.0,63.6,0.0
2023-09-22T15:00:00+02:00,0.0,0.0,61.3,0.0
2023-09-22T16:00:00+02:00,0.0,1.0,58.1,0.0
2023-09-22T17:00:00+02:00,0.0,283.5,48.1,0.0
2023-09-22T18:00:00+02:00,0.0,367.9,40.9,0.0
2023-09-22T19:00:00+02:00,0.0,431.1,25.2,0.0
2023-09-22T20:00:00+02:00,0.0,413.6,46.7,0.0
2023-09-22T21:00:00+02:00,0.0,233.7,67.8,0.0
2023-09-22T22:00:00+02:00,0.0,31.7,60.6,0.0
2023-09-22T23:00:00+02:00,0.0,0.0,69.6,0.0
2023-09-23T00:00:00+02:00,0.0,0.0,80.4,0.0
2023-09-23T01:00:00+02:00,0.0,0.0,83.2,0.0
2023-09-23T02:00:00+02:00,0.0,0.0,81.1,0.0
2023-09-23T03:00:00+02:00,0.0,0.0,80.9,0.0
2023-09-23T04:00:00+02:00,0.0,0.0,71.3,0.0
2023-09-23T05:00:00+02:00,0.0,0.0,58.0,0.0
2023-09-23T06:00:00+02:00,0.0,0.0,70.5,0.0
2023-09-23T07:00:00+02:00,0.0,0.0,91.7,0.0
2023-09-23T08:00:00+02:00,0.0,0.0,109.9,0.0
2023-09-23T09:00:00+02:00,0.0,0.0,102.8,0.0
2023-09-23T10:00:00+02:00,0.0,0.0,83.5,0.0
2023-09-23T11:00:00+02:00,0.0,0.0,83.0,0.0
2023-09-23T12:00:00+02:00,0.0,0.0,94.7,0.0
2023-09-23T13:00:00+02:00,0.0,0.0,107.5,0.0
2023-09-23T14:00:00+02:00,0.0,0.0,112.6,0.0
2023-09-23T15:00:00+02:00,0.0,0.0,114.9,0.0
2023-09-23T16:00:00+02:00,0.0,0.0,114.1,0.0
2023-09-23T17:00:00+02:00,0.0,1.3,112.1,0.0
2023-09-23T18:00:00+02:00,0.0,269.3,100.0,0.0
2023-09-23T19:00:00+02:00,0.0,289.8,32.3,0.0
2023-09-23T20:00:00+02:00,0.0,289.2,34.9,0.0
2023-09-23T21:00:00+02:00,0.0,259.2,83.2,0.0
2023-09-23T22:00:00+02:00,0.0,0.5,92.3,0.0
2023-09-23T23:00:00+02:00,0.0,0.0,36.8,0.0
2023-09-24T00:00:00+02:00,0.0,0.0,46.1,0.0
2023-09-24T01:00:00+02:00,0.0,0.0,42.2,0.0
2023-09-24T02:00:00+02:00,0.0,0.0,40.4,0.0
2023-09-24T03:00:00+02:00,0.0,0.0,30.1,0.0
2023-09-24T04:00:00+02:00,0.0,0.0,54.0,0.0
2023-09-24T05:00:00+02:00,0.0,0.0,83.1,0.0
2023-09-24T06:00:00+02:00,0.0,0.0,62.6,0.0
2023-09-24T07:00:00+02:00,0.0,0.0,71.0,0.0
2023-09-24T08:00:00+02:00,0.0,0.0,53.2,0.0
2023-09-24T09:00:00+02:00,0.0,0.0,40.5,0.0
2023-09-24T10:00:00+02:00,0.0,0.0,19.6,0.0
2023-09-24T11:00:00+02:00,0.0,0.0,9.0,0.0
2023-09-24T12:00:00+02:00,0.0,0.0,12.7,0.0
2023-09-24T13:00:00+02:00,0.0,0.0,4.1,0.0
2023-09-24T14:00:00+02:00,0.0,0.0,2.5,0.0
2023-09-24T15:00:00+02:00,0.0,0.0,6.4,0.0
2023-09-24T16:00:00+02:00,0.0,0.0,2.2,0.0
2023-09-24T17:00:00+02:00,0.0,1.0,0.2,0.0
2023-09-24T18:00:00+02:00,0.0,272.2,1.6,0.0
2023-09-24T19:00:00+02:00,0.0,276.7,0.0,0.0
2023-09-24T20:00:00+02:00,0.0,268.8,0.5,0.0
2023-09-24T21:00:00+02:00,0.0,157.7,4.6,0.0
2023-09-24T22:00:00+02:00,0.0,0.3,8.7,0.0
2023-09-24T23:00:00+02:00,0.0,0.0,11.2,0.0
2023-09-25T00:00:00+02:00,0.0,0.0,21.8,0.0
2023-09-25T01:00:00+02:00,0.0,0.0,16.3,0.0
2023-09-25T02:00:00+02:00,0.0,0.0,26.4,0.0
2023-09-25T03:00:00+02:00,0.0,0.0,39.0,0.0
2023-09-25T04:00:00+02:00,0.0,0.0,46.0,0.0
2023-09-25T05:00:00+02:00,0.0,0.0,44.9,0.0
2023-09-25T06:00:00+02:00,0.0,1.4,46.5,0.0
2023-09-25T07:00:00+02:00,0.0,207.8,49.4,0.0
2023-09-25T08:00:00+02:00,0.0,210.4,44.5,0.0
2023-09-25T09:00:00+02:00,0.0,32.0,63.1,0.0
2023-09-25T10:00:00+02:00,0.0,0.0,55.7,0.0
2023-09-25T11:00:00+02:00,0.0,0.0,50.2,0.0
2023-09-25T12:00:00+02:00,0.0,0.0,53.9,0.0
2023-09-25T13:00:00+02:00,0.0,0.0,58.4,0.0
2023-09-25T14:00:00+02:00,0.0,0.0,72.5,0.0
2023-09-25T15:00:00+02:00,0.0,0.7,105.2,0.0
2023-09-25T16:00:00+02:00,0.0,18.7,106.5,0.0
2023-09-25T17:00:00+02:00,0.0,257.1,66.6,0.0
2023-09-25T18:00:00+02:00,0.0,266.5,68.3,0.0
2023-09-25T19:00:00+02:00,0.0,297.2,84.9,0.0
2023-09-25T20:00:00+02:00,0.0,362.0,106.9,0.0
2023-09-25T21:00:00+02:00,0.0,346.4,98.9,0.0
2023-09-25T22:00:00+02:00,0.0,267.6,94.2,0.0
2023-09-25T23:00:00+02:00,0.0,0.6,91.7,0.0
2023-09-26T00:00:00+02:00,0.0,0.0,89.3,0.0
2023-09-26T01:00:00+02:00,0.0,0.0,82.8,0.0
2023-09-26T02:00:00+02:00,0.0,0.0,85.5,0.0
2023-09-26T03:00:00+02:00,0.0,0.0,101.3,0.0
2023-09-26T04:00:00+02:00,0.0,0.0,111.0,0.0
2023-09-26T05:00:00+02:00,0.0,1.4,111.8,0.0
2023-09-26T06:00:00+02:00,0.0,234.3,108.9,0.0
2023-09-26T07:00:00+02:00,0.0,325.1,92.5,0.0
2023-09-26T08:00:00+02:00,0.0,316.6,79.8,0.0
2023-09-26T09:00:00+02:00,0.0,131.1,71.8,0.0
2023-09-26T10:00:00+02:00,0.0,0.4,70.9,0.0
2023-09-26T11:00:00+02:00,0.0,0.0,67.2,0.0
2023-09-26T12:00:00+02:00,0.0,0.0,67.6,0.0
2023-09-26T13:00:00+02:00,0.0,0.0,69.4,0.0
2023-09-26T14:00:00+02:00,0.0,0.0,66.9,0.0
2023-09-26T15:00:00+02:00,0.0,10.0,63.8,0.0
2023-09-26T16:00:00+02:00,0.0,60.8,66.0,0.0
2023-09-26T17:00:00+02:00,0.0,367.6,69.4,0.0
2023-09-26T18:00:00+02:00,0.0,370.6,73.6,0.0
2023-09-26T19:00:00+02:00,0.0,369.6,71.0,0.0
2023-09-26T20:00:00+02:00,0.0,348.9,92.7,0.0
2023-09-26T21:00:00+02:00,0.0,343.8,104.7,0.0
2023-09-26T22:00:00+02:00,0.0,21.9,100.5,0.0
2023-09-26T23:00:00+02:00,0.0,0.0,104.5,0.0
2023-09-27T00:00:00+02:00,0.0,0.0,87.7,0.0
2023-09-27T01:00:00+02:00,0.0,0.0,70.0,0.0
2023-09-27T02:00:00+02:00,0.0,0.0,74.3,0.0
2023-09-27T03:00:00+02:00,0.0,0.0,78.8,0.0
2023-09-27T04:00:00+02:00,0.0,0.0,79.9,0.0
2023-09-27T05:00:00+02:00,0.0,1.6,86.0,0.0
2023-09-27T06:00:00+02:00,0.0,257.8,100.3,0.0
2023-09-27T07:00:00+02:00,0.0,306.8,111.1,0.0
2023-09-27T08:00:00+02:00,0.0,305.4,112.3,0.0
2023-09-27T09:00:00+02:00,0.0,236.0,95.1,0.0
2023-09-27T10:00:00+02:00,0.0,17.4,86.3,0.0
2023-09-27T11:00:00+02:00,0.0,0.0,60.9,0.0
2023-09-27T12:00:00+02:00,0.0,0.0,60.7,0.0
2023-09-27T13:00:00+02:00,0.0,0.0,55.2,0.0
2023-09-27T14:00:00+02:00,0.0,0.0,40.3,0.0
2023-09-27T15:00:00+02:00,0.0,1.1,54.5,0.0
2023-09-27T16:00:00+02:00,0.0,94.5,71.7,0.0
2023-09-27T17:00:00+02:00,0.0,341.1,81.4,0.0
2023-09-27T18:00:00+02:00,0.0,345.9,95.0,0.0
2023-09-27T19:00:00+02:00,0.0,347.4,96.5,0.0
2023-09-27T20:00:00+02:00,0.0,347.2,108.5,0.0
2023-09-27T21:00:00+02:00,0.0,92.1,104.5,0.0
2023-09-27T22:00:00+02:00,0.0,18.4,103.7,0.0
2023-09-27T23:00:00+02:00,0.0,0.0,89.3,0.0
2023-09-28T00:00:00+02:00,0.0,0.0,59.9,0.0
2023-09-28T01:00:00+02:00,0.0,0.0,52.7,0.0
2023-09-28T02:00:00+02:00,0.0,0.0,50.7,0.0
2023-09-28T03:00:00+02:00,0.0,0.0,59.4,0.0
2023-09-28T04:00:00+02:00,0.0,0.0,60.3,0.0
2023-09-28T05:00:00+02:00,0.0,0.1,61.1,0.0
2023-09-28T06:00:00+02:00,0.0,36.6,54.3,0.0
2023-09-28T07:00:00+02:00,0.0,323.7,36.0,0.0
2023-09-28T08:00:00+02:00,0.0,322.8,24.7,0.0
2023-09-28T09:00:00+02:00,0.0,294.4,15.7,0.0
2023-09-28T10:00:00+02:00,0.0,61.6,18.1,0.0
2023-09-28T11:00:00+02:00,0.0,0.2,16.3,0.0
2023-09-28T12:00:00+02:00,0.0,0.0,13.7,0.0
2023-09-28T13:00:00+02:00,0.0,0.0,12.7,0.0
2023-09-28T14:00:00+02:00,0.0,0.0,18.3,0.0
2023-09-28T15:00:00+02:00,0.0,0.1,17.8,0.0
2023-09-28T16:00:00+02:00,0.0,74.4,24.2,0.0
2023-09-28T17:00:00+02:00,0.0,309.4,27.6,0.0
2023-09-28T18:00:00+02:00,0.0,369.9,26.9,0.0
2023-09-28T19:00:00+02:00,0.0,367.8,28.2,0.0
2023-09-28T20:00:00+02:00,0.0,347.9,35.3,0.0
2023-09-28T21:00:00+02:00,0.0,349.6,29.1,0.0
2023-09-28T22:00:00+02:00,0.0,239.0,37.5,0.0
2023-09-28T23:00:00+02:00,0.0,27.1,25.4,0.0
2023-09-29T00:00:00+02:00,0.0,0.0,25.7,0.0
2023-09-29T01:00:00+02:00,0.0,0.0,31.9,0.0
2023-09-29T02:00:00+02:00,0.0,0.0,20.0,0.0
2023-09-29T03:00:00+02:00,0.0,0.0,23.7,0.0
2023-09-29T04:00:00+02:00,0.0,0.0,16.7,0.0
2023-09-29T05:00:00+02:00,0.0,0.5,5.2,0.0
2023-09-29T06:00:00+02:00,0.0,272.3,4.1,0.0
2023-09-29T07:00:00+02:00,0.0,330.1,1.4,0.0
2023-09-29T08:00:00+02:00,0.0,325.3,0.3,0.0
2023-09-29T09:00:00+02:00,0.0,78.3,0.2,0.0
2023-09-29T10:00:00+02:00,0.0,0.5,1.0,0.0
2023-09-29T11:00:00+02:00,0.0,0.0,1.3,0.0
2023-09-29T12:00:00+02:00,0.0,0.0,0.3,0.0
2023-09-29T13:00:00+02:00,0.0,0.0,0.0,0.0
2023-09-29T14:00:00+02:00,0.0,0.0,4.1,0.0
2023-09-29T15:00:00+02:00,0.0,0.0,6.9,0.0
2023-09-29T16:00:00+02:00,0.0,1.9,5.2,0.0
2023-09-29T17:00:00+02:00,0.0,334.2,8.9,0.0
2023-09-29T18:00:00+02:00,0.0,388.9,10.1,0.0
2023-09-29T19:00:00+02:00,0.0,392.7,8.0,0.0
2023-09-29T20:00:00+02:00,0.0,392.6,5.3,0.0
2023-09-29T21:00:00+02:00,0.0,287.7,8.5,0.0
2023-09-29T22:00:00+02:00,0.0,52.0,14.3,0.0
2023-09-29T23:00:00+02:00,0.0,24.0,17.0,0.0
2023-09-30T00:00:00+02:00,0.0,0.0,16.9,0.0
2023-09-30T01:00:00+02:00,0.0,0.0,16.1,0.0
2023-09-30T02:00:00+02:00,0.0,0.0,25.5,0.0
2023-09-30T03:00:00+02:00,0.0,0.0,27.8,0.0
2023-09-30T04:00:00+02:00,0.0,0.0,13.1,0.0
2023-09-30T05:00:00+02:00,0.0,0.0,13.5,0.0
2023-09-30T06:00:00+02:00,0.0,0.7,10.0,0.0
2023-09-30T07:00:00+02:00,0.0,36.1,11.6,0.0
2023-09-30T08:00:00+02:00,0.0,39.8,13.5,0.0
2023-09-30T09:00:00+02:00,0.0,58.2,11.3,0.0
2023-09-30T10:00:00+02:00,0.0,0.0,14.6,0.0
2023-09-30T11:00:00+02:00,0.0,0.0,15.6,0.0
2023-09-30T12:00:00+02:00,0.0,0.0,13.1,0.0
2023-09-30T13:00:00+02:00,0.0,0.0,9.7,0.0
2023-09-30T14:00:00+02:00,0.0,0.0,8.3,0.0
2023-09-30T15:00:00+02:00,0.0,0.0,18.0,0.0
2023-09-30T16:00:00+02:00,0.0,0.1,29.8,0.0
2023-09-30T17:00:00+02:00,0.0,58.7,21.9,0.0
2023-09-30T18:00:00+02:00,0.0,337.3,21.3,0.0
2023-09-30T19:00:00+02:00,0.0,334.7,17.5,0.0
2023-09-30T20:00:00+02:00,0.0,334.9,21.1,0.0
2023-09-30T21:00:00+02:00,0.0,289.5,21.9,0.0
2023-09-30T22:00:00+02:00,0.0,34.5,31.2,0.0
2023-09-30T23:00:00+02:00,0.0,0.0,43.5,0.0
2023-10-01T00:00:00+02:00,0.0,0.0,39.9,0.0
2023-10-01T01:00:00+02:00,0.0,0.0,31.9,0.0
2023-10-01T02:00:00+02:00,0.0,0.0,41.7,0.0
2023-10-01T03:00:00+02:00,0.0,0.0,50.2,0.0
2023-10-01T04:00:00+02:00,0.0,0.0,59.9,0.0
2023-10-01T05:00:00+02:00,0.0,0.0,74.7,0.0
2023-10-01T06:00:00+02:00,0.0,0.6,74.0,0.0
2023-10-01T07:00:00+02:00,0.0,7.2,73.5,0.0
2023-10-01T08:00:00+02:00,0.0,0.0,63.1,0.0
2023-10-01T09:00:00+02:00,0.0,0.0,58.9,0.0
2023-10-01T10:00:00+02:00,0.0,0.0,43.2,0.0
2023-10-01T11:00:00+02:00,0.0,0.0,28.3,0.0
2023-10-01T12:00:00+02:00,0.0,0.0,32.7,0.0
2023-10-01T13:00:00+02:00,0.0,0.0,28.7,0.0
2023-10-01T14:00:00+02:00,0.0,0.0,25.4,0.0
2023-10-01T15:00:00+02:00,0.0,0.0,32.9,0.0
2023-10-01T16:00:00+02:00,0.0,0.0,36.6,0.0
2023-10-01T17:00:00+02:00,0.0,0.9,36.6,0.0
2023-10-01T18:00:00+02:00,0.0,297.5,49.8,0.0
2023-10-01T19:00:00+02:00,0.0,373.9,56.2,0.0
2023-10-01T20:00:00+02:00,0.0,381.0,45.8,0.0
2023-10-01T21:00:00+02:00,0.0,271.2,48.9,0.0
2023-10-01T22:00:00+02:00,0.0,77.0,39.6,0.0
2023-10-01T23:00:00+02:00,0.0,40.6,36.4,0.0
2023-10-02T00:00:00+02:00,0.0,0.0,27.2,0.0
2023-10-02T01:00:00+02:00,0.0,0.0,24.5,0.0
2023-10-02T02:00:00+02:00,0.0,0.0,41.2,0.0
2023-10-02T03:00:00+02:00,0.0,0.0,30.0,0.0
2023-10-02T04:00:00+02:00,0.0,0.0,36.7,0.0
2023-10-02T05:00:00+02:00,0.0,0.3,54.1,0.0
2023-10-02T06:00:00+02:00,0.0,37.7,54.1,0.0
2023-10-02T07:00:00+02:00,0.0,94.9,69.6,0.0
2023-10-02T08:00:00+02:00,0.0,85.4,81.8,0.0
2023-10-02T09:00:00+02:00,0.0,92.6,72.3,0.0
2023-10-02T10:00:00+02:00,0.0,65.0,65.2,0.0
2023-10-02T11:00:00+02:00,0.0,0.0,52.0,0.0
2023-10-02T12:00:00+02:00,0.0,0.0,57.8,0.0
2023-10-02T13:00:00+02:00,0.0,0.0,56.6,0.0
2023-10-02T14:00:00+02:00,0.0,0.0,47.8,0.0
2023-10-02T15:00:00+02:00,0.0,1.4,42.0,0.0
2023-10-02T16:00:00+02:00,0.0,83.4,46.1,0.0
2023-10-02T17:00:00+02:00,0.0,191.4,50.4,0.0
2023-10-02T18:00:00+02:00,0.0,197.9,50.9,0.0
2023-10-02T19:00:00+02:00,0.0,191.3,41.8,0.0
2023-10-02T20:00:00+02:00,0.0,190.8,55.6,0.0
2023-10-02T21:00:00+02:00,0.0,188.0,56.4,0.0
2023-10-02T22:00:00+02:00,0.0,61.7,61.8,0.0
2023-10-02T23:00:00+02:00,0.0,36.7,82.2,0.0
2023-10-03T00:00:00+02:00,0.0,0.0,87.6,0.0
2023-10-03T01:00:00+02:00,0.0,0.0,77.9,0.0
2023-10-03T02:00:00+02:00,0.0,0.0,94.0,0.0
2023-10-03T03:00:00+02:00,0.0,0.0,70.9,0.0
2023-10-03T04:00:00+02:00,0.0,0.0,42.2,0.0
2023-10-03T05:00:00+02:00,0.0,0.0,76.6,0.0
2023-10-03T06:00:00+02:00,0.0,1.2,86.1,0.0
2023-10-03T07:00:00+02:00,0.0,91.6,67.5,0.0
2023-10-03T08:00:00+02:00,0.0,89.0,59.1,0.0
2023-10-03T09:00:00+02:00,0.0,40.6,42.4,0.0
2023-10-03T10:00:00+02:00,0.0,44.5,17.9,0.0
2023-10-03T11:00:00+02:00,0.0,39.6,9.1,0.0
2023-10-03T12:00:00+02:00,0.0,29.2,6.8,0.0
2023-10-03T13:00:00+02:00,0.0,47.4,0.6,0.0
2023-10-03T14:00:00+02:00,0.0,42.2,2.9,0.0
2023-10-03T15:00:00+02:00,0.0,45.6,1.3,0.0
2023-10-03T16:00:00+02:00,0.0,59.7,0.4,0.0
2023-10-03T17:00:00+02:00,0.0,127.0,0.4,0.0
2023-10-03T18:00:00+02:00,0.0,200.0,0.0,0.0
2023-10-03T19:00:00+02:00,0.0,195.9,0.0,0.0
2023-10-03T20:00:00+02:00,0.0,195.5,0.0,0.0
2023-10-03T21:00:00+02:00,0.0,130.0,0.0,0.0
2023-10-03T22:00:00+02:00,0.0,37.6,0.0,0.0
2023-10-03T23:00:00+02:00,0.0,1.7,0.0,0.0
2023-10-04T00:00:00+02:00,0.0,57.5,0.0,0.0
2023-10-04T01:00:00+02:00,0.0,24.1,0.0,0.0
2023-10-04T02:00:00+02:00,0.0,0.0,0.0,0.0
2023-10-04T03:00:00+02:00,0.0,0.0,0.0,0.0
2023-10-04T04:00:00+02:00,0.0,1.0,0.0,0.0
2023-10-04T05:00:00+02:00,0.0,17.8,0.0,0.0
2023-10-04T06:00:00+02:00,0.0,17.3,2.8,0.0
2023-10-04T07:00:00+02:00,0.0,92.4,9.1,0.0
2023-10-04T08:00:00+02:00,0.0,100.5,25.1,0.0
2023-10-04T09:00:00+02:00,0.0,100.8,28.2,0.0
2023-10-04T10:00:00+02:00,0.0,102.6,24.0,0.0
2023-10-04T11:00:00+02:00,0.0,106.8,16.3,0.0
2023-10-04T12:00:00+02:00,0.0,118.9,5.7,0.0
2023-10-04T13:00:00+02:00,0.0,82.1,2.8,0.0
2023-10-04T14:00:00+02:00,0.0,95.4,3.6,0.0
2023-10-04T15:00:00+02:00,0.0,53.7,1.1,0.0
2023-10-04T16:00:00+02:00,0.0,126.0,0.3,0.0
2023-10-04T17:00:00+02:00,0.0,146.8,0.0,0.0
2023-10-04T18:00:00+02:00,0.0,229.5,2.1,0.0
2023-10-04T19:00:00+02:00,0.0,225.2,2.9,0.0
2023-10-04T20:00:00+02:00,0.0,215.4,5.1,0.0
2023-10-04T21:00:00+02:00,0.0,146.3,4.6,0.0
2023-10-04T22:00:00+02:00,0.0,107.0,5.6,0.0
2023-10-04T23:00:00+02:00,0.0,0.0,10.0,0.0
2023-10-05T00:00:00+02:00,0.0,0.0,22.6,0.0
2023-10-05T01:00:00+02:00,0.0,0.0,27.0,0.0
2023-10-05T02:00:00+02:00,0.0,0.0,33.8,0.0
2023-10-05T03:00:00+02:00,0.0,0.0,46.0,0.0
2023-10-05T04:00:00+02:00,0.0,0.0,38.0,0.0
2023-10-05T05:00:00+02:00,0.0,1.4,35.2,0.0
2023-10-05T06:00:00+02:00,0.0,33.5,32.0,0.0
2023-10-05T07:00:00+02:00,0.0,89.6,17.1,0.0
2023-10-05T08:00:00+02:00,0.0,97.7,18.1,0.0
2023-10-05T09:00:00+02:00,0.0,109.7,9.2,0.0
2023-10-05T10:00:00+02:00,0.0,0.0,1.8,0.0
2023-10-05T11:00:00+02:00,0.0,0.0,3.5,0.0
2023-10-05T12:00:00+02:00,0.0,0.0,3.5,0.0
2023-10-05T13:00:00+02:00,0.0,0.0,3.5,0.0
2023-10-05T14:00:00+02:00,0.0,0.0,5.7,0.0
2023-10-05T15:00:00+02:00,0.0,1.0,11.4,0.0
2023-10-05T16:00:00+02:00,0.0,106.1,18.7,0.0
2023-10-05T17:00:00+02:00,0.0,125.8,11.5,0.0
2023-10-05T18:00:00+02:00,0.0,205.6,5.6,0.0
2023-10-05T19:00:00+02:00,0.0,204.1,4.2,0.0
2023-10-05T20:00:00+02:00,0.0,195.9,8.0,0.0
2023-10-05T21:00:00+02:00,0.0,146.8,6.7,0.0
2023-10-05T22:00:00+02:00,0.0,109.0,0.8,0.0
2023-10-05T23:00:00+02:00,0.0,0.0,0.4,0.0
2023-10-06T00:00:00+02:00,0.0,0.0,1.7,0.0
2023-10-06T01:00:00+02:00,0.0,0.0,0.1,0.0
2023-10-06T02:00:00+02:00,0.0,0.0,0.5,0.0
2023-10-06T03:00:00+02:00,0.0,0.0,3.8,0.0
2023-10-06T04:00:00+02:00,0.0,0.0,15.0,0.0
2023-10-06T05:00:00+02:00,0.0,0.3,14.0,0.0
2023-10-06T06:00:00+02:00,0.0,48.7,4.0,0.0
2023-10-06T07:00:00+02:00,0.0,78.7,15.8,0.0
2023-10-06T08:00:00+02:00,0.0,106.9,16.3,0.0
2023-10-06T09:00:00+02:00,0.0,119.6,8.7,0.0
2023-10-06T10:00:00+02:00,0.0,0.0,5.6,0.0
2023-10-06T11:00:00+02:00,0.0,0.0,11.2,0.0
2023-10-06T12:00:00+02:00,0.0,0.0,10.3,0.0
2023-10-06T13:00:00+02:00,0.0,0.0,7.3,0.0
2023-10-06T14:00:00+02:00,0.0,0.0,8.6,0.0
2023-10-06T15:00:00+02:00,0.0,1.1,14.9,0.0
2023-10-06T16:00:00+02:00,0.0,100.2,17.6,0.0
2023-10-06T17:00:00+02:00,0.0,112.7,17.7,0.0
2023-10-06T18:00:00+02:00,0.0,194.9,20.5,0.0
2023-10-06T19:00:00+02:00,0.0,188.8,21.7,0.0
2023-10-06T20:00:00+02:00,0.0,176.2,30.7,0.0
2023-10-06T21:00:00+02:00,0.0,94.2,40.5,0.0
2023-10-06T22:00:00+02:00,0.0,22.2,39.2,0.0
2023-10-06T23:00:00+02:00,0.0,0.0,30.3,0.0
2023-10-07T00:00:00+02:00,0.0,0.0,38.5,0.0
2023-10-07T01:00:00+02:00,0.0,0.0,43.6,0.0
2023-10-07T02:00:00+02:00,0.0,0.0,27.8,0.0
2023-10-07T03:00:00+02:00,0.0,0.0,14.4,0.0
2023-10-07T04:00:00+02:00,0.0,0.0,18.6,0.0
2023-10-07T05:00:00+02:00,0.0,0.0,16.8,0.0
2023-10-07T06:00:00+02:00,0.0,0.0,14.9,0.0
2023-10-07T07:00:00+02:00,0.0,0.0,10.3,0.0
2023-10-07T08:00:00+02:00,0.0,0.0,8.4,0.0
2023-10-07T09:00:00+02:00,0.0,0.0,4.8,0.0
2023-10-07T10:00:00+02:00,0.0,0.0,1.0,0.0
2023-10-07T11:00:00+02:00,0.0,0.0,0.0,0.0
2023-10-07T12:00:00+02:00,0.0,0.0,0.0,0.0
2023-10-07T13:00:00+02:00,0.0,0.0,0.4,0.0
2023-10-07T14:00:00+02:00,0.0,0.0,1.7,0.0
2023-10-07T15:00:00+02:00,0.0,0.0,5.5,0.0
2023-10-07T16:00:00+02:00,0.0,1.2,7.5,0.0
2023-10-07T17:00:00+02:00,0.0,80.3,4.7,0.0
2023-10-07T18:00:00+02:00,0.0,174.1,2.5,0.0
2023-10-07T19:00:00+02:00,0.0,202.9,0.6,0.0
2023-10-07T20:00:00+02:00,0.0,201.1,3.2,0.0
2023-10-07T21:00:00+02:00,0.0,97.2,4.7,0.0
2023-10-07T22:00:00+02:00,0.0,0.0,10.6,0.0
2023-10-07T23:00:00+02:00,0.0,0.0,11.0,0.0
2023-10-08T00:00:00+02:00,0.0,0.0,10.5,0.0
2023-10-08T01:00:00+02:00,0.0,0.0,16.1,0.0
2023-10-08T02:00:00+02:00,0.0,0.0,24.6,0.0
2023-10-08T03:00:00+02:00,0.0,0.0,33.5,0.0
2023-10-08T04:00:00+02:00,0.0,0.0,44.6,0.0
2023-10-08T05:00:00+02:00,0.0,0.0,28.1,0.0
2023-10-08T06:00:00+02:00,0.0,0.0,23.0,0.0
2023-10-08T07:00:00+02:00,0.0,0.0,21.5,0.0
2023-10-08T08:00:00+02:00,0.0,0.0,20.6,0.0
2023-10-08T09:00:00+02:00,0.0,0.0,29.7,0.0
2023-10-08T10:00:00+02:00,0.0,0.0,18.9,0.0
2023-10-08T11:00:00+02:00,0.0,0.0,18.7,0.0
2023-10-08T12:00:00+02:00,0.0,0.0,32.7,0.0
2023-10-08T13:00:00+02:00,0.0,0.0,55.9,0.0
2023-10-08T14:00:00+02:00,0.0,0.0,63.6,0.0
2023-10-08T15:00:00+02:00,0.0,0.0,66.8,0.0
2023-10-08T16:00:00+02:00,0.0,0.5,81.3,0.0
2023-10-08T17:00:00+02:00,0.0,62.5,74.3,0.0
2023-10-08T18:00:00+02:00,0.0,199.3,54.0,0.0
2023-10-08T19:00:00+02:00,0.0,192.5,66.3,0.0
2023-10-08T20:00:00+02:00,0.0,193.6,57.6,0.0
2023-10-08T21:00:00+02:00,0.0,83.6,57.2,0.0
2023-10-08T22:00:00+02:00,0.0,63.4,51.4,0.0
2023-10-08T23:00:00+02:00,0.0,0.0,31.1,0.0
2023-10-09T00:00:00+02:00,0.0,0.0,22.9,0.0
2023-10-09T01:00:00+02:00,0.0,0.0,24.5,0.0
2023-10-09T02:00:00+02:00,0.0,0.0,34.8,0.0
2023-10-09T03:00:00+02:00,0.0,0.0,43.2,0.0
2023-10-09T04:00:00+02:00,0.0,0.0,50.0,0.0
2023-10-09T05:00:00+02:00,0.0,0.5,50.2,0.0
2023-10-09T06:00:00+02:00,0.0,85.7,74.4,0.0
2023-10-09T07:00:00+02:00,0.0,138.9,93.1,0.0
2023-10-09T08:00:00+02:00,0.0,142.8,75.4,0.0
2023-10-09T09:00:00+02:00,0.0,61.2,66.1,0.0
2023-10-09T10:00:00+02:00,0.0,58.5,59.3,0.0
2023-10-09T11:00:00+02:00,0.0,72.0,37.3,0.0
2023-10-09T12:00:00+02:00,0.0,59.8,7.1,0.0
2023-10-09T13:00:00+02:00,0.0,51.8,1.4,0.0
2023-10-09T14:00:00+02:00,0.0,56.6,9.8,0.0
2023-10-09T15:00:00+02:00,0.0,100.4,28.6,0.0
2023-10-09T16:00:00+02:00,0.0,85.5,42.1,0.0
2023-10-09T17:00:00+02:00,0.0,179.8,44.9,0.0
2023-10-09T18:00:00+02:00,0.0,189.6,40.8,0.0
2023-10-09T19:00:00+02:00,0.0,189.1,18.5,0.0
2023-10-09T20:00:00+02:00,0.0,195.8,3.5,0.0
2023-10-09T21:00:00+02:00,0.0,195.0,3.7,0.0
2023-10-09T22:00:00+02:00,0.0,98.2,5.4,0.0
2023-10-09T23:00:00+02:00,0.0,66.8,4.7,0.0
2023-10-10T00:00:00+02:00,0.0,36.0,2.3,0.0
2023-10-10T01:00:00+02:00,0.0,0.0,0.5,0.0
2023-10-10T02:00:00+02:00,0.0,0.0,0.0,0.0
2023-10-10T03:00:00+02:00,0.0,0.0,3.1,0.0
2023-10-10T04:00:00+02:00,0.0,0.0,6.0,0.0
2023-10-10T05:00:00+02:00,0.0,0.1,17.7,0.0
2023-10-10T06:00:00+02:00,0.0,96.8,12.6,0.0
2023-10-10T07:00:00+02:00,0.0,138.4,38.9,0.0
2023-10-10T08:00:00+02:00,0.0,138.5,22.6,0.0
2023-10-10T09:00:00+02:00,0.0,136.3,30.4,0.0
2023-10-10T10:00:00+02:00,0.0,104.2,13.8,0.0
2023-10-10T11:00:00+02:00,0.0,89.0,23.6,0.0
2023-10-10T12:00:00+02:00,0.0,79.8,46.5,0.0
2023-10-10T13:00:00+02:00,0.0,68.1,47.4,0.0
2023-10-10T14:00:00+02:00,0.0,59.5,53.6,0.0
2023-10-10T15:00:00+02:00,0.0,72.3,45.7,0.0
2023-10-10T16:00:00+02:00,0.0,175.9,47.8,0.0
2023-10-10T17:00:00+02:00,0.0,181.4,45.5,0.0
2023-10-10T18:00:00+02:00,0.0,188.3,44.8,0.0
2023-10-10T19:00:00+02:00,0.0,179.9,55.1,0.0
2023-10-10T20:00:00+02:00,0.0,157.7,60.4,0.0
2023-10-10T21:00:00+02:00,0.0,177.8,37.9,0.0
2023-10-10T22:00:00+02:00,0.0,69.9,43.6,0.0
2023-10-10T23:00:00+02:00,0.0,40.7,55.4,0.0
2023-10-11T00:00:00+02:00,0.0,0.0,60.5,0.0
2023-10-11T01:00:00+02:00,0.0,0.0,45.8,0.0
2023-10-11T02:00:00+02:00,0.0,0.0,36.1,0.0
2023-10-11T03:00:00+02:00,0.0,0.0,38.4,0.0
2023-10-11T04:00:00+02:00,0.0,0.0,51.4,0.0
2023-10-11T05:00:00+02:00,0.0,0.6,38.1,0.0
2023-10-11T06:00:00+02:00,0.0,48.5,47.5,0.0
2023-10-11T07:00:00+02:00,0.0,126.4,73.0,0.0
2023-10-11T08:00:00+02:00,0.0,128.6,71.5,0.0
2023-10-11T09:00:00+02:00,0.0,64.0,63.5,0.0
2023-10-11T10:00:00+02:00,0.0,76.7,39.8,0.0
2023-10-11T11:00:00+02:00,0.0,52.8,17.9,0.0
2023-10-11T12:00:00+02:00,0.0,67.9,8.9,0.0
2023-10-11T13:00:00+02:00,0.0,8.5,8.2,0.0
2023-10-11T14:00:00+02:00,0.0,67.0,9.1,0.0
2023-10-11T15:00:00+02:00,0.0,103.8,10.1,0.0
2023-10-11T16:00:00+02:00,0.0,154.4,9.7,0.0
2023-10-11T17:00:00+02:00,0.0,200.2,7.7,0.0
2023-10-11T18:00:00+02:00,0.0,200.6,11.0,0.0
2023-10-11T19:00:00+02:00,0.0,196.0,13.8,0.0
2023-10-11T20:00:00+02:00,0.0,192.1,15.8,0.0
2023-10-11T21:00:00+02:00,0.0,108.3,42.8,0.0
2023-10-11T22:00:00+02:00,0.0,73.8,51.0,0.0
2023-10-11T23:00:00+02:00,0.0,17.6,51.8,0.0
2023-10-12T00:00:00+02:00,0.0,0.6,46.7,0.0
2023-10-12T01:00:00+02:00,0.0,0.0,45.7,0.0
2023-10-12T02:00:00+02:00,0.0,0.0,33.0,0.0
2023-10-12T03:00:00+02:00,0.0,0.0,28.6,0.0
2023-10-12T04:00:00+02:00,0.0,0.0,22.9,0.0
2023-10-12T05:00:00+02:00,0.0,1.2,18.6,0.0
2023-10-12T06:00:00+02:00,0.0,79.2,14.4,0.0
2023-10-12T07:00:00+02:00,0.0,197.1,9.3,0.0
2023-10-12T08:00:00+02:00,0.0,202.2,4.2,0.0
2023-10-12T09:00:00+02:00,0.0,180.3,0.4,0.0
2023-10-12T10:00:00+02:00,0.0,119.7,0.0,0.0
2023-10-12T11:00:00+02:00,0.0,118.8,0.0,0.0
2023-10-12T12:00:00+02:00,0.0,115.2,0.1,0.0
2023-10-12T13:00:00+02:00,0.0,111.4,0.7,0.0
2023-10-12T14:00:00+02:00,0.0,108.6,1.2,0.0
2023-10-12T15:00:00+02:00,0.0,107.6,0.6,0.0
2023-10-12T16:00:00+02:00,0.0,112.4,0.5,0.0
2023-10-12T17:00:00+02:00,0.0,195.3,0.8,0.0
2023-10-12T18:00:00+02:00,0.0,202.3,1.9,0.0
2023-10-12T19:00:00+02:00,0.0,199.5,0.9,0.0
2023-10-12T20:00:00+02:00,0.0,198.0,0.1,0.0
2023-10-12T21:00:00+02:00,0.0,144.5,0.0,0.0
2023-10-12T22:00:00+02:00,0.0,101.6,0.0,0.0
2023-10-12T23:00:00+02:00,0.0,79.9,0.0,0.0
2023-10-13T00:00:00+02:00,0.0,44.7,0.1,0.0
2023-10-13T01:00:00+02:00,0.0,22.1,0.4,0.0
2023-10-13T02:00:00+02:00,0.0,0.0,0.3,0.0
2023-10-13T03:00:00+02:00,0.0,0.0,0.0,0.0
2023-10-13T04:00:00+02:00,0.0,0.0,0.0,0.0
2023-10-13T05:00:00+02:00,0.0,1.2,0.0,0.0
2023-10-13T06:00:00+02:00,0.0,100.9,0.0,0.0
2023-10-13T07:00:00+02:00,0.0,203.1,0.0,0.0
2023-10-13T08:00:00+02:00,0.0,295.4,0.0,0.0
2023-10-13T09:00:00+02:00,0.0,296.6,0.0,0.0
2023-10-13T10:00:00+02:00,0.0,294.5,0.0,0.0
2023-10-13T11:00:00+02:00,0.0,200.2,0.0,0.0
2023-10-13T12:00:00+02:00,0.0,120.5,0.0,0.0
2023-10-13T13:00:00+02:00,0.0,112.8,0.1,0.0
2023-10-13T14:00:00+02:00,0.0,109.2,3.8,0.0
2023-10-13T15:00:00+02:00,0.0,193.4,6.8,0.0
2023-10-13T16:00:00+02:00,0.0,190.4,9.3,0.0
2023-10-13T17:00:00+02:00,0.0,191.3,6.9,0.0
2023-10-13T18:00:00+02:00,0.0,203.2,1.4,0.0
2023-10-13T19:00:00+02:00,0.0,198.8,0.4,0.0
2023-10-13T20:00:00+02:00,0.0,197.5,0.0,0.0
2023-10-13T21:00:00+02:00,0.0,198.8,0.0,0.0
2023-10-13T22:00:00+02:00,0.0,101.6,0.1,0.0
2023-10-13T23:00:00+02:00,0.0,76.2,0.8,0.0
2023-10-14T00:00:00+02:00,0.0,0.0,2.7,0.0
2023-10-14T01:00:00+02:00,0.0,0.0,4.9,0.0
2023-10-14T02:00:00+02:00,0.0,0.0,5.3,0.0
2023-10-14T03:00:00+02:00,0.0,0.0,2.3,0.0
2023-10-14T04:00:00+02:00,0.0,0.0,0.3,0.0
2023-10-14T05:00:00+02:00,0.0,0.0,0.1,0.0
2023-10-14T06:00:00+02:00,0.0,0.1,0.0,0.0
2023-10-14T07:00:00+02:00,0.0,54.3,0.0,0.0
2023-10-14T08:00:00+02:00,0.0,94.4,0.0,0.0
2023-10-14T09:00:00+02:00,0.0,58.2,0.0,0.0
2023-10-14T10:00:00+02:00,0.0,0.1,0.0,0.0
2023-10-14T11:00:00+02:00,0.0,0.0,0.0,0.0
2023-10-14T12:00:00+02:00,0.0,0.0,0.1,0.0
2023-10-14T13:00:00+02:00,0.0,0.0,5.8,0.0
2023-10-14T14:00:00+02:00,0.0,0.0,9.5,0.0
2023-10-14T15:00:00+02:00,0.0,0.8,11.9,0.0
2023-10-14T16:00:00+02:00,0.0,88.0,9.6,0.0
2023-10-14T17:00:00+02:00,0.0,104.9,6.4,0.0
2023-10-14T18:00:00+02:00,0.0,130.4,6.4,0.0
2023-10-14T19:00:00+02:00,0.0,136.9,10.4,0.0
2023-10-14T20:00:00+02:00,0.0,133.4,7.4,0.0
2023-10-14T21:00:00+02:00,0.0,121.9,1.7,0.0
2023-10-14T22:00:00+02:00,0.0,98.1,0.0,0.0
2023-10-14T23:00:00+02:00,0.0,64.7,0.4,0.0
2023-10-15T00:00:00+02:00,0.0,0.0,0.3,0.0
2023-10-15T01:00:00+02:00,0.0,0.0,0.0,0.0
2023-10-15T02:00:00+02:00,0.0,0.0,0.0,0.0
2023-10-15T03:00:00+02:00,0.0,0.0,0.0,0.0
2023-10-15T04:00:00+02:00,0.0,0.0,0.0,0.0
2023-10-15T05:00:00+02:00,0.0,0.0,0.0,0.0
2023-10-15T06:00:00+02:00,0.0,0.0,0.0,0.0
2023-10-15T07:00:00+02:00,0.0,0.0,0.0,0.0
2023-10-15T08:00:00+02:00,0.0,0.0,0.0,0.0
2023-10-15T09:00:00+02:00,0.0,0.0,3.3,0.0
2023-10-15T10:00:00+02:00,0.0,0.0,7.9,0.0
2023-10-15T11:00:00+02:00,0.0,0.0,14.4,0.0
2023-10-15T12:00:00+02:00,0.0,0.0,15.4,0.0
2023-10-15T13:00:00+02:00,0.0,0.0,15.9,0.0
2023-10-15T14:00:00+02:00,0.0,0.0,18.2,0.0
2023-10-15T15:00:00+02:00,0.0,0.0,19.9,0.0
2023-10-15T16:00:00+02:00,0.0,1.1,22.8,0.0
2023-10-15T17:00:00+02:00,0.0,99.1,18.5,0.0
2023-10-15T18:00:00+02:00,0.0,129.9,13.0,0.0
2023-10-15T19:00:00+02:00,0.0,146.6,4.4,0.0
2023-10-15T20:00:00+02:00,0.0,141.2,7.8,0.0
2023-10-15T21:00:00+02:00,0.0,120.9,15.7,0.0
2023-10-15T22:00:00+02:00,0.0,92.4,18.4,0.0
2023-10-15T23:00:00+02:00,0.0,45.6,30.7,0.0
2023-10-16T00:00:00+02:00,0.0,11.8,48.8,0.0
2023-10-16T01:00:00+02:00,0.0,0.0,50.1,0.0
2023-10-16T02:00:00+02:00,0.0,0.0,84.9,0.0
2023-10-16T03:00:00+02:00,0.0,0.0,102.7,0.0
2023-10-16T04:00:00+02:00,0.0,0.0,94.6,0.0
2023-10-16T05:00:00+02:00,0.0,1.5,89.9,0.0
2023-10-16T06:00:00+02:00,0.0,78.2,96.2,0.0
2023-10-16T07:00:00+02:00,0.0,144.6,107.6,0.0
2023-10-16T08:00:00+02:00,0.0,133.6,106.9,0.0
2023-10-16T09:00:00+02:00,0.0,124.4,105.3,0.0
2023-10-16T10:00:00+02:00,0.0,42.7,100.4,0.0
2023-10-16T11:00:00+02:00,0.0,45.9,97.3,0.0
2023-10-16T12:00:00+02:00,0.0,50.6,87.0,0.0
2023-10-16T13:00:00+02:00,0.0,54.7,67.4,0.0
2023-10-16T14:00:00+02:00,0.0,68.5,54.1,0.0
2023-10-16T15:00:00+02:00,0.0,73.0,44.9,0.0
2023-10-16T16:00:00+02:00,0.0,149.8,37.7,0.0
2023-10-16T17:00:00+02:00,0.0,241.8,28.1,0.0
2023-10-16T18:00:00+02:00,0.0,243.5,22.6,0.0
2023-10-16T19:00:00+02:00,0.0,244.0,16.8,0.0
2023-10-16T20:00:00+02:00,0.0,248.5,7.5,0.0
2023-10-16T21:00:00+02:00,0.0,242.2,5.6,0.0
2023-10-16T22:00:00+02:00,0.0,151.5,4.6,0.0
2023-10-16T23:00:00+02:00,0.0,71.8,5.4,0.0
2023-10-17T00:00:00+02:00,0.0,35.5,6.4,0.0
2023-10-17T01:00:00+02:00,0.0,7.9,10.8,0.0
2023-10-17T02:00:00+02:00,0.0,0.0,16.8,0.0
2023-10-17T03:00:00+02:00,0.0,0.0,15.9,0.0
2023-10-17T04:00:00+02:00,0.0,0.0,12.6,0.0
2023-10-17T05:00:00+02:00,0.0,0.5,11.4,0.0
2023-10-17T06:00:00+02:00,0.0,111.9,10.9,0.0
2023-10-17T07:00:00+02:00,0.0,167.7,5.8,0.0
2023-10-17T08:00:00+02:00,0.0,159.0,7.5,0.0
2023-10-17T09:00:00+02:00,0.0,164.8,6.7,0.0
2023-10-17T10:00:00+02:00,0.0,122.5,16.6,0.0
2023-10-17T11:00:00+02:00,0.0,116.3,28.5,0.0
2023-10-17T12:00:00+02:00,0.0,90.8,48.9,0.0
2023-10-17T13:00:00+02:00,0.0,97.6,50.8,0.0
2023-10-17T14:00:00+02:00,0.0,174.6,40.2,0.0
2023-10-17T15:00:00+02:00,0.0,162.9,35.7,0.0
2023-10-17T16:00:00+02:00,0.0,212.1,27.3,0.0
2023-10-17T17:00:00+02:00,0.0,255.9,8.3,0.0
2023-10-17T18:00:00+02:00,0.0,256.4,14.8,0.0
2023-10-17T19:00:00+02:00,0.0,240.3,25.9,0.0
2023-10-17T20:00:00+02:00,0.0,250.7,16.5,0.0
2023-10-17T21:00:00+02:00,0.0,244.8,10.2,0.0
2023-10-17T22:00:00+02:00,0.0,164.1,11.9,0.0
2023-10-17T23:00:00+02:00,0.0,85.9,15.7,0.0
2023-10-18T00:00:00+02:00,0.0,0.0,11.1,0.0
2023-10-18T01:00:00+02:00,0.0,0.0,4.9,0.0
2023-10-18T02:00:00+02:00,0.0,0.0,8.1,0.0
2023-10-18T03:00:00+02:00,0.0,0.0,5.5,0.0
2023-10-18T04:00:00+02:00,0.0,0.0,5.7,0.0
2023-10-18T05:00:00+02:00,0.0,0.0,1.9,0.0
2023-10-18T06:00:00+02:00,0.0,109.9,2.6,0.0
2023-10-18T07:00:00+02:00,0.0,177.2,3.3,0.0
2023-10-18T08:00:00+02:00,0.0,169.4,3.6,0.0
2023-10-18T09:00:00+02:00,0.0,171.6,8.1,0.0
2023-10-18T10:00:00+02:00,0.0,136.8,3.1,0.0
2023-10-18T11:00:00+02:00,0.0,74.3,0.9,0.0
2023-10-18T12:00:00+02:00,0.0,62.4,0.7,0.0
2023-10-18T13:00:00+02:00,0.0,61.8,3.1,0.0
2023-10-18T14:00:00+02:00,0.0,58.5,1.6,0.0
2023-10-18T15:00:00+02:00,0.0,118.7,0.9,0.0
2023-10-18T16:00:00+02:00,0.0,161.7,1.1,0.0
2023-10-18T17:00:00+02:00,0.0,256.1,1.4,0.0
2023-10-18T18:00:00+02:00,0.0,262.2,0.6,0.0
2023-10-18T19:00:00+02:00,0.0,251.3,0.9,0.0
2023-10-18T20:00:00+02:00,0.0,254.9,0.9,0.0
2023-10-18T21:00:00+02:00,0.0,247.8,0.4,0.0
2023-10-18T22:00:00+02:00,0.0,153.4,2.7,0.0
2023-10-18T23:00:00+02:00,0.0,62.3,2.2,0.0
2023-10-19T00:00:00+02:00,0.0,0.0,3.5,0.0
2023-10-19T01:00:00+02:00,0.0,0.0,6.1,0.0
2023-10-19T02:00:00+02:00,0.0,0.0,5.7,0.0
2023-10-19T03:00:00+02:00,0.0,0.0,12.1,0.0
2023-10-19T04:00:00+02:00,0.0,0.0,28.4,0.0
2023-10-19T05:00:00+02:00,0.0,0.8,18.1,0.0
2023-10-19T06:00:00+02:00,0.0,97.2,21.0,0.0
2023-10-19T07:00:00+02:00,0.0,149.2,39.6,0.0
2023-10-19T08:00:00+02:00,0.0,158.8,37.9,0.0
2023-10-19T09:00:00+02:00,0.0,132.3,33.7,0.0
2023-10-19T10:00:00+02:00,0.0,92.6,54.4,0.0
2023-10-19T11:00:00+02:00,0.0,43.3,47.1,0.0
2023-10-19T12:00:00+02:00,0.0,49.3,49.0,0.0
2023-10-19T13:00:00+02:00,0.0,37.1,75.9,0.0
2023-10-19T14:00:00+02:00,0.0,35.2,77.8,0.0
2023-10-19T15:00:00+02:00,0.0,43.7,96.1,0.0
2023-10-19T16:00:00+02:00,0.0,78.9,94.2,0.0
2023-10-19T17:00:00+02:00,0.0,203.0,82.8,0.0
2023-10-19T18:00:00+02:00,0.0,247.2,92.0,0.0
2023-10-19T19:00:00+02:00,0.0,242.9,101.5,0.0
2023-10-19T20:00:00+02:00,0.0,138.7,110.4,0.0
2023-10-19T21:00:00+02:00,0.0,104.5,114.6,0.0
2023-10-19T22:00:00+02:00,0.0,90.7,94.7,0.0
2023-10-19T23:00:00+02:00,0.0,34.8,100.8,0.0
2023-10-20T00:00:00+02:00,0.0,23.0,94.3,0.0
2023-10-20T01:00:00+02:00,0.0,22.1,79.9,0.0
2023-10-20T02:00:00+02:00,0.0,19.8,84.9,0.0
2023-10-20T03:00:00+02:00,0.0,19.9,76.2,0.0
2023-10-20T04:00:00+02:00,0.0,20.8,75.8,0.0
2023-10-20T05:00:00+02:00,0.0,20.2,81.4,0.0
2023-10-20T06:00:00+02:00,0.0,20.9,80.0,0.0
2023-10-20T07:00:00+02:00,0.0,109.8,80.0,0.0
2023-10-20T08:00:00+02:00,0.0,88.0,78.0,0.0
2023-10-20T09:00:00+02:00,0.0,85.1,79.9,0.0
2023-10-20T10:00:00+02:00,0.0,21.0,88.3,0.0
2023-10-20T11:00:00+02:00,0.0,20.0,94.9,0.0
2023-10-20T12:00:00+02:00,0.0,19.9,111.0,0.0
2023-10-20T13:00:00+02:00,0.0,20.6,117.3,0.0
2023-10-20T14:00:00+02:00,0.0,19.8,117.7,0.0
2023-10-20T15:00:00+02:00,0.0,21.3,115.4,0.0
2023-10-20T16:00:00+02:00,0.0,53.4,106.3,0.0
2023-10-20T17:00:00+02:00,0.0,92.5,90.3,0.0
2023-10-20T18:00:00+02:00,0.0,194.6,104.5,0.0
2023-10-20T19:00:00+02:00,0.0,181.5,109.6,0.0
2023-10-20T20:00:00+02:00,0.0,115.0,112.0,0.0
2023-10-20T21:00:00+02:00,0.0,49.0,114.8,0.0
2023-10-20T22:00:00+02:00,0.0,7.4,113.8,0.0
2023-10-20T23:00:00+02:00,0.0,0.0,110.9,0.0
2023-10-21T00:00:00+02:00,0.0,0.0,101.5,0.0
2023-10-21T01:00:00+02:00,0.0,0.0,102.5,0.0
2023-10-21T02:00:00+02:00,0.0,0.0,96.9,0.0
2023-10-21T03:00:00+02:00,0.0,0.0,98.4,0.0
2023-10-21T04:00:00+02:00,0.0,0.0,85.2,0.0
2023-10-21T05:00:00+02:00,0.0,0.0,88.9,0.0
2023-10-21T06:00:00+02:00,0.0,0.0,85.2,0.0
2023-10-21T07:00:00+02:00,0.0,0.0,87.5,0.0
2023-10-21T08:00:00+02:00,0.0,0.0,114.1,0.0
2023-10-21T09:00:00+02:00,0.0,0.0,109.8,0.0
2023-10-21T10:00:00+02:00,0.0,0.0,112.7,0.0
2023-10-21T11:00:00+02:00,0.0,0.0,115.0,0.0
2023-10-21T12:00:00+02:00,0.0,0.0,113.8,0.0
2023-10-21T13:00:00+02:00,0.0,0.0,107.6,0.0
2023-10-21T14:00:00+02:00,0.0,0.0,77.2,0.0
2023-10-21T15:00:00+02:00,0.0,0.0,72.0,0.0
2023-10-21T16:00:00+02:00,0.0,0.2,46.8,0.0
2023-10-21T17:00:00+02:00,0.0,101.8,70.6,0.0
2023-10-21T18:00:00+02:00,0.0,153.9,100.2,0.0
2023-10-21T19:00:00+02:00,0.0,173.2,96.5,0.0
2023-10-21T20:00:00+02:00,0.0,81.2,80.3,0.0
2023-10-21T21:00:00+02:00,0.0,53.8,87.4,0.0
2023-10-21T22:00:00+02:00,0.0,49.5,89.7,0.0
2023-10-21T23:00:00+02:00,0.0,49.5,81.0,0.0
2023-10-22T00:00:00+02:00,0.0,86.5,78.8,0.0
2023-10-22T01:00:00+02:00,0.0,84.3,98.8,0.0
2023-10-22T02:00:00+02:00,0.0,84.1,99.4,0.0
2023-10-22T03:00:00+02:00,0.0,84.1,91.0,0.0
2023-10-22T04:00:00+02:00,0.0,84.1,89.8,0.0
2023-10-22T05:00:00+02:00,0.0,84.1,97.9,0.0
2023-10-22T06:00:00+02:00,0.0,84.1,96.1,0.0
2023-10-22T07:00:00+02:00,0.0,85.1,75.4,0.0
2023-10-22T08:00:00+02:00,0.0,85.4,50.0,0.0
2023-10-22T09:00:00+02:00,0.0,84.3,52.3,0.0
2023-10-22T10:00:00+02:00,0.0,123.0,50.9,0.0
2023-10-22T11:00:00+02:00,0.0,101.4,61.8,0.0
2023-10-22T12:00:00+02:00,0.0,121.5,36.6,0.0
2023-10-22T13:00:00+02:00,0.0,124.5,21.5,0.0
2023-10-22T14:00:00+02:00,0.0,119.3,18.1,0.0
2023-10-22T15:00:00+02:00,0.0,101.7,20.9,0.0
2023-10-22T16:00:00+02:00,0.0,113.3,18.2,0.0
2023-10-22T17:00:00+02:00,0.0,118.1,12.6,0.0
2023-10-22T18:00:00+02:00,0.0,154.2,6.9,0.0
2023-10-22T19:00:00+02:00,0.0,162.4,7.7,0.0
2023-10-22T20:00:00+02:00,0.0,152.9,6.5,0.0
2023-10-22T21:00:00+02:00,0.0,135.5,4.3,0.0
2023-10-22T22:00:00+02:00,0.0,135.7,4.2,0.0
2023-10-22T23:00:00+02:00,0.0,144.1,2.4,0.0
2023-10-23T00:00:00+02:00,0.0,77.7,0.4,0.0
2023-10-23T01:00:00+02:00,0.0,72.1,0.5,0.0
2023-10-23T02:00:00+02:00,0.0,72.6,0.0,0.0
2023-10-23T03:00:00+02:00,0.0,71.2,0.0,0.0
2023-10-23T04:00:00+02:00,0.0,70.3,0.0,0.0
2023-10-23T05:00:00+02:00,0.0,71.8,0.0,0.0
2023-10-23T06:00:00+02:00,0.0,102.7,0.0,0.0
2023-10-23T07:00:00+02:00,0.0,172.5,0.1,0.0
2023-10-23T08:00:00+02:00,0.0,176.2,0.8,0.0
2023-10-23T09:00:00+02:00,0.0,169.3,1.6,0.0
2023-10-23T10:00:00+02:00,0.0,132.3,1.4,0.0
2023-10-23T11:00:00+02:00,0.0,113.5,2.6,0.0
2023-10-23T12:00:00+02:00,0.0,105.1,2.1,0.0
2023-10-23T13:00:00+02:00,0.0,100.4,2.6,0.0
2023-10-23T14:00:00+02:00,0.0,104.4,1.9,0.0
2023-10-23T15:00:00+02:00,0.0,114.3,3.1,0.0
2023-10-23T16:00:00+02:00,0.0,171.9,2.9,0.0
2023-10-23T17:00:00+02:00,0.0,195.6,2.9,0.0
2023-10-23T18:00:00+02:00,0.0,196.1,2.3,0.0
2023-10-23T19:00:00+02:00,0.0,179.1,3.3,0.0
2023-10-23T20:00:00+02:00,0.0,183.9,1.9,0.0
2023-10-23T21:00:00+02:00,0.0,184.2,1.0,0.0
2023-10-23T22:00:00+02:00,0.0,114.3,0.4,0.0
2023-10-23T23:00:00+02:00,0.0,92.0,1.0,0.0
2023-10-24T00:00:00+02:00,0.0,56.5,0.1,0.0
2023-10-24T01:00:00+02:00,0.0,37.0,0.9,0.0
2023-10-24T02:00:00+02:00,0.0,37.0,0.1,0.0
2023-10-24T03:00:00+02:00,0.0,40.9,0.0,0.0
2023-10-24T04:00:00+02:00,0.0,41.1,0.4,0.0
2023-10-24T05:00:00+02:00,0.0,44.0,0.0,0.0
2023-10-24T06:00:00+02:00,0.0,185.8,0.1,0.0
2023-10-24T07:00:00+02:00,0.0,256.6,0.8,0.0
2023-10-24T08:00:00+02:00,0.0,249.2,3.7,0.0
2023-10-24T09:00:00+02:00,0.0,247.6,6.0,0.0
2023-10-24T10:00:00+02:00,0.0,119.0,3.4,0.0
2023-10-24T11:00:00+02:00,0.0,111.2,4.0,0.0
2023-10-24T12:00:00+02:00,0.0,110.0,6.5,0.0
2023-10-24T13:00:00+02:00,0.0,98.8,12.2,0.0
2023-10-24T14:00:00+02:00,0.0,99.4,23.8,0.0
2023-10-24T15:00:00+02:00,0.0,253.7,32.8,0.0
2023-10-24T16:00:00+02:00,0.0,299.3,38.2,0.0
2023-10-24T17:00:00+02:00,0.0,298.7,48.7,0.0
2023-10-24T18:00:00+02:00,0.0,280.3,69.1,0.0
2023-10-24T19:00:00+02:00,0.0,279.6,86.7,0.0
2023-10-24T20:00:00+02:00,0.0,255.7,82.7,0.0
2023-10-24T21:00:00+02:00,0.0,133.7,100.3,0.0
2023-10-24T22:00:00+02:00,0.0,35.1,88.4,0.0
2023-10-24T23:00:00+02:00,0.0,20.4,103.1,0.0
2023-10-25T00:00:00+02:00,0.0,19.8,101.5,0.0
2023-10-25T01:00:00+02:00,0.0,19.8,100.7,0.0
2023-10-25T02:00:00+02:00,0.0,19.8,100.3,0.0
2023-10-25T03:00:00+02:00,0.0,19.8,111.1,0.0
2023-10-25T04:00:00+02:00,0.0,19.8,112.9,0.0
2023-10-25T05:00:00+02:00,0.0,20.1,115.2,0.0
2023-10-25T06:00:00+02:00,0.0,67.1,113.3,0.0
2023-10-25T07:00:00+02:00,0.0,248.0,116.4,0.0
2023-10-25T08:00:00+02:00,0.0,241.8,116.4,0.0
2023-10-25T09:00:00+02:00,0.0,228.5,115.1,0.0
2023-10-25T10:00:00+02:00,0.0,68.3,112.3,0.0
2023-10-25T11:00:00+02:00,0.0,57.2,68.2,0.0
2023-10-25T12:00:00+02:00,0.0,66.6,58.2,0.0
2023-10-25T13:00:00+02:00,0.0,41.7,91.6,0.0
2023-10-25T14:00:00+02:00,0.0,30.0,107.2,0.0
2023-10-25T15:00:00+02:00,0.0,46.7,87.0,0.0
2023-10-25T16:00:00+02:00,0.0,257.1,69.4,0.0
2023-10-25T17:00:00+02:00,0.0,331.6,51.9,0.0
2023-10-25T18:00:00+02:00,0.0,302.4,85.0,0.0
2023-10-25T19:00:00+02:00,0.0,293.5,74.6,0.0
2023-10-25T20:00:00+02:00,0.0,293.3,73.9,0.0
2023-10-25T21:00:00+02:00,0.0,94.2,94.7,0.0
2023-10-25T22:00:00+02:00,0.0,49.2,89.5,0.0
2023-10-25T23:00:00+02:00,0.0,32.7,74.3,0.0
2023-10-26T00:00:00+02:00,0.0,19.9,85.2,0.0
2023-10-26T01:00:00+02:00,0.0,19.8,71.5,0.0
2023-10-26T02:00:00+02:00,0.0,19.8,54.3,0.0
2023-10-26T03:00:00+02:00,0.0,19.8,57.6,0.0
2023-10-26T04:00:00+02:00,0.0,19.8,57.4,0.0
2023-10-26T05:00:00+02:00,0.0,19.8,42.2,0.0
2023-10-26T06:00:00+02:00,0.0,70.4,44.8,0.0
2023-10-26T07:00:00+02:00,0.0,253.4,50.3,0.0
2023-10-26T08:00:00+02:00,0.0,238.4,63.9,0.0
2023-10-26T09:00:00+02:00,0.0,235.0,91.7,0.0
2023-10-26T10:00:00+02:00,0.0,231.4,92.4,0.0
2023-10-26T11:00:00+02:00,0.0,72.3,89.8,0.0
2023-10-26T12:00:00+02:00,0.0,51.9,94.3,0.0
2023-10-26T13:00:00+02:00,0.0,53.6,85.4,0.0
2023-10-26T14:00:00+02:00,0.0,50.8,85.4,0.0
2023-10-26T15:00:00+02:00,0.0,148.5,83.3,0.0
2023-10-26T16:00:00+02:00,0.0,252.3,100.8,0.0
2023-10-26T17:00:00+02:00,0.0,258.5,92.8,0.0
2023-10-26T18:00:00+02:00,0.0,258.3,89.1,0.0
2023-10-26T19:00:00+02:00,0.0,259.1,84.3,0.0
2023-10-26T20:00:00+02:00,0.0,253.3,91.5,0.0
2023-10-26T21:00:00+02:00,0.0,80.5,85.8,0.0
2023-10-26T22:00:00+02:00,0.0,59.0,58.5,0.0
2023-10-26T23:00:00+02:00,0.0,51.2,48.6,0.0
2023-10-27T00:00:00+02:00,0.0,17.5,86.8,0.0
2023-10-27T01:00:00+02:00,0.0,0.0,101.0,0.0
2023-10-27T02:00:00+02:00,0.0,0.0,96.7,0.0
2023-10-27T03:00:00+02:00,0.0,0.0,91.1,0.0
2023-10-27T04:00:00+02:00,0.0,0.1,108.1,0.0
2023-10-27T05:00:00+02:00,0.0,36.5,109.5,0.0
2023-10-27T06:00:00+02:00,0.0,94.6,111.3,0.0
2023-10-27T07:00:00+02:00,0.0,239.3,111.8,0.0
2023-10-27T08:00:00+02:00,0.0,240.3,114.7,0.0
2023-10-27T09:00:00+02:00,0.0,235.4,116.2,0.0
2023-10-27T10:00:00+02:00,0.0,232.6,112.1,0.0
2023-10-27T11:00:00+02:00,0.0,83.5,103.9,0.0
2023-10-27T12:00:00+02:00,0.0,61.9,72.7,0.0
2023-10-27T13:00:00+02:00,0.0,46.6,83.2,0.0
2023-10-27T14:00:00+02:00,0.0,36.4,105.6,0.0
2023-10-27T15:00:00+02:00,0.0,26.7,115.6,0.0
2023-10-27T16:00:00+02:00,0.0,69.7,115.1,0.0
2023-10-27T17:00:00+02:00,0.0,282.4,115.0,0.0
2023-10-27T18:00:00+02:00,0.0,274.1,117.3,0.0
2023-10-27T19:00:00+02:00,0.0,277.5,113.1,0.0
2023-10-27T20:00:00+02:00,0.0,93.5,116.1,0.0
2023-10-27T21:00:00+02:00,0.0,24.4,111.9,0.0
2023-10-27T22:00:00+02:00,0.0,17.2,109.2,0.0
2023-10-27T23:00:00+02:00,0.0,16.8,110.7,0.0
2023-10-28T00:00:00+02:00,0.0,0.0,108.0,0.0
2023-10-28T01:00:00+02:00,0.0,0.0,86.3,0.0
2023-10-28T02:00:00+02:00,0.0,0.0,89.7,0.0
2023-10-28T03:00:00+02:00,0.0,0.0,90.7,0.0
2023-10-28T04:00:00+02:00,0.0,0.0,88.1,0.0
2023-10-28T05:00:00+02:00,0.0,0.0,74.1,0.0
2023-10-28T06:00:00+02:00,0.0,0.5,77.2,0.0
2023-10-28T07:00:00+02:00,0.0,10.0,97.2,0.0
2023-10-28T08:00:00+02:00,0.0,0.1,95.3,0.0
2023-10-28T09:00:00+02:00,0.0,25.3,90.1,0.0
2023-10-28T10:00:00+02:00,0.0,0.0,66.6,0.0
2023-10-28T11:00:00+02:00,0.0,0.0,65.6,0.0
2023-10-28T12:00:00+02:00,0.0,0.0,71.4,0.0
2023-10-28T13:00:00+02:00,0.0,0.0,66.2,0.0
2023-10-28T14:00:00+02:00,0.0,0.0,65.3,0.0
2023-10-28T15:00:00+02:00,0.0,0.4,55.0,0.0
2023-10-28T16:00:00+02:00,0.0,64.2,42.3,0.0
2023-10-28T17:00:00+02:00,0.0,204.2,24.7,0.0
2023-10-28T18:00:00+02:00,0.0,251.4,16.5,0.0
2023-10-28T19:00:00+02:00,0.0,251.2,13.1,0.0
2023-10-28T20:00:00+02:00,0.0,135.8,11.5,0.0
2023-10-28T21:00:00+02:00,0.0,104.3,10.9,0.0
2023-10-28T22:00:00+02:00,0.0,31.0,8.6,0.0
2023-10-28T23:00:00+02:00,0.0,0.0,4.6,0.0
2023-10-29T00:00:00+02:00,0.0,0.0,6.0,0.0
2023-10-29T01:00:00+02:00,0.0,0.0,2.3,0.0
2023-10-29T02:00:00+01:00,0.0,0.0,2.5,0.0
2023-10-29T02:00:00+02:00,0.0,0.0,3.9,0.0
2023-10-29T03:00:00+01:00,0.0,0.0,1.4,0.0
2023-10-29T04:00:00+01:00,0.0,0.0,1.6,0.0
2023-10-29T05:00:00+01:00,0.0,0.0,1.8,0.0
2023-10-29T06:00:00+01:00,0.0,0.0,1.3,0.0
2023-10-29T07:00:00+01:00,0.0,0.0,4.2,0.0
2023-10-29T08:00:00+01:00,0.0,0.0,6.0,0.0
2023-10-29T09:00:00+01:00,0.0,0.0,6.7,0.0
2023-10-29T10:00:00+01:00,0.0,0.0,5.9,0.0
2023-10-29T11:00:00+01:00,0.0,0.0,5.6,0.0
2023-10-29T12:00:00+01:00,0.0,0.0,7.7,0.0
2023-10-29T13:00:00+01:00,0.0,0.0,9.6,0.0
2023-10-29T14:00:00+01:00,0.0,0.1,8.0,0.0
2023-10-29T15:00:00+01:00,0.0,37.2,6.5,0.0
2023-10-29T16:00:00+01:00,0.0,50.0,4.3,0.0
2023-10-29T17:00:00+01:00,0.0,143.8,3.6,0.0
2023-10-29T18:00:00+01:00,0.0,150.8,0.4,0.0
2023-10-29T19:00:00+01:00,0.0,152.6,0.3,0.0
2023-10-29T20:00:00+01:00,0.0,144.3,1.9,0.0
2023-10-29T21:00:00+01:00,0.0,0.2,2.9,0.0
2023-10-29T22:00:00+01:00,0.0,0.0,3.3,0.0
2023-10-29T23:00:00+01:00,0.0,0.0,5.3,0.0
2023-10-30T00:00:00+01:00,0.0,0.0,2.4,0.0
2023-10-30T01:00:00+01:00,0.0,0.0,2.0,0.0
2023-10-30T02:00:00+01:00,0.0,0.0,4.2,0.0
2023-10-30T03:00:00+01:00,0.0,0.0,0.1,0.0
2023-10-30T04:00:00+01:00,0.0,0.0,0.7,0.0
2023-10-30T05:00:00+01:00,0.0,0.2,1.6,0.0
2023-10-30T06:00:00+01:00,0.0,69.0,2.7,0.0
2023-10-30T07:00:00+01:00,0.0,131.0,6.8,0.0
2023-10-30T08:00:00+01:00,0.0,107.7,8.4,0.0
2023-10-30T09:00:00+01:00,0.0,111.4,4.6,0.0
2023-10-30T10:00:00+01:00,0.0,98.0,6.8,0.0
2023-10-30T11:00:00+01:00,0.0,97.8,4.4,0.0
2023-10-30T12:00:00+01:00,0.0,103.0,3.7,0.0
2023-10-30T13:00:00+01:00,0.0,91.6,6.0,0.0
2023-10-30T14:00:00+01:00,0.0,105.2,5.7,0.0
2023-10-30T15:00:00+01:00,0.0,299.6,5.5,0.0
2023-10-30T16:00:00+01:00,0.0,334.9,6.3,0.0
2023-10-30T17:00:00+01:00,0.0,339.7,8.0,0.0
2023-10-30T18:00:00+01:00,0.0,322.2,16.3,0.0
2023-10-30T19:00:00+01:00,0.0,310.9,32.9,0.0
2023-10-30T20:00:00+01:00,0.0,229.0,24.3,0.0
2023-10-30T21:00:00+01:00,0.0,133.7,20.5,0.0
2023-10-30T22:00:00+01:00,0.0,68.4,31.5,0.0
2023-10-30T23:00:00+01:00,0.0,31.1,39.0,0.0
2023-10-31T00:00:00+01:00,0.0,0.0,58.0,0.0
2023-10-31T01:00:00+01:00,0.0,0.0,59.7,0.0
2023-10-31T02:00:00+01:00,0.0,0.0,70.9,0.0
2023-10-31T03:00:00+01:00,0.0,0.0,79.7,0.0
2023-10-31T04:00:00+01:00,0.0,0.0,78.9,0.0
2023-10-31T05:00:00+01:00,0.0,0.0,77.7,0.0
2023-10-31T06:00:00+01:00,0.0,0.4,98.8,0.0
2023-10-31T07:00:00+01:00,0.0,60.4,100.9,0.0
2023-10-31T08:00:00+01:00,0.0,50.0,112.1,0.0
2023-10-31T09:00:00+01:00,0.0,37.4,114.4,0.0
2023-10-31T10:00:00+01:00,0.0,41.6,114.1,0.0
2023-10-31T11:00:00+01:00,0.0,32.6,112.3,0.0
2023-10-31T12:00:00+01:00,0.0,29.3,109.8,0.0
2023-10-31T13:00:00+01:00,0.0,20.6,112.3,0.0
2023-10-31T14:00:00+01:00,0.0,27.1,110.2,0.0
2023-10-31T15:00:00+01:00,0.0,32.8,101.8,0.0
2023-10-31T16:00:00+01:00,0.0,168.3,97.5,0.0
2023-10-31T17:00:00+01:00,0.0,275.0,101.8,0.0
2023-10-31T18:00:00+01:00,0.0,269.8,96.2,0.0
2023-10-31T19:00:00+01:00,0.0,264.8,87.1,0.0
2023-10-31T20:00:00+01:00,0.0,129.6,57.7,0.0
2023-10-31T21:00:00+01:00,0.0,48.2,47.8,0.0
2023-10-31T22:00:00+01:00,0.0,41.8,28.3,0.0
2023-10-31T23:00:00+01:00,0.0,9.3,17.0,0.0
2023-11-01T00:00:00+01:00,0.0,28.0,5.6,0.0
2023-11-01T01:00:00+01:00,0.0,36.4,0.0,0.0
2023-11-01T02:00:00+01:00,0.0,35.3,1.6,0.0
2023-11-01T03:00:00+01:00,0.0,42.1,2.8,0.0
2023-11-01T04:00:00+01:00,0.0,38.1,0.3,0.0
2023-11-01T05:00:00+01:00,0.0,32.1,1.6,0.0
2023-11-01T06:00:00+01:00,0.0,42.7,0.0,0.0
2023-11-01T07:00:00+01:00,0.0,93.6,0.0,0.0
2023-11-01T08:00:00+01:00,0.0,112.9,0.0,0.0
2023-11-01T09:00:00+01:00,0.0,119.7,0.4,0.0
2023-11-01T10:00:00+01:00,0.0,110.6,0.2,0.0
2023-11-01T11:00:00+01:00,0.0,106.1,1.1,0.0
2023-11-01T12:00:00+01:00,0.0,106.9,0.3,0.0
2023-11-01T13:00:00+01:00,0.0,104.1,4.4,0.0
2023-11-01T14:00:00+01:00,0.0,107.2,8.5,0.0
2023-11-01T15:00:00+01:00,0.0,112.5,5.1,0.0
2023-11-01T16:00:00+01:00,0.0,129.9,6.0,0.0
2023-11-01T17:00:00+01:00,0.0,203.4,12.5,0.0
2023-11-01T18:00:00+01:00,0.0,234.3,9.2,0.0
2023-11-01T19:00:00+01:00,0.0,196.9,11.8,0.0
2023-11-01T20:00:00+01:00,0.0,139.0,18.2,0.0
2023-11-01T21:00:00+01:00,0.0,161.1,18.0,0.0
2023-11-01T22:00:00+01:00,0.0,119.2,22.2,0.0
2023-11-01T23:00:00+01:00,0.0,121.1,15.2,0.0
2023-11-02T00:00:00+01:00,0.0,64.9,10.5,0.0
2023-11-02T01:00:00+01:00,0.0,54.5,10.8,0.0
2023-11-02T02:00:00+01:00,0.0,59.5,13.9,0.0
2023-11-02T03:00:00+01:00,0.0,55.1,14.4,0.0
2023-11-02T04:00:00+01:00,0.0,64.8,9.8,0.0
2023-11-02T05:00:00+01:00,0.0,53.2,18.4,0.0
2023-11-02T06:00:00+01:00,0.0,50.1,17.9,0.0
2023-11-02T07:00:00+01:00,0.0,75.3,14.2,0.0
2023-11-02T08:00:00+01:00,0.0,103.9,10.2,0.0
2023-11-02T09:00:00+01:00,0.0,111.5,14.6,0.0
2023-11-02T10:00:00+01:00,0.0,114.7,16.9,0.0
2023-11-02T11:00:00+01:00,0.0,107.1,10.8,0.0
2023-11-02T12:00:00+01:00,0.0,93.9,18.0,0.0
2023-11-02T13:00:00+01:00,0.0,97.0,13.6,0.0
2023-11-02T14:00:00+01:00,0.0,86.0,30.9,0.0
2023-11-02T15:00:00+01:00,0.0,74.3,50.5,0.0
2023-11-02T16:00:00+01:00,0.0,268.6,53.4,0.0
2023-11-02T17:00:00+01:00,0.0,260.4,71.7,0.0
2023-11-02T18:00:00+01:00,0.0,253.3,84.1,0.0
2023-11-02T19:00:00+01:00,0.0,253.1,92.1,0.0
2023-11-02T20:00:00+01:00,0.0,161.1,99.8,0.0
2023-11-02T21:00:00+01:00,0.0,35.4,109.8,0.0
2023-11-02T22:00:00+01:00,0.0,33.1,115.3,0.0
2023-11-02T23:00:00+01:00,0.0,35.4,115.2,0.0
2023-11-03T00:00:00+01:00,0.0,24.4,111.2,0.0
2023-11-03T01:00:00+01:00,0.0,24.0,109.9,0.0
2023-11-03T02:00:00+01:00,0.0,31.1,92.2,0.0
2023-11-03T03:00:00+01:00,0.0,32.9,83.0,0.0
2023-11-03T04:00:00+01:00,0.0,29.0,86.8,0.0
2023-11-03T05:00:00+01:00,0.0,26.3,110.2,0.0
2023-11-03T06:00:00+01:00,0.0,31.0,113.5,0.0
2023-11-03T07:00:00+01:00,0.0,71.5,102.5,0.0
2023-11-03T08:00:00+01:00,0.0,82.4,77.8,0.0
2023-11-03T09:00:00+01:00,0.0,92.4,59.2,0.0
2023-11-03T10:00:00+01:00,0.0,103.1,39.5,0.0
2023-11-03T11:00:00+01:00,0.0,121.2,16.5,0.0
2023-11-03T12:00:00+01:00,0.0,127.8,3.2,0.0
2023-11-03T13:00:00+01:00,0.0,120.8,10.4,0.0
2023-11-03T14:00:00+01:00,0.0,67.1,77.2,0.0
2023-11-03T15:00:00+01:00,0.0,167.2,89.8,0.0
2023-11-03T16:00:00+01:00,0.0,247.7,46.4,0.0
2023-11-03T17:00:00+01:00,0.0,235.0,89.7,0.0
2023-11-03T18:00:00+01:00,0.0,226.9,91.8,0.0
2023-11-03T19:00:00+01:00,0.0,213.3,50.7,0.0
2023-11-03T20:00:00+01:00,0.0,157.8,69.8,0.0
2023-11-03T21:00:00+01:00,0.0,170.6,58.1,0.0
2023-11-03T22:00:00+01:00,0.0,177.0,50.3,0.0
2023-11-03T23:00:00+01:00,0.0,174.8,68.8,0.0
2023-11-04T00:00:00+01:00,0.0,186.4,68.9,0.0
2023-11-04T01:00:00+01:00,0.0,192.9,75.0,0.0
2023-11-04T02:00:00+01:00,0.0,193.8,88.1,0.0
2023-11-04T03:00:00+01:00,0.0,197.1,70.2,0.0
2023-11-04T04:00:00+01:00,0.0,197.7,80.5,0.0
2023-11-04T05:00:00+01:00,0.0,183.8,78.6,0.0
2023-11-04T06:00:00+01:00,0.0,189.3,67.5,0.0
2023-11-04T07:00:00+01:00,0.0,212.7,32.8,0.0
2023-11-04T08:00:00+01:00,0.0,218.7,21.4,0.0
2023-11-04T09:00:00+01:00,0.0,222.1,26.1,0.0
2023-11-04T10:00:00+01:00,0.0,224.4,38.7,0.0
2023-11-04T11:00:00+01:00,0.0,222.2,32.3,0.0
2023-11-04T12:00:00+01:00,0.0,219.9,38.5,0.0
2023-11-04T13:00:00+01:00,0.0,222.5,34.1,0.0
2023-11-04T14:00:00+01:00,0.0,214.9,31.1,0.0
2023-11-04T15:00:00+01:00,0.0,246.6,45.0,0.0
2023-11-04T16:00:00+01:00,0.0,247.7,61.6,0.0
2023-11-04T17:00:00+01:00,0.0,247.1,73.6,0.0
2023-11-04T18:00:00+01:00,0.0,247.3,47.9,0.0
2023-11-04T19:00:00+01:00,0.0,247.3,52.8,0.0
2023-11-04T20:00:00+01:00,0.0,247.3,49.9,0.0
2023-11-04T21:00:00+01:00,0.0,247.0,79.1,0.0
2023-11-04T22:00:00+01:00,0.0,247.6,86.6,0.0
2023-11-04T23:00:00+01:00,0.0,246.8,82.5,0.0
2023-11-05T00:00:00+01:00,0.0,223.2,91.0,0.0
2023-11-05T01:00:00+01:00,0.0,231.7,94.3,0.0
2023-11-05T02:00:00+01:00,0.0,220.1,99.9,0.0
2023-11-05T03:00:00+01:00,0.0,209.9,116.4,0.0
2023-11-05T04:00:00+01:00,0.0,208.8,117.9,0.0
2023-11-05T05:00:00+01:00,0.0,219.9,112.8,0.0
2023-11-05T06:00:00+01:00,0.0,207.9,116.5,0.0
2023-11-05T07:00:00+01:00,0.0,216.7,118.0,0.0
2023-11-05T08:00:00+01:00,0.0,218.1,116.7,0.0
2023-11-05T09:00:00+01:00,0.0,221.2,93.3,0.0
2023-11-05T10:00:00+01:00,0.0,247.5,84.2,0.0
2023-11-05T11:00:00+01:00,0.0,263.0,44.6,0.0
2023-11-05T12:00:00+01:00,0.0,278.6,40.8,0.0
2023-11-05T13:00:00+01:00,0.0,272.5,50.5,0.0
2023-11-05T14:00:00+01:00,0.0,239.6,67.7,0.0
2023-11-05T15:00:00+01:00,0.0,247.2,81.5,0.0
2023-11-05T16:00:00+01:00,0.0,256.4,53.9,0.0
2023-11-05T17:00:00+01:00,0.0,235.8,91.0,0.0
2023-11-05T18:00:00+01:00,0.0,222.1,108.0,0.0
2023-11-05T19:00:00+01:00,0.0,227.1,116.3,0.0
2023-11-05T20:00:00+01:00,0.0,236.5,114.4,0.0
2023-11-05T21:00:00+01:00,0.0,225.4,110.0,0.0
2023-11-05T22:00:00+01:00,0.0,230.2,95.4,0.0
2023-11-05T23:00:00+01:00,0.0,233.5,83.4,0.0
2023-11-06T00:00:00+01:00,0.0,254.3,84.5,0.0
2023-11-06T01:00:00+01:00,0.0,240.6,93.9,0.0
2023-11-06T02:00:00+01:00,0.0,239.9,76.2,0.0
2023-11-06T03:00:00+01:00,0.0,255.6,61.5,0.0
2023-11-06T04:00:00+01:00,0.0,259.9,47.6,0.0
2023-11-06T05:00:00+01:00,0.0,260.9,42.9,0.0
2023-11-06T06:00:00+01:00,0.0,270.4,31.0,0.0
2023-11-06T07:00:00+01:00,0.0,278.3,23.1,0.0
2023-11-06T08:00:00+01:00,0.0,270.2,19.4,0.0
2023-11-06T09:00:00+01:00,0.0,264.9,17.1,0.0
2023-11-06T10:00:00+01:00,0.0,256.4,22.7,0.0
2023-11-06T11:00:00+01:00,0.0,255.0,28.1,0.0
2023-11-06T12:00:00+01:00,0.0,248.7,34.6,0.0
2023-11-06T13:00:00+01:00,0.0,262.9,36.8,0.0
2023-11-06T14:00:00+01:00,0.0,252.8,36.0,0.0
2023-11-06T15:00:00+01:00,0.0,263.4,31.3,0.0
2023-11-06T16:00:00+01:00,0.0,271.0,26.9,0.0
2023-11-06T17:00:00+01:00,0.0,341.0,21.1,0.0
2023-11-06T18:00:00+01:00,0.0,386.9,15.6,0.0
2023-11-06T19:00:00+01:00,0.0,389.9,12.4,0.0
2023-11-06T20:00:00+01:00,0.0,293.9,23.0,0.0
2023-11-06T21:00:00+01:00,0.0,273.6,33.0,0.0
2023-11-06T22:00:00+01:00,0.0,278.6,33.0,0.0
2023-11-06T23:00:00+01:00,0.0,283.4,31.2,0.0
2023-11-07T00:00:00+01:00,0.0,,38.6,0.0
2023-11-07T01:00:00+01:00,0.0,,33.5,0.0
2023-11-07T02:00:00+01:00,0.0,,38.7,0.0
2023-11-07T03:00:00+01:00,0.0,,37.1,0.0
2023-11-07T04:00:00+01:00,0.0,,54.0,0.0
2023-11-07T05:00:00+01:00,0.0,,57.8,0.0
2023-11-07T06:00:00+01:00,0.0,,71.1,0.0
2023-11-07T07:00:00+01:00,0.0,,77.8,0.0
2023-11-07T08:00:00+01:00,0.0,,70.2,0.0
2023-11-07T09:00:00+01:00,0.0,,70.1,0.0
2023-11-07T10:00:00+01:00,0.0,,73.3,0.0
2023-11-07T11:00:00+01:00,0.0,,70.9,0.0
2023-11-07T12:00:00+01:00,0.0,,67.2,0.0
2023-11-07T13:00:00+01:00,0.0,,57.2,0.0
2023-11-07T14:00:00+01:00,0.0,,68.1,0.0
2023-11-07T15:00:00+01:00,0.0,,74.5,0.0
2023-11-07T16:00:00+01:00,0.0,,78.1,0.0
2023-11-07T17:00:00+01:00,0.0,,82.2,0.0
2023-11-07T18:00:00+01:00,0.0,,74.7,0.0
2023-11-07T19:00:00+01:00,0.0,,72.0,0.0
2023-11-07T20:00:00+01:00,0.0,,81.4,0.0
2023-11-07T21:00:00+01:00,0.0,,80.2,0.0
2023-11-07T22:00:00+01:00,0.0,,87.9,0.0
2023-11-07T23:00:00+01:00,0.0,,101.3,0.0
2023-11-08T00:00:00+01:00,0.0,,110.7,0.0
2023-11-08T01:00:00+01:00,0.0,,106.2,0.0
2023-11-08T02:00:00+01:00,0.0,,101.1,0.0
2023-11-08T03:00:00+01:00,0.0,,101.2,0.0
2023-11-08T04:00:00+01:00,0.0,,102.4,0.0
2023-11-08T05:00:00+01:00,0.0,,80.7,0.0
2023-11-08T06:00:00+01:00,0.0,,54.1,0.0
2023-11-08T07:00:00+01:00,0.0,,48.1,0.0
2023-11-08T08:00:00+01:00,0.0,,34.6,0.0
2023-11-08T09:00:00+01:00,0.0,,3.4,0.0
2023-11-08T10:00:00+01:00,0.0,,1.2,0.0
2023-11-08T11:00:00+01:00,0.0,,3.5,0.0
2023-11-08T12:00:00+01:00,0.0,,2.9,0.0
2023-11-08T13:00:00+01:00,0.0,,2.5,0.0
2023-11-08T14:00:00+01:00,0.0,,2.5,0.0
2023-11-08T15:00:00+01:00,0.0,,4.0,0.0
2023-11-08T16:00:00+01:00,0.0,,2.3,0.0
2023-11-08T17:00:00+01:00,0.0,,3.3,0.0
2023-11-08T18:00:00+01:00,0.0,,0.1,0.0
2023-11-08T19:00:00+01:00,0.0,,0.5,0.0
2023-11-08T20:00:00+01:00,0.0,,2.9,0.0
2023-11-08T21:00:00+01:00,0.0,,10.7,0.0
2023-11-08T22:00:00+01:00,0.0,,7.8,0.0
2023-11-08T23:00:00+01:00,0.0,,18.7,0.0
2023-11-09T00:00:00+01:00,0.0,,11.3,0.0
2023-11-09T01:00:00+01:00,0.0,,10.7,0.0
2023-11-09T02:00:00+01:00,0.0,,4.3,0.0
2023-11-09T03:00:00+01:00,0.0,,0.5,0.0
2023-11-09T04:00:00+01:00,0.0,,2.6,0.0
2023-11-09T05:00:00+01:00,0.0,,4.4,0.0
2023-11-09T06:00:00+01:00,0.0,,5.0,0.0
2023-11-09T07:00:00+01:00,0.0,,10.0,0.0
2023-11-09T08:00:00+01:00,0.0,,18.0,0.0
2023-11-09T09:00:00+01:00,0.0,,14.1,0.0
2023-11-09T10:00:00+01:00,0.0,,9.4,0.0
2023-11-09T11:00:00+01:00,0.0,,1.9,0.0
2023-11-09T12:00:00+01:00,0.0,,3.6,0.0
2023-11-09T13:00:00+01:00,0.0,,0.5,0.0
2023-11-09T14:00:00+01:00,0.0,,2.5,0.0
2023-11-09T15:00:00+01:00,0.0,,4.0,0.0
2023-11-09T16:00:00+01:00,0.0,,3.3,0.0
2023-11-09T17:00:00+01:00,0.0,,6.3,0.0
2023-11-09T18:00:00+01:00,0.0,,9.2,0.0
2023-11-09T19:00:00+01:00,0.0,,32.8,0.0
2023-11-09T20:00:00+01:00,0.0,,38.8,0.0
2023-11-09T21:00:00+01:00,0.0,,39.7,0.0
2023-11-09T22:00:00+01:00,0.0,,39.1,0.0
2023-11-09T23:00:00+01:00,0.0,,43.8,0.0
2023-11-10T00:00:00+01:00,0.0,,45.6,0.0
2023-11-10T01:00:00+01:00,0.0,,39.2,0.0
2023-11-10T02:00:00+01:00,0.0,,41.3,0.0
2023-11-10T03:00:00+01:00,0.0,,50.9,0.0
2023-11-10T04:00:00+01:00,0.0,,78.3,0.0
2023-11-10T05:00:00+01:00,0.0,,84.0,0.0
2023-11-10T06:00:00+01:00,0.0,,71.9,0.0
2023-11-10T07:00:00+01:00,0.0,,84.9,0.0
2023-11-10T08:00:00+01:00,0.0,,99.0,0.0
2023-11-10T09:00:00+01:00,0.0,,99.9,0.0
2023-11-10T10:00:00+01:00,0.0,,109.5,0.0
2023-11-10T11:00:00+01:00,0.0,,108.5,0.0
2023-11-10T12:00:00+01:00,0.0,,107.8,0.0
2023-11-10T13:00:00+01:00,0.0,,118.1,0.0
2023-11-10T14:00:00+01:00,0.0,,99.0,0.0
2023-11-10T15:00:00+01:00,0.0,,112.9,0.0
2023-11-10T16:00:00+01:00,0.0,,116.6,0.0
2023-11-10T17:00:00+01:00,0.0,,112.7,0.0
2023-11-10T18:00:00+01:00,0.0,,110.8,0.0
2023-11-10T19:00:00+01:00,0.0,,109.5,0.0
2023-11-10T20:00:00+01:00,0.0,,87.0,0.0
2023-11-10T21:00:00+01:00,0.0,,46.0,0.0
2023-11-10T22:00:00+01:00,0.0,,50.8,0.0
2023-11-10T23:00:00+01:00,0.0,,93.5,0.0
2023-11-11T00:00:00+01:00,0.0,,100.6,0.0
2023-11-11T01:00:00+01:00,0.0,,113.1,0.0
2023-11-11T02:00:00+01:00,0.0,,109.9,0.0
2023-11-11T03:00:00+01:00,0.0,,107.4,0.0
2023-11-11T04:00:00+01:00,0.0,,108.5,0.0
2023-11-11T05:00:00+01:00,0.0,,107.6,0.0
2023-11-11T06:00:00+01:00,0.0,,101.9,0.0
2023-11-11T07:00:00+01:00,0.0,,85.1,0.0
2023-11-11T08:00:00+01:00,0.0,,58.7,0.0
2023-11-11T09:00:00+01:00,0.0,,51.7,0.0
2023-11-11T10:00:00+01:00,0.0,,60.0,0.0
2023-11-11T11:00:00+01:00,0.0,,69.7,0.0
2023-11-11T12:00:00+01:00,0.0,,49.2,0.0
2023-11-11T13:00:00+01:00,0.0,,48.6,0.0
2023-11-11T14:00:00+01:00,0.0,,42.5,0.0
2023-11-11T15:00:00+01:00,0.0,,46.7,0.0
2023-11-11T16:00:00+01:00,0.0,,75.2,0.0
2023-11-11T17:00:00+01:00,0.0,,65.7,0.0
2023-11-11T18:00:00+01:00,0.0,,57.6,0.0
2023-11-11T19:00:00+01:00,0.0,,29.7,0.0
2023-11-11T20:00:00+01:00,0.0,,26.9,0.0
2023-11-11T21:00:00+01:00,0.0,,19.6,0.0
2023-11-11T22:00:00+01:00,0.0,,19.0,0.0
2023-11-11T23:00:00+01:00,0.0,,13.3,0.0
2023-11-12T00:00:00+01:00,0.0,,14.9,0.0
2023-11-12T01:00:00+01:00,0.0,,10.2,0.0
2023-11-12T02:00:00+01:00,0.0,,16.8,0.0
2023-11-12T03:00:00+01:00,0.0,,3.7,0.0
2023-11-12T04:00:00+01:00,0.0,,4.1,0.0
2023-11-12T05:00:00+01:00,0.0,,10.1,0.0
2023-11-12T06:00:00+01:00,0.0,,11.7,0.0
2023-11-12T07:00:00+01:00,0.0,,1.7,0.0
2023-11-12T08:00:00+01:00,0.0,,1.3,0.0
2023-11-12T09:00:00+01:00,0.0,,2.0,0.0
2023-11-12T10:00:00+01:00,0.0,,4.2,0.0
2023-11-12T11:00:00+01:00,0.0,,10.2,0.0
2023-11-12T12:00:00+01:00,0.0,,16.6,0.0
2023-11-12T13:00:00+01:00,0.0,,14.3,0.0
2023-11-12T14:00:00+01:00,0.0,,3.2,0.0
2023-11-12T15:00:00+01:00,0.0,,3.2,0.0
2023-11-12T16:00:00+01:00,0.0,,0.5,0.0
2023-11-12T17:00:00+01:00,0.0,,1.4,0.0
2023-11-12T18:00:00+01:00,0.0,,1.2,0.0
2023-11-12T19:00:00+01:00,0.0,,7.5,0.0
2023-11-12T20:00:00+01:00,0.0,,23.4,0.0
2023-11-12T21:00:00+01:00,0.0,,32.9,0.0
2023-11-12T22:00:00+01:00,0.0,,17.6,0.0
2023-11-12T23:00:00+01:00,0.0,,12.7,0.0
2023-11-13T00:00:00+01:00,0.0,,5.5,0.0
2023-11-13T01:00:00+01:00,0.0,,3.0,0.0
2023-11-13T02:00:00+01:00,0.0,,0.1,0.0
2023-11-13T03:00:00+01:00,0.0,,2.0,0.0
2023-11-13T04:00:00+01:00,0.0,,13.1,0.0
2023-11-13T05:00:00+01:00,0.0,,11.2,0.0
2023-11-13T06:00:00+01:00,0.0,,14.7,0.0
2023-11-13T07:00:00+01:00,0.0,,6.3,0.0
2023-11-13T08:00:00+01:00,0.0,,2.9,0.0
2023-11-13T09:00:00+01:00,0.0,,0.5,0.0
2023-11-13T10:00:00+01:00,0.0,,0.0,0.0
2023-11-13T11:00:00+01:00,0.0,,0.2,0.0
2023-11-13T12:00:00+01:00,0.0,,0.0,0.0
2023-11-13T13:00:00+01:00,0.0,,1.3,0.0
2023-11-13T14:00:00+01:00,0.0,,5.5,0.0
2023-11-13T15:00:00+01:00,0.0,,9.1,0.0
2023-11-13T16:00:00+01:00,0.0,,14.3,0.0
2023-11-13T17:00:00+01:00,0.0,,21.0,0.0
2023-11-13T18:00:00+01:00,0.0,,6.3,0.0
2023-11-13T19:00:00+01:00,0.0,,6.1,0.0
2023-11-13T20:00:00+01:00,0.0,,5.5,0.0
2023-11-13T21:00:00+01:00,0.0,,5.0,0.0
2023-11-13T22:00:00+01:00,0.0,,5.7,0.0
2023-11-13T23:00:00+01:00,0.0,,8.2,0.0
2023-11-14T00:00:00+01:00,0.0,,5.0,0.0
2023-11-14T01:00:00+01:00,0.0,,4.2,0.0
2023-11-14T02:00:00+01:00,0.0,,3.3,0.0
2023-11-14T03:00:00+01:00,0.0,,1.4,0.0
2023-11-14T04:00:00+01:00,0.0,,1.5,0.0
2023-11-14T05:00:00+01:00,0.0,,3.0,0.0
2023-11-14T06:00:00+01:00,0.0,,5.8,0.0
2023-11-14T07:00:00+01:00,0.0,,8.1,0.0
2023-11-14T08:00:00+01:00,0.0,,2.6,0.0
2023-11-14T09:00:00+01:00,0.0,,2.8,0.0
2023-11-14T10:00:00+01:00,0.0,,4.2,0.0
2023-11-14T11:00:00+01:00,0.0,,6.0,0.0
2023-11-14T12:00:00+01:00,0.0,,6.3,0.0
2023-11-14T13:00:00+01:00,0.0,,7.4,0.0
2023-11-14T14:00:00+01:00,0.0,,2.9,0.0
2023-11-14T15:00:00+01:00,0.0,,6.7,0.0
2023-11-14T16:00:00+01:00,0.0,,5.9,0.0
2023-11-14T17:00:00+01:00,0.0,,4.7,0.0
2023-11-14T18:00:00+01:00,0.0,,8.2,0.0
2023-11-14T19:00:00+01:00,0.0,,29.0,0.0
2023-11-14T20:00:00+01:00,0.0,,54.3,0.0
2023-11-14T21:00:00+01:00,0.0,,49.5,0.0
2023-11-14T22:00:00+01:00,0.0,,57.4,0.0
2023-11-14T23:00:00+01:00,0.0,,68.3,0.0
2023-11-15T00:00:00+01:00,0.0,,88.6,0.0
2023-11-15T01:00:00+01:00,0.0,,94.2,0.0
2023-11-15T02:00:00+01:00,0.0,,84.8,0.0
2023-11-15T03:00:00+01:00,0.0,,89.7,0.0
2023-11-15T04:00:00+01:00,0.0,,84.8,0.0
2023-11-15T05:00:00+01:00,0.0,,89.6,0.0
2023-11-15T06:00:00+01:00,0.0,,92.2,0.0
2023-11-15T07:00:00+01:00,0.0,,103.5,0.0
2023-11-15T08:00:00+01:00,0.0,,92.2,0.0
2023-11-15T09:00:00+01:00,0.0,,91.1,0.0
2023-11-15T10:00:00+01:00,0.0,,72.8,0.0
2023-11-15T11:00:00+01:00,0.0,,67.6,0.0
2023-11-15T12:00:00+01:00,0.0,,55.8,0.0
2023-11-15T13:00:00+01:00,0.0,,49.4,0.0
2023-11-15T14:00:00+01:00,0.0,,47.3,0.0
2023-11-15T15:00:00+01:00,0.0,,55.0,0.0
2023-11-15T16:00:00+01:00,0.0,,68.6,0.0
2023-11-15T17:00:00+01:00,0.0,,66.1,0.0
2023-11-15T18:00:00+01:00,0.0,,64.3,0.0
2023-11-15T19:00:00+01:00,0.0,,57.0,0.0
2023-11-15T20:00:00+01:00,0.0,,86.1,0.0
2023-11-15T21:00:00+01:00,0.0,,93.5,0.0
2023-11-15T22:00:00+01:00,0.0,,84.9,0.0
2023-11-15T23:00:00+01:00,0.0,,74.8,0.0
2023-11-16T00:00:00+01:00,0.0,,66.0,0.0
2023-11-16T01:00:00+01:00,0.0,,39.7,0.0
2023-11-16T02:00:00+01:00,0.0,,48.2,0.0
2023-11-16T03:00:00+01:00,0.0,,59.7,0.0
2023-11-16T04:00:00+01:00,0.0,,77.3,0.0
2023-11-16T05:00:00+01:00,0.0,,69.8,0.0
2023-11-16T06:00:00+01:00,0.0,,50.9,0.0
2023-11-16T07:00:00+01:00,0.0,,61.3,0.0
2023-11-16T08:00:00+01:00,0.0,,67.7,0.0
2023-11-16T09:00:00+01:00,0.0,,29.8,0.0
2023-11-16T10:00:00+01:00,0.0,,16.6,0.0
2023-11-16T11:00:00+01:00,0.0,,18.6,0.0
2023-11-16T12:00:00+01:00,0.0,,26.4,0.0
2023-11-16T13:00:00+01:00,0.0,,27.2,0.0
2023-11-16T14:00:00+01:00,0.0,,1.0,0.0
2023-11-16T15:00:00+01:00,0.0,,6.9,0.0
2023-11-16T16:00:00+01:00,0.0,,10.0,0.0
2023-11-16T17:00:00+01:00,0.0,,13.4,0.0
2023-11-16T18:00:00+01:00,0.0,,17.5,0.0
2023-11-16T19:00:00+01:00,0.0,,39.8,0.0
2023-11-16T20:00:00+01:00,0.0,,59.8,0.0
2023-11-16T21:00:00+01:00,0.0,,38.4,0.0
2023-11-16T22:00:00+01:00,0.0,,49.7,0.0
2023-11-16T23:00:00+01:00,0.0,,32.5,0.0
2023-11-17T00:00:00+01:00,0.0,,58.8,0.0
2023-11-17T01:00:00+01:00,0.0,,76.5,0.0
2023-11-17T02:00:00+01:00,0.0,,76.2,0.0
2023-11-17T03:00:00+01:00,0.0,,91.9,0.0
2023-11-17T04:00:00+01:00,0.0,,91.5,0.0
2023-11-17T05:00:00+01:00,0.0,,96.5,0.0
2023-11-17T06:00:00+01:00,0.0,,95.1,0.0
2023-11-17T07:00:00+01:00,0.0,,90.2,0.0
2023-11-17T08:00:00+01:00,0.0,,89.9,0.0
2023-11-17T09:00:00+01:00,0.0,,88.2,0.0
2023-11-17T10:00:00+01:00,0.0,,107.8,0.0
2023-11-17T11:00:00+01:00,0.0,,104.6,0.0
2023-11-17T12:00:00+01:00,0.0,,72.5,0.0
2023-11-17T13:00:00+01:00,0.0,,61.0,0.0
2023-11-17T14:00:00+01:00,0.0,,60.6,0.0
2023-11-17T15:00:00+01:00,0.0,,55.6,0.0
2023-11-17T16:00:00+01:00,0.0,,29.9,0.0
2023-11-17T17:00:00+01:00,0.0,,35.1,0.0
2023-11-17T18:00:00+01:00,0.0,,54.6,0.0
2023-11-17T19:00:00+01:00,0.0,,86.4,0.0
2023-11-17T20:00:00+01:00,0.0,,83.8,0.0
2023-11-17T21:00:00+01:00,0.0,,91.3,0.0
2023-11-17T22:00:00+01:00,0.0,,82.0,0.0
2023-11-17T23:00:00+01:00,0.0,,97.7,0.0
2023-11-18T00:00:00+01:00,0.0,,103.4,0.0
2023-11-18T01:00:00+01:00,0.0,,112.5,0.0
2023-11-18T02:00:00+01:00,0.0,,113.1,0.0
2023-11-18T03:00:00+01:00,0.0,,81.9,0.0
2023-11-18T04:00:00+01:00,0.0,,86.6,0.0
2023-11-18T05:00:00+01:00,0.0,,88.5,0.0
2023-11-18T06:00:00+01:00,0.0,,86.9,0.0
2023-11-18T07:00:00+01:00,0.0,,80.0,0.0
2023-11-18T08:00:00+01:00,0.0,,56.6,0.0
2023-11-18T09:00:00+01:00,0.0,,43.1,0.0
2023-11-18T10:00:00+01:00,0.0,,36.1,0.0
2023-11-18T11:00:00+01:00,0.0,,56.5,0.0
2023-11-18T12:00:00+01:00,0.0,,72.5,0.0
2023-11-18T13:00:00+01:00,0.0,,88.2,0.0
2023-11-18T14:00:00+01:00,0.0,,100.6,0.0
2023-11-18T15:00:00+01:00,0.0,,97.7,0.0
2023-11-18T16:00:00+01:00,0.0,,92.6,0.0
2023-11-18T17:00:00+01:00,0.0,,93.4,0.0
2023-11-18T18:00:00+01:00,0.0,,109.7,0.0
2023-11-18T19:00:00+01:00,0.0,,103.3,0.0
2023-11-18T20:00:00+01:00,0.0,,95.2,0.0
2023-11-18T21:00:00+01:00,0.0,,99.1,0.0
2023-11-18T22:00:00+01:00,0.0,,103.5,0.0
2023-11-18T23:00:00+01:00,0.0,,92.5,0.0
2023-11-19T00:00:00+01:00,0.0,,87.5,0.0
2023-11-19T01:00:00+01:00,0.0,,95.7,0.0
2023-11-19T02:00:00+01:00,0.0,,90.8,0.0
2023-11-19T03:00:00+01:00,0.0,,79.4,0.0
2023-11-19T04:00:00+01:00,0.0,,61.0,0.0
2023-11-19T05:00:00+01:00,0.0,,53.2,0.0
2023-11-19T06:00:00+01:00,0.0,,48.5,0.0
2023-11-19T07:00:00+01:00,0.0,,42.3,0.0
2023-11-19T08:00:00+01:00,0.0,,39.3,0.0
2023-11-19T09:00:00+01:00,0.0,,35.2,0.0
2023-11-19T10:00:00+01:00,0.0,,15.6,0.0
2023-11-19T11:00:00+01:00,0.0,,9.7,0.0
2023-11-19T12:00:00+01:00,0.0,,2.9,0.0
2023-11-19T13:00:00+01:00,0.0,,0.3,0.0
2023-11-19T14:00:00+01:00,0.0,,0.9,0.0
2023-11-19T15:00:00+01:00,0.0,,0.3,0.0
2023-11-19T16:00:00+01:00,0.0,,0.9,0.0
2023-11-19T17:00:00+01:00,0.0,,0.1,0.0
2023-11-19T18:00:00+01:00,0.0,,0.0,0.0
2023-11-19T19:00:00+01:00,0.0,,0.0,0.0
2023-11-19T20:00:00+01:00,0.0,,0.3,0.0
2023-11-19T21:00:00+01:00,0.0,,0.0,0.0
2023-11-19T22:00:00+01:00,0.0,,0.1,0.0
2023-11-19T23:00:00+01:00,0.0,,0.0,0.0
2023-11-20T00:00:00+01:00,0.0,,0.6,0.0
2023-11-20T01:00:00+01:00,0.0,,2.8,0.0
2023-11-20T02:00:00+01:00,0.0,,2.8,0.0
2023-11-20T03:00:00+01:00,0.0,,2.6,0.0
2023-11-20T04:00:00+01:00,0.0,,9.8,0.0
2023-11-20T05:00:00+01:00,0.0,,2.2,0.0
2023-11-20T06:00:00+01:00,0.0,,0.0,0.0
2023-11-20T07:00:00+01:00,0.0,,0.0,0.0
2023-11-20T08:00:00+01:00,0.0,,0.0,0.0
2023-11-20T09:00:00+01:00,0.0,,0.0,0.0
2023-11-20T10:00:00+01:00,0.0,,0.0,0.0
2023-11-20T11:00:00+01:00,0.0,,0.0,0.0
2023-11-20T12:00:00+01:00,0.0,,0.0,0.0
2023-11-20T13:00:00+01:00,0.0,,0.0,0.0
2023-11-20T14:00:00+01:00,0.0,,0.0,0.0
2023-11-20T15:00:00+01:00,0.0,,0.0,0.0
2023-11-20T16:00:00+01:00,0.0,,0.0,0.0
2023-11-20T17:00:00+01:00,0.0,,0.0,0.0
2023-11-20T18:00:00+01:00,0.0,,0.0,0.0
2023-11-20T19:00:00+01:00,0.0,,0.0,0.0
2023-11-20T20:00:00+01:00,0.0,,0.0,0.0
2023-11-20T21:00:00+01:00,0.0,,0.0,0.0
2023-11-20T22:00:00+01:00,0.0,,4.1,0.0
2023-11-20T23:00:00+01:00,0.0,,6.8,0.0
2023-11-21T00:00:00+01:00,0.0,,8.3,0.0
2023-11-21T01:00:00+01:00,0.0,,11.3,0.0
2023-11-21T02:00:00+01:00,0.0,,15.2,0.0
2023-11-21T03:00:00+01:00,0.0,,19.8,0.0
2023-11-21T04:00:00+01:00,0.0,,22.2,0.0
2023-11-21T05:00:00+01:00,0.0,,29.8,0.0
2023-11-21T06:00:00+01:00,0.0,,39.9,0.0
2023-11-21T07:00:00+01:00,0.0,,55.2,0.0
2023-11-21T08:00:00+01:00,0.0,,74.4,0.0
2023-11-21T09:00:00+01:00,0.0,,84.4,0.0
2023-11-21T10:00:00+01:00,0.0,,91.4,0.0
2023-11-21T11:00:00+01:00,0.0,,110.5,0.0
2023-11-21T12:00:00+01:00,0.0,,116.2,0.0
2023-11-21T13:00:00+01:00,0.0,,116.0,0.0
2023-11-21T14:00:00+01:00,0.0,,114.4,0.0
2023-11-21T15:00:00+01:00,0.0,,103.0,0.0
2023-11-21T16:00:00+01:00,0.0,,85.8,0.0
2023-11-21T17:00:00+01:00,0.0,,78.4,0.0
2023-11-21T18:00:00+01:00,0.0,,82.0,0.0
2023-11-21T19:00:00+01:00,0.0,,74.5,0.0
2023-11-21T20:00:00+01:00,0.0,,65.0,0.0
2023-11-21T21:00:00+01:00,0.0,,59.7,0.0
2023-11-21T22:00:00+01:00,0.0,,52.1,0.0
2023-11-21T23:00:00+01:00,0.0,,53.5,0.0
2023-11-22T00:00:00+01:00,0.0,,55.4,0.0
2023-11-22T01:00:00+01:00,0.0,,49.5,0.0
2023-11-22T02:00:00+01:00,0.0,,47.7,0.0
2023-11-22T03:00:00+01:00,0.0,,48.9,0.0
2023-11-22T04:00:00+01:00,0.0,,50.5,0.0
2023-11-22T05:00:00+01:00,0.0,,50.5,0.0
2023-11-22T06:00:00+01:00,0.0,,56.2,0.0
2023-11-22T07:00:00+01:00,0.0,,56.3,0.0
2023-11-22T08:00:00+01:00,0.0,,61.4,0.0
2023-11-22T09:00:00+01:00,0.0,,60.0,0.0
2023-11-22T10:00:00+01:00,0.0,,48.2,0.0
2023-11-22T11:00:00+01:00,0.0,,49.4,0.0
2023-11-22T12:00:00+01:00,0.0,,56.0,0.0
2023-11-22T13:00:00+01:00,0.0,,55.9,0.0
2023-11-22T14:00:00+01:00,0.0,,61.0,0.0
2023-11-22T15:00:00+01:00,0.0,,66.5,0.0
2023-11-22T16:00:00+01:00,0.0,,72.9,0.0
2023-11-22T17:00:00+01:00,0.0,,78.7,0.0
2023-11-22T18:00:00+01:00,0.0,,76.5,0.0
2023-11-22T19:00:00+01:00,0.0,,77.5,0.0
2023-11-22T20:00:00+01:00,0.0,,82.7,0.0
2023-11-22T21:00:00+01:00,0.0,,83.4,0.0
2023-11-22T22:00:00+01:00,0.0,,83.9,0.0
2023-11-22T23:00:00+01:00,0.0,,78.8,0.0
2023-11-23T00:00:00+01:00,0.0,,76.7,0.0
2023-11-23T01:00:00+01:00,0.0,,76.1,0.0
2023-11-23T02:00:00+01:00,0.0,,76.9,0.0
2023-11-23T03:00:00+01:00,0.0,,71.3,0.0
2023-11-23T04:00:00+01:00,0.0,,63.0,0.0
2023-11-23T05:00:00+01:00,0.0,,51.9,0.0
2023-11-23T06:00:00+01:00,0.0,,61.4,0.0
2023-11-23T07:00:00+01:00,0.0,,61.4,0.0
2023-11-23T08:00:00+01:00,0.0,,57.0,0.0
2023-11-23T09:00:00+01:00,0.0,,53.2,0.0
2023-11-23T10:00:00+01:00,0.0,,46.2,0.0
2023-11-23T11:00:00+01:00,0.0,,46.1,0.0
2023-11-23T12:00:00+01:00,0.0,,42.5,0.0
2023-11-23T13:00:00+01:00,0.0,,27.4,0.0
2023-11-23T14:00:00+01:00,0.0,,18.7,0.0
2023-11-23T15:00:00+01:00,0.0,,7.3,0.0
2023-11-23T16:00:00+01:00,0.0,,3.7,0.0
2023-11-23T17:00:00+01:00,0.0,,3.8,0.0
2023-11-23T18:00:00+01:00,0.0,,4.0,0.0
2023-11-23T19:00:00+01:00,0.0,,1.4,0.0
2023-11-23T20:00:00+01:00,0.0,,3.9,0.0
2023-11-23T21:00:00+01:00,0.0,,2.7,0.0
2023-11-23T22:00:00+01:00,0.0,,7.1,0.0
2023-11-23T23:00:00+01:00,0.0,,19.7,0.0
2023-11-24T00:00:00+01:00,0.0,,21.5,0.0
2023-11-24T01:00:00+01:00,0.0,,27.7,0.0
2023-11-24T02:00:00+01:00,0.0,,35.3,0.0
2023-11-24T03:00:00+01:00,0.0,,25.8,0.0
2023-11-24T04:00:00+01:00,0.0,,28.8,0.0
2023-11-24T05:00:00+01:00,0.0,,38.8,0.0
2023-11-24T06:00:00+01:00,0.0,,43.6,0.0
2023-11-24T07:00:00+01:00,0.0,,45.4,0.0
2023-11-24T08:00:00+01:00,0.0,,47.5,0.0
2023-11-24T09:00:00+01:00,0.0,,65.7,0.0
2023-11-24T10:00:00+01:00,0.0,,89.6,0.0
2023-11-24T11:00:00+01:00,0.0,,101.4,0.0
2023-11-24T12:00:00+01:00,0.0,,85.2,0.0
2023-11-24T13:00:00+01:00,0.0,,63.2,0.0
2023-11-24T14:00:00+01:00,0.0,,88.0,0.0
2023-11-24T15:00:00+01:00,0.0,,106.9,0.0
2023-11-24T16:00:00+01:00,0.0,,109.6,0.0
2023-11-24T17:00:00+01:00,0.0,,115.0,0.0
2023-11-24T18:00:00+01:00,0.0,,115.4,0.0
2023-11-24T19:00:00+01:00,0.0,,117.3,0.0
2023-11-24T20:00:00+01:00,0.0,,118.0,0.0
2023-11-24T21:00:00+01:00,0.0,,114.7,0.0
2023-11-24T22:00:00+01:00,0.0,,99.8,0.0
2023-11-24T23:00:00+01:00,0.0,,75.1,0.0
2023-11-25T00:00:00+01:00,0.0,,51.0,0.0
2023-11-25T01:00:00+01:00,0.0,,46.4,0.0
2023-11-25T02:00:00+01:00,0.0,,56.4,0.0
2023-11-25T03:00:00+01:00,0.0,,61.3,0.0
2023-11-25T04:00:00+01:00,0.0,,62.3,0.0
2023-11-25T05:00:00+01:00,0.0,,46.6,0.0
2023-11-25T06:00:00+01:00,0.0,,42.3,0.0
2023-11-25T07:00:00+01:00,0.0,,50.0,0.0
2023-11-25T08:00:00+01:00,0.0,,68.8,0.0
2023-11-25T09:00:00+01:00,0.0,,83.2,0.0
2023-11-25T10:00:00+01:00,0.0,,110.2,0.0
2023-11-25T11:00:00+01:00,0.0,,111.2,0.0
2023-11-25T12:00:00+01:00,0.0,,107.2,0.0
2023-11-25T13:00:00+01:00,0.0,,111.2,0.0
2023-11-25T14:00:00+01:00,0.0,,114.4,0.0
2023-11-25T15:00:00+01:00,0.0,,109.5,0.0
2023-11-25T16:00:00+01:00,0.0,,112.4,0.0
2023-11-25T17:00:00+01:00,0.0,,105.7,0.0
2023-11-25T18:00:00+01:00,0.0,,106.3,0.0
2023-11-25T19:00:00+01:00,0.0,,97.1,0.0
2023-11-25T20:00:00+01:00,0.0,,93.8,0.0
2023-11-25T21:00:00+01:00,0.0,,82.8,0.0
2023-11-25T22:00:00+01:00,0.0,,80.8,0.0
2023-11-25T23:00:00+01:00,0.0,,88.3,0.0
2023-11-26T00:00:00+01:00,0.0,297.6,90.2,0.0
2023-11-26T01:00:00+01:00,0.0,295.7,96.8,0.0
2023-11-26T02:00:00+01:00,0.0,296.5,98.3,0.0
2023-11-26T03:00:00+01:00,0.0,290.1,113.6,0.0
2023-11-26T04:00:00+01:00,0.0,288.8,115.8,0.0
2023-11-26T05:00:00+01:00,0.0,241.2,115.4,0.0
2023-11-26T06:00:00+01:00,0.0,238.8,113.9,0.0
2023-11-26T07:00:00+01:00,0.0,348.5,96.1,0.0
2023-11-26T08:00:00+01:00,0.0,350.4,70.1,0.0
2023-11-26T09:00:00+01:00,0.0,382.9,47.9,0.0
2023-11-26T10:00:00+01:00,0.0,403.7,37.4,0.0
2023-11-26T11:00:00+01:00,0.0,403.5,32.7,0.0
2023-11-26T12:00:00+01:00,0.0,408.4,22.1,0.0
2023-11-26T13:00:00+01:00,0.0,404.0,36.9,0.0
2023-11-26T14:00:00+01:00,0.0,407.7,41.0,0.0
2023-11-26T15:00:00+01:00,0.0,518.1,47.6,0.0
2023-11-26T16:00:00+01:00,0.0,516.7,51.3,0.0
2023-11-26T17:00:00+01:00,0.0,520.7,35.5,0.0
2023-11-26T18:00:00+01:00,0.0,522.1,15.4,0.0
2023-11-26T19:00:00+01:00,0.0,522.0,14.4,0.0
2023-11-26T20:00:00+01:00,0.0,522.3,14.7,0.0
2023-11-26T21:00:00+01:00,0.0,521.8,26.8,0.0
2023-11-26T22:00:00+01:00,0.0,522.1,15.2,0.0
2023-11-26T23:00:00+01:00,0.0,521.7,13.8,0.0
2023-11-27T00:00:00+01:00,0.0,403.9,18.4,0.0
2023-11-27T01:00:00+01:00,0.0,399.0,37.1,0.0
2023-11-27T02:00:00+01:00,0.0,407.1,16.7,0.0
2023-11-27T03:00:00+01:00,0.0,408.7,5.7,0.0
2023-11-27T04:00:00+01:00,0.0,408.5,3.0,0.0
2023-11-27T05:00:00+01:00,0.0,409.4,0.9,0.0
2023-11-27T06:00:00+01:00,0.0,409.6,0.0,0.0
2023-11-27T07:00:00+01:00,0.0,409.4,0.5,0.0
2023-11-27T08:00:00+01:00,0.0,521.5,4.4,0.0
2023-11-27T09:00:00+01:00,0.0,522.8,14.6,0.0
2023-11-27T10:00:00+01:00,0.0,522.5,33.9,0.0
2023-11-27T11:00:00+01:00,0.0,521.7,34.0,0.0
2023-11-27T12:00:00+01:00,0.0,522.5,45.6,0.0
2023-11-27T13:00:00+01:00,0.0,514.6,68.3,0.0
2023-11-27T14:00:00+01:00,0.0,509.7,82.2,0.0
2023-11-27T15:00:00+01:00,0.0,520.7,87.5,0.0
2023-11-27T16:00:00+01:00,0.0,521.1,89.6,0.0
2023-11-27T17:00:00+01:00,0.0,521.6,78.5,0.0
2023-11-27T18:00:00+01:00,0.0,521.9,68.5,0.0
2023-11-27T19:00:00+01:00,0.0,521.8,77.3,0.0
2023-11-27T20:00:00+01:00,0.0,521.6,80.2,0.0
2023-11-27T21:00:00+01:00,0.0,521.8,75.3,0.0
2023-11-27T22:00:00+01:00,0.0,522.0,91.0,0.0
2023-11-27T23:00:00+01:00,0.0,514.6,110.6,0.0
2023-11-28T00:00:00+01:00,0.0,516.0,115.4,0.0
2023-11-28T01:00:00+01:00,0.0,521.7,101.0,0.0
2023-11-28T02:00:00+01:00,0.0,520.9,105.5,0.0
2023-11-28T03:00:00+01:00,0.0,521.8,111.8,0.0
2023-11-28T04:00:00+01:00,0.0,521.2,106.9,0.0
2023-11-28T05:00:00+01:00,0.0,521.3,114.6,0.0
2023-11-28T06:00:00+01:00,0.0,521.8,116.0,0.0
2023-11-28T07:00:00+01:00,0.0,522.6,116.1,0.0
2023-11-28T08:00:00+01:00,0.0,522.7,115.5,0.0
2023-11-28T09:00:00+01:00,0.0,522.1,115.0,0.0
2023-11-28T10:00:00+01:00,0.0,522.4,111.4,0.0
2023-11-28T11:00:00+01:00,0.0,522.6,112.8,0.0
2023-11-28T12:00:00+01:00,0.0,522.5,117.6,0.0
2023-11-28T13:00:00+01:00,0.0,521.8,117.0,0.0
2023-11-28T14:00:00+01:00,0.0,520.2,114.1,0.0
2023-11-28T15:00:00+01:00,0.0,522.4,79.6,0.0
2023-11-28T16:00:00+01:00,0.0,522.5,63.4,0.0
2023-11-28T17:00:00+01:00,0.0,522.4,55.2,0.0
2023-11-28T18:00:00+01:00,0.0,522.1,43.6,0.0
2023-11-28T19:00:00+01:00,0.0,522.3,36.2,0.0
2023-11-28T20:00:00+01:00,0.0,522.7,37.2,0.0
2023-11-28T21:00:00+01:00,0.0,521.9,26.1,0.0
2023-11-28T22:00:00+01:00,0.0,521.9,22.2,0.0
2023-11-28T23:00:00+01:00,0.0,521.7,14.4,0.0
2023-11-29T00:00:00+01:00,0.0,515.5,9.3,0.0
2023-11-29T01:00:00+01:00,0.0,512.1,14.6,0.0
2023-11-29T02:00:00+01:00,0.0,515.3,14.7,0.0
2023-11-29T03:00:00+01:00,0.0,521.1,7.1,0.0
2023-11-29T04:00:00+01:00,0.0,521.6,9.3,0.0
2023-11-29T05:00:00+01:00,0.0,522.1,14.8,0.0
2023-11-29T06:00:00+01:00,0.0,513.4,15.3,0.0
2023-11-29T07:00:00+01:00,0.0,518.9,20.2,0.0
2023-11-29T08:00:00+01:00,0.0,409.1,21.0,0.0
2023-11-29T09:00:00+01:00,0.0,409.0,2.0,0.0
2023-11-29T10:00:00+01:00,0.0,408.1,0.0,0.0
2023-11-29T11:00:00+01:00,0.0,505.9,2.5,0.0
2023-11-29T12:00:00+01:00,0.0,499.5,7.8,0.0
2023-11-29T13:00:00+01:00,0.0,497.1,7.6,0.0
2023-11-29T14:00:00+01:00,0.0,496.0,11.0,0.0
2023-11-29T15:00:00+01:00,0.0,514.1,7.8,0.0
2023-11-29T16:00:00+01:00,0.0,519.1,11.8,0.0
2023-11-29T17:00:00+01:00,0.0,520.7,3.7,0.0
2023-11-29T18:00:00+01:00,0.0,507.3,12.0,0.0
2023-11-29T19:00:00+01:00,0.0,511.8,11.0,0.0
2023-11-29T20:00:00+01:00,0.0,520.7,8.7,0.0
2023-11-29T21:00:00+01:00,0.0,518.1,15.3,0.0
2023-11-29T22:00:00+01:00,0.0,515.7,25.2,0.0
2023-11-29T23:00:00+01:00,0.0,508.5,45.6,0.0
2023-11-30T00:00:00+01:00,0.0,506.7,45.5,0.0
2023-11-30T01:00:00+01:00,0.0,509.5,45.5,0.0
2023-11-30T02:00:00+01:00,0.0,513.1,54.6,0.0
2023-11-30T03:00:00+01:00,0.0,505.3,68.1,0.0
2023-11-30T04:00:00+01:00,0.0,510.8,61.9,0.0
2023-11-30T05:00:00+01:00,0.0,517.3,83.2,0.0
2023-11-30T06:00:00+01:00,0.0,511.1,91.5,0.0
2023-11-30T07:00:00+01:00,0.0,496.5,112.0,0.0
2023-11-30T08:00:00+01:00,0.0,506.2,96.4,0.0
2023-11-30T09:00:00+01:00,0.0,515.4,88.8,0.0
2023-11-30T10:00:00+01:00,0.0,507.5,86.1,0.0
2023-11-30T11:00:00+01:00,0.0,504.6,98.0,0.0
2023-11-30T12:00:00+01:00,0.0,504.5,101.7,0.0
2023-11-30T13:00:00+01:00,0.0,510.0,97.6,0.0
2023-11-30T14:00:00+01:00,0.0,505.9,112.6,0.0
2023-11-30T15:00:00+01:00,0.0,517.3,109.5,0.0
2023-11-30T16:00:00+01:00,0.0,515.6,112.5,0.0
2023-11-30T17:00:00+01:00,0.0,513.8,118.5,0.0
2023-11-30T18:00:00+01:00,0.0,509.4,117.9,0.0
2023-11-30T19:00:00+01:00,0.0,518.2,119.0,0.0
2023-11-30T20:00:00+01:00,0.0,515.5,118.7,0.0
2023-11-30T21:00:00+01:00,0.0,508.6,118.7,0.0
2023-11-30T22:00:00+01:00,0.0,511.8,118.1,0.0
2023-11-30T23:00:00+01:00,0.0,516.9,113.3,0.0
2023-12-01T00:00:00+01:00,0.0,514.6,101.5,0.0
2023-12-01T01:00:00+01:00,0.0,518.3,93.1,0.0
2023-12-01T02:00:00+01:00,0.0,508.9,100.3,0.0
2023-12-01T03:00:00+01:00,0.0,508.2,101.8,0.0
2023-12-01T04:00:00+01:00,0.0,514.5,96.8,0.0
2023-12-01T05:00:00+01:00,0.0,505.1,92.5,0.0
2023-12-01T06:00:00+01:00,0.0,518.2,94.5,0.0
2023-12-01T07:00:00+01:00,0.0,521.1,104.7,0.0
2023-12-01T08:00:00+01:00,0.0,502.9,107.8,0.0
2023-12-01T09:00:00+01:00,0.0,498.6,110.6,0.0
2023-12-01T10:00:00+01:00,0.0,514.8,113.2,0.0
2023-12-01T11:00:00+01:00,0.0,515.1,101.7,0.0
2023-12-01T12:00:00+01:00,0.0,516.8,100.7,0.0
2023-12-01T13:00:00+01:00,0.0,511.3,89.5,0.0
2023-12-01T14:00:00+01:00,0.0,520.1,75.1,0.0
2023-12-01T15:00:00+01:00,0.0,521.5,69.5,0.0
2023-12-01T16:00:00+01:00,0.0,522.4,76.5,0.0
2023-12-01T17:00:00+01:00,0.0,521.4,70.2,0.0
2023-12-01T18:00:00+01:00,0.0,522.4,57.5,0.0
2023-12-01T19:00:00+01:00,0.0,522.6,71.3,0.0
2023-12-01T20:00:00+01:00,0.0,521.9,64.4,0.0
2023-12-01T21:00:00+01:00,0.0,518.0,77.8,0.0
2023-12-01T22:00:00+01:00,0.0,519.5,72.4,0.0
2023-12-01T23:00:00+01:00,0.0,522.1,63.1,0.0
2023-12-02T00:00:00+01:00,0.0,522.4,33.3,0.0
2023-12-02T01:00:00+01:00,0.0,515.3,18.9,0.0
2023-12-02T02:00:00+01:00,0.0,506.3,45.2,0.0
2023-12-02T03:00:00+01:00,0.0,498.5,75.6,0.0
2023-12-02T04:00:00+01:00,0.0,488.0,87.6,0.0
2023-12-02T05:00:00+01:00,0.0,487.7,88.8,0.0
2023-12-02T06:00:00+01:00,0.0,504.2,67.6,0.0
2023-12-02T07:00:00+01:00,0.0,518.5,61.1,0.0
2023-12-02T08:00:00+01:00,0.0,496.4,94.0,0.0
2023-12-02T09:00:00+01:00,0.0,481.7,105.5,0.0
2023-12-02T10:00:00+01:00,0.0,481.5,108.6,0.0
2023-12-02T11:00:00+01:00,0.0,486.5,108.1,0.0
2023-12-02T12:00:00+01:00,0.0,493.9,102.7,0.0
2023-12-02T13:00:00+01:00,0.0,510.9,99.5,0.0
2023-12-02T14:00:00+01:00,0.0,513.9,95.4,0.0
2023-12-02T15:00:00+01:00,0.0,512.7,90.2,0.0
2023-12-02T16:00:00+01:00,0.0,520.6,89.2,0.0
2023-12-02T17:00:00+01:00,0.0,493.3,99.0,0.0
2023-12-02T18:00:00+01:00,0.0,483.8,101.4,0.0
2023-12-02T19:00:00+01:00,0.0,496.8,105.7,0.0
2023-12-02T20:00:00+01:00,0.0,489.9,100.0,0.0
2023-12-02T21:00:00+01:00,0.0,514.1,67.7,0.0
2023-12-02T22:00:00+01:00,0.0,515.2,65.4,0.0
2023-12-02T23:00:00+01:00,0.0,517.7,55.6,0.0
2023-12-03T00:00:00+01:00,0.0,447.5,88.7,0.0
2023-12-03T01:00:00+01:00,0.0,443.0,97.3,0.0
2023-12-03T02:00:00+01:00,0.0,442.6,89.9,0.0
2023-12-03T03:00:00+01:00,0.0,443.3,82.3,0.0
2023-12-03T04:00:00+01:00,0.0,443.5,65.4,0.0
2023-12-03T05:00:00+01:00,0.0,442.9,73.8,0.0
2023-12-03T06:00:00+01:00,0.0,443.6,80.1,0.0
2023-12-03T07:00:00+01:00,0.0,502.8,49.7,0.0
2023-12-03T08:00:00+01:00,0.0,503.8,50.4,0.0
2023-12-03T09:00:00+01:00,0.0,490.1,44.0,0.0
2023-12-03T10:00:00+01:00,0.0,496.3,24.8,0.0
2023-12-03T11:00:00+01:00,0.0,495.3,19.6,0.0
2023-12-03T12:00:00+01:00,0.0,490.3,26.9,0.0
2023-12-03T13:00:00+01:00,0.0,479.5,49.6,0.0
2023-12-03T14:00:00+01:00,0.0,487.1,42.2,0.0
2023-12-03T15:00:00+01:00,0.0,515.9,32.4,0.0
2023-12-03T16:00:00+01:00,0.0,521.4,21.0,0.0
2023-12-03T17:00:00+01:00,0.0,521.5,12.7,0.0
2023-12-03T18:00:00+01:00,0.0,522.0,11.0,0.0
2023-12-03T19:00:00+01:00,0.0,522.5,12.8,0.0
2023-12-03T20:00:00+01:00,0.0,522.4,14.6,0.0
2023-12-03T21:00:00+01:00,0.0,522.0,19.6,0.0
2023-12-03T22:00:00+01:00,0.0,495.3,11.5,0.0
2023-12-03T23:00:00+01:00,0.0,497.9,6.5,0.0
2023-12-04T00:00:00+01:00,0.0,477.3,3.3,0.0
2023-12-04T01:00:00+01:00,0.0,477.7,6.2,0.0
2023-12-04T02:00:00+01:00,0.0,481.9,6.1,0.0
2023-12-04T03:00:00+01:00,0.0,490.3,0.8,0.0
2023-12-04T04:00:00+01:00,0.0,477.6,0.2,0.0
2023-12-04T05:00:00+01:00,0.0,479.7,0.6,0.0
2023-12-04T06:00:00+01:00,0.0,476.8,1.2,0.0
2023-12-04T07:00:00+01:00,0.0,519.2,4.6,0.0
2023-12-04T08:00:00+01:00,0.0,520.2,11.1,0.0
2023-12-04T09:00:00+01:00,0.0,483.2,12.4,0.0
2023-12-04T10:00:00+01:00,0.0,483.4,5.3,0.0
2023-12-04T11:00:00+01:00,0.0,518.8,2.8,0.0
2023-12-04T12:00:00+01:00,0.0,515.2,0.4,0.0
2023-12-04T13:00:00+01:00,0.0,509.5,0.0,0.0
2023-12-04T14:00:00+01:00,0.0,514.2,1.6,0.0
2023-12-04T15:00:00+01:00,0.0,517.0,0.0,0.0
2023-12-04T16:00:00+01:00,0.0,521.4,1.0,0.0
2023-12-04T17:00:00+01:00,0.0,519.6,10.9,0.0
2023-12-04T18:00:00+01:00,0.0,514.3,23.4,0.0
2023-12-04T19:00:00+01:00,0.0,519.3,29.8,0.0
2023-12-04T20:00:00+01:00,0.0,515.7,42.1,0.0
2023-12-04T21:00:00+01:00,0.0,514.1,39.7,0.0
2023-12-04T22:00:00+01:00,0.0,483.6,31.8,0.0
2023-12-04T23:00:00+01:00,0.0,482.5,22.1,0.0
2023-12-05T00:00:00+01:00,0.0,421.9,22.4,0.0
2023-12-05T01:00:00+01:00,0.0,413.1,25.1,0.0
2023-12-05T02:00:00+01:00,0.0,421.6,17.9,0.0
2023-12-05T03:00:00+01:00,0.0,424.8,15.8,0.0
2023-12-05T04:00:00+01:00,0.0,416.5,16.0,0.0
2023-12-05T05:00:00+01:00,0.0,420.6,14.2,0.0
2023-12-05T06:00:00+01:00,0.0,478.9,10.5,0.0
2023-12-05T07:00:00+01:00,0.0,520.2,6.7,0.0
2023-12-05T08:00:00+01:00,0.0,522.3,11.1,0.0
2023-12-05T09:00:00+01:00,0.0,522.2,5.8,0.0
2023-12-05T10:00:00+01:00,0.0,521.8,12.7,0.0
2023-12-05T11:00:00+01:00,0.0,522.4,27.2,0.0
2023-12-05T12:00:00+01:00,0.0,521.9,29.4,0.0
2023-12-05T13:00:00+01:00,0.0,522.2,34.4,0.0
2023-12-05T14:00:00+01:00,0.0,522.3,33.2,0.0
2023-12-05T15:00:00+01:00,0.0,521.8,23.9,0.0
2023-12-05T16:00:00+01:00,0.0,522.4,32.3,0.0
2023-12-05T17:00:00+01:00,0.0,522.6,33.0,0.0
2023-12-05T18:00:00+01:00,0.0,522.6,22.5,0.0
2023-12-05T19:00:00+01:00,0.0,522.3,31.9,0.0
2023-12-05T20:00:00+01:00,0.0,522.2,46.2,0.0
2023-12-05T21:00:00+01:00,0.0,480.8,62.9,0.0
2023-12-05T22:00:00+01:00,0.0,434.3,52.2,0.0
2023-12-05T23:00:00+01:00,0.0,436.3,49.5,0.0
2023-12-06T00:00:00+01:00,0.0,375.3,72.9,0.0
2023-12-06T01:00:00+01:00,0.0,374.4,69.6,0.0
2023-12-06T02:00:00+01:00,0.0,378.1,61.5,0.0
2023-12-06T03:00:00+01:00,0.0,385.4,66.2,0.0
2023-12-06T04:00:00+01:00,0.0,384.5,81.5,0.0
2023-12-06T05:00:00+01:00,0.0,388.4,53.7,0.0
2023-12-06T06:00:00+01:00,0.0,468.1,34.3,0.0
2023-12-06T07:00:00+01:00,0.0,518.4,25.9,0.0
2023-12-06T08:00:00+01:00,0.0,522.4,27.5,0.0
2023-12-06T09:00:00+01:00,0.0,521.9,16.2,0.0
2023-12-06T10:00:00+01:00,0.0,522.2,15.6,0.0
2023-12-06T11:00:00+01:00,0.0,521.9,12.1,0.0
2023-12-06T12:00:00+01:00,0.0,522.5,12.8,0.0
2023-12-06T13:00:00+01:00,0.0,522.0,30.7,0.0
2023-12-06T14:00:00+01:00,0.0,522.5,18.0,0.0
2023-12-06T15:00:00+01:00,0.0,521.8,5.9,0.0
2023-12-06T16:00:00+01:00,0.0,522.3,4.0,0.0
2023-12-06T17:00:00+01:00,0.0,522.4,4.0,0.0
2023-12-06T18:00:00+01:00,0.0,522.2,0.7,0.0
2023-12-06T19:00:00+01:00,0.0,522.5,0.4,0.0
2023-12-06T20:00:00+01:00,0.0,521.7,0.5,0.0
2023-12-06T21:00:00+01:00,0.0,481.0,0.4,0.0
2023-12-06T22:00:00+01:00,0.0,435.6,0.1,0.0
2023-12-06T23:00:00+01:00,0.0,409.0,0.8,0.0
2023-12-07T00:00:00+01:00,0.0,395.5,0.6,0.0
2023-12-07T01:00:00+01:00,0.0,393.1,2.2,0.0
2023-12-07T02:00:00+01:00,0.0,388.1,5.2,0.0
2023-12-07T03:00:00+01:00,0.0,390.8,3.0,0.0
2023-12-07T04:00:00+01:00,0.0,388.7,3.8,0.0
2023-12-07T05:00:00+01:00,0.0,389.6,14.8,0.0
2023-12-07T06:00:00+01:00,0.0,472.1,23.7,0.0
2023-12-07T07:00:00+01:00,0.0,514.0,24.0,0.0
2023-12-07T08:00:00+01:00,0.0,505.2,49.8,0.0
2023-12-07T09:00:00+01:00,0.0,503.4,54.7,0.0
2023-12-07T10:00:00+01:00,0.0,519.2,35.8,0.0
2023-12-07T11:00:00+01:00,0.0,521.8,33.3,0.0
2023-12-07T12:00:00+01:00,0.0,520.6,45.0,0.0
2023-12-07T13:00:00+01:00,0.0,521.8,50.6,0.0
2023-12-07T14:00:00+01:00,0.0,522.1,61.3,0.0
2023-12-07T15:00:00+01:00,0.0,521.3,64.8,0.0
2023-12-07T16:00:00+01:00,0.0,522.3,52.9,0.0
2023-12-07T17:00:00+01:00,0.0,522.0,62.3,0.0
2023-12-07T18:00:00+01:00,0.0,521.9,69.7,0.0
2023-12-07T19:00:00+01:00,0.0,522.1,69.5,0.0
2023-12-07T20:00:00+01:00,0.0,520.3,68.7,0.0
2023-12-07T21:00:00+01:00,0.0,515.0,76.5,0.0
2023-12-07T22:00:00+01:00,0.0,462.9,76.1,0.0
2023-12-07T23:00:00+01:00,0.0,405.6,66.9,0.0
2023-12-08T00:00:00+01:00,0.0,381.5,56.7,0.0
2023-12-08T01:00:00+01:00,0.0,379.5,47.8,0.0
2023-12-08T02:00:00+01:00,0.0,373.3,49.6,0.0
2023-12-08T03:00:00+01:00,0.0,375.0,45.8,0.0
2023-12-08T04:00:00+01:00,0.0,378.8,39.2,0.0
2023-12-08T05:00:00+01:00,0.0,385.4,37.5,0.0
2023-12-08T06:00:00+01:00,0.0,454.3,32.8,0.0
2023-12-08T07:00:00+01:00,0.0,519.8,35.1,0.0
2023-12-08T08:00:00+01:00,0.0,521.3,18.8,0.0
2023-12-08T09:00:00+01:00,0.0,518.2,13.6,0.0
2023-12-08T10:00:00+01:00,0.0,514.2,17.7,0.0
2023-12-08T11:00:00+01:00,0.0,515.5,15.7,0.0
2023-12-08T12:00:00+01:00,0.0,518.4,7.3,0.0
2023-12-08T13:00:00+01:00,0.0,516.5,4.4,0.0
2023-12-08T14:00:00+01:00,0.0,518.2,3.0,0.0
2023-12-08T15:00:00+01:00,0.0,520.6,8.1,0.0
2023-12-08T16:00:00+01:00,0.0,521.9,31.0,0.0
2023-12-08T17:00:00+01:00,0.0,519.1,35.5,0.0
2023-12-08T18:00:00+01:00,0.0,515.2,48.7,0.0
2023-12-08T19:00:00+01:00,0.0,513.7,57.9,0.0
2023-12-08T20:00:00+01:00,0.0,506.0,73.1,0.0
2023-12-08T21:00:00+01:00,0.0,510.6,64.7,0.0
2023-12-08T22:00:00+01:00,0.0,443.2,49.6,0.0
2023-12-08T23:00:00+01:00,0.0,384.9,45.3,0.0
2023-12-09T00:00:00+01:00,0.0,222.2,45.4,0.0
2023-12-09T01:00:00+01:00,0.0,151.5,39.7,0.0
2023-12-09T02:00:00+01:00,0.0,141.3,44.1,0.0
2023-12-09T03:00:00+01:00,0.0,159.9,37.9,0.0
2023-12-09T04:00:00+01:00,0.0,158.8,28.6,0.0
2023-12-09T05:00:00+01:00,0.0,157.0,24.9,0.0
2023-12-09T06:00:00+01:00,0.0,161.4,29.4,0.0
2023-12-09T07:00:00+01:00,0.0,322.9,29.6,0.0
2023-12-09T08:00:00+01:00,0.0,378.8,37.3,0.0
2023-12-09T09:00:00+01:00,0.0,386.3,36.7,0.0
2023-12-09T10:00:00+01:00,0.0,400.7,14.9,0.0
2023-12-09T11:00:00+01:00,0.0,407.8,2.9,0.0
2023-12-09T12:00:00+01:00,0.0,403.1,0.0,0.0
2023-12-09T13:00:00+01:00,0.0,401.1,0.0,0.0
2023-12-09T14:00:00+01:00,0.0,395.5,0.3,0.0
2023-12-09T15:00:00+01:00,0.0,426.7,2.0,0.0
2023-12-09T16:00:00+01:00,0.0,446.0,3.9,0.0
2023-12-09T17:00:00+01:00,0.0,458.9,5.5,0.0
2023-12-09T18:00:00+01:00,0.0,467.4,7.5,0.0
2023-12-09T19:00:00+01:00,0.0,455.4,13.8,0.0
2023-12-09T20:00:00+01:00,0.0,449.9,16.6,0.0
2023-12-09T21:00:00+01:00,0.0,429.9,13.8,0.0
2023-12-09T22:00:00+01:00,0.0,192.9,12.7,0.0
2023-12-09T23:00:00+01:00,0.0,166.2,13.0,0.0
2023-12-10T00:00:00+01:00,0.0,130.3,18.4,0.0
2023-12-10T01:00:00+01:00,0.0,140.5,10.1,0.0
2023-12-10T02:00:00+01:00,0.0,141.5,6.0,0.0
2023-12-10T03:00:00+01:00,0.0,140.2,4.8,0.0
2023-12-10T04:00:00+01:00,0.0,139.8,9.7,0.0
2023-12-10T05:00:00+01:00,0.0,134.6,21.2,0.0
2023-12-10T06:00:00+01:00,0.0,134.2,34.0,0.0
2023-12-10T07:00:00+01:00,0.0,139.5,30.3,0.0
2023-12-10T08:00:00+01:00,0.0,144.6,44.1,0.0
2023-12-10T09:00:00+01:00,0.0,349.9,39.5,0.0
2023-12-10T10:00:00+01:00,0.0,374.8,36.3,0.0
2023-12-10T11:00:00+01:00,0.0,377.6,30.2,0.0
2023-12-10T12:00:00+01:00,0.0,386.1,22.7,0.0
2023-12-10T13:00:00+01:00,0.0,372.4,34.2,0.0
2023-12-10T14:00:00+01:00,0.0,361.2,45.3,0.0
2023-12-10T15:00:00+01:00,0.0,371.5,51.1,0.0
2023-12-10T16:00:00+01:00,0.0,377.0,66.1,0.0
2023-12-10T17:00:00+01:00,0.0,354.8,97.7,0.0
2023-12-10T18:00:00+01:00,0.0,357.6,109.8,0.0
2023-12-10T19:00:00+01:00,0.0,365.8,96.5,0.0
2023-12-10T20:00:00+01:00,0.0,371.4,68.3,0.0
2023-12-10T21:00:00+01:00,0.0,245.3,81.1,0.0
2023-12-10T22:00:00+01:00,0.0,185.1,89.6,0.0
2023-12-10T23:00:00+01:00,0.0,139.4,65.1,0.0
2023-12-11T00:00:00+01:00,0.0,325.9,47.6,0.0
2023-12-11T01:00:00+01:00,0.0,333.0,28.5,0.0
2023-12-11T02:00:00+01:00,0.0,341.8,9.7,0.0
2023-12-11T03:00:00+01:00,0.0,341.8,1.2,0.0
2023-12-11T04:00:00+01:00,0.0,345.8,0.0,0.0
2023-12-11T05:00:00+01:00,0.0,348.6,0.0,0.0
2023-12-11T06:00:00+01:00,0.0,350.8,0.0,0.0
2023-12-11T07:00:00+01:00,0.0,436.3,0.1,0.0
2023-12-11T08:00:00+01:00,0.0,505.9,0.5,0.0
2023-12-11T09:00:00+01:00,0.0,515.0,0.2,0.0
2023-12-11T10:00:00+01:00,0.0,515.5,4.6,0.0
2023-12-11T11:00:00+01:00,0.0,520.9,2.5,0.0
2023-12-11T12:00:00+01:00,0.0,511.9,3.9,0.0
2023-12-11T13:00:00+01:00,0.0,509.6,2.9,0.0
2023-12-11T14:00:00+01:00,0.0,508.9,1.3,0.0
2023-12-11T15:00:00+01:00,0.0,509.8,0.6,0.0
2023-12-11T16:00:00+01:00,0.0,510.6,0.5,0.0
2023-12-11T17:00:00+01:00,0.0,502.0,8.9,0.0
2023-12-11T18:00:00+01:00,0.0,501.5,12.3,0.0
2023-12-11T19:00:00+01:00,0.0,503.3,7.0,0.0
2023-12-11T20:00:00+01:00,0.0,502.2,15.8,0.0
2023-12-11T21:00:00+01:00,0.0,438.8,20.9,0.0
2023-12-11T22:00:00+01:00,0.0,413.8,21.6,0.0
2023-12-11T23:00:00+01:00,0.0,378.5,12.6,0.0
2023-12-12T00:00:00+01:00,0.0,328.6,6.3,0.0
2023-12-12T01:00:00+01:00,0.0,316.2,4.2,0.0
2023-12-12T02:00:00+01:00,0.0,315.2,0.0,0.0
2023-12-12T03:00:00+01:00,0.0,315.5,0.9,0.0
2023-12-12T04:00:00+01:00,0.0,300.8,5.8,0.0
2023-12-12T05:00:00+01:00,0.0,309.8,7.8,0.0
2023-12-12T06:00:00+01:00,0.0,369.5,16.2,0.0
2023-12-12T07:00:00+01:00,0.0,473.0,13.8,0.0
2023-12-12T08:00:00+01:00,0.0,495.1,7.8,0.0
2023-12-12T09:00:00+01:00,0.0,502.4,6.6,0.0
2023-12-12T10:00:00+01:00,0.0,502.3,6.3,0.0
2023-12-12T11:00:00+01:00,0.0,506.6,5.4,0.0
2023-12-12T12:00:00+01:00,0.0,512.6,3.1,0.0
2023-12-12T13:00:00+01:00,0.0,515.6,4.9,0.0
2023-12-12T14:00:00+01:00,0.0,509.7,13.9,0.0
2023-12-12T15:00:00+01:00,0.0,505.7,16.4,0.0
2023-12-12T16:00:00+01:00,0.0,498.6,18.8,0.0
2023-12-12T17:00:00+01:00,0.0,491.9,20.9,0.0
2023-12-12T18:00:00+01:00,0.0,483.1,27.4,0.0
2023-12-12T19:00:00+01:00,0.0,475.7,35.0,0.0
2023-12-12T20:00:00+01:00,0.0,476.3,38.3,0.0
2023-12-12T21:00:00+01:00,0.0,399.0,55.2,0.0
2023-12-12T22:00:00+01:00,0.0,373.9,64.4,0.0
2023-12-12T23:00:00+01:00,0.0,341.6,71.2,0.0
2023-12-13T00:00:00+01:00,0.0,271.8,83.3,0.0
2023-12-13T01:00:00+01:00,0.0,265.0,95.3,0.0
2023-12-13T02:00:00+01:00,0.0,261.0,103.0,0.0
2023-12-13T03:00:00+01:00,0.0,259.2,105.3,0.0
2023-12-13T04:00:00+01:00,0.0,259.8,113.4,0.0
2023-12-13T05:00:00+01:00,0.0,266.5,117.2,0.0
2023-12-13T06:00:00+01:00,0.0,349.9,117.6,0.0
2023-12-13T07:00:00+01:00,0.0,433.4,118.5,0.0
2023-12-13T08:00:00+01:00,0.0,483.7,118.3,0.0
2023-12-13T09:00:00+01:00,0.0,494.4,117.0,0.0
2023-12-13T10:00:00+01:00,0.0,486.9,118.7,0.0
2023-12-13T11:00:00+01:00,0.0,495.4,118.0,0.0
2023-12-13T12:00:00+01:00,0.0,497.9,116.0,0.0
2023-12-13T13:00:00+01:00,0.0,490.9,119.1,0.0
2023-12-13T14:00:00+01:00,0.0,490.7,118.1,0.0
2023-12-13T15:00:00+01:00,0.0,492.9,116.7,0.0
2023-12-13T16:00:00+01:00,0.0,491.9,116.9,0.0
2023-12-13T17:00:00+01:00,0.0,482.7,113.9,0.0
2023-12-13T18:00:00+01:00,0.0,489.8,113.7,0.0
2023-12-13T19:00:00+01:00,0.0,476.4,116.0,0.0
2023-12-13T20:00:00+01:00,0.0,481.1,115.7,0.0
2023-12-13T21:00:00+01:00,0.0,388.1,114.4,0.0
2023-12-13T22:00:00+01:00,0.0,312.5,110.6,0.0
2023-12-13T23:00:00+01:00,0.0,281.4,113.9,0.0
2023-12-14T00:00:00+01:00,0.0,304.8,110.4,0.0
2023-12-14T01:00:00+01:00,0.0,300.6,114.0,0.0
2023-12-14T02:00:00+01:00,0.0,291.6,112.7,0.0
2023-12-14T03:00:00+01:00,0.0,283.1,113.1,0.0
2023-12-14T04:00:00+01:00,0.0,282.0,112.6,0.0
2023-12-14T05:00:00+01:00,0.0,293.2,112.4,0.0
2023-12-14T06:00:00+01:00,0.0,366.3,114.1,0.0
2023-12-14T07:00:00+01:00,0.0,434.9,114.3,0.0
2023-12-14T08:00:00+01:00,0.0,491.6,58.1,0.0
2023-12-14T09:00:00+01:00,0.0,496.9,33.1,0.0
2023-12-14T10:00:00+01:00,0.0,494.0,24.5,0.0
2023-12-14T11:00:00+01:00,0.0,499.7,16.3,0.0
2023-12-14T12:00:00+01:00,0.0,487.4,33.2,0.0
2023-12-14T13:00:00+01:00,0.0,501.4,26.2,0.0
2023-12-14T14:00:00+01:00,0.0,507.2,17.2,0.0
2023-12-14T15:00:00+01:00,0.0,499.5,20.8,0.0
2023-12-14T16:00:00+01:00,0.0,491.6,18.3,0.0
2023-12-14T17:00:00+01:00,0.0,490.1,9.4,0.0
2023-12-14T18:00:00+01:00,0.0,489.8,12.7,0.0
2023-12-14T19:00:00+01:00,0.0,476.3,40.5,0.0
2023-12-14T20:00:00+01:00,0.0,471.9,59.6,0.0
2023-12-14T21:00:00+01:00,0.0,416.7,73.1,0.0
2023-12-14T22:00:00+01:00,0.0,355.3,64.9,0.0
2023-12-14T23:00:00+01:00,0.0,370.4,59.6,0.0
2023-12-15T00:00:00+01:00,0.0,355.3,68.1,0.0
2023-12-15T01:00:00+01:00,0.0,353.8,74.2,0.0
2023-12-15T02:00:00+01:00,0.0,354.8,86.5,0.0
2023-12-15T03:00:00+01:00,0.0,351.9,98.7,0.0
2023-12-15T04:00:00+01:00,0.0,349.5,92.7,0.0
2023-12-15T05:00:00+01:00,0.0,354.1,103.4,0.0
2023-12-15T06:00:00+01:00,0.0,412.9,99.4,0.0
2023-12-15T07:00:00+01:00,0.0,472.8,98.7,0.0
2023-12-15T08:00:00+01:00,0.0,474.9,94.2,0.0
2023-12-15T09:00:00+01:00,0.0,474.7,91.3,0.0
2023-12-15T10:00:00+01:00,0.0,456.5,97.8,0.0
2023-12-15T11:00:00+01:00,0.0,422.2,95.4,0.0
2023-12-15T12:00:00+01:00,0.0,412.8,100.7,0.0
2023-12-15T13:00:00+01:00,0.0,439.5,111.6,0.0
2023-12-15T14:00:00+01:00,0.0,448.0,114.7,0.0
2023-12-15T15:00:00+01:00,0.0,455.2,91.0,0.0
2023-12-15T16:00:00+01:00,0.0,453.6,92.1,0.0
2023-12-15T17:00:00+01:00,0.0,461.6,78.9,0.0
2023-12-15T18:00:00+01:00,0.0,458.3,97.9,0.0
2023-12-15T19:00:00+01:00,0.0,461.9,101.5,0.0
2023-12-15T20:00:00+01:00,0.0,450.9,102.7,0.0
2023-12-15T21:00:00+01:00,0.0,368.4,102.5,0.0
2023-12-15T22:00:00+01:00,0.0,309.1,93.2,0.0
2023-12-15T23:00:00+01:00,0.0,323.0,91.5,0.0
2023-12-16T00:00:00+01:00,0.0,244.2,96.9,0.0
2023-12-16T01:00:00+01:00,0.0,194.1,94.3,0.0
2023-12-16T02:00:00+01:00,0.0,158.3,96.6,0.0
2023-12-16T03:00:00+01:00,0.0,145.0,96.1,0.0
2023-12-16T04:00:00+01:00,0.0,126.4,100.0,0.0
2023-12-16T05:00:00+01:00,0.0,120.8,93.6,0.0
2023-12-16T06:00:00+01:00,0.0,183.6,82.7,0.0
2023-12-16T07:00:00+01:00,0.0,302.2,70.5,0.0
2023-12-16T08:00:00+01:00,0.0,368.7,69.7,0.0
2023-12-16T09:00:00+01:00,0.0,353.7,72.1,0.0
2023-12-16T10:00:00+01:00,0.0,351.8,92.2,0.0
2023-12-16T11:00:00+01:00,0.0,368.5,104.9,0.0
2023-12-16T12:00:00+01:00,0.0,367.5,108.6,0.0
2023-12-16T13:00:00+01:00,0.0,366.7,111.7,0.0
2023-12-16T14:00:00+01:00,0.0,366.2,107.8,0.0
2023-12-16T15:00:00+01:00,0.0,349.9,109.9,0.0
2023-12-16T16:00:00+01:00,0.0,396.7,113.8,0.0
2023-12-16T17:00:00+01:00,0.0,406.1,115.0,0.0
2023-12-16T18:00:00+01:00,0.0,416.9,112.0,0.0
2023-12-16T19:00:00+01:00,0.0,404.9,115.4,0.0
2023-12-16T20:00:00+01:00,0.0,400.9,113.9,0.0
2023-12-16T21:00:00+01:00,0.0,348.4,116.9,0.0
2023-12-16T22:00:00+01:00,0.0,302.2,111.6,0.0
2023-12-16T23:00:00+01:00,0.0,286.2,108.5,0.0
2023-12-17T00:00:00+01:00,0.0,125.3,109.3,0.0
2023-12-17T01:00:00+01:00,0.0,118.7,115.3,0.0
2023-12-17T02:00:00+01:00,0.0,118.5,119.0,0.0
2023-12-17T03:00:00+01:00,0.0,114.0,118.9,0.0
2023-12-17T04:00:00+01:00,0.0,114.3,96.2,0.0
2023-12-17T05:00:00+01:00,0.0,122.6,104.4,0.0
2023-12-17T06:00:00+01:00,0.0,119.1,113.7,0.0
2023-12-17T07:00:00+01:00,0.0,125.5,115.3,0.0
2023-12-17T08:00:00+01:00,0.0,290.5,97.2,0.0
2023-12-17T09:00:00+01:00,0.0,340.1,61.1,0.0
2023-12-17T10:00:00+01:00,0.0,341.3,38.3,0.0
2023-12-17T11:00:00+01:00,0.0,324.0,57.5,0.0
2023-12-17T12:00:00+01:00,0.0,308.2,63.2,0.0
2023-12-17T13:00:00+01:00,0.0,317.4,50.0,0.0
2023-12-17T14:00:00+01:00,0.0,389.8,51.5,0.0
2023-12-17T15:00:00+01:00,0.0,377.7,61.8,0.0
2023-12-17T16:00:00+01:00,0.0,419.0,34.6,0.0
2023-12-17T17:00:00+01:00,0.0,462.1,5.3,0.0
2023-12-17T18:00:00+01:00,0.0,473.6,9.5,0.0
2023-12-17T19:00:00+01:00,0.0,472.3,21.1,0.0
2023-12-17T20:00:00+01:00,0.0,463.8,29.9,0.0
2023-12-17T21:00:00+01:00,0.0,432.3,42.5,0.0
2023-12-17T22:00:00+01:00,0.0,414.9,40.4,0.0
2023-12-17T23:00:00+01:00,0.0,369.9,27.5,0.0
2023-12-18T00:00:00+01:00,0.0,313.7,34.2,0.0
2023-12-18T01:00:00+01:00,0.0,303.5,43.8,0.0
2023-12-18T02:00:00+01:00,0.0,317.6,33.3,0.0
2023-12-18T03:00:00+01:00,0.0,315.9,45.9,0.0
2023-12-18T04:00:00+01:00,0.0,302.3,47.0,0.0
2023-12-18T05:00:00+01:00,0.0,318.9,50.5,0.0
2023-12-18T06:00:00+01:00,0.0,365.1,49.1,0.0
2023-12-18T07:00:00+01:00,0.0,371.4,53.0,0.0
2023-12-18T08:00:00+01:00,0.0,359.6,56.0,0.0
2023-12-18T09:00:00+01:00,0.0,356.7,46.9,0.0
2023-12-18T10:00:00+01:00,0.0,345.0,53.1,0.0
2023-12-18T11:00:00+01:00,0.0,337.9,61.0,0.0
2023-12-18T12:00:00+01:00,0.0,337.9,61.0,0.0
2023-12-18T13:00:00+01:00,0.0,351.1,37.4,0.0
2023-12-18T14:00:00+01:00,0.0,347.1,35.1,0.0
2023-12-18T15:00:00+01:00,0.0,348.3,42.5,0.0
2023-12-18T16:00:00+01:00,0.0,450.7,28.3,0.0
2023-12-18T17:00:00+01:00,0.0,446.2,42.1,0.0
2023-12-18T18:00:00+01:00,0.0,417.5,37.5,0.0
2023-12-18T19:00:00+01:00,0.0,413.6,33.7,0.0
2023-12-18T20:00:00+01:00,0.0,406.4,36.3,0.0
2023-12-18T21:00:00+01:00,0.0,376.1,29.2,0.0
2023-12-18T22:00:00+01:00,0.0,369.6,16.1,0.0
2023-12-18T23:00:00+01:00,0.0,345.8,11.9,0.0
2023-12-19T00:00:00+01:00,0.0,279.4,6.4,0.0
2023-12-19T01:00:00+01:00,0.0,233.2,4.9,0.0
2023-12-19T02:00:00+01:00,0.0,195.9,6.5,0.0
2023-12-19T03:00:00+01:00,0.0,194.2,5.8,0.0
2023-12-19T04:00:00+01:00,0.0,192.3,5.0,0.0
2023-12-19T05:00:00+01:00,0.0,202.8,4.2,0.0
2023-12-19T06:00:00+01:00,0.0,275.1,7.5,0.0
2023-12-19T07:00:00+01:00,0.0,339.7,20.1,0.0
2023-12-19T08:00:00+01:00,0.0,374.0,19.1,0.0
2023-12-19T09:00:00+01:00,0.0,378.9,13.7,0.0
2023-12-19T10:00:00+01:00,0.0,362.9,13.2,0.0
2023-12-19T11:00:00+01:00,0.0,350.0,6.0,0.0
2023-12-19T12:00:00+01:00,0.0,335.7,1.7,0.0
2023-12-19T13:00:00+01:00,0.0,326.6,0.9,0.0
2023-12-19T14:00:00+01:00,0.0,321.3,1.4,0.0
2023-12-19T15:00:00+01:00,0.0,339.7,0.5,0.0
2023-12-19T16:00:00+01:00,0.0,432.8,0.9,0.0
2023-12-19T17:00:00+01:00,0.0,447.4,5.0,0.0
2023-12-19T18:00:00+01:00,0.0,444.1,7.7,0.0
2023-12-19T19:00:00+01:00,0.0,449.3,8.3,0.0
2023-12-19T20:00:00+01:00,0.0,447.7,5.7,0.0
2023-12-19T21:00:00+01:00,0.0,386.7,0.9,0.0
2023-12-19T22:00:00+01:00,0.0,370.3,0.1,0.0
2023-12-19T23:00:00+01:00,0.0,345.9,0.5,0.0
2023-12-20T00:00:00+01:00,0.0,291.2,4.1,0.0
2023-12-20T01:00:00+01:00,0.0,239.9,7.5,0.0
2023-12-20T02:00:00+01:00,0.0,211.1,5.5,0.0
2023-12-20T03:00:00+01:00,0.0,207.7,3.8,0.0
2023-12-20T04:00:00+01:00,0.0,210.2,5.1,0.0
2023-12-20T05:00:00+01:00,0.0,269.9,10.9,0.0
2023-12-20T06:00:00+01:00,0.0,327.1,11.7,0.0
2023-12-20T07:00:00+01:00,0.0,339.5,8.6,0.0
2023-12-20T08:00:00+01:00,0.0,376.4,6.4,0.0
2023-12-20T09:00:00+01:00,0.0,380.3,4.0,0.0
2023-12-20T10:00:00+01:00,0.0,367.3,7.1,0.0
2023-12-20T11:00:00+01:00,0.0,349.3,7.0,0.0
2023-12-20T12:00:00+01:00,0.0,339.9,7.4,0.0
2023-12-20T13:00:00+01:00,0.0,342.3,1.4,0.0
2023-12-20T14:00:00+01:00,0.0,294.0,1.6,0.0
2023-12-20T15:00:00+01:00,0.0,387.1,0.2,0.0
2023-12-20T16:00:00+01:00,0.0,459.0,0.0,0.0
2023-12-20T17:00:00+01:00,0.0,461.4,0.0,0.0
2023-12-20T18:00:00+01:00,0.0,430.3,0.0,0.0
2023-12-20T19:00:00+01:00,0.0,417.6,0.7,0.0
2023-12-20T20:00:00+01:00,0.0,410.9,6.7,0.0
2023-12-20T21:00:00+01:00,0.0,388.3,10.6,0.0
2023-12-20T22:00:00+01:00,0.0,360.3,16.4,0.0
2023-12-20T23:00:00+01:00,0.0,317.2,31.3,0.0
2023-12-21T00:00:00+01:00,0.0,265.2,34.7,0.0
2023-12-21T01:00:00+01:00,0.0,201.6,32.0,0.0
2023-12-21T02:00:00+01:00,0.0,168.3,44.0,0.0
2023-12-21T03:00:00+01:00,0.0,143.5,45.3,0.0
2023-12-21T04:00:00+01:00,0.0,151.3,37.5,0.0
2023-12-21T05:00:00+01:00,0.0,174.2,28.1,0.0
2023-12-21T06:00:00+01:00,0.0,280.8,24.8,0.0
2023-12-21T07:00:00+01:00,0.0,312.4,23.9,0.0
2023-12-21T08:00:00+01:00,0.0,354.6,18.2,0.0
2023-12-21T09:00:00+01:00,0.0,365.1,10.1,0.0
2023-12-21T10:00:00+01:00,0.0,363.4,3.1,0.0
2023-12-21T11:00:00+01:00,0.0,345.4,2.7,0.0
2023-12-21T12:00:00+01:00,0.0,329.7,0.0,0.0
2023-12-21T13:00:00+01:00,0.0,322.1,1.6,0.0
2023-12-21T14:00:00+01:00,0.0,326.4,5.2,0.0
2023-12-21T15:00:00+01:00,0.0,340.7,5.5,0.0
2023-12-21T16:00:00+01:00,0.0,385.0,9.3,0.0
2023-12-21T17:00:00+01:00,0.0,401.5,17.1,0.0
2023-12-21T18:00:00+01:00,0.0,396.1,22.7,0.0
2023-12-21T19:00:00+01:00,0.0,389.5,26.3,0.0
2023-12-21T20:00:00+01:00,0.0,384.5,18.6,0.0
2023-12-21T21:00:00+01:00,0.0,370.8,23.0,0.0
2023-12-21T22:00:00+01:00,0.0,346.1,34.2,0.0
2023-12-21T23:00:00+01:00,0.0,318.1,32.8,0.0
2023-12-22T00:00:00+01:00,0.0,241.8,44.8,0.0
2023-12-22T01:00:00+01:00,0.0,195.2,43.4,0.0
2023-12-22T02:00:00+01:00,0.0,165.2,38.3,0.0
2023-12-22T03:00:00+01:00,0.0,152.7,32.9,0.0
2023-12-22T04:00:00+01:00,0.0,121.3,63.2,0.0
2023-12-22T05:00:00+01:00,0.0,159.5,46.3,0.0
2023-12-22T06:00:00+01:00,0.0,231.3,34.1,0.0
2023-12-22T07:00:00+01:00,0.0,296.0,46.7,0.0
2023-12-22T08:00:00+01:00,0.0,332.0,39.3,0.0
2023-12-22T09:00:00+01:00,0.0,354.6,31.0,0.0
2023-12-22T10:00:00+01:00,0.0,368.9,11.7,0.0
2023-12-22T11:00:00+01:00,0.0,366.6,14.5,0.0
2023-12-22T12:00:00+01:00,0.0,348.4,25.9,0.0
2023-12-22T13:00:00+01:00,0.0,328.6,37.3,0.0
2023-12-22T14:00:00+01:00,0.0,317.8,34.5,0.0
2023-12-22T15:00:00+01:00,0.0,328.2,42.0,0.0
2023-12-22T16:00:00+01:00,0.0,410.6,30.0,0.0
2023-12-22T17:00:00+01:00,0.0,444.0,14.4,0.0
2023-12-22T18:00:00+01:00,0.0,439.4,9.8,0.0
2023-12-22T19:00:00+01:00,0.0,403.4,0.1,0.0
2023-12-22T20:00:00+01:00,0.0,387.5,0.2,0.0
2023-12-22T21:00:00+01:00,0.0,362.3,6.2,0.0
2023-12-22T22:00:00+01:00,0.0,340.4,12.3,0.0
2023-12-22T23:00:00+01:00,0.0,323.8,10.0,0.0
2023-12-23T00:00:00+01:00,0.0,74.5,12.0,0.0
2023-12-23T01:00:00+01:00,0.0,48.8,30.5,0.0
2023-12-23T02:00:00+01:00,0.0,42.1,27.9,0.0
2023-12-23T03:00:00+01:00,0.0,43.1,31.6,0.0
2023-12-23T04:00:00+01:00,0.0,40.0,38.3,0.0
2023-12-23T05:00:00+01:00,0.0,45.5,35.2,0.0
2023-12-23T06:00:00+01:00,0.0,107.8,24.5,0.0
2023-12-23T07:00:00+01:00,0.0,110.6,16.6,0.0
2023-12-23T08:00:00+01:00,0.0,189.2,10.9,0.0
2023-12-23T09:00:00+01:00,0.0,213.9,8.8,0.0
2023-12-23T10:00:00+01:00,0.0,164.9,8.8,0.0
2023-12-23T11:00:00+01:00,0.0,152.6,11.2,0.0
2023-12-23T12:00:00+01:00,0.0,111.4,13.5,0.0
2023-12-23T13:00:00+01:00,0.0,130.6,24.3,0.0
2023-12-23T14:00:00+01:00,0.0,222.9,22.1,0.0
2023-12-23T15:00:00+01:00,0.0,225.8,27.0,0.0
2023-12-23T16:00:00+01:00,0.0,269.1,37.4,0.0
2023-12-23T17:00:00+01:00,0.0,270.2,29.7,0.0
2023-12-23T18:00:00+01:00,0.0,275.7,26.4,0.0
2023-12-23T19:00:00+01:00,0.0,275.5,25.1,0.0
2023-12-23T20:00:00+01:00,0.0,274.1,16.0,0.0
2023-12-23T21:00:00+01:00,0.0,268.3,5.2,0.0
2023-12-23T22:00:00+01:00,0.0,256.0,8.4,0.0
2023-12-23T23:00:00+01:00,0.0,219.9,7.9,0.0
2023-12-24T00:00:00+01:00,0.0,146.7,10.2,0.0
2023-12-24T01:00:00+01:00,0.0,111.0,10.5,0.0
2023-12-24T02:00:00+01:00,0.0,40.1,10.2,0.0
2023-12-24T03:00:00+01:00,0.0,37.4,8.5,0.0
2023-12-24T04:00:00+01:00,0.0,35.2,6.5,0.0
2023-12-24T05:00:00+01:00,0.0,33.5,14.6,0.0
2023-12-24T06:00:00+01:00,0.0,105.1,14.6,0.0
2023-12-24T07:00:00+01:00,0.0,103.7,21.6,0.0
2023-12-24T08:00:00+01:00,0.0,145.8,18.4,0.0
2023-12-24T09:00:00+01:00,0.0,152.4,9.8,0.0
2023-12-24T10:00:00+01:00,0.0,161.8,8.3,0.0
2023-12-24T11:00:00+01:00,0.0,157.1,11.7,0.0
2023-12-24T12:00:00+01:00,0.0,154.0,10.2,0.0
2023-12-24T13:00:00+01:00,0.0,145.9,10.3,0.0
2023-12-24T14:00:00+01:00,0.0,160.6,9.8,0.0
2023-12-24T15:00:00+01:00,0.0,241.8,9.9,0.0
2023-12-24T16:00:00+01:00,0.0,287.2,6.4,0.0
2023-12-24T17:00:00+01:00,0.0,314.1,4.5,0.0
2023-12-24T18:00:00+01:00,0.0,308.7,1.4,0.0
2023-12-24T19:00:00+01:00,0.0,311.9,4.3,0.0
2023-12-24T20:00:00+01:00,0.0,295.0,8.7,0.0
2023-12-24T21:00:00+01:00,0.0,282.2,16.4,0.0
2023-12-24T22:00:00+01:00,0.0,251.5,17.4,0.0
2023-12-24T23:00:00+01:00,0.0,224.4,11.5,0.0
2023-12-25T00:00:00+01:00,0.0,178.3,8.4,0.0
2023-12-25T01:00:00+01:00,0.0,132.8,6.2,0.0
2023-12-25T02:00:00+01:00,0.0,107.1,4.5,0.0
2023-12-25T03:00:00+01:00,0.0,87.3,2.0,0.0
2023-12-25T04:00:00+01:00,0.0,86.7,2.1,0.0
2023-12-25T05:00:00+01:00,0.0,106.7,0.7,0.0
2023-12-25T06:00:00+01:00,0.0,174.4,1.7,0.0
2023-12-25T07:00:00+01:00,0.0,238.4,4.3,0.0
2023-12-25T08:00:00+01:00,0.0,276.7,5.4,0.0
2023-12-25T09:00:00+01:00,0.0,283.4,4.0,0.0
2023-12-25T10:00:00+01:00,0.0,165.1,5.0,0.0
2023-12-25T11:00:00+01:00,0.0,127.3,4.4,0.0
2023-12-25T12:00:00+01:00,0.0,121.8,5.8,0.0
2023-12-25T13:00:00+01:00,0.0,202.1,4.6,0.0
2023-12-25T14:00:00+01:00,0.0,219.1,4.4,0.0
2023-12-25T15:00:00+01:00,0.0,234.5,1.8,0.0
2023-12-25T16:00:00+01:00,0.0,277.1,5.9,0.0
2023-12-25T17:00:00+01:00,0.0,300.1,6.7,0.0
2023-12-25T18:00:00+01:00,0.0,300.7,0.4,0.0
2023-12-25T19:00:00+01:00,0.0,303.5,1.4,0.0
2023-12-25T20:00:00+01:00,0.0,296.3,1.9,0.0
2023-12-25T21:00:00+01:00,0.0,279.7,3.3,0.0
2023-12-25T22:00:00+01:00,0.0,266.5,2.0,0.0
2023-12-25T23:00:00+01:00,0.0,240.1,0.2,0.0
2023-12-26T00:00:00+01:00,0.0,192.0,0.1,0.0
2023-12-26T01:00:00+01:00,0.0,142.0,0.0,0.0
2023-12-26T02:00:00+01:00,0.0,78.3,0.0,0.0
2023-12-26T03:00:00+01:00,0.0,64.0,1.4,0.0
2023-12-26T04:00:00+01:00,0.0,69.2,1.1,0.0
2023-12-26T05:00:00+01:00,0.0,75.0,1.7,0.0
2023-12-26T06:00:00+01:00,0.0,142.5,5.2,0.0
2023-12-26T07:00:00+01:00,0.0,216.2,12.3,0.0
2023-12-26T08:00:00+01:00,0.0,269.2,12.1,0.0
2023-12-26T09:00:00+01:00,0.0,280.9,14.8,0.0
2023-12-26T10:00:00+01:00,0.0,240.8,17.0,0.0
2023-12-26T11:00:00+01:00,0.0,173.9,17.9,0.0
2023-12-26T12:00:00+01:00,0.0,175.6,24.0,0.0
2023-12-26T13:00:00+01:00,0.0,183.2,23.0,0.0
2023-12-26T14:00:00+01:00,0.0,209.3,20.6,0.0
2023-12-26T15:00:00+01:00,0.0,256.2,12.2,0.0
2023-12-26T16:00:00+01:00,0.0,277.0,12.6,0.0
2023-12-26T17:00:00+01:00,0.0,302.8,7.7,0.0
2023-12-26T18:00:00+01:00,0.0,306.6,3.9,0.0
2023-12-26T19:00:00+01:00,0.0,305.3,0.6,0.0
2023-12-26T20:00:00+01:00,0.0,298.3,0.0,0.0
2023-12-26T21:00:00+01:00,0.0,286.0,0.0,0.0
2023-12-26T22:00:00+01:00,0.0,266.8,0.0,0.0
2023-12-26T23:00:00+01:00,0.0,245.4,0.0,0.0
2023-12-27T00:00:00+01:00,0.0,197.2,0.0,0.0
2023-12-27T01:00:00+01:00,0.0,141.0,0.8,0.0
2023-12-27T02:00:00+01:00,0.0,107.6,9.0,0.0
2023-12-27T03:00:00+01:00,0.0,70.3,12.4,0.0
2023-12-27T04:00:00+01:00,0.0,72.0,17.1,0.0
2023-12-27T05:00:00+01:00,0.0,93.0,21.5,0.0
2023-12-27T06:00:00+01:00,0.0,165.0,14.7,0.0
2023-12-27T07:00:00+01:00,0.0,231.9,10.3,0.0
2023-12-27T08:00:00+01:00,0.0,266.1,7.5,0.0
2023-12-27T09:00:00+01:00,0.0,272.4,4.2,0.0
2023-12-27T10:00:00+01:00,0.0,257.0,0.8,0.0
2023-12-27T11:00:00+01:00,0.0,185.5,1.8,0.0
2023-12-27T12:00:00+01:00,0.0,179.9,0.1,0.0
2023-12-27T13:00:00+01:00,0.0,161.4,0.0,0.0
2023-12-27T14:00:00+01:00,0.0,189.1,0.3,0.0
2023-12-27T15:00:00+01:00,0.0,237.2,0.8,0.0
2023-12-27T16:00:00+01:00,0.0,278.6,1.1,0.0
2023-12-27T17:00:00+01:00,0.0,304.2,0.3,0.0
2023-12-27T18:00:00+01:00,0.0,307.2,0.0,0.0
2023-12-27T19:00:00+01:00,0.0,301.8,0.0,0.0
2023-12-27T20:00:00+01:00,0.0,298.8,1.6,0.0
2023-12-27T21:00:00+01:00,0.0,284.0,4.4,0.0
2023-12-27T22:00:00+01:00,0.0,266.0,4.5,0.0
2023-12-27T23:00:00+01:00,0.0,242.2,1.1,0.0
2023-12-28T00:00:00+01:00,0.0,136.2,0.7,0.0
2023-12-28T01:00:00+01:00,0.0,57.0,0.1,0.0
2023-12-28T02:00:00+01:00,0.0,29.7,0.7,0.0
2023-12-28T03:00:00+01:00,0.0,27.4,0.5,0.0
2023-12-28T04:00:00+01:00,0.0,31.3,0.2,0.0
2023-12-28T05:00:00+01:00,0.0,39.6,0.2,0.0
2023-12-28T06:00:00+01:00,0.0,90.1,0.0,0.0
2023-12-28T07:00:00+01:00,0.0,242.1,0.2,0.0
2023-12-28T08:00:00+01:00,0.0,273.2,1.7,0.0
2023-12-28T09:00:00+01:00,0.0,275.6,3.5,0.0
2023-12-28T10:00:00+01:00,0.0,153.5,4.2,0.0
2023-12-28T11:00:00+01:00,0.0,48.0,6.4,0.0
2023-12-28T12:00:00+01:00,0.0,55.5,6.1,0.0
2023-12-28T13:00:00+01:00,0.0,149.2,3.7,0.0
2023-12-28T14:00:00+01:00,0.0,183.1,3.5,0.0
2023-12-28T15:00:00+01:00,0.0,236.9,4.5,0.0
2023-12-28T16:00:00+01:00,0.0,281.2,2.0,0.0
2023-12-28T17:00:00+01:00,0.0,308.3,1.4,0.0
2023-12-28T18:00:00+01:00,0.0,311.5,2.5,0.0
2023-12-28T19:00:00+01:00,0.0,306.4,5.7,0.0
2023-12-28T20:00:00+01:00,0.0,301.6,4.7,0.0
2023-12-28T21:00:00+01:00,0.0,279.8,11.7,0.0
2023-12-28T22:00:00+01:00,0.0,203.3,8.3,0.0
2023-12-28T23:00:00+01:00,0.0,190.4,8.4,0.0
2023-12-29T00:00:00+01:00,0.0,196.5,6.9,0.0
2023-12-29T01:00:00+01:00,0.0,146.5,6.3,0.0
2023-12-29T02:00:00+01:00,0.0,121.3,6.9,0.0
2023-12-29T03:00:00+01:00,0.0,103.9,10.0,0.0
2023-12-29T04:00:00+01:00,0.0,101.4,4.8,0.0
2023-12-29T05:00:00+01:00,0.0,118.5,11.1,0.0
2023-12-29T06:00:00+01:00,0.0,179.3,9.3,0.0
2023-12-29T07:00:00+01:00,0.0,235.2,9.2,0.0
2023-12-29T08:00:00+01:00,0.0,285.4,5.4,0.0
2023-12-29T09:00:00+01:00,0.0,299.2,3.5,0.0
2023-12-29T10:00:00+01:00,0.0,294.1,1.8,0.0
2023-12-29T11:00:00+01:00,0.0,227.3,2.7,0.0
2023-12-29T12:00:00+01:00,0.0,173.5,2.7,0.0
2023-12-29T13:00:00+01:00,0.0,264.3,1.9,0.0
2023-12-29T14:00:00+01:00,0.0,262.4,1.4,0.0
2023-12-29T15:00:00+01:00,0.0,271.1,0.2,0.0
2023-12-29T16:00:00+01:00,0.0,303.1,0.0,0.0
2023-12-29T17:00:00+01:00,0.0,316.0,0.0,0.0
2023-12-29T18:00:00+01:00,0.0,314.5,0.0,0.0
2023-12-29T19:00:00+01:00,0.0,312.3,0.0,0.0
2023-12-29T20:00:00+01:00,0.0,302.6,0.0,0.0
2023-12-29T21:00:00+01:00,0.0,288.4,0.5,0.0
2023-12-29T22:00:00+01:00,0.0,275.0,0.1,0.0
2023-12-29T23:00:00+01:00,0.0,255.3,0.1,0.0
2023-12-30T00:00:00+01:00,0.0,212.3,0.0,0.0
2023-12-30T01:00:00+01:00,0.0,165.4,0.0,0.0
2023-12-30T02:00:00+01:00,0.0,110.7,0.0,0.0
2023-12-30T03:00:00+01:00,0.0,88.6,1.4,0.0
2023-12-30T04:00:00+01:00,0.0,37.8,0.3,0.0
2023-12-30T05:00:00+01:00,0.0,59.7,0.0,0.0
2023-12-30T06:00:00+01:00,0.0,140.7,0.0,0.0
2023-12-30T07:00:00+01:00,0.0,209.5,0.1,0.0
2023-12-30T08:00:00+01:00,0.0,254.9,0.2,0.0
2023-12-30T09:00:00+01:00,0.0,290.9,0.0,0.0
2023-12-30T10:00:00+01:00,0.0,288.2,0.2,0.0
2023-12-30T11:00:00+01:00,0.0,271.5,0.0,0.0
2023-12-30T12:00:00+01:00,0.0,261.2,0.1,0.0
2023-12-30T13:00:00+01:00,0.0,235.5,7.5,0.0
2023-12-30T14:00:00+01:00,0.0,228.3,5.7,0.0
2023-12-30T15:00:00+01:00,0.0,202.7,8.8,0.0
2023-12-30T16:00:00+01:00,0.0,296.7,12.7,0.0
2023-12-30T17:00:00+01:00,0.0,315.5,11.0,0.0
2023-12-30T18:00:00+01:00,0.0,318.2,1.8,0.0
2023-12-30T19:00:00+01:00,0.0,313.3,5.3,0.0
2023-12-30T20:00:00+01:00,0.0,309.4,7.6,0.0
2023-12-30T21:00:00+01:00,0.0,295.4,4.7,0.0
2023-12-30T22:00:00+01:00,0.0,222.8,2.1,0.0
2023-12-30T23:00:00+01:00,0.0,186.3,0.5,0.0
2023-12-31T00:00:00+01:00,0.0,217.5,0.0,0.0
2023-12-31T01:00:00+01:00,0.0,176.3,0.0,0.0
2023-12-31T02:00:00+01:00,0.0,110.8,0.0,0.0
2023-12-31T03:00:00+01:00,0.0,79.1,0.0,0.0
2023-12-31T04:00:00+01:00,0.0,73.0,0.0,0.0
2023-12-31T05:00:00+01:00,0.0,82.0,0.0,0.0
2023-12-31T06:00:00+01:00,0.0,92.2,1.0,0.0
2023-12-31T07:00:00+01:00,0.0,153.6,4.0,0.0
2023-12-31T08:00:00+01:00,0.0,228.9,8.1,0.0
2023-12-31T09:00:00+01:00,0.0,273.4,4.2,0.0
2023-12-31T10:00:00+01:00,0.0,291.2,7.2,0.0
2023-12-31T11:00:00+01:00,0.0,294.2,10.1,0.0
2023-12-31T12:00:00+01:00,0.0,283.6,18.6,0.0
2023-12-31T13:00:00+01:00,0.0,281.8,7.4,0.0
2023-12-31T14:00:00+01:00,0.0,281.9,0.0,0.0
2023-12-31T15:00:00+01:00,0.0,289.9,0.0,0.0
2023-12-31T16:00:00+01:00,0.0,320.5,0.6,0.0
2023-12-31T17:00:00+01:00,0.0,341.2,3.1,0.0
2023-12-31T18:00:00+01:00,0.0,335.3,5.3,0.0
2023-12-31T19:00:00+01:00,0.0,305.2,15.5,0.0
2023-12-31T20:00:00+01:00,0.0,268.0,25.0,0.0
2023-12-31T21:00:00+01:00,0.0,230.2,35.6,0.0
2023-12-31T22:00:00+01:00,0.0,199.4,35.7,0.0
2023-12-31T23:00:00+01:00,0.0,175.7,41.9,0.0
2024-01-01T00:00:00+01:00,0.0,136.3,53.2,0.0
2024-01-01T01:00:00+01:00,0.0,112.4,59.7,0.0
2024-01-01T02:00:00+01:00,0.0,72.2,65.1,0.0
2024-01-01T03:00:00+01:00,0.0,0.5,83.8,0.0
2024-01-01T04:00:00+01:00,0.0,0.0,92.8,0.0
2024-01-01T05:00:00+01:00,0.0,0.0,89.9,0.0
2024-01-01T06:00:00+01:00,0.0,0.9,98.1,0.0
2024-01-01T07:00:00+01:00,0.0,26.7,105.5,0.0
2024-01-01T08:00:00+01:00,0.0,41.2,116.2,0.0
2024-01-01T09:00:00+01:00,0.0,94.0,112.1,0.0
2024-01-01T10:00:00+01:00,0.0,109.4,115.1,0.0
2024-01-01T11:00:00+01:00,0.0,119.6,111.5,0.0
2024-01-01T12:00:00+01:00,0.0,117.9,111.0,0.0
2024-01-01T13:00:00+01:00,0.0,129.8,104.5,0.0
2024-01-01T14:00:00+01:00,0.0,117.0,96.7,0.0
2024-01-01T15:00:00+01:00,0.0,112.2,96.6,0.0
2024-01-01T16:00:00+01:00,0.0,140.3,94.7,0.0
2024-01-01T17:00:00+01:00,0.0,195.4,77.3,0.0
2024-01-01T18:00:00+01:00,0.0,217.5,71.5,0.0
2024-01-01T19:00:00+01:00,0.0,218.6,80.2,0.0
2024-01-01T20:00:00+01:00,0.0,228.4,64.2,0.0
2024-01-01T21:00:00+01:00,0.0,215.3,21.6,0.0
2024-01-01T22:00:00+01:00,0.0,205.7,16.2,0.0
2024-01-01T23:00:00+01:00,0.0,204.9,16.4,0.0
2024-01-02T00:00:00+01:00,0.0,101.8,41.1,0.0
2024-01-02T01:00:00+01:00,0.0,45.2,47.3,0.0
2024-01-02T02:00:00+01:00,0.0,31.1,39.0,0.0
2024-01-02T03:00:00+01:00,0.0,10.0,34.2,0.0
2024-01-02T04:00:00+01:00,0.0,9.9,27.1,0.0
2024-01-02T05:00:00+01:00,0.0,9.9,23.3,0.0
2024-01-02T06:00:00+01:00,0.0,10.5,8.3,0.0
2024-01-02T07:00:00+01:00,0.0,103.9,4.5,0.0
2024-01-02T08:00:00+01:00,0.0,209.1,1.8,0.0
2024-01-02T09:00:00+01:00,0.0,244.3,8.4,0.0
2024-01-02T10:00:00+01:00,0.0,248.6,8.9,0.0
2024-01-02T11:00:00+01:00,0.0,236.2,12.8,0.0
2024-01-02T12:00:00+01:00,0.0,228.4,19.3,0.0
2024-01-02T13:00:00+01:00,0.0,205.5,29.3,0.0
2024-01-02T14:00:00+01:00,0.0,207.9,45.5,0.0
2024-01-02T15:00:00+01:00,0.0,220.8,47.0,0.0
2024-01-02T16:00:00+01:00,0.0,264.7,38.8,0.0
2024-01-02T17:00:00+01:00,0.0,267.7,44.0,0.0
2024-01-02T18:00:00+01:00,0.0,284.7,36.8,0.0
2024-01-02T19:00:00+01:00,0.0,290.7,33.0,0.0
2024-01-02T20:00:00+01:00,0.0,273.2,33.2,0.0
2024-01-02T21:00:00+01:00,0.0,259.1,33.1,0.0
2024-01-02T22:00:00+01:00,0.0,169.5,41.2,0.0
2024-01-02T23:00:00+01:00,0.0,197.2,49.4,0.0
2024-01-03T00:00:00+01:00,0.0,107.5,55.3,0.0
2024-01-03T01:00:00+01:00,0.0,24.1,83.2,0.0
2024-01-03T02:00:00+01:00,0.0,0.0,92.9,0.0
2024-01-03T03:00:00+01:00,0.0,0.0,112.7,0.0
2024-01-03T04:00:00+01:00,0.0,0.0,116.6,0.0
2024-01-03T05:00:00+01:00,0.0,0.0,109.7,0.0
2024-01-03T06:00:00+01:00,0.0,1.0,109.2,0.0
2024-01-03T07:00:00+01:00,0.0,126.5,96.9,0.0
2024-01-03T08:00:00+01:00,0.0,189.3,75.5,0.0
2024-01-03T09:00:00+01:00,0.0,233.1,59.7,0.0
2024-01-03T10:00:00+01:00,0.0,198.7,55.5,0.0
2024-01-03T11:00:00+01:00,0.0,191.5,55.1,0.0
2024-01-03T12:00:00+01:00,0.0,198.1,47.1,0.0
2024-01-03T13:00:00+01:00,0.0,187.1,53.7,0.0
2024-01-03T14:00:00+01:00,0.0,237.1,64.5,0.0
2024-01-03T15:00:00+01:00,0.0,252.8,49.7,0.0
2024-01-03T16:00:00+01:00,0.0,273.0,50.0,0.0
2024-01-03T17:00:00+01:00,0.0,291.5,48.2,0.0
2024-01-03T18:00:00+01:00,0.0,287.4,64.0,0.0
2024-01-03T19:00:00+01:00,0.0,272.3,78.6,0.0
2024-01-03T20:00:00+01:00,0.0,244.1,82.2,0.0
2024-01-03T21:00:00+01:00,0.0,191.8,88.3,0.0
2024-01-03T22:00:00+01:00,0.0,126.8,82.3,0.0
2024-01-03T23:00:00+01:00,0.0,151.4,82.5,0.0
2024-01-04T00:00:00+01:00,0.0,29.9,103.0,0.0
2024-01-04T01:00:00+01:00,0.0,0.0,108.4,0.0
2024-01-04T02:00:00+01:00,0.0,0.0,114.7,0.0
2024-01-04T03:00:00+01:00,0.0,0.0,116.6,0.0
2024-01-04T04:00:00+01:00,0.0,0.0,117.3,0.0
2024-01-04T05:00:00+01:00,0.0,0.0,115.9,0.0
2024-01-04T06:00:00+01:00,0.0,1.0,114.7,0.0
2024-01-04T07:00:00+01:00,0.0,101.6,112.7,0.0
2024-01-04T08:00:00+01:00,0.0,161.0,115.4,0.0
2024-01-04T09:00:00+01:00,0.0,195.8,113.5,0.0
2024-01-04T10:00:00+01:00,0.0,191.2,113.0,0.0
2024-01-04T11:00:00+01:00,0.0,177.8,114.9,0.0
2024-01-04T12:00:00+01:00,0.0,180.8,113.3,0.0
2024-01-04T13:00:00+01:00,0.0,196.2,78.9,0.0
2024-01-04T14:00:00+01:00,0.0,221.4,35.5,0.0
2024-01-04T15:00:00+01:00,0.0,246.0,20.7,0.0
2024-01-04T16:00:00+01:00,0.0,279.2,19.9,0.0
2024-01-04T17:00:00+01:00,0.0,300.1,14.7,0.0
2024-01-04T18:00:00+01:00,0.0,306.8,8.6,0.0
2024-01-04T19:00:00+01:00,0.0,304.2,9.6,0.0
2024-01-04T20:00:00+01:00,0.0,283.7,21.4,0.0
2024-01-04T21:00:00+01:00,0.0,277.9,10.9,0.0
2024-01-04T22:00:00+01:00,0.0,277.8,8.3,0.0
2024-01-04T23:00:00+01:00,0.0,264.0,8.5,0.0
2024-01-05T00:00:00+01:00,0.0,219.4,3.2,0.0
2024-01-05T01:00:00+01:00,0.0,165.4,6.8,0.0
2024-01-05T02:00:00+01:00,0.0,33.7,7.6,0.0
2024-01-05T03:00:00+01:00,0.0,28.8,13.9,0.0
2024-01-05T04:00:00+01:00,0.0,27.8,9.3,0.0
2024-01-05T05:00:00+01:00,0.0,39.8,8.3,0.0
2024-01-05T06:00:00+01:00,0.0,150.2,23.1,0.0
2024-01-05T07:00:00+01:00,0.0,182.8,37.2,0.0
2024-01-05T08:00:00+01:00,0.0,237.5,27.8,0.0
2024-01-05T09:00:00+01:00,0.0,248.2,32.1,0.0
2024-01-05T10:00:00+01:00,0.0,254.9,32.2,0.0
2024-01-05T11:00:00+01:00,0.0,252.5,39.7,0.0
2024-01-05T12:00:00+01:00,0.0,261.3,42.6,0.0
2024-01-05T13:00:00+01:00,0.0,236.6,46.0,0.0
2024-01-05T14:00:00+01:00,0.0,233.1,51.8,0.0
2024-01-05T15:00:00+01:00,0.0,225.7,69.9,0.0
2024-01-05T16:00:00+01:00,0.0,248.0,73.4,0.0
2024-01-05T17:00:00+01:00,0.0,237.7,89.6,0.0
2024-01-05T18:00:00+01:00,0.0,234.0,90.0,0.0
2024-01-05T19:00:00+01:00,0.0,245.1,81.7,0.0
2024-01-05T20:00:00+01:00,0.0,225.3,88.5,0.0
2024-01-05T21:00:00+01:00,0.0,216.4,84.3,0.0
2024-01-05T22:00:00+01:00,0.0,199.9,86.3,0.0
2024-01-05T23:00:00+01:00,0.0,183.5,91.8,0.0
2024-01-06T00:00:00+01:00,0.0,138.9,90.5,0.0
2024-01-06T01:00:00+01:00,0.0,79.6,102.5,0.0
2024-01-06T02:00:00+01:00,0.0,48.2,110.3,0.0
2024-01-06T03:00:00+01:00,0.0,52.4,114.4,0.0
2024-01-06T04:00:00+01:00,0.0,41.6,115.8,0.0
2024-01-06T05:00:00+01:00,0.0,52.5,111.9,0.0
2024-01-06T06:00:00+01:00,0.0,67.2,88.3,0.0
2024-01-06T07:00:00+01:00,0.0,101.2,95.7,0.0
2024-01-06T08:00:00+01:00,0.0,137.8,94.7,0.0
2024-01-06T09:00:00+01:00,0.0,165.2,106.7,0.0
2024-01-06T10:00:00+01:00,0.0,185.0,115.5,0.0
2024-01-06T11:00:00+01:00,0.0,181.1,116.9,0.0
2024-01-06T12:00:00+01:00,0.0,178.6,118.7,0.0
2024-01-06T13:00:00+01:00,0.0,168.8,118.5,0.0
2024-01-06T14:00:00+01:00,0.0,169.5,116.3,0.0
2024-01-06T15:00:00+01:00,0.0,171.6,110.8,0.0
2024-01-06T16:00:00+01:00,0.0,186.4,107.9,0.0
2024-01-06T17:00:00+01:00,0.0,200.1,103.8,0.0
2024-01-06T18:00:00+01:00,0.0,207.3,86.3,0.0
2024-01-06T19:00:00+01:00,0.0,200.1,93.2,0.0
2024-01-06T20:00:00+01:00,0.0,205.6,79.5,0.0
2024-01-06T21:00:00+01:00,0.0,208.8,80.0,0.0
2024-01-06T22:00:00+01:00,0.0,207.7,72.1,0.0
2024-01-06T23:00:00+01:00,0.0,175.9,62.6,0.0
2024-01-07T00:00:00+01:00,0.0,99.1,52.3,0.0
2024-01-07T01:00:00+01:00,0.0,101.9,38.2,0.0
2024-01-07T02:00:00+01:00,0.0,91.1,45.2,0.0
2024-01-07T03:00:00+01:00,0.0,77.9,42.0,0.0
2024-01-07T04:00:00+01:00,0.0,88.4,41.4,0.0
2024-01-07T05:00:00+01:00,0.0,96.8,38.1,0.0
2024-01-07T06:00:00+01:00,0.0,128.2,19.7,0.0
2024-01-07T07:00:00+01:00,0.0,120.1,32.0,0.0
2024-01-07T08:00:00+01:00,0.0,156.6,20.2,0.0
2024-01-07T09:00:00+01:00,0.0,215.6,14.7,0.0
2024-01-07T10:00:00+01:00,0.0,236.3,6.3,0.0
2024-01-07T11:00:00+01:00,0.0,237.7,5.2,0.0
2024-01-07T12:00:00+01:00,0.0,229.5,2.8,0.0
2024-01-07T13:00:00+01:00,0.0,198.2,6.1,0.0
2024-01-07T14:00:00+01:00,0.0,213.2,2.3,0.0
2024-01-07T15:00:00+01:00,0.0,217.5,2.0,0.0
2024-01-07T16:00:00+01:00,0.0,240.7,7.0,0.0
2024-01-07T17:00:00+01:00,0.0,250.7,16.9,0.0
2024-01-07T18:00:00+01:00,0.0,278.3,30.4,0.0
2024-01-07T19:00:00+01:00,0.0,246.4,30.3,0.0
2024-01-07T20:00:00+01:00,0.0,237.5,40.6,0.0
2024-01-07T21:00:00+01:00,0.0,223.3,54.5,0.0
2024-01-07T22:00:00+01:00,0.0,209.5,60.0,0.0
2024-01-07T23:00:00+01:00,0.0,190.4,47.5,0.0
2024-01-08T00:00:00+01:00,0.0,162.7,26.1,0.0
2024-01-08T01:00:00+01:00,0.0,77.5,36.3,0.0
2024-01-08T02:00:00+01:00,0.0,58.1,58.8,0.0
2024-01-08T03:00:00+01:00,0.0,51.3,57.7,0.0
2024-01-08T04:00:00+01:00,0.0,54.1,45.8,0.0
2024-01-08T05:00:00+01:00,0.0,84.3,53.2,0.0
2024-01-08T06:00:00+01:00,0.0,110.0,45.7,0.0
2024-01-08T07:00:00+01:00,0.0,151.3,40.3,0.0
2024-01-08T08:00:00+01:00,0.0,207.5,28.5,0.0
2024-01-08T09:00:00+01:00,0.0,249.3,23.1,0.0
2024-01-08T10:00:00+01:00,0.0,266.3,21.0,0.0
2024-01-08T11:00:00+01:00,0.0,264.1,28.6,0.0
2024-01-08T12:00:00+01:00,0.0,267.8,29.1,0.0
2024-01-08T13:00:00+01:00,0.0,263.4,35.3,0.0
2024-01-08T14:00:00+01:00,0.0,255.9,45.1,0.0
2024-01-08T15:00:00+01:00,0.0,248.9,56.6,0.0
2024-01-08T16:00:00+01:00,0.0,247.4,72.3,0.0
2024-01-08T17:00:00+01:00,0.0,259.8,77.3,0.0
2024-01-08T18:00:00+01:00,0.0,252.5,87.0,0.0
2024-01-08T19:00:00+01:00,0.0,260.7,86.9,0.0
2024-01-08T20:00:00+01:00,0.0,244.6,87.4,0.0
2024-01-08T21:00:00+01:00,0.0,237.7,95.6,0.0
2024-01-08T22:00:00+01:00,0.0,238.2,97.5,0.0
2024-01-08T23:00:00+01:00,0.0,231.6,97.3,0.0
2024-01-09T00:00:00+01:00,0.0,137.1,97.9,0.0
2024-01-09T01:00:00+01:00,0.0,96.2,97.7,0.0
2024-01-09T02:00:00+01:00,0.0,74.0,102.0,0.0
2024-01-09T03:00:00+01:00,0.0,68.2,102.0,0.0
2024-01-09T04:00:00+01:00,0.0,71.1,107.4,0.0
2024-01-09T05:00:00+01:00,0.0,69.9,109.5,0.0
2024-01-09T06:00:00+01:00,0.0,101.5,104.2,0.0
2024-01-09T07:00:00+01:00,0.0,163.0,101.9,0.0
2024-01-09T08:00:00+01:00,0.0,215.3,95.6,0.0
2024-01-09T09:00:00+01:00,0.0,234.0,100.5,0.0
2024-01-09T10:00:00+01:00,0.0,249.2,106.0,0.0
2024-01-09T11:00:00+01:00,0.0,235.9,105.8,0.0
2024-01-09T12:00:00+01:00,0.0,216.7,106.2,0.0
2024-01-09T13:00:00+01:00,0.0,212.1,103.2,0.0
2024-01-09T14:00:00+01:00,0.0,211.2,102.5,0.0
2024-01-09T15:00:00+01:00,0.0,222.7,103.2,0.0
2024-01-09T16:00:00+01:00,0.0,387.6,109.4,0.0
2024-01-09T17:00:00+01:00,0.0,411.9,101.2,0.0
2024-01-09T18:00:00+01:00,0.0,359.0,97.1,0.0
2024-01-09T19:00:00+01:00,0.0,420.0,97.6,0.0
2024-01-09T20:00:00+01:00,0.0,337.7,94.9,0.0
2024-01-09T21:00:00+01:00,0.0,257.7,93.8,0.0
2024-01-09T22:00:00+01:00,0.0,247.2,83.7,0.0
2024-01-09T23:00:00+01:00,0.0,234.6,72.7,0.0
2024-01-10T00:00:00+01:00,0.0,202.4,71.9,0.0
2024-01-10T01:00:00+01:00,0.0,93.3,70.1,0.0
2024-01-10T02:00:00+01:00,0.0,92.7,67.7,0.0
2024-01-10T03:00:00+01:00,0.0,89.2,61.0,0.0
2024-01-10T04:00:00+01:00,0.0,87.3,59.3,0.0
2024-01-10T05:00:00+01:00,0.0,120.3,55.7,0.0
2024-01-10T06:00:00+01:00,0.0,183.9,52.5,0.0
2024-01-10T07:00:00+01:00,0.0,380.3,56.6,0.0
2024-01-10T08:00:00+01:00,0.0,369.1,61.7,0.0
2024-01-10T09:00:00+01:00,0.0,379.3,54.9,0.0
2024-01-10T10:00:00+01:00,0.0,419.4,53.4,0.0
2024-01-10T11:00:00+01:00,0.0,410.4,49.5,0.0
2024-01-10T12:00:00+01:00,0.0,400.5,46.2,0.0
2024-01-10T13:00:00+01:00,0.0,407.4,38.1,0.0
2024-01-10T14:00:00+01:00,0.0,425.9,43.1,0.0
2024-01-10T15:00:00+01:00,0.0,489.0,35.0,0.0
2024-01-10T16:00:00+01:00,0.0,497.6,35.7,0.0
2024-01-10T17:00:00+01:00,0.0,491.6,43.2,0.0
2024-01-10T18:00:00+01:00,0.0,484.3,41.0,0.0
2024-01-10T19:00:00+01:00,0.0,488.3,40.3,0.0
2024-01-10T20:00:00+01:00,0.0,438.7,41.6,0.0
2024-01-10T21:00:00+01:00,0.0,328.8,49.0,0.0
2024-01-10T22:00:00+01:00,0.0,310.4,49.5,0.0
2024-01-10T23:00:00+01:00,0.0,289.6,43.4,0.0
2024-01-11T00:00:00+01:00,0.0,238.8,43.7,0.0
2024-01-11T01:00:00+01:00,0.0,79.2,45.2,0.0
2024-01-11T02:00:00+01:00,0.0,75.1,39.9,0.0
2024-01-11T03:00:00+01:00,0.0,83.0,29.1,0.0
2024-01-11T04:00:00+01:00,0.0,91.9,15.3,0.0
2024-01-11T05:00:00+01:00,0.0,89.2,17.9,0.0
2024-01-11T06:00:00+01:00,0.0,217.3,18.9,0.0
2024-01-11T07:00:00+01:00,0.0,335.9,14.8,0.0
2024-01-11T08:00:00+01:00,0.0,405.1,9.1,0.0
2024-01-11T09:00:00+01:00,0.0,405.7,3.6,0.0
2024-01-11T10:00:00+01:00,0.0,354.9,3.8,0.0
2024-01-11T11:00:00+01:00,0.0,340.0,7.1,0.0
2024-01-11T12:00:00+01:00,0.0,330.9,5.1,0.0
2024-01-11T13:00:00+01:00,0.0,323.1,3.0,0.0
2024-01-11T14:00:00+01:00,0.0,318.8,2.4,0.0
2024-01-11T15:00:00+01:00,0.0,389.6,1.6,0.0
2024-01-11T16:00:00+01:00,0.0,487.7,3.4,0.0
2024-01-11T17:00:00+01:00,0.0,490.0,2.7,0.0
2024-01-11T18:00:00+01:00,0.0,477.7,6.0,0.0
2024-01-11T19:00:00+01:00,0.0,480.1,12.8,0.0
2024-01-11T20:00:00+01:00,0.0,475.3,17.5,0.0
2024-01-11T21:00:00+01:00,0.0,0.0,24.6,0.0
2024-01-11T22:00:00+01:00,0.0,0.0,32.8,0.0
2024-01-11T23:00:00+01:00,0.0,,39.5,0.0
2024-01-12T00:00:00+01:00,0.0,243.4,38.4,0.0
2024-01-12T01:00:00+01:00,0.0,65.0,62.4,0.0
2024-01-12T02:00:00+01:00,0.0,62.1,69.6,0.0
2024-01-12T03:00:00+01:00,0.0,65.1,78.9,0.0
2024-01-12T04:00:00+01:00,0.0,64.3,89.8,0.0
2024-01-12T05:00:00+01:00,0.0,139.2,77.8,0.0
2024-01-12T06:00:00+01:00,0.0,173.9,79.2,0.0
2024-01-12T07:00:00+01:00,0.0,228.4,95.3,0.0
2024-01-12T08:00:00+01:00,0.0,275.7,96.2,0.0
2024-01-12T09:00:00+01:00,0.0,294.1,89.0,0.0
2024-01-12T10:00:00+01:00,0.0,279.9,84.1,0.0
2024-01-12T11:00:00+01:00,0.0,285.8,90.5,0.0
2024-01-12T12:00:00+01:00,0.0,276.6,81.9,0.0
2024-01-12T13:00:00+01:00,0.0,257.2,90.8,0.0
2024-01-12T14:00:00+01:00,0.0,295.9,97.8,0.0
2024-01-12T15:00:00+01:00,0.0,283.8,113.4,0.0
2024-01-12T16:00:00+01:00,0.0,404.0,117.5,0.0
2024-01-12T17:00:00+01:00,0.0,453.9,116.5,0.0
2024-01-12T18:00:00+01:00,0.0,450.7,116.2,0.0
2024-01-12T19:00:00+01:00,0.0,458.7,117.3,0.0
2024-01-12T20:00:00+01:00,0.0,375.6,117.9,0.0
2024-01-12T21:00:00+01:00,0.0,274.8,117.5,0.0
2024-01-12T22:00:00+01:00,0.0,257.1,115.4,0.0
2024-01-12T23:00:00+01:00,0.0,243.2,108.1,0.0
2024-01-13T00:00:00+01:00,0.0,149.8,102.5,0.0
2024-01-13T01:00:00+01:00,0.0,105.9,100.0,0.0
2024-01-13T02:00:00+01:00,0.0,64.2,93.2,0.0
2024-01-13T03:00:00+01:00,0.0,47.9,86.9,0.0
2024-01-13T04:00:00+01:00,0.0,49.6,70.1,0.0
2024-01-13T05:00:00+01:00,0.0,51.0,86.0,0.0
2024-01-13T06:00:00+01:00,0.0,99.4,77.7,0.0
2024-01-13T07:00:00+01:00,0.0,161.5,67.5,0.0
2024-01-13T08:00:00+01:00,0.0,214.7,65.1,0.0
2024-01-13T09:00:00+01:00,0.0,262.8,46.5,0.0
2024-01-13T10:00:00+01:00,0.0,276.3,26.0,0.0
2024-01-13T11:00:00+01:00,0.0,182.0,8.3,0.0
2024-01-13T12:00:00+01:00,0.0,179.6,9.0,0.0
2024-01-13T13:00:00+01:00,0.0,173.8,8.0,0.0
2024-01-13T14:00:00+01:00,0.0,271.6,4.4,0.0
2024-01-13T15:00:00+01:00,0.0,287.4,0.3,0.0
2024-01-13T16:00:00+01:00,0.0,320.4,0.0,0.0
2024-01-13T17:00:00+01:00,0.0,345.9,0.1,0.0
2024-01-13T18:00:00+01:00,0.0,352.9,0.0,0.0
2024-01-13T19:00:00+01:00,0.0,354.8,0.0,0.0
2024-01-13T20:00:00+01:00,0.0,348.2,0.0,0.0
2024-01-13T21:00:00+01:00,0.0,330.4,0.1,0.0
2024-01-13T22:00:00+01:00,0.0,204.8,0.8,0.0
2024-01-13T23:00:00+01:00,0.0,179.8,1.3,0.0
2024-01-14T00:00:00+01:00,0.0,129.2,2.8,0.0
2024-01-14T01:00:00+01:00,0.0,88.8,2.2,0.0
2024-01-14T02:00:00+01:00,0.0,67.6,1.3,0.0
2024-01-14T03:00:00+01:00,0.0,69.4,0.6,0.0
2024-01-14T04:00:00+01:00,0.0,62.4,1.0,0.0
2024-01-14T05:00:00+01:00,0.0,65.0,3.3,0.0
2024-01-14T06:00:00+01:00,0.0,57.1,3.6,0.0
2024-01-14T07:00:00+01:00,0.0,76.3,4.6,0.0
2024-01-14T08:00:00+01:00,0.0,143.1,5.1,0.0
2024-01-14T09:00:00+01:00,0.0,257.1,15.0,0.0
2024-01-14T10:00:00+01:00,0.0,284.5,15.1,0.0
2024-01-14T11:00:00+01:00,0.0,279.2,11.6,0.0
2024-01-14T12:00:00+01:00,0.0,272.7,12.7,0.0
2024-01-14T13:00:00+01:00,0.0,160.6,12.3,0.0
2024-01-14T14:00:00+01:00,0.0,167.6,16.0,0.0
2024-01-14T15:00:00+01:00,0.0,288.4,8.5,0.0
2024-01-14T16:00:00+01:00,0.0,312.1,12.5,0.0
2024-01-14T17:00:00+01:00,0.0,323.1,23.1,0.0
2024-01-14T18:00:00+01:00,0.0,329.4,22.1,0.0
2024-01-14T19:00:00+01:00,0.0,332.8,28.1,0.0
2024-01-14T20:00:00+01:00,0.0,315.6,36.7,0.0
2024-01-14T21:00:00+01:00,0.0,202.1,39.2,0.0
2024-01-14T22:00:00+01:00,0.0,171.1,65.0,0.0
2024-01-14T23:00:00+01:00,0.0,141.6,58.2,0.0
2024-01-15T00:00:00+01:00,0.0,111.9,68.4,0.0
2024-01-15T01:00:00+01:00,0.0,46.7,74.9,0.0
2024-01-15T02:00:00+01:00,0.0,45.0,100.5,0.0
2024-01-15T03:00:00+01:00,0.0,45.8,108.0,0.0
2024-01-15T04:00:00+01:00,0.0,56.9,88.4,0.0
2024-01-15T05:00:00+01:00,0.0,85.0,48.5,0.0
2024-01-15T06:00:00+01:00,0.0,177.2,51.0,0.0
2024-01-15T07:00:00+01:00,0.0,296.4,71.0,0.0
2024-01-15T08:00:00+01:00,0.0,342.5,84.6,0.0
2024-01-15T09:00:00+01:00,0.0,296.0,101.7,0.0
2024-01-15T10:00:00+01:00,0.0,315.1,90.2,0.0
2024-01-15T11:00:00+01:00,0.0,317.8,92.4,0.0
2024-01-15T12:00:00+01:00,0.0,295.6,101.0,0.0
2024-01-15T13:00:00+01:00,0.0,302.9,106.8,0.0
2024-01-15T14:00:00+01:00,0.0,298.4,90.5,0.0
2024-01-15T15:00:00+01:00,0.0,285.1,92.6,0.0
2024-01-15T16:00:00+01:00,0.0,387.4,92.3,0.0
2024-01-15T17:00:00+01:00,0.0,431.0,87.0,0.0
2024-01-15T18:00:00+01:00,0.0,416.4,107.2,0.0
2024-01-15T19:00:00+01:00,0.0,412.7,114.2,0.0
2024-01-15T20:00:00+01:00,0.0,336.1,106.5,0.0
2024-01-15T21:00:00+01:00,0.0,278.3,89.9,0.0
2024-01-15T22:00:00+01:00,0.0,289.0,58.4,0.0
2024-01-15T23:00:00+01:00,0.0,265.1,51.8,0.0
2024-01-16T00:00:00+01:00,0.0,134.7,38.4,0.0
2024-01-16T01:00:00+01:00,0.0,62.5,15.4,0.0
2024-01-16T02:00:00+01:00,0.0,63.0,19.0,0.0
2024-01-16T03:00:00+01:00,0.0,59.9,10.0,0.0
2024-01-16T04:00:00+01:00,0.0,60.5,7.4,0.0
2024-01-16T05:00:00+01:00,0.0,69.3,1.2,0.0
2024-01-16T06:00:00+01:00,0.0,234.5,8.8,0.0
2024-01-16T07:00:00+01:00,0.0,391.7,20.0,0.0
2024-01-16T08:00:00+01:00,0.0,389.7,15.8,0.0
2024-01-16T09:00:00+01:00,0.0,409.0,10.7,0.0
2024-01-16T10:00:00+01:00,0.0,404.6,9.2,0.0
2024-01-16T11:00:00+01:00,0.0,359.9,6.9,0.0
2024-01-16T12:00:00+01:00,0.0,347.9,2.5,0.0
2024-01-16T13:00:00+01:00,0.0,388.5,8.4,0.0
2024-01-16T14:00:00+01:00,0.0,389.9,12.5,0.0
2024-01-16T15:00:00+01:00,0.0,455.9,20.2,0.0
2024-01-16T16:00:00+01:00,0.0,463.7,25.2,0.0
2024-01-16T17:00:00+01:00,0.0,449.8,36.8,0.0
2024-01-16T18:00:00+01:00,0.0,455.3,37.6,0.0
2024-01-16T19:00:00+01:00,0.0,469.1,28.4,0.0
2024-01-16T20:00:00+01:00,0.0,459.0,36.1,0.0
2024-01-16T21:00:00+01:00,0.0,331.4,33.5,0.0
2024-01-16T22:00:00+01:00,0.0,309.4,43.8,0.0
2024-01-16T23:00:00+01:00,0.0,191.0,64.0,0.0
2024-01-17T00:00:00+01:00,0.0,198.2,64.7,0.0
2024-01-17T01:00:00+01:00,0.0,62.3,67.2,0.0
2024-01-17T02:00:00+01:00,0.0,62.2,74.2,0.0
2024-01-17T03:00:00+01:00,0.0,72.0,65.5,0.0
2024-01-17T04:00:00+01:00,0.0,68.0,72.1,0.0
2024-01-17T05:00:00+01:00,0.0,101.1,75.9,0.0
2024-01-17T06:00:00+01:00,0.0,327.3,78.2,0.0
2024-01-17T07:00:00+01:00,0.0,367.0,91.7,0.0
2024-01-17T08:00:00+01:00,0.0,348.5,106.6,0.0
2024-01-17T09:00:00+01:00,0.0,348.1,103.6,0.0
2024-01-17T10:00:00+01:00,0.0,348.1,109.7,0.0
2024-01-17T11:00:00+01:00,0.0,346.7,108.5,0.0
2024-01-17T12:00:00+01:00,0.0,291.5,115.7,0.0
2024-01-17T13:00:00+01:00,0.0,293.4,114.1,0.0
2024-01-17T14:00:00+01:00,0.0,356.6,115.9,0.0
2024-01-17T15:00:00+01:00,0.0,458.7,117.5,0.0
2024-01-17T16:00:00+01:00,0.0,466.3,114.2,0.0
2024-01-17T17:00:00+01:00,0.0,451.0,117.0,0.0
2024-01-17T18:00:00+01:00,0.0,448.1,118.8,0.0
2024-01-17T19:00:00+01:00,0.0,449.9,116.6,0.0
2024-01-17T20:00:00+01:00,0.0,446.2,116.4,0.0
2024-01-17T21:00:00+01:00,0.0,245.0,110.8,0.0
2024-01-17T22:00:00+01:00,0.0,226.4,116.5,0.0
2024-01-17T23:00:00+01:00,0.0,185.2,118.7,0.0
2024-01-18T00:00:00+01:00,0.0,142.4,116.4,0.0
2024-01-18T01:00:00+01:00,0.0,65.0,113.0,0.0
2024-01-18T02:00:00+01:00,0.0,62.8,103.9,0.0
2024-01-18T03:00:00+01:00,0.0,65.3,98.5,0.0
2024-01-18T04:00:00+01:00,0.0,61.3,114.0,0.0
2024-01-18T05:00:00+01:00,0.0,66.5,115.3,0.0
2024-01-18T06:00:00+01:00,0.0,107.1,115.4,0.0
2024-01-18T07:00:00+01:00,0.0,332.4,110.8,0.0
2024-01-18T08:00:00+01:00,0.0,334.1,103.9,0.0
2024-01-18T09:00:00+01:00,0.0,365.8,75.2,0.0
2024-01-18T10:00:00+01:00,0.0,296.2,96.4,0.0
2024-01-18T11:00:00+01:00,0.0,237.6,106.4,0.0
2024-01-18T12:00:00+01:00,0.0,214.8,114.5,0.0
2024-01-18T13:00:00+01:00,0.0,190.7,110.2,0.0
2024-01-18T14:00:00+01:00,0.0,194.3,107.2,0.0
2024-01-18T15:00:00+01:00,0.0,318.9,108.3,0.0
2024-01-18T16:00:00+01:00,0.0,409.4,101.6,0.0
2024-01-18T17:00:00+01:00,0.0,414.0,107.4,0.0
2024-01-18T18:00:00+01:00,0.0,415.1,105.2,0.0
2024-01-18T19:00:00+01:00,0.0,415.9,96.2,0.0
2024-01-18T20:00:00+01:00,0.0,407.8,88.4,0.0
2024-01-18T21:00:00+01:00,0.0,208.6,86.6,0.0
2024-01-18T22:00:00+01:00,0.0,195.7,98.4,0.0
2024-01-18T23:00:00+01:00,0.0,213.6,75.7,0.0
2024-01-19T00:00:00+01:00,0.0,224.1,84.3,0.0
2024-01-19T01:00:00+01:00,0.0,220.1,86.8,0.0
2024-01-19T02:00:00+01:00,0.0,223.0,74.1,0.0
2024-01-19T03:00:00+01:00,0.0,220.0,75.6,0.0
2024-01-19T04:00:00+01:00,0.0,225.7,86.3,0.0
2024-01-19T05:00:00+01:00,0.0,231.8,77.6,0.0
2024-01-19T06:00:00+01:00,0.0,323.5,79.8,0.0
2024-01-19T07:00:00+01:00,0.0,435.3,82.8,0.0
2024-01-19T08:00:00+01:00,0.0,431.5,74.0,0.0
2024-01-19T09:00:00+01:00,0.0,436.9,76.5,0.0
2024-01-19T10:00:00+01:00,0.0,415.4,81.0,0.0
2024-01-19T11:00:00+01:00,0.0,293.1,83.7,0.0
2024-01-19T12:00:00+01:00,0.0,299.1,82.8,0.0
2024-01-19T13:00:00+01:00,0.0,283.7,101.8,0.0
2024-01-19T14:00:00+01:00,0.0,294.1,98.9,0.0
2024-01-19T15:00:00+01:00,0.0,400.1,100.2,0.0
2024-01-19T16:00:00+01:00,0.0,408.1,94.8,0.0
2024-01-19T17:00:00+01:00,0.0,401.9,87.9,0.0
2024-01-19T18:00:00+01:00,0.0,402.3,92.9,0.0
2024-01-19T19:00:00+01:00,0.0,436.5,82.4,0.0
2024-01-19T20:00:00+01:00,0.0,398.5,52.3,0.0
2024-01-19T21:00:00+01:00,0.0,315.1,59.0,0.0
2024-01-19T22:00:00+01:00,0.0,313.7,84.4,0.0
2024-01-19T23:00:00+01:00,0.0,315.7,92.3,0.0
2024-01-20T00:00:00+01:00,0.0,220.2,99.9,0.0
2024-01-20T01:00:00+01:00,0.0,219.5,98.0,0.0
2024-01-20T02:00:00+01:00,0.0,228.8,76.5,0.0
2024-01-20T03:00:00+01:00,0.0,217.2,103.8,0.0
2024-01-20T04:00:00+01:00,0.0,209.8,118.6,0.0
2024-01-20T05:00:00+01:00,0.0,211.6,118.8,0.0
2024-01-20T06:00:00+01:00,0.0,212.9,118.9,0.0
2024-01-20T07:00:00+01:00,0.0,210.0,118.5,0.0
2024-01-20T08:00:00+01:00,0.0,207.7,118.9,0.0
2024-01-20T09:00:00+01:00,0.0,291.6,118.7,0.0
2024-01-20T10:00:00+01:00,0.0,293.4,114.1,0.0
2024-01-20T11:00:00+01:00,0.0,307.6,100.1,0.0
2024-01-20T12:00:00+01:00,0.0,236.2,91.0,0.0
2024-01-20T13:00:00+01:00,0.0,233.2,82.0,0.0
2024-01-20T14:00:00+01:00,0.0,290.6,92.0,0.0
2024-01-20T15:00:00+01:00,0.0,287.1,96.0,0.0
2024-01-20T16:00:00+01:00,0.0,382.0,89.6,0.0
2024-01-20T17:00:00+01:00,0.0,445.1,90.1,0.0
2024-01-20T18:00:00+01:00,0.0,442.3,98.5,0.0
2024-01-20T19:00:00+01:00,0.0,426.7,90.7,0.0
2024-01-20T20:00:00+01:00,0.0,313.1,102.9,0.0
2024-01-20T21:00:00+01:00,0.0,261.5,101.8,0.0
2024-01-20T22:00:00+01:00,0.0,271.4,92.1,0.0
2024-01-20T23:00:00+01:00,0.0,210.5,100.9,0.0
2024-01-21T00:00:00+01:00,0.0,164.7,109.5,0.0
2024-01-21T01:00:00+01:00,0.0,165.0,107.5,0.0
2024-01-21T02:00:00+01:00,0.0,156.3,107.6,0.0
2024-01-21T03:00:00+01:00,0.0,166.8,110.3,0.0
2024-01-21T04:00:00+01:00,0.0,180.0,102.1,0.0
2024-01-21T05:00:00+01:00,0.0,176.1,101.2,0.0
2024-01-21T06:00:00+01:00,0.0,167.1,93.8,0.0
2024-01-21T07:00:00+01:00,0.0,155.1,101.7,0.0
2024-01-21T08:00:00+01:00,0.0,190.7,106.9,0.0
2024-01-21T09:00:00+01:00,0.0,198.6,106.5,0.0
2024-01-21T10:00:00+01:00,0.0,204.8,105.8,0.0
2024-01-21T11:00:00+01:00,0.0,205.1,110.6,0.0
2024-01-21T12:00:00+01:00,0.0,187.8,99.8,0.0
2024-01-21T13:00:00+01:00,0.0,170.3,94.8,0.0
2024-01-21T14:00:00+01:00,0.0,169.2,88.5,0.0
2024-01-21T15:00:00+01:00,0.0,174.4,93.5,0.0
2024-01-21T16:00:00+01:00,0.0,287.9,103.0,0.0
2024-01-21T17:00:00+01:00,0.0,423.9,98.7,0.0
2024-01-21T18:00:00+01:00,0.0,435.1,96.9,0.0
2024-01-21T19:00:00+01:00,0.0,341.2,98.6,0.0
2024-01-21T20:00:00+01:00,0.0,345.6,97.9,0.0
2024-01-21T21:00:00+01:00,0.0,304.0,81.5,0.0
2024-01-21T22:00:00+01:00,0.0,200.7,75.8,0.0
2024-01-21T23:00:00+01:00,0.0,186.8,75.9,0.0
2024-01-22T00:00:00+01:00,0.0,103.6,65.6,0.0
2024-01-22T01:00:00+01:00,0.0,98.7,25.1,0.0
2024-01-22T02:00:00+01:00,0.0,107.4,13.4,0.0
2024-01-22T03:00:00+01:00,0.0,109.6,11.2,0.0
2024-01-22T04:00:00+01:00,0.0,115.7,5.5,0.0
2024-01-22T05:00:00+01:00,0.0,177.4,13.1,0.0
2024-01-22T06:00:00+01:00,0.0,249.9,10.2,0.0
2024-01-22T07:00:00+01:00,0.0,395.3,4.2,0.0
2024-01-22T08:00:00+01:00,0.0,392.1,2.1,0.0
2024-01-22T09:00:00+01:00,0.0,396.3,0.3,0.0
2024-01-22T10:00:00+01:00,0.0,417.5,0.0,0.0
2024-01-22T11:00:00+01:00,0.0,414.9,0.0,0.0
2024-01-22T12:00:00+01:00,0.0,324.8,0.0,0.0
2024-01-22T13:00:00+01:00,0.0,361.7,0.5,0.0
2024-01-22T14:00:00+01:00,0.0,316.1,0.1,0.0
2024-01-22T15:00:00+01:00,0.0,459.5,0.0,0.0
2024-01-22T16:00:00+01:00,0.0,461.2,0.0,0.0
2024-01-22T17:00:00+01:00,0.0,471.1,0.0,0.0
2024-01-22T18:00:00+01:00,0.0,408.0,0.0,0.0
2024-01-22T19:00:00+01:00,0.0,408.0,0.0,0.0
2024-01-22T20:00:00+01:00,0.0,400.5,0.0,0.0
2024-01-22T21:00:00+01:00,0.0,377.9,2.5,0.0
2024-01-22T22:00:00+01:00,0.0,356.1,8.8,0.0
2024-01-22T23:00:00+01:00,0.0,320.7,10.5,0.0
2024-01-23T00:00:00+01:00,0.0,189.2,6.7,0.0
2024-01-23T01:00:00+01:00,0.0,113.5,4.8,0.0
2024-01-23T02:00:00+01:00,0.0,75.7,5.5,0.0
2024-01-23T03:00:00+01:00,0.0,70.2,8.0,0.0
2024-01-23T04:00:00+01:00,0.0,80.3,7.8,0.0
2024-01-23T05:00:00+01:00,0.0,192.6,3.0,0.0
2024-01-23T06:00:00+01:00,0.0,259.8,0.7,0.0
2024-01-23T07:00:00+01:00,0.0,385.0,0.1,0.0
2024-01-23T08:00:00+01:00,0.0,410.1,0.0,0.0
2024-01-23T09:00:00+01:00,0.0,447.5,3.0,0.0
2024-01-23T10:00:00+01:00,0.0,424.4,0.3,0.0
2024-01-23T11:00:00+01:00,0.0,309.0,5.0,0.0
2024-01-23T12:00:00+01:00,0.0,297.3,34.1,0.0
2024-01-23T13:00:00+01:00,0.0,263.4,73.2,0.0
2024-01-23T14:00:00+01:00,0.0,293.7,71.0,0.0
2024-01-23T15:00:00+01:00,0.0,332.9,72.7,0.0
2024-01-23T16:00:00+01:00,0.0,437.0,68.1,0.0
2024-01-23T17:00:00+01:00,0.0,461.2,89.7,0.0
2024-01-23T18:00:00+01:00,0.0,466.3,80.4,0.0
2024-01-23T19:00:00+01:00,0.0,458.5,105.4,0.0
2024-01-23T20:00:00+01:00,0.0,401.1,99.5,0.0
2024-01-23T21:00:00+01:00,0.0,295.6,91.4,0.0
2024-01-23T22:00:00+01:00,0.0,281.0,82.9,0.0
2024-01-23T23:00:00+01:00,0.0,189.5,73.5,0.0
2024-01-24T00:00:00+01:00,0.0,73.8,84.6,0.0
2024-01-24T01:00:00+01:00,0.0,55.4,80.4,0.0
2024-01-24T02:00:00+01:00,0.0,46.6,86.3,0.0
2024-01-24T03:00:00+01:00,0.0,54.4,72.9,0.0
2024-01-24T04:00:00+01:00,0.0,61.5,91.1,0.0
2024-01-24T05:00:00+01:00,0.0,53.2,91.0,0.0
2024-01-24T06:00:00+01:00,0.0,342.4,77.2,0.0
2024-01-24T07:00:00+01:00,0.0,390.6,52.4,0.0
2024-01-24T08:00:00+01:00,0.0,396.7,21.8,0.0
2024-01-24T09:00:00+01:00,0.0,392.6,23.8,0.0
2024-01-24T10:00:00+01:00,0.0,326.5,36.0,0.0
2024-01-24T11:00:00+01:00,0.0,324.5,23.4,0.0
2024-01-24T12:00:00+01:00,0.0,311.7,12.0,0.0
2024-01-24T13:00:00+01:00,0.0,309.9,1.0,0.0
2024-01-24T14:00:00+01:00,0.0,307.1,0.8,0.0
2024-01-24T15:00:00+01:00,0.0,382.7,0.1,0.0
2024-01-24T16:00:00+01:00,0.0,413.8,9.2,0.0
2024-01-24T17:00:00+01:00,0.0,412.6,12.8,0.0
2024-01-24T18:00:00+01:00,0.0,415.0,8.1,0.0
2024-01-24T19:00:00+01:00,0.0,411.6,1.4,0.0
2024-01-24T20:00:00+01:00,0.0,411.1,10.0,0.0
2024-01-24T21:00:00+01:00,0.0,305.2,11.8,0.0
2024-01-24T22:00:00+01:00,0.0,309.6,6.9,0.0
2024-01-24T23:00:00+01:00,0.0,280.1,0.3,0.0
2024-01-25T00:00:00+01:00,0.0,165.4,0.0,0.0
2024-01-25T01:00:00+01:00,0.0,89.4,3.9,0.0
2024-01-25T02:00:00+01:00,0.0,48.2,21.0,0.0
2024-01-25T03:00:00+01:00,0.0,37.7,30.0,0.0
2024-01-25T04:00:00+01:00,0.0,35.7,31.1,0.0
2024-01-25T05:00:00+01:00,0.0,122.6,46.8,0.0
2024-01-25T06:00:00+01:00,0.0,332.2,64.7,0.0
2024-01-25T07:00:00+01:00,0.0,397.4,66.2,0.0
2024-01-25T08:00:00+01:00,0.0,383.3,63.7,0.0
2024-01-25T09:00:00+01:00,0.0,375.5,63.3,0.0
2024-01-25T10:00:00+01:00,0.0,343.7,59.9,0.0
2024-01-25T11:00:00+01:00,0.0,330.2,65.2,0.0
2024-01-25T12:00:00+01:00,0.0,286.9,43.8,0.0
2024-01-25T13:00:00+01:00,0.0,293.2,33.9,0.0
2024-01-25T14:00:00+01:00,0.0,391.2,40.3,0.0
2024-01-25T15:00:00+01:00,0.0,441.8,56.7,0.0
2024-01-25T16:00:00+01:00,0.0,435.3,56.1,0.0
2024-01-25T17:00:00+01:00,0.0,452.6,49.7,0.0
2024-01-25T18:00:00+01:00,0.0,451.2,49.7,0.0
2024-01-25T19:00:00+01:00,0.0,458.5,62.4,0.0
2024-01-25T20:00:00+01:00,0.0,465.2,54.1,0.0
2024-01-25T21:00:00+01:00,0.0,431.9,71.9,0.0
2024-01-25T22:00:00+01:00,0.0,293.5,94.9,0.0
2024-01-25T23:00:00+01:00,0.0,250.2,100.9,0.0
2024-01-26T00:00:00+01:00,0.0,64.4,102.5,0.0
2024-01-26T01:00:00+01:00,0.0,25.2,102.4,0.0
2024-01-26T02:00:00+01:00,0.0,25.1,90.6,0.0
2024-01-26T03:00:00+01:00,0.0,24.8,94.1,0.0
2024-01-26T04:00:00+01:00,0.0,33.0,93.3,0.0
2024-01-26T05:00:00+01:00,0.0,122.9,87.1,0.0
2024-01-26T06:00:00+01:00,0.0,350.4,73.5,0.0
2024-01-26T07:00:00+01:00,0.0,431.9,41.8,0.0
2024-01-26T08:00:00+01:00,0.0,435.9,28.8,0.0
2024-01-26T09:00:00+01:00,0.0,433.8,30.7,0.0
2024-01-26T10:00:00+01:00,0.0,414.8,24.5,0.0
2024-01-26T11:00:00+01:00,0.0,348.9,27.3,0.0
2024-01-26T12:00:00+01:00,0.0,319.9,28.3,0.0
2024-01-26T13:00:00+01:00,0.0,305.0,27.6,0.0
2024-01-26T14:00:00+01:00,0.0,464.8,27.3,0.0
2024-01-26T15:00:00+01:00,0.0,463.7,33.0,0.0
2024-01-26T16:00:00+01:00,0.0,453.5,46.2,0.0
2024-01-26T17:00:00+01:00,0.0,456.4,61.1,0.0
2024-01-26T18:00:00+01:00,0.0,464.4,56.9,0.0
2024-01-26T19:00:00+01:00,0.0,404.6,62.9,0.0
2024-01-26T20:00:00+01:00,0.0,403.4,52.1,0.0
2024-01-26T21:00:00+01:00,0.0,340.2,20.7,0.0
2024-01-26T22:00:00+01:00,0.0,332.1,5.9,0.0
2024-01-26T23:00:00+01:00,0.0,301.3,0.1,0.0
2024-01-27T00:00:00+01:00,0.0,152.8,2.8,0.0
2024-01-27T01:00:00+01:00,0.0,84.6,1.3,0.0
2024-01-27T02:00:00+01:00,0.0,41.5,10.8,0.0
2024-01-27T03:00:00+01:00,0.0,38.3,15.0,0.0
2024-01-27T04:00:00+01:00,0.0,52.1,1.4,0.0
2024-01-27T05:00:00+01:00,0.0,61.0,5.0,0.0
2024-01-27T06:00:00+01:00,0.0,133.2,29.7,0.0
2024-01-27T07:00:00+01:00,0.0,195.3,62.4,0.0
2024-01-27T08:00:00+01:00,0.0,235.0,76.3,0.0
2024-01-27T09:00:00+01:00,0.0,251.7,82.8,0.0
2024-01-27T10:00:00+01:00,0.0,73.7,95.8,0.0
2024-01-27T11:00:00+01:00,0.0,68.3,108.0,0.0
2024-01-27T12:00:00+01:00,0.0,76.8,101.5,0.0
2024-01-27T13:00:00+01:00,0.0,59.7,102.7,0.0
2024-01-27T14:00:00+01:00,0.0,52.5,102.4,0.0
2024-01-27T15:00:00+01:00,0.0,195.7,100.6,0.0
2024-01-27T16:00:00+01:00,0.0,268.9,112.1,0.0
2024-01-27T17:00:00+01:00,0.0,270.8,103.9,0.0
2024-01-27T18:00:00+01:00,0.0,259.6,106.3,0.0
2024-01-27T19:00:00+01:00,0.0,267.8,102.7,0.0
2024-01-27T20:00:00+01:00,0.0,255.6,111.5,0.0
2024-01-27T21:00:00+01:00,0.0,239.7,107.1,0.0
2024-01-27T22:00:00+01:00,0.0,220.5,101.8,0.0
2024-01-27T23:00:00+01:00,0.0,215.9,83.2,0.0
2024-01-28T00:00:00+01:00,0.0,63.6,96.5,0.0
2024-01-28T01:00:00+01:00,0.0,0.0,94.5,0.0
2024-01-28T02:00:00+01:00,0.0,0.0,100.2,0.0
2024-01-28T03:00:00+01:00,0.0,0.0,116.7,0.0
2024-01-28T04:00:00+01:00,0.0,0.0,114.2,0.0
2024-01-28T05:00:00+01:00,0.0,0.1,85.5,0.0
2024-01-28T06:00:00+01:00,0.0,20.4,88.4,0.0
2024-01-28T07:00:00+01:00,0.0,62.4,78.9,0.0
2024-01-28T08:00:00+01:00,0.0,67.3,78.5,0.0
2024-01-28T09:00:00+01:00,0.0,76.4,76.5,0.0
2024-01-28T10:00:00+01:00,0.0,70.3,81.2,0.0
2024-01-28T11:00:00+01:00,0.0,56.5,100.6,0.0
2024-01-28T12:00:00+01:00,0.0,72.4,77.0,0.0
2024-01-28T13:00:00+01:00,0.0,80.1,62.7,0.0
2024-01-28T14:00:00+01:00,0.0,78.7,67.8,0.0
2024-01-28T15:00:00+01:00,0.0,181.7,64.0,0.0
2024-01-28T16:00:00+01:00,0.0,279.3,62.7,0.0
2024-01-28T17:00:00+01:00,0.0,313.8,66.8,0.0
2024-01-28T18:00:00+01:00,0.0,330.1,70.7,0.0
2024-01-28T19:00:00+01:00,0.0,332.3,74.0,0.0
2024-01-28T20:00:00+01:00,0.0,329.0,72.2,0.0
2024-01-28T21:00:00+01:00,0.0,315.9,68.3,0.0
2024-01-28T22:00:00+01:00,0.0,187.1,72.0,0.0
2024-01-28T23:00:00+01:00,0.0,129.3,79.7,0.0
2024-01-29T00:00:00+01:00,0.0,50.9,85.3,0.0
2024-01-29T01:00:00+01:00,0.0,17.4,88.9,0.0
2024-01-29T02:00:00+01:00,0.0,18.7,80.0,0.0
2024-01-29T03:00:00+01:00,0.0,17.2,88.2,0.0
2024-01-29T04:00:00+01:00,0.0,20.3,92.2,0.0
2024-01-29T05:00:00+01:00,0.0,64.3,81.7,0.0
2024-01-29T06:00:00+01:00,0.0,376.3,67.0,0.0
2024-01-29T07:00:00+01:00,0.0,415.7,83.0,0.0
2024-01-29T08:00:00+01:00,0.0,392.2,91.6,0.0
2024-01-29T09:00:00+01:00,0.0,400.6,79.8,0.0
2024-01-29T10:00:00+01:00,0.0,326.1,73.0,0.0
2024-01-29T11:00:00+01:00,0.0,273.2,67.0,0.0
2024-01-29T12:00:00+01:00,0.0,287.8,60.3,0.0
2024-01-29T13:00:00+01:00,0.0,279.2,40.5,0.0
2024-01-29T14:00:00+01:00,0.0,336.1,34.8,0.0
2024-01-29T15:00:00+01:00,0.0,427.3,35.3,0.0
2024-01-29T16:00:00+01:00,0.0,429.8,41.1,0.0
2024-01-29T17:00:00+01:00,0.0,428.8,60.2,0.0
2024-01-29T18:00:00+01:00,0.0,422.5,71.5,0.0
2024-01-29T19:00:00+01:00,0.0,423.9,72.5,0.0
2024-01-29T20:00:00+01:00,0.0,431.7,58.9,0.0
2024-01-29T21:00:00+01:00,0.0,426.1,68.2,0.0
2024-01-29T22:00:00+01:00,0.0,274.7,70.0,0.0
2024-01-29T23:00:00+01:00,0.0,245.9,65.2,0.0
2024-01-30T00:00:00+01:00,0.0,181.9,67.1,0.0
2024-01-30T01:00:00+01:00,0.0,39.0,68.5,0.0
2024-01-30T02:00:00+01:00,0.0,34.5,70.1,0.0
2024-01-30T03:00:00+01:00,0.0,35.7,72.2,0.0
2024-01-30T04:00:00+01:00,0.0,27.0,77.9,0.0
2024-01-30T05:00:00+01:00,0.0,118.0,77.2,0.0
2024-01-30T06:00:00+01:00,0.0,330.2,75.9,0.0
2024-01-30T07:00:00+01:00,0.0,385.8,73.5,0.0
2024-01-30T08:00:00+01:00,0.0,444.3,43.1,0.0
2024-01-30T09:00:00+01:00,0.0,451.2,7.0,0.0
2024-01-30T10:00:00+01:00,0.0,397.8,7.2,0.0
2024-01-30T11:00:00+01:00,0.0,318.1,4.3,0.0
2024-01-30T12:00:00+01:00,0.0,310.7,4.5,0.0
2024-01-30T13:00:00+01:00,0.0,302.8,3.5,0.0
2024-01-30T14:00:00+01:00,0.0,356.0,9.9,0.0
2024-01-30T15:00:00+01:00,0.0,442.0,12.1,0.0
2024-01-30T16:00:00+01:00,0.0,443.4,13.5,0.0
2024-01-30T17:00:00+01:00,0.0,474.8,21.2,0.0
2024-01-30T18:00:00+01:00,0.0,478.7,21.5,0.0
2024-01-30T19:00:00+01:00,0.0,485.6,21.1,0.0
2024-01-30T20:00:00+01:00,0.0,455.6,16.1,0.0
2024-01-30T21:00:00+01:00,0.0,429.9,21.6,0.0
2024-01-30T22:00:00+01:00,0.0,372.0,18.8,0.0
2024-01-30T23:00:00+01:00,0.0,311.5,19.1,0.0
2024-01-31T00:00:00+01:00,0.0,245.7,20.2,0.0
2024-01-31T01:00:00+01:00,0.0,183.2,24.8,0.0
2024-01-31T02:00:00+01:00,0.0,164.0,28.4,0.0
2024-01-31T03:00:00+01:00,0.0,47.2,25.9,0.0
2024-01-31T04:00:00+01:00,0.0,152.0,22.3,0.0
2024-01-31T05:00:00+01:00,0.0,175.7,21.6,0.0
2024-01-31T06:00:00+01:00,0.0,363.1,20.9,0.0
2024-01-31T07:00:00+01:00,0.0,426.6,23.9,0.0
2024-01-31T08:00:00+01:00,0.0,427.9,27.0,0.0
2024-01-31T09:00:00+01:00,0.0,475.7,23.1,0.0
2024-01-31T10:00:00+01:00,0.0,405.5,21.3,0.0
2024-01-31T11:00:00+01:00,0.0,326.2,9.5,0.0
2024-01-31T12:00:00+01:00,0.0,311.9,6.9,0.0
2024-01-31T13:00:00+01:00,0.0,304.2,2.3,0.0
2024-01-31T14:00:00+01:00,0.0,422.5,4.2,0.0
2024-01-31T15:00:00+01:00,0.0,475.5,6.3,0.0
2024-01-31T16:00:00+01:00,0.0,496.7,9.6,0.0
2024-01-31T17:00:00+01:00,0.0,501.6,16.8,0.0
2024-01-31T18:00:00+01:00,0.0,499.8,21.3,0.0
2024-01-31T19:00:00+01:00,0.0,505.3,20.8,0.0
2024-01-31T20:00:00+01:00,0.0,486.4,18.6,0.0
2024-01-31T21:00:00+01:00,0.0,477.3,13.9,0.0
2024-01-31T22:00:00+01:00,0.0,414.0,10.7,0.0
2024-01-31T23:00:00+01:00,0.0,319.5,2.7,0.0
2024-02-01T00:00:00+01:00,0.0,225.7,2.0,0.0
2024-02-01T01:00:00+01:00,0.0,173.0,1.5,0.0
2024-02-01T02:00:00+01:00,0.0,110.7,0.0,0.0
2024-02-01T03:00:00+01:00,0.0,62.7,0.0,0.0
2024-02-01T04:00:00+01:00,0.0,132.5,0.0,0.0
2024-02-01T05:00:00+01:00,0.0,152.0,0.0,0.0
2024-02-01T06:00:00+01:00,0.0,360.6,0.0,0.0
2024-02-01T07:00:00+01:00,0.0,431.6,0.0,0.0
2024-02-01T08:00:00+01:00,0.0,432.6,0.0,0.0
2024-02-01T09:00:00+01:00,0.0,430.3,0.0,0.0
2024-02-01T10:00:00+01:00,0.0,427.6,0.0,0.0
2024-02-01T11:00:00+01:00,0.0,313.1,0.2,0.0
2024-02-01T12:00:00+01:00,0.0,279.0,1.5,0.0
2024-02-01T13:00:00+01:00,0.0,269.2,3.4,0.0
2024-02-01T14:00:00+01:00,0.0,381.7,3.8,0.0
2024-02-01T15:00:00+01:00,0.0,424.1,2.5,0.0
2024-02-01T16:00:00+01:00,0.0,420.4,0.8,0.0
2024-02-01T17:00:00+01:00,0.0,426.5,1.0,0.0
2024-02-01T18:00:00+01:00,0.0,426.3,0.5,0.0
2024-02-01T19:00:00+01:00,0.0,426.7,0.5,0.0
2024-02-01T20:00:00+01:00,0.0,421.6,5.5,0.0
2024-02-01T21:00:00+01:00,0.0,415.3,17.1,0.0
2024-02-01T22:00:00+01:00,0.0,329.4,27.5,0.0
2024-02-01T23:00:00+01:00,0.0,263.1,40.3,0.0
2024-02-02T00:00:00+01:00,0.0,49.8,50.9,0.0
2024-02-02T01:00:00+01:00,0.0,42.2,58.4,0.0
2024-02-02T02:00:00+01:00,0.0,45.0,63.3,0.0
2024-02-02T03:00:00+01:00,0.0,35.9,69.4,0.0
2024-02-02T04:00:00+01:00,0.0,35.1,72.2,0.0
2024-02-02T05:00:00+01:00,0.0,47.1,80.8,0.0
2024-02-02T06:00:00+01:00,0.0,162.3,87.9,0.0
2024-02-02T07:00:00+01:00,0.0,349.1,86.8,0.0
2024-02-02T08:00:00+01:00,0.0,335.4,89.4,0.0
2024-02-02T09:00:00+01:00,0.0,316.4,97.6,0.0
2024-02-02T10:00:00+01:00,0.0,228.3,93.5,0.0
2024-02-02T11:00:00+01:00,0.0,208.8,89.5,0.0
2024-02-02T12:00:00+01:00,0.0,193.6,83.9,0.0
2024-02-02T13:00:00+01:00,0.0,189.2,78.1,0.0
2024-02-02T14:00:00+01:00,0.0,174.8,91.8,0.0
2024-02-02T15:00:00+01:00,0.0,287.6,87.7,0.0
2024-02-02T16:00:00+01:00,0.0,332.1,87.2,0.0
2024-02-02T17:00:00+01:00,0.0,337.9,86.3,0.0
2024-02-02T18:00:00+01:00,0.0,375.3,80.1,0.0
2024-02-02T19:00:00+01:00,0.0,383.1,81.0,0.0
2024-02-02T20:00:00+01:00,0.0,373.2,83.1,0.0
2024-02-02T21:00:00+01:00,0.0,316.6,84.2,0.0
2024-02-02T22:00:00+01:00,0.0,231.3,79.3,0.0
2024-02-02T23:00:00+01:00,0.0,235.1,86.4,0.0
2024-02-03T00:00:00+01:00,0.0,81.5,76.0,0.0
2024-02-03T01:00:00+01:00,0.0,0.2,47.2,0.0
2024-02-03T02:00:00+01:00,0.0,0.0,32.5,0.0
2024-02-03T03:00:00+01:00,0.0,0.0,39.7,0.0
2024-02-03T04:00:00+01:00,0.0,0.0,34.3,0.0
2024-02-03T05:00:00+01:00,0.0,0.3,43.8,0.0
2024-02-03T06:00:00+01:00,0.0,12.2,51.9,0.0
2024-02-03T07:00:00+01:00,0.0,100.3,58.2,0.0
2024-02-03T08:00:00+01:00,0.0,109.2,58.5,0.0
2024-02-03T09:00:00+01:00,0.0,167.5,46.5,0.0
2024-02-03T10:00:00+01:00,0.0,55.5,35.4,0.0
2024-02-03T11:00:00+01:00,0.0,54.2,25.1,0.0
2024-02-03T12:00:00+01:00,0.0,55.8,25.7,0.0
2024-02-03T13:00:00+01:00,0.0,55.6,20.8,0.0
2024-02-03T14:00:00+01:00,0.0,79.5,28.2,0.0
2024-02-03T15:00:00+01:00,0.0,130.5,17.9,0.0
2024-02-03T16:00:00+01:00,0.0,175.2,7.7,0.0
2024-02-03T17:00:00+01:00,0.0,280.1,4.4,0.0
2024-02-03T18:00:00+01:00,0.0,365.4,2.4,0.0
2024-02-03T19:00:00+01:00,0.0,296.9,3.4,0.0
2024-02-03T20:00:00+01:00,0.0,292.7,3.3,0.0
2024-02-03T21:00:00+01:00,0.0,204.5,8.1,0.0
2024-02-03T22:00:00+01:00,0.0,84.0,19.8,0.0
2024-02-03T23:00:00+01:00,0.0,83.3,23.2,0.0
2024-02-04T00:00:00+01:00,0.0,29.9,9.7,0.0
2024-02-04T01:00:00+01:00,0.0,0.1,2.7,0.0
2024-02-04T02:00:00+01:00,0.0,0.0,0.1,0.0
2024-02-04T03:00:00+01:00,0.0,0.0,0.0,0.0
2024-02-04T04:00:00+01:00,0.0,0.0,0.3,0.0
2024-02-04T05:00:00+01:00,0.0,0.0,0.1,0.0
2024-02-04T06:00:00+01:00,0.0,0.0,0.0,0.0
2024-02-04T07:00:00+01:00,0.0,0.5,0.0,0.0
2024-02-04T08:00:00+01:00,0.0,51.0,0.0,0.0
2024-02-04T09:00:00+01:00,0.0,52.4,0.0,0.0
2024-02-04T10:00:00+01:00,0.0,52.4,0.1,0.0
2024-02-04T11:00:00+01:00,0.0,52.4,0.0,0.0
2024-02-04T12:00:00+01:00,0.0,52.4,0.6,0.0
2024-02-04T13:00:00+01:00,0.0,47.5,2.1,0.0
2024-02-04T14:00:00+01:00,0.0,37.6,9.5,0.0
2024-02-04T15:00:00+01:00,0.0,37.6,10.6,0.0
2024-02-04T16:00:00+01:00,0.0,40.6,6.4,0.0
2024-02-04T17:00:00+01:00,0.0,225.4,3.7,0.0
2024-02-04T18:00:00+01:00,0.0,268.0,1.4,0.0
2024-02-04T19:00:00+01:00,0.0,321.2,0.1,0.0
2024-02-04T20:00:00+01:00,0.0,317.8,0.0,0.0
2024-02-04T21:00:00+01:00,0.0,171.4,0.0,0.0
2024-02-04T22:00:00+01:00,0.0,231.9,0.0,0.0
2024-02-04T23:00:00+01:00,0.0,104.9,1.8,0.0
2024-02-05T00:00:00+01:00,0.0,50.0,5.3,0.0
2024-02-05T01:00:00+01:00,0.0,29.2,4.7,0.0
2024-02-05T02:00:00+01:00,0.0,0.0,3.4,0.0
2024-02-05T03:00:00+01:00,0.0,0.0,3.1,0.0
2024-02-05T04:00:00+01:00,0.0,0.3,3.3,0.0
2024-02-05T05:00:00+01:00,0.0,45.0,3.5,0.0
2024-02-05T06:00:00+01:00,0.0,203.8,6.2,0.0
2024-02-05T07:00:00+01:00,0.0,267.7,5.3,0.0
2024-02-05T08:00:00+01:00,0.0,308.3,1.6,0.0
2024-02-05T09:00:00+01:00,0.0,317.6,0.6,0.0
2024-02-05T10:00:00+01:00,0.0,301.6,3.9,0.0
2024-02-05T11:00:00+01:00,0.0,184.2,5.3,0.0
2024-02-05T12:00:00+01:00,0.0,168.8,3.8,0.0
2024-02-05T13:00:00+01:00,0.0,164.7,3.8,0.0
2024-02-05T14:00:00+01:00,0.0,133.7,4.6,0.0
2024-02-05T15:00:00+01:00,0.0,134.7,3.3,0.0
2024-02-05T16:00:00+01:00,0.0,267.0,0.7,0.0
2024-02-05T17:00:00+01:00,0.0,362.8,0.4,0.0
2024-02-05T18:00:00+01:00,0.0,419.3,0.0,0.0
2024-02-05T19:00:00+01:00,0.0,422.6,0.0,0.0
2024-02-05T20:00:00+01:00,0.0,408.5,0.0,0.0
2024-02-05T21:00:00+01:00,0.0,341.7,0.1,0.0
2024-02-05T22:00:00+01:00,0.0,288.2,1.6,0.0
2024-02-05T23:00:00+01:00,0.0,250.2,3.2,0.0
2024-02-06T00:00:00+01:00,0.0,45.1,0.4,0.0
2024-02-06T01:00:00+01:00,0.0,45.3,0.3,0.0
2024-02-06T02:00:00+01:00,0.0,0.0,4.7,0.0
2024-02-06T03:00:00+01:00,0.0,0.0,2.7,0.0
2024-02-06T04:00:00+01:00,0.0,0.0,9.0,0.0
2024-02-06T05:00:00+01:00,0.0,1.1,14.6,0.0
2024-02-06T06:00:00+01:00,0.0,255.5,8.9,0.0
2024-02-06T07:00:00+01:00,0.0,350.8,6.2,0.0
2024-02-06T08:00:00+01:00,0.0,342.0,10.1,0.0
2024-02-06T09:00:00+01:00,0.0,298.1,12.2,0.0
2024-02-06T10:00:00+01:00,0.0,173.8,15.6,0.0
2024-02-06T11:00:00+01:00,0.0,167.3,23.6,0.0
2024-02-06T12:00:00+01:00,0.0,171.9,19.6,0.0
2024-02-06T13:00:00+01:00,0.0,188.4,16.0,0.0
2024-02-06T14:00:00+01:00,0.0,188.6,14.6,0.0
2024-02-06T15:00:00+01:00,0.0,245.0,12.4,0.0
2024-02-06T16:00:00+01:00,0.0,335.6,8.1,0.0
2024-02-06T17:00:00+01:00,0.0,423.2,10.0,0.0
2024-02-06T18:00:00+01:00,0.0,419.6,8.6,0.0
2024-02-06T19:00:00+01:00,0.0,403.5,6.2,0.0
2024-02-06T20:00:00+01:00,0.0,340.0,4.0,0.0
2024-02-06T21:00:00+01:00,0.0,342.2,5.9,0.0
2024-02-06T22:00:00+01:00,0.0,279.4,3.1,0.0
2024-02-06T23:00:00+01:00,0.0,148.9,5.2,0.0
2024-02-07T00:00:00+01:00,0.0,35.8,10.8,0.0
2024-02-07T01:00:00+01:00,0.0,38.0,11.8,0.0
2024-02-07T02:00:00+01:00,0.0,0.0,14.9,0.0
2024-02-07T03:00:00+01:00,0.0,0.0,17.1,0.0
2024-02-07T04:00:00+01:00,0.0,0.4,15.9,0.0
2024-02-07T05:00:00+01:00,0.0,40.2,23.7,0.0
2024-02-07T06:00:00+01:00,0.0,174.1,34.2,0.0
2024-02-07T07:00:00+01:00,0.0,285.2,47.9,0.0
2024-02-07T08:00:00+01:00,0.0,335.8,34.9,0.0
2024-02-07T09:00:00+01:00,0.0,274.5,29.4,0.0
2024-02-07T10:00:00+01:00,0.0,258.3,43.0,0.0
2024-02-07T11:00:00+01:00,0.0,245.6,44.1,0.0
2024-02-07T12:00:00+01:00,0.0,190.1,48.0,0.0
2024-02-07T13:00:00+01:00,0.0,238.3,45.5,0.0
2024-02-07T14:00:00+01:00,0.0,222.5,48.2,0.0
2024-02-07T15:00:00+01:00,0.0,336.2,48.8,0.0
2024-02-07T16:00:00+01:00,0.0,392.9,49.0,0.0
2024-02-07T17:00:00+01:00,0.0,413.9,36.9,0.0
2024-02-07T18:00:00+01:00,0.0,391.4,43.2,0.0
2024-02-07T19:00:00+01:00,0.0,391.1,56.9,0.0
2024-02-07T20:00:00+01:00,0.0,391.0,56.2,0.0
2024-02-07T21:00:00+01:00,0.0,306.5,52.0,0.0
2024-02-07T22:00:00+01:00,0.0,234.2,66.5,0.0
2024-02-07T23:00:00+01:00,0.0,208.8,61.2,0.0
2024-02-08T00:00:00+01:00,0.0,57.7,92.5,0.0
2024-02-08T01:00:00+01:00,0.0,19.6,73.0,0.0
2024-02-08T02:00:00+01:00,0.0,20.1,75.5,0.0
2024-02-08T03:00:00+01:00,0.0,19.9,79.4,0.0
2024-02-08T04:00:00+01:00,0.0,20.8,60.8,0.0
2024-02-08T05:00:00+01:00,0.0,94.2,54.1,0.0
2024-02-08T06:00:00+01:00,0.0,309.0,64.8,0.0
2024-02-08T07:00:00+01:00,0.0,350.7,63.8,0.0
2024-02-08T08:00:00+01:00,0.0,350.0,48.2,0.0
2024-02-08T09:00:00+01:00,0.0,346.6,46.1,0.0
2024-02-08T10:00:00+01:00,0.0,269.4,48.1,0.0
2024-02-08T11:00:00+01:00,0.0,204.3,53.0,0.0
2024-02-08T12:00:00+01:00,0.0,215.0,40.3,0.0
2024-02-08T13:00:00+01:00,0.0,206.2,36.1,0.0
2024-02-08T14:00:00+01:00,0.0,209.0,27.3,0.0
2024-02-08T15:00:00+01:00,0.0,343.3,18.6,0.0
2024-02-08T16:00:00+01:00,0.0,420.4,10.7,0.0
2024-02-08T17:00:00+01:00,0.0,421.2,14.0,0.0
2024-02-08T18:00:00+01:00,0.0,426.6,7.7,0.0
2024-02-08T19:00:00+01:00,0.0,423.2,16.5,0.0
2024-02-08T20:00:00+01:00,0.0,403.2,16.0,0.0
2024-02-08T21:00:00+01:00,0.0,259.9,15.3,0.0
2024-02-08T22:00:00+01:00,0.0,241.4,14.9,0.0
2024-02-08T23:00:00+01:00,0.0,199.3,26.6,0.0
2024-02-09T00:00:00+01:00,0.0,51.0,34.1,0.0
2024-02-09T01:00:00+01:00,0.0,0.0,40.0,0.0
2024-02-09T02:00:00+01:00,0.0,0.0,41.4,0.0
2024-02-09T03:00:00+01:00,0.0,0.0,58.0,0.0
2024-02-09T04:00:00+01:00,0.0,0.5,54.8,0.0
2024-02-09T05:00:00+01:00,0.0,33.7,52.7,0.0
2024-02-09T06:00:00+01:00,0.0,127.2,68.4,0.0
2024-02-09T07:00:00+01:00,0.0,278.5,73.6,0.0
2024-02-09T08:00:00+01:00,0.0,232.3,83.3,0.0
2024-02-09T09:00:00+01:00,0.0,201.1,82.5,0.0
2024-02-09T10:00:00+01:00,0.0,191.1,86.5,0.0
2024-02-09T11:00:00+01:00,0.0,107.9,73.2,0.0
2024-02-09T12:00:00+01:00,0.0,103.4,79.1,0.0
2024-02-09T13:00:00+01:00,0.0,169.3,77.8,0.0
2024-02-09T14:00:00+01:00,0.0,165.4,86.5,0.0
2024-02-09T15:00:00+01:00,0.0,187.5,96.8,0.0
2024-02-09T16:00:00+01:00,0.0,347.3,95.5,0.0
2024-02-09T17:00:00+01:00,0.0,375.6,109.1,0.0
2024-02-09T18:00:00+01:00,0.0,374.8,107.9,0.0
2024-02-09T19:00:00+01:00,0.0,371.6,112.3,0.0
2024-02-09T20:00:00+01:00,0.0,346.2,113.5,0.0
2024-02-09T21:00:00+01:00,0.0,156.8,106.6,0.0
2024-02-09T22:00:00+01:00,0.0,140.8,103.9,0.0
2024-02-09T23:00:00+01:00,0.0,113.3,83.1,0.0
2024-02-10T00:00:00+01:00,0.0,0.2,96.0,0.0
2024-02-10T01:00:00+01:00,0.0,0.0,106.5,0.0
2024-02-10T02:00:00+01:00,0.0,0.0,89.9,0.0
2024-02-10T03:00:00+01:00,0.0,0.0,85.0,0.0
2024-02-10T04:00:00+01:00,0.0,0.0,101.0,0.0
2024-02-10T05:00:00+01:00,0.0,0.6,114.8,0.0
2024-02-10T06:00:00+01:00,0.0,34.6,115.6,0.0
2024-02-10T07:00:00+01:00,0.0,96.7,109.2,0.0
2024-02-10T08:00:00+01:00,0.0,127.0,111.9,0.0
2024-02-10T09:00:00+01:00,0.0,150.9,115.1,0.0
2024-02-10T10:00:00+01:00,0.0,124.2,115.1,0.0
2024-02-10T11:00:00+01:00,0.0,47.4,116.4,0.0
2024-02-10T12:00:00+01:00,0.0,47.5,116.0,0.0
2024-02-10T13:00:00+01:00,0.0,43.0,111.9,0.0
2024-02-10T14:00:00+01:00,0.0,31.7,104.1,0.0
2024-02-10T15:00:00+01:00,0.0,144.1,73.4,0.0
2024-02-10T16:00:00+01:00,0.0,203.2,58.5,0.0
2024-02-10T17:00:00+01:00,0.0,213.4,60.1,0.0
2024-02-10T18:00:00+01:00,0.0,213.7,73.6,0.0
2024-02-10T19:00:00+01:00,0.0,228.5,47.3,0.0
2024-02-10T20:00:00+01:00,0.0,213.1,56.0,0.0
2024-02-10T21:00:00+01:00,0.0,109.3,49.6,0.0
2024-02-10T22:00:00+01:00,0.0,47.7,43.0,0.0
2024-02-10T23:00:00+01:00,0.0,49.8,44.0,0.0
2024-02-11T00:00:00+01:00,0.0,66.7,61.0,0.0
2024-02-11T01:00:00+01:00,0.0,72.5,29.4,0.0
2024-02-11T02:00:00+01:00,0.0,44.0,53.3,0.0
2024-02-11T03:00:00+01:00,0.0,59.7,27.4,0.0
2024-02-11T04:00:00+01:00,0.0,64.0,49.4,0.0
2024-02-11T05:00:00+01:00,0.0,66.9,63.6,0.0
2024-02-11T06:00:00+01:00,0.0,57.9,65.0,0.0
2024-02-11T07:00:00+01:00,0.0,68.2,62.8,0.0
2024-02-11T08:00:00+01:00,0.0,90.7,104.8,0.0
2024-02-11T09:00:00+01:00,0.0,129.2,102.1,0.0
2024-02-11T10:00:00+01:00,0.0,162.0,101.4,0.0
2024-02-11T11:00:00+01:00,0.0,171.6,97.8,0.0
2024-02-11T12:00:00+01:00,0.0,159.5,99.4,0.0
2024-02-11T13:00:00+01:00,0.0,154.5,104.9,0.0
2024-02-11T14:00:00+01:00,0.0,153.1,104.5,0.0
2024-02-11T15:00:00+01:00,0.0,149.8,106.1,0.0
2024-02-11T16:00:00+01:00,0.0,153.7,107.4,0.0
2024-02-11T17:00:00+01:00,0.0,223.2,107.1,0.0
2024-02-11T18:00:00+01:00,0.0,225.9,95.9,0.0
2024-02-11T19:00:00+01:00,0.0,261.4,63.7,0.0
2024-02-11T20:00:00+01:00,0.0,258.9,46.9,0.0
2024-02-11T21:00:00+01:00,0.0,252.4,61.0,0.0
2024-02-11T22:00:00+01:00,0.0,237.9,70.4,0.0
2024-02-11T23:00:00+01:00,0.0,230.8,66.9,0.0
2024-02-12T00:00:00+01:00,0.0,267.8,58.4,0.0
2024-02-12T01:00:00+01:00,0.0,259.9,66.7,0.0
2024-02-12T02:00:00+01:00,0.0,266.5,43.4,0.0
2024-02-12T03:00:00+01:00,0.0,267.8,32.8,0.0
2024-02-12T04:00:00+01:00,0.0,296.7,52.1,0.0
2024-02-12T05:00:00+01:00,0.0,296.3,52.9,0.0
2024-02-12T06:00:00+01:00,0.0,285.3,51.9,0.0
2024-02-12T07:00:00+01:00,0.0,362.5,50.0,0.0
2024-02-12T08:00:00+01:00,0.0,374.6,46.4,0.0
2024-02-12T09:00:00+01:00,0.0,366.3,48.6,0.0
2024-02-12T10:00:00+01:00,0.0,366.9,27.7,0.0
2024-02-12T11:00:00+01:00,0.0,368.4,30.1,0.0
2024-02-12T12:00:00+01:00,0.0,366.7,29.0,0.0
2024-02-12T13:00:00+01:00,0.0,366.8,15.6,0.0
2024-02-12T14:00:00+01:00,0.0,366.8,9.5,0.0
2024-02-12T15:00:00+01:00,0.0,367.8,23.3,0.0
2024-02-12T16:00:00+01:00,0.0,454.3,10.0,0.0
2024-02-12T17:00:00+01:00,0.0,518.2,5.3,0.0
2024-02-12T18:00:00+01:00,0.0,522.5,5.3,0.0
2024-02-12T19:00:00+01:00,0.0,515.8,8.1,0.0
2024-02-12T20:00:00+01:00,0.0,514.5,8.2,0.0
2024-02-12T21:00:00+01:00,0.0,368.7,3.5,0.0
2024-02-12T22:00:00+01:00,0.0,367.1,3.5,0.0
2024-02-12T23:00:00+01:00,0.0,367.7,2.9,0.0
2024-02-13T00:00:00+01:00,0.0,288.9,1.5,0.0
2024-02-13T01:00:00+01:00,0.0,292.7,0.3,0.0
2024-02-13T02:00:00+01:00,0.0,294.5,0.0,0.0
2024-02-13T03:00:00+01:00,0.0,296.2,2.5,0.0
2024-02-13T04:00:00+01:00,0.0,291.3,21.1,0.0
2024-02-13T05:00:00+01:00,0.0,293.2,32.2,0.0
2024-02-13T06:00:00+01:00,0.0,507.5,47.1,0.0
2024-02-13T07:00:00+01:00,0.0,521.1,45.1,0.0
2024-02-13T08:00:00+01:00,0.0,510.3,46.3,0.0
2024-02-13T09:00:00+01:00,0.0,517.0,47.1,0.0
2024-02-13T10:00:00+01:00,0.0,514.8,52.9,0.0
2024-02-13T11:00:00+01:00,0.0,443.6,62.8,0.0
2024-02-13T12:00:00+01:00,0.0,367.4,63.9,0.0
2024-02-13T13:00:00+01:00,0.0,368.2,60.0,0.0
2024-02-13T14:00:00+01:00,0.0,437.3,65.9,0.0
2024-02-13T15:00:00+01:00,0.0,458.0,71.9,0.0
2024-02-13T16:00:00+01:00,0.0,497.3,81.2,0.0
2024-02-13T17:00:00+01:00,0.0,505.1,83.7,0.0
2024-02-13T18:00:00+01:00,0.0,513.1,76.1,0.0
2024-02-13T19:00:00+01:00,0.0,511.0,92.0,0.0
2024-02-13T20:00:00+01:00,0.0,502.1,105.2,0.0
2024-02-13T21:00:00+01:00,0.0,519.2,89.7,0.0
2024-02-13T22:00:00+01:00,0.0,473.7,99.1,0.0
2024-02-13T23:00:00+01:00,0.0,285.5,107.4,0.0
2024-02-14T00:00:00+01:00,0.0,282.5,110.0,0.0
2024-02-14T01:00:00+01:00,0.0,276.2,106.8,0.0
2024-02-14T02:00:00+01:00,0.0,277.5,102.9,0.0
2024-02-14T03:00:00+01:00,0.0,282.6,91.3,0.0
2024-02-14T04:00:00+01:00,0.0,276.8,92.9,0.0
2024-02-14T05:00:00+01:00,0.0,277.7,97.3,0.0
2024-02-14T06:00:00+01:00,0.0,499.2,98.2,0.0
2024-02-14T07:00:00+01:00,0.0,517.8,77.5,0.0
2024-02-14T08:00:00+01:00,0.0,518.3,92.9,0.0
2024-02-14T09:00:00+01:00,0.0,509.8,80.0,0.0
2024-02-14T10:00:00+01:00,0.0,406.4,65.4,0.0
2024-02-14T11:00:00+01:00,0.0,366.7,60.7,0.0
2024-02-14T12:00:00+01:00,0.0,366.3,62.4,0.0
2024-02-14T13:00:00+01:00,0.0,366.9,63.3,0.0
2024-02-14T14:00:00+01:00,0.0,394.0,73.5,0.0
2024-02-14T15:00:00+01:00,0.0,468.1,75.7,0.0
2024-02-14T16:00:00+01:00,0.0,503.3,72.7,0.0
2024-02-14T17:00:00+01:00,0.0,516.3,70.3,0.0
2024-02-14T18:00:00+01:00,0.0,508.3,75.3,0.0
2024-02-14T19:00:00+01:00,0.0,507.2,78.9,0.0
2024-02-14T20:00:00+01:00,0.0,503.8,87.8,0.0
2024-02-14T21:00:00+01:00,0.0,503.1,89.5,0.0
2024-02-14T22:00:00+01:00,0.0,506.2,90.0,0.0
2024-02-14T23:00:00+01:00,0.0,368.5,93.3,0.0
2024-02-15T00:00:00+01:00,0.0,273.1,91.6,0.0
2024-02-15T01:00:00+01:00,0.0,271.6,82.5,0.0
2024-02-15T02:00:00+01:00,0.0,270.2,75.2,0.0
2024-02-15T03:00:00+01:00,0.0,271.6,71.5,0.0
2024-02-15T04:00:00+01:00,0.0,269.7,86.0,0.0
2024-02-15T05:00:00+01:00,0.0,274.1,79.4,0.0
2024-02-15T06:00:00+01:00,0.0,505.4,76.0,0.0
2024-02-15T07:00:00+01:00,0.0,518.0,79.4,0.0
2024-02-15T08:00:00+01:00,0.0,501.4,72.5,0.0
2024-02-15T09:00:00+01:00,0.0,462.3,69.5,0.0
2024-02-15T10:00:00+01:00,0.0,395.1,67.3,0.0
2024-02-15T11:00:00+01:00,0.0,436.3,56.7,0.0
2024-02-15T12:00:00+01:00,0.0,400.8,43.8,0.0
2024-02-15T13:00:00+01:00,0.0,405.1,28.7,0.0
2024-02-15T14:00:00+01:00,0.0,475.8,27.9,0.0
2024-02-15T15:00:00+01:00,0.0,494.2,34.3,0.0
2024-02-15T16:00:00+01:00,0.0,494.9,32.2,0.0
2024-02-15T17:00:00+01:00,0.0,489.4,52.1,0.0
2024-02-15T18:00:00+01:00,0.0,484.9,64.0,0.0
2024-02-15T19:00:00+01:00,0.0,499.2,69.0,0.0
2024-02-15T20:00:00+01:00,0.0,495.6,82.6,0.0
2024-02-15T21:00:00+01:00,0.0,498.0,71.5,0.0
2024-02-15T22:00:00+01:00,0.0,440.2,66.5,0.0
2024-02-15T23:00:00+01:00,0.0,356.9,36.6,0.0
2024-02-16T00:00:00+01:00,0.0,203.3,39.3,0.0
2024-02-16T01:00:00+01:00,0.0,203.1,47.3,0.0
2024-02-16T02:00:00+01:00,0.0,208.7,25.8,0.0
2024-02-16T03:00:00+01:00,0.0,218.1,14.7,0.0
2024-02-16T04:00:00+01:00,0.0,215.1,14.7,0.0
2024-02-16T05:00:00+01:00,0.0,215.8,16.2,0.0
2024-02-16T06:00:00+01:00,0.0,425.0,15.1,0.0
2024-02-16T07:00:00+01:00,0.0,450.2,10.3,0.0
2024-02-16T08:00:00+01:00,0.0,446.7,6.3,0.0
2024-02-16T09:00:00+01:00,0.0,285.9,2.7,0.0
2024-02-16T10:00:00+01:00,0.0,284.3,0.8,0.0
2024-02-16T11:00:00+01:00,0.0,282.4,0.7,0.0
2024-02-16T12:00:00+01:00,0.0,197.5,6.1,0.0
2024-02-16T13:00:00+01:00,0.0,203.9,5.9,0.0
2024-02-16T14:00:00+01:00,0.0,200.6,3.4,0.0
2024-02-16T15:00:00+01:00,0.0,206.9,2.3,0.0
2024-02-16T16:00:00+01:00,0.0,491.9,2.0,0.0
2024-02-16T17:00:00+01:00,0.0,489.9,3.7,0.0
2024-02-16T18:00:00+01:00,0.0,491.3,2.5,0.0
2024-02-16T19:00:00+01:00,0.0,490.4,2.5,0.0
2024-02-16T20:00:00+01:00,0.0,490.4,1.4,0.0
2024-02-16T21:00:00+01:00,0.0,442.0,5.3,0.0
2024-02-16T22:00:00+01:00,0.0,363.5,2.2,0.0
2024-02-16T23:00:00+01:00,0.0,287.0,0.3,0.0
2024-02-17T00:00:00+01:00,0.0,184.9,2.0,0.0
2024-02-17T01:00:00+01:00,0.0,154.7,2.2,0.0
2024-02-17T02:00:00+01:00,0.0,151.2,2.5,0.0
2024-02-17T03:00:00+01:00,0.0,154.1,1.1,0.0
2024-02-17T04:00:00+01:00,0.0,151.8,0.3,0.0
2024-02-17T05:00:00+01:00,0.0,147.6,0.2,0.0
2024-02-17T06:00:00+01:00,0.0,144.7,1.6,0.0
2024-02-17T07:00:00+01:00,0.0,238.0,4.1,0.0
2024-02-17T08:00:00+01:00,0.0,249.2,2.0,0.0
2024-02-17T09:00:00+01:00,0.0,247.0,0.0,0.0
2024-02-17T10:00:00+01:00,0.0,233.2,0.3,0.0
2024-02-17T11:00:00+01:00,0.0,154.4,0.7,0.0
2024-02-17T12:00:00+01:00,0.0,157.4,0.0,0.0
2024-02-17T13:00:00+01:00,0.0,154.2,1.7,0.0
2024-02-17T14:00:00+01:00,0.0,155.9,6.6,0.0
2024-02-17T15:00:00+01:00,0.0,188.7,15.4,0.0
2024-02-17T16:00:00+01:00,0.0,415.6,11.1,0.0
2024-02-17T17:00:00+01:00,0.0,421.1,10.4,0.0
2024-02-17T18:00:00+01:00,0.0,423.0,16.4,0.0
2024-02-17T19:00:00+01:00,0.0,425.7,20.2,0.0
2024-02-17T20:00:00+01:00,0.0,429.7,12.9,0.0
2024-02-17T21:00:00+01:00,0.0,421.8,21.5,0.0
2024-02-17T22:00:00+01:00,0.0,411.4,36.6,0.0
2024-02-17T23:00:00+01:00,0.0,182.0,56.2,0.0
2024-02-18T00:00:00+01:00,0.0,143.5,51.2,0.0
2024-02-18T01:00:00+01:00,0.0,80.0,55.9,0.0
2024-02-18T02:00:00+01:00,0.0,71.9,58.2,0.0
2024-02-18T03:00:00+01:00,0.0,74.8,63.6,0.0
2024-02-18T04:00:00+01:00,0.0,71.7,64.5,0.0
2024-02-18T05:00:00+01:00,0.0,78.5,58.6,0.0
2024-02-18T06:00:00+01:00,0.0,74.4,65.7,0.0
2024-02-18T07:00:00+01:00,0.0,85.3,71.5,0.0
2024-02-18T08:00:00+01:00,0.0,86.3,71.2,0.0
2024-02-18T09:00:00+01:00,0.0,77.5,71.4,0.0
2024-02-18T10:00:00+01:00,0.0,76.0,59.4,0.0
2024-02-18T11:00:00+01:00,0.0,77.5,36.3,0.0
2024-02-18T12:00:00+01:00,0.0,81.2,23.0,0.0
2024-02-18T13:00:00+01:00,0.0,74.1,24.3,0.0
2024-02-18T14:00:00+01:00,0.0,78.9,23.2,0.0
2024-02-18T15:00:00+01:00,0.0,82.8,35.9,0.0
2024-02-18T16:00:00+01:00,0.0,184.3,57.4,0.0
2024-02-18T17:00:00+01:00,0.0,331.1,53.9,0.0
2024-02-18T18:00:00+01:00,0.0,326.3,47.2,0.0
2024-02-18T19:00:00+01:00,0.0,345.4,31.5,0.0
2024-02-18T20:00:00+01:00,0.0,365.6,9.6,0.0
2024-02-18T21:00:00+01:00,0.0,309.9,21.0,0.0
2024-02-18T22:00:00+01:00,0.0,281.8,38.0,0.0
2024-02-18T23:00:00+01:00,0.0,163.4,20.1,0.0
2024-02-19T00:00:00+01:00,0.0,136.4,18.0,0.0
2024-02-19T01:00:00+01:00,0.0,66.8,14.3,0.0
2024-02-19T02:00:00+01:00,0.0,69.1,9.1,0.0
2024-02-19T03:00:00+01:00,0.0,63.0,12.5,0.0
2024-02-19T04:00:00+01:00,0.0,63.9,19.4,0.0
2024-02-19T05:00:00+01:00,0.0,99.1,22.1,0.0
2024-02-19T06:00:00+01:00,0.0,219.3,20.5,0.0
2024-02-19T07:00:00+01:00,0.0,415.7,22.3,0.0
2024-02-19T08:00:00+01:00,0.0,406.9,19.1,0.0
2024-02-19T09:00:00+01:00,0.0,280.1,16.0,0.0
2024-02-19T10:00:00+01:00,0.0,221.8,6.6,0.0
2024-02-19T11:00:00+01:00,0.0,208.2,0.7,0.0
2024-02-19T12:00:00+01:00,0.0,302.2,0.4,0.0
2024-02-19T13:00:00+01:00,0.0,356.5,1.1,0.0
2024-02-19T14:00:00+01:00,0.0,349.6,0.1,0.0
2024-02-19T15:00:00+01:00,0.0,356.1,0.3,0.0
2024-02-19T16:00:00+01:00,0.0,475.1,0.2,0.0
2024-02-19T17:00:00+01:00,0.0,477.5,0.0,0.0
2024-02-19T18:00:00+01:00,0.0,468.6,1.2,0.0
2024-02-19T19:00:00+01:00,0.0,460.5,7.7,0.0
2024-02-19T20:00:00+01:00,0.0,460.2,9.7,0.0
2024-02-19T21:00:00+01:00,0.0,343.2,14.2,0.0
2024-02-19T22:00:00+01:00,0.0,286.5,9.0,0.0
2024-02-19T23:00:00+01:00,0.0,213.7,8.0,0.0
2024-02-20T00:00:00+01:00,0.0,152.5,9.4,0.0
2024-02-20T01:00:00+01:00,0.0,101.8,19.1,0.0
2024-02-20T02:00:00+01:00,0.0,71.7,29.5,0.0
2024-02-20T03:00:00+01:00,0.0,67.5,41.7,0.0
2024-02-20T04:00:00+01:00,0.0,64.0,50.6,0.0
2024-02-20T05:00:00+01:00,0.0,87.8,41.1,0.0
2024-02-20T06:00:00+01:00,0.0,369.9,33.6,0.0
2024-02-20T07:00:00+01:00,0.0,420.0,34.8,0.0
2024-02-20T08:00:00+01:00,0.0,419.7,31.2,0.0
2024-02-20T09:00:00+01:00,0.0,416.5,33.6,0.0
2024-02-20T10:00:00+01:00,0.0,256.9,33.0,0.0
2024-02-20T11:00:00+01:00,0.0,186.1,44.8,0.0
2024-02-20T12:00:00+01:00,0.0,176.2,39.2,0.0
2024-02-20T13:00:00+01:00,0.0,177.1,37.9,0.0
2024-02-20T14:00:00+01:00,0.0,183.7,24.8,0.0
2024-02-20T15:00:00+01:00,0.0,256.4,25.1,0.0
2024-02-20T16:00:00+01:00,0.0,468.4,26.8,0.0
2024-02-20T17:00:00+01:00,0.0,479.1,34.6,0.0
2024-02-20T18:00:00+01:00,0.0,465.4,45.7,0.0
2024-02-20T19:00:00+01:00,0.0,448.3,59.2,0.0
2024-02-20T20:00:00+01:00,0.0,454.0,60.1,0.0
2024-02-20T21:00:00+01:00,0.0,451.1,65.2,0.0
2024-02-20T22:00:00+01:00,0.0,269.1,70.4,0.0
2024-02-20T23:00:00+01:00,0.0,169.2,88.3,0.0
2024-02-21T00:00:00+01:00,0.0,101.0,70.2,0.0
2024-02-21T01:00:00+01:00,0.0,67.9,60.7,0.0
2024-02-21T02:00:00+01:00,0.0,63.0,59.1,0.0
2024-02-21T03:00:00+01:00,0.0,59.1,60.0,0.0
2024-02-21T04:00:00+01:00,0.0,72.9,57.4,0.0
2024-02-21T05:00:00+01:00,0.0,71.3,63.7,0.0
2024-02-21T06:00:00+01:00,0.0,276.6,57.3,0.0
2024-02-21T07:00:00+01:00,0.0,415.3,55.9,0.0
2024-02-21T08:00:00+01:00,0.0,401.3,67.5,0.0
2024-02-21T09:00:00+01:00,0.0,317.0,54.5,0.0
2024-02-21T10:00:00+01:00,0.0,183.4,35.5,0.0
2024-02-21T11:00:00+01:00,0.0,185.4,16.0,0.0
2024-02-21T12:00:00+01:00,0.0,191.5,4.4,0.0
2024-02-21T13:00:00+01:00,0.0,193.3,7.3,0.0
2024-02-21T14:00:00+01:00,0.0,187.7,14.8,0.0
2024-02-21T15:00:00+01:00,0.0,269.3,12.8,0.0
2024-02-21T16:00:00+01:00,0.0,422.0,24.7,0.0
2024-02-21T17:00:00+01:00,0.0,467.5,18.7,0.0
2024-02-21T18:00:00+01:00,0.0,463.2,20.6,0.0
2024-02-21T19:00:00+01:00,0.0,465.4,21.5,0.0
2024-02-21T20:00:00+01:00,0.0,447.4,12.8,0.0
2024-02-21T21:00:00+01:00,0.0,392.6,3.5,0.0
2024-02-21T22:00:00+01:00,0.0,282.0,0.0,0.0
2024-02-21T23:00:00+01:00,0.0,221.8,0.0,0.0
2024-02-22T00:00:00+01:00,0.0,181.5,0.0,0.0
2024-02-22T01:00:00+01:00,0.0,95.7,0.0,0.0
2024-02-22T02:00:00+01:00,0.0,90.8,0.1,0.0
2024-02-22T03:00:00+01:00,0.0,88.1,0.6,0.0
2024-02-22T04:00:00+01:00,0.0,83.3,2.6,0.0
2024-02-22T05:00:00+01:00,0.0,129.2,7.1,0.0
2024-02-22T06:00:00+01:00,0.0,370.3,12.8,0.0
2024-02-22T07:00:00+01:00,0.0,368.9,15.9,0.0
2024-02-22T08:00:00+01:00,0.0,373.5,12.2,0.0
2024-02-22T09:00:00+01:00,0.0,341.2,11.5,0.0
2024-02-22T10:00:00+01:00,0.0,213.0,17.4,0.0
2024-02-22T11:00:00+01:00,0.0,191.4,31.5,0.0
2024-02-22T12:00:00+01:00,0.0,172.1,40.2,0.0
2024-02-22T13:00:00+01:00,0.0,155.1,52.4,0.0
2024-02-22T14:00:00+01:00,0.0,157.7,51.5,0.0
2024-02-22T15:00:00+01:00,0.0,256.7,56.1,0.0
2024-02-22T16:00:00+01:00,0.0,373.0,52.4,0.0
2024-02-22T17:00:00+01:00,0.0,369.2,56.5,0.0
2024-02-22T18:00:00+01:00,0.0,452.5,65.7,0.0
2024-02-22T19:00:00+01:00,0.0,431.0,65.5,0.0
2024-02-22T20:00:00+01:00,0.0,262.3,73.2,0.0
2024-02-22T21:00:00+01:00,0.0,260.2,80.6,0.0
2024-02-22T22:00:00+01:00,0.0,178.2,85.9,0.0
2024-02-22T23:00:00+01:00,0.0,130.1,89.1,0.0
2024-02-23T00:00:00+01:00,0.0,72.8,91.8,0.0
2024-02-23T01:00:00+01:00,0.0,36.4,91.9,0.0
2024-02-23T02:00:00+01:00,0.0,23.6,109.9,0.0
2024-02-23T03:00:00+01:00,0.0,24.1,110.3,0.0
2024-02-23T04:00:00+01:00,0.0,26.2,104.4,0.0
2024-02-23T05:00:00+01:00,0.0,35.8,106.0,0.0
2024-02-23T06:00:00+01:00,0.0,112.6,111.9,0.0
2024-02-23T07:00:00+01:00,0.0,311.0,107.8,0.0
2024-02-23T08:00:00+01:00,0.0,257.4,112.0,0.0
2024-02-23T09:00:00+01:00,0.0,194.5,114.9,0.0
2024-02-23T10:00:00+01:00,0.0,146.6,113.7,0.0
2024-02-23T11:00:00+01:00,0.0,150.0,113.3,0.0
2024-02-23T12:00:00+01:00,0.0,142.0,113.0,0.0
2024-02-23T13:00:00+01:00,0.0,136.2,113.9,0.0
2024-02-23T14:00:00+01:00,0.0,204.4,114.7,0.0
2024-02-23T15:00:00+01:00,0.0,211.7,114.9,0.0
2024-02-23T16:00:00+01:00,0.0,404.0,113.5,0.0
2024-02-23T17:00:00+01:00,0.0,475.6,114.7,0.0
2024-02-23T18:00:00+01:00,0.0,484.7,115.0,0.0
2024-02-23T19:00:00+01:00,0.0,480.1,112.8,0.0
2024-02-23T20:00:00+01:00,0.0,447.7,110.6,0.0
2024-02-23T21:00:00+01:00,0.0,447.2,107.2,0.0
2024-02-23T22:00:00+01:00,0.0,251.8,98.7,0.0
2024-02-23T23:00:00+01:00,0.0,131.0,73.5,0.0
2024-02-24T00:00:00+01:00,0.0,86.4,67.7,0.0
2024-02-24T01:00:00+01:00,0.0,50.2,58.0,0.0
2024-02-24T02:00:00+01:00,0.0,53.6,58.9,0.0
2024-02-24T03:00:00+01:00,0.0,50.7,63.4,0.0
2024-02-24T04:00:00+01:00,0.0,36.2,90.8,0.0
2024-02-24T05:00:00+01:00,0.0,41.3,78.5,0.0
2024-02-24T06:00:00+01:00,0.0,56.5,97.0,0.0
2024-02-24T07:00:00+01:00,0.0,258.9,105.7,0.0
2024-02-24T08:00:00+01:00,0.0,196.5,110.4,0.0
2024-02-24T09:00:00+01:00,0.0,156.2,108.5,0.0
2024-02-24T10:00:00+01:00,0.0,164.5,108.9,0.0
2024-02-24T11:00:00+01:00,0.0,168.8,111.5,0.0
2024-02-24T12:00:00+01:00,0.0,167.3,113.0,0.0
2024-02-24T13:00:00+01:00,0.0,161.3,112.7,0.0
2024-02-24T14:00:00+01:00,0.0,156.6,109.7,0.0
2024-02-24T15:00:00+01:00,0.0,150.7,111.0,0.0
2024-02-24T16:00:00+01:00,0.0,142.9,111.3,0.0
2024-02-24T17:00:00+01:00,0.0,436.9,105.0,0.0
2024-02-24T18:00:00+01:00,0.0,464.5,58.0,0.0
2024-02-24T19:00:00+01:00,0.0,460.6,71.6,0.0
2024-02-24T20:00:00+01:00,0.0,423.6,108.5,0.0
2024-02-24T21:00:00+01:00,0.0,155.6,109.1,0.0
2024-02-24T22:00:00+01:00,0.0,165.7,99.0,0.0
2024-02-24T23:00:00+01:00,0.0,172.7,92.0,0.0
2024-02-25T00:00:00+01:00,0.0,266.2,42.9,0.0
2024-02-25T01:00:00+01:00,0.0,265.6,66.2,0.0
2024-02-25T02:00:00+01:00,0.0,270.3,74.2,0.0
2024-02-25T03:00:00+01:00,0.0,286.9,50.6,0.0
2024-02-25T04:00:00+01:00,0.0,269.9,68.2,0.0
2024-02-25T05:00:00+01:00,0.0,272.6,108.6,0.0
2024-02-25T06:00:00+01:00,0.0,269.9,107.3,0.0
2024-02-25T07:00:00+01:00,0.0,278.8,105.5,0.0
2024-02-25T08:00:00+01:00,0.0,273.7,109.9,0.0
2024-02-25T09:00:00+01:00,0.0,271.6,109.1,0.0
2024-02-25T10:00:00+01:00,0.0,271.7,106.9,0.0
2024-02-25T11:00:00+01:00,0.0,269.6,91.1,0.0
2024-02-25T12:00:00+01:00,0.0,272.9,67.7,0.0
2024-02-25T13:00:00+01:00,0.0,291.1,49.1,0.0
2024-02-25T14:00:00+01:00,0.0,274.8,52.6,0.0
2024-02-25T15:00:00+01:00,0.0,276.3,50.3,0.0
2024-02-25T16:00:00+01:00,0.0,281.5,38.5,0.0
2024-02-25T17:00:00+01:00,0.0,516.7,40.8,0.0
2024-02-25T18:00:00+01:00,0.0,518.8,36.8,0.0
2024-02-25T19:00:00+01:00,0.0,517.0,37.2,0.0
2024-02-25T20:00:00+01:00,0.0,517.8,32.6,0.0
2024-02-25T21:00:00+01:00,0.0,294.7,27.1,0.0
2024-02-25T22:00:00+01:00,0.0,278.9,53.1,0.0
2024-02-25T23:00:00+01:00,0.0,268.8,88.2,0.0
2024-02-26T00:00:00+01:00,0.0,277.1,58.5,0.0
2024-02-26T01:00:00+01:00,0.0,272.1,52.1,0.0
2024-02-26T02:00:00+01:00,0.0,275.1,37.7,0.0
2024-02-26T03:00:00+01:00,0.0,282.9,21.9,0.0
2024-02-26T04:00:00+01:00,0.0,286.1,17.0,0.0
2024-02-26T05:00:00+01:00,0.0,294.3,13.5,0.0
2024-02-26T06:00:00+01:00,0.0,515.3,25.4,0.0
2024-02-26T07:00:00+01:00,0.0,513.3,35.9,0.0
2024-02-26T08:00:00+01:00,0.0,508.3,29.9,0.0
2024-02-26T09:00:00+01:00,0.0,495.6,21.4,0.0
2024-02-26T10:00:00+01:00,0.0,461.6,10.3,0.0
2024-02-26T11:00:00+01:00,0.0,387.0,5.1,0.0
2024-02-26T12:00:00+01:00,0.0,367.4,1.2,0.0
2024-02-26T13:00:00+01:00,0.0,367.0,1.5,0.0
2024-02-26T14:00:00+01:00,0.0,367.8,0.1,0.0
2024-02-26T15:00:00+01:00,0.0,442.3,4.9,0.0
2024-02-26T16:00:00+01:00,0.0,498.3,4.8,0.0
2024-02-26T17:00:00+01:00,0.0,508.3,10.6,0.0
2024-02-26T18:00:00+01:00,0.0,496.6,31.1,0.0
2024-02-26T19:00:00+01:00,0.0,502.5,24.4,0.0
2024-02-26T20:00:00+01:00,0.0,506.6,26.7,0.0
2024-02-26T21:00:00+01:00,0.0,521.1,14.4,0.0
2024-02-26T22:00:00+01:00,0.0,373.8,14.9,0.0
2024-02-26T23:00:00+01:00,0.0,372.2,16.9,0.0
2024-02-27T00:00:00+01:00,0.0,368.4,24.9,0.0
2024-02-27T01:00:00+01:00,0.0,283.9,27.2,0.0
2024-02-27T02:00:00+01:00,0.0,277.2,48.4,0.0
2024-02-27T03:00:00+01:00,0.0,285.6,62.1,0.0
2024-02-27T04:00:00+01:00,0.0,292.0,45.7,0.0
2024-02-27T05:00:00+01:00,0.0,521.5,35.5,0.0
2024-02-27T06:00:00+01:00,0.0,508.0,46.1,0.0
2024-02-27T07:00:00+01:00,0.0,516.5,42.4,0.0
2024-02-27T08:00:00+01:00,0.0,508.6,38.8,0.0
2024-02-27T09:00:00+01:00,0.0,507.4,36.6,0.0
2024-02-27T10:00:00+01:00,0.0,510.1,27.8,0.0
2024-02-27T11:00:00+01:00,0.0,508.6,31.3,0.0
2024-02-27T12:00:00+01:00,0.0,511.2,40.2,0.0
2024-02-27T13:00:00+01:00,0.0,520.6,28.5,0.0
2024-02-27T14:00:00+01:00,0.0,518.7,48.1,0.0
2024-02-27T15:00:00+01:00,0.0,517.9,49.4,0.0
2024-02-27T16:00:00+01:00,0.0,518.4,39.0,0.0
2024-02-27T17:00:00+01:00,0.0,515.8,34.6,0.0
2024-02-27T18:00:00+01:00,0.0,518.5,33.4,0.0
2024-02-27T19:00:00+01:00,0.0,513.8,27.6,0.0
2024-02-27T20:00:00+01:00,0.0,517.0,26.9,0.0
2024-02-27T21:00:00+01:00,0.0,517.6,26.5,0.0
2024-02-27T22:00:00+01:00,0.0,517.0,26.0,0.0
2024-02-27T23:00:00+01:00,0.0,514.8,27.1,0.0
2024-02-28T00:00:00+01:00,0.0,518.5,37.0,0.0
2024-02-28T01:00:00+01:00,0.0,512.0,38.5,0.0
2024-02-28T02:00:00+01:00,0.0,441.7,31.0,0.0
2024-02-28T03:00:00+01:00,0.0,439.3,25.8,0.0
2024-02-28T04:00:00+01:00,0.0,496.2,32.3,0.0
2024-02-28T05:00:00+01:00,0.0,522.6,25.2,0.0
2024-02-28T06:00:00+01:00,0.0,522.9,21.7,0.0
2024-02-28T07:00:00+01:00,0.0,520.7,25.0,0.0
2024-02-28T08:00:00+01:00,0.0,513.4,24.7,0.0
2024-02-28T09:00:00+01:00,0.0,513.7,19.6,0.0
2024-02-28T10:00:00+01:00,0.0,483.4,5.8,0.0
2024-02-28T11:00:00+01:00,0.0,517.4,0.7,0.0
2024-02-28T12:00:00+01:00,0.0,512.1,0.0,0.0
2024-02-28T13:00:00+01:00,0.0,485.6,0.0,0.0
2024-02-28T14:00:00+01:00,0.0,510.0,0.0,0.0
2024-02-28T15:00:00+01:00,0.0,522.1,0.0,0.0
2024-02-28T16:00:00+01:00,0.0,522.1,1.9,0.0
2024-02-28T17:00:00+01:00,0.0,519.9,11.9,0.0
2024-02-28T18:00:00+01:00,0.0,509.6,33.5,0.0
2024-02-28T19:00:00+01:00,0.0,502.9,43.7,0.0
2024-02-28T20:00:00+01:00,0.0,516.2,37.8,0.0
2024-02-28T21:00:00+01:00,0.0,518.1,29.1,0.0
2024-02-28T22:00:00+01:00,0.0,514.8,34.3,0.0
2024-02-28T23:00:00+01:00,0.0,456.8,40.9,0.0
2024-02-29T00:00:00+01:00,0.0,368.2,42.7,0.0
2024-02-29T01:00:00+01:00,0.0,367.1,43.1,0.0
2024-02-29T02:00:00+01:00,0.0,282.5,43.1,0.0
2024-02-29T03:00:00+01:00,0.0,279.0,56.2,0.0
2024-02-29T04:00:00+01:00,0.0,277.6,62.3,0.0
2024-02-29T05:00:00+01:00,0.0,511.7,57.9,0.0
2024-02-29T06:00:00+01:00,0.0,510.9,56.7,0.0
2024-02-29T07:00:00+01:00,0.0,516.0,52.1,0.0
2024-02-29T08:00:00+01:00,0.0,508.1,49.1,0.0
2024-02-29T09:00:00+01:00,0.0,506.6,45.9,0.0
2024-02-29T10:00:00+01:00,0.0,518.8,41.8,0.0
2024-02-29T11:00:00+01:00,0.0,492.6,33.7,0.0
2024-02-29T12:00:00+01:00,0.0,488.3,38.8,0.0
2024-02-29T13:00:00+01:00,0.0,508.7,35.7,0.0
2024-02-29T14:00:00+01:00,0.0,514.2,37.4,0.0
2024-02-29T15:00:00+01:00,0.0,506.5,45.6,0.0
2024-02-29T16:00:00+01:00,0.0,518.3,22.1,0.0
2024-02-29T17:00:00+01:00,0.0,521.7,2.5,0.0
2024-02-29T18:00:00+01:00,0.0,514.6,23.1,0.0
2024-02-29T19:00:00+01:00,0.0,496.2,49.6,0.0
2024-02-29T20:00:00+01:00,0.0,511.3,32.1,0.0
2024-02-29T21:00:00+01:00,0.0,511.3,30.8,0.0
2024-02-29T22:00:00+01:00,0.0,513.2,39.9,0.0
2024-02-29T23:00:00+01:00,0.0,520.2,26.6,0.0
2024-03-01T00:00:00+01:00,0.0,377.0,28.0,0.0
2024-03-01T01:00:00+01:00,0.0,295.9,49.9,0.0
2024-03-01T02:00:00+01:00,0.0,279.9,79.8,0.0
2024-03-01T03:00:00+01:00,0.0,284.6,80.3,0.0
2024-03-01T04:00:00+01:00,0.0,282.8,94.5,0.0
2024-03-01T05:00:00+01:00,0.0,502.1,83.5,0.0
2024-03-01T06:00:00+01:00,0.0,513.9,65.5,0.0
2024-03-01T07:00:00+01:00,0.0,516.0,58.9,0.0
2024-03-01T08:00:00+01:00,0.0,507.9,66.2,0.0
2024-03-01T09:00:00+01:00,0.0,517.2,33.5,0.0
2024-03-01T10:00:00+01:00,0.0,517.8,25.0,0.0
2024-03-01T11:00:00+01:00,0.0,515.9,22.7,0.0
2024-03-01T12:00:00+01:00,0.0,512.8,20.4,0.0
2024-03-01T13:00:00+01:00,0.0,499.9,19.2,0.0
2024-03-01T14:00:00+01:00,0.0,505.1,15.1,0.0
2024-03-01T15:00:00+01:00,0.0,508.8,13.5,0.0
2024-03-01T16:00:00+01:00,0.0,510.3,6.7,0.0
2024-03-01T17:00:00+01:00,0.0,504.8,4.9,0.0
2024-03-01T18:00:00+01:00,0.0,511.5,6.8,0.0
2024-03-01T19:00:00+01:00,0.0,508.3,6.1,0.0
2024-03-01T20:00:00+01:00,0.0,514.7,3.3,0.0
2024-03-01T21:00:00+01:00,0.0,519.2,2.5,0.0
2024-03-01T22:00:00+01:00,0.0,519.2,3.7,0.0
2024-03-01T23:00:00+01:00,0.0,516.3,2.7,0.0
2024-03-02T00:00:00+01:00,0.0,291.5,7.9,0.0
2024-03-02T01:00:00+01:00,0.0,292.0,7.8,0.0
2024-03-02T02:00:00+01:00,0.0,295.2,4.1,0.0
2024-03-02T03:00:00+01:00,0.0,296.4,0.5,0.0
2024-03-02T04:00:00+01:00,0.0,296.7,0.0,0.0
2024-03-02T05:00:00+01:00,0.0,296.5,3.0,0.0
2024-03-02T06:00:00+01:00,0.0,292.0,4.3,0.0
2024-03-02T07:00:00+01:00,0.0,377.5,4.8,0.0
2024-03-02T08:00:00+01:00,0.0,370.7,1.0,0.0
2024-03-02T09:00:00+01:00,0.0,408.7,0.8,0.0
2024-03-02T10:00:00+01:00,0.0,370.7,2.1,0.0
2024-03-02T11:00:00+01:00,0.0,368.4,1.9,0.0
2024-03-02T12:00:00+01:00,0.0,375.1,2.6,0.0
2024-03-02T13:00:00+01:00,0.0,378.6,3.9,0.0
2024-03-02T14:00:00+01:00,0.0,368.0,12.9,0.0
2024-03-02T15:00:00+01:00,0.0,408.2,4.1,0.0
2024-03-02T16:00:00+01:00,0.0,512.2,2.4,0.0
2024-03-02T17:00:00+01:00,0.0,518.4,1.7,0.0
2024-03-02T18:00:00+01:00,0.0,520.1,0.5,0.0
2024-03-02T19:00:00+01:00,0.0,520.0,1.3,0.0
2024-03-02T20:00:00+01:00,0.0,520.3,2.7,0.0
2024-03-02T21:00:00+01:00,0.0,520.5,4.3,0.0
2024-03-02T22:00:00+01:00,0.0,516.1,3.7,0.0
2024-03-02T23:00:00+01:00,0.0,373.2,3.5,0.0
2024-03-03T00:00:00+01:00,0.0,290.7,8.2,0.0
2024-03-03T01:00:00+01:00,0.0,250.9,10.5,0.0
2024-03-03T02:00:00+01:00,0.0,226.3,8.1,0.0
2024-03-03T03:00:00+01:00,0.0,209.6,8.4,0.0
2024-03-03T04:00:00+01:00,0.0,208.9,6.1,0.0
2024-03-03T05:00:00+01:00,0.0,210.4,12.7,0.0
2024-03-03T06:00:00+01:00,0.0,221.8,23.7,0.0
2024-03-03T07:00:00+01:00,0.0,264.0,14.2,0.0
2024-03-03T08:00:00+01:00,0.0,312.4,15.0,0.0
2024-03-03T09:00:00+01:00,0.0,335.3,22.7,0.0
2024-03-03T10:00:00+01:00,0.0,254.0,18.8,0.0
2024-03-03T11:00:00+01:00,0.0,257.2,8.6,0.0
2024-03-03T12:00:00+01:00,0.0,244.1,6.3,0.0
2024-03-03T13:00:00+01:00,0.0,242.3,13.4,0.0
2024-03-03T14:00:00+01:00,0.0,242.9,17.9,0.0
2024-03-03T15:00:00+01:00,0.0,312.7,15.7,0.0
2024-03-03T16:00:00+01:00,0.0,428.7,14.0,0.0
2024-03-03T17:00:00+01:00,0.0,441.1,7.0,0.0
2024-03-03T18:00:00+01:00,0.0,440.2,15.2,0.0
2024-03-03T19:00:00+01:00,0.0,434.8,20.7,0.0
2024-03-03T20:00:00+01:00,0.0,445.0,24.9,0.0
2024-03-03T21:00:00+01:00,0.0,435.7,41.9,0.0
2024-03-03T22:00:00+01:00,0.0,326.1,39.8,0.0
2024-03-03T23:00:00+01:00,0.0,286.6,47.1,0.0
2024-03-04T00:00:00+01:00,0.0,167.0,48.6,0.0
2024-03-04T01:00:00+01:00,0.0,122.9,52.2,0.0
2024-03-04T02:00:00+01:00,0.0,110.8,43.8,0.0
2024-03-04T03:00:00+01:00,0.0,104.3,41.3,0.0
2024-03-04T04:00:00+01:00,0.0,111.2,31.5,0.0
2024-03-04T05:00:00+01:00,0.0,136.3,23.0,0.0
2024-03-04T06:00:00+01:00,0.0,401.1,28.4,0.0
2024-03-04T07:00:00+01:00,0.0,448.4,39.5,0.0
2024-03-04T08:00:00+01:00,0.0,475.8,32.5,0.0
2024-03-04T09:00:00+01:00,0.0,494.4,27.9,0.0
2024-03-04T10:00:00+01:00,0.0,471.2,45.4,0.0
2024-03-04T11:00:00+01:00,0.0,265.6,46.1,0.0
2024-03-04T12:00:00+01:00,0.0,228.2,29.0,0.0
2024-03-04T13:00:00+01:00,0.0,220.4,43.7,0.0
2024-03-04T14:00:00+01:00,0.0,459.7,40.7,0.0
2024-03-04T15:00:00+01:00,0.0,460.8,53.3,0.0
2024-03-04T16:00:00+01:00,0.0,500.4,42.7,0.0
2024-03-04T17:00:00+01:00,0.0,497.8,36.9,0.0
2024-03-04T18:00:00+01:00,0.0,499.2,46.7,0.0
2024-03-04T19:00:00+01:00,0.0,500.6,45.8,0.0
2024-03-04T20:00:00+01:00,0.0,501.4,46.0,0.0
2024-03-04T21:00:00+01:00,0.0,498.8,28.1,0.0
2024-03-04T22:00:00+01:00,0.0,426.5,37.9,0.0
2024-03-04T23:00:00+01:00,0.0,255.1,27.1,0.0
2024-03-05T00:00:00+01:00,0.0,213.6,12.7,0.0
2024-03-05T01:00:00+01:00,0.0,218.3,0.1,0.0
2024-03-05T02:00:00+01:00,0.0,162.9,0.4,0.0
2024-03-05T03:00:00+01:00,0.0,146.8,6.3,0.0
2024-03-05T04:00:00+01:00,0.0,141.7,14.4,0.0
2024-03-05T05:00:00+01:00,0.0,269.9,34.7,0.0
2024-03-05T06:00:00+01:00,0.0,484.4,41.0,0.0
2024-03-05T07:00:00+01:00,0.0,485.4,44.4,0.0
2024-03-05T08:00:00+01:00,0.0,468.4,51.3,0.0
2024-03-05T09:00:00+01:00,0.0,481.2,50.4,0.0
2024-03-05T10:00:00+01:00,0.0,485.6,59.3,0.0
2024-03-05T11:00:00+01:00,0.0,496.1,39.1,0.0
2024-03-05T12:00:00+01:00,0.0,445.8,25.1,0.0
2024-03-05T13:00:00+01:00,0.0,447.1,11.1,0.0
2024-03-05T14:00:00+01:00,0.0,487.8,4.7,0.0
2024-03-05T15:00:00+01:00,0.0,500.2,13.2,0.0
2024-03-05T16:00:00+01:00,0.0,491.8,21.6,0.0
2024-03-05T17:00:00+01:00,0.0,498.8,20.0,0.0
2024-03-05T18:00:00+01:00,0.0,499.7,18.1,0.0
2024-03-05T19:00:00+01:00,0.0,503.6,13.1,0.0
2024-03-05T20:00:00+01:00,0.0,508.1,9.8,0.0
2024-03-05T21:00:00+01:00,0.0,503.1,6.8,0.0
2024-03-05T22:00:00+01:00,0.0,505.6,7.8,0.0
2024-03-05T23:00:00+01:00,0.0,434.2,4.5,0.0
2024-03-06T00:00:00+01:00,0.0,359.1,0.7,0.0
2024-03-06T01:00:00+01:00,0.0,236.5,0.0,0.0
2024-03-06T02:00:00+01:00,0.0,234.7,0.0,0.0
2024-03-06T03:00:00+01:00,0.0,234.4,0.0,0.0
2024-03-06T04:00:00+01:00,0.0,239.7,0.0,0.0
2024-03-06T05:00:00+01:00,0.0,427.1,0.2,0.0
2024-03-06T06:00:00+01:00,0.0,496.3,5.6,0.0
2024-03-06T07:00:00+01:00,0.0,494.3,7.9,0.0
2024-03-06T08:00:00+01:00,0.0,492.5,3.8,0.0
2024-03-06T09:00:00+01:00,0.0,494.6,2.9,0.0
2024-03-06T10:00:00+01:00,0.0,495.6,5.0,0.0
2024-03-06T11:00:00+01:00,0.0,500.1,5.1,0.0
2024-03-06T12:00:00+01:00,0.0,491.1,19.4,0.0
2024-03-06T13:00:00+01:00,0.0,503.9,11.9,0.0
2024-03-06T14:00:00+01:00,0.0,497.8,13.0,0.0
2024-03-06T15:00:00+01:00,0.0,501.8,8.2,0.0
2024-03-06T16:00:00+01:00,0.0,495.8,10.5,0.0
2024-03-06T17:00:00+01:00,0.0,495.9,12.9,0.0
2024-03-06T18:00:00+01:00,0.0,491.5,25.8,0.0
2024-03-06T19:00:00+01:00,0.0,477.7,30.1,0.0
2024-03-06T20:00:00+01:00,0.0,491.7,22.2,0.0
2024-03-06T21:00:00+01:00,0.0,485.7,43.9,0.0
2024-03-06T22:00:00+01:00,0.0,467.0,60.5,0.0
2024-03-06T23:00:00+01:00,0.0,413.2,39.5,0.0
2024-03-07T00:00:00+01:00,0.0,340.8,21.1,0.0
2024-03-07T01:00:00+01:00,0.0,194.9,6.1,0.0
2024-03-07T02:00:00+01:00,0.0,194.8,12.8,0.0
2024-03-07T03:00:00+01:00,0.0,190.2,27.2,0.0
2024-03-07T04:00:00+01:00,0.0,197.5,12.2,0.0
2024-03-07T05:00:00+01:00,0.0,440.4,13.4,0.0
2024-03-07T06:00:00+01:00,0.0,509.5,11.0,0.0
2024-03-07T07:00:00+01:00,0.0,507.4,12.3,0.0
2024-03-07T08:00:00+01:00,0.0,523.2,4.1,0.0
2024-03-07T09:00:00+01:00,0.0,499.6,3.9,0.0
2024-03-07T10:00:00+01:00,0.0,469.0,3.6,0.0
2024-03-07T11:00:00+01:00,0.0,444.8,6.4,0.0
2024-03-07T12:00:00+01:00,0.0,317.1,16.2,0.0
2024-03-07T13:00:00+01:00,0.0,315.0,5.9,0.0
2024-03-07T14:00:00+01:00,0.0,344.1,1.6,0.0
2024-03-07T15:00:00+01:00,0.0,508.8,17.2,0.0
2024-03-07T16:00:00+01:00,0.0,513.8,0.6,0.0
2024-03-07T17:00:00+01:00,0.0,513.6,0.2,0.0
2024-03-07T18:00:00+01:00,0.0,510.4,0.0,0.0
2024-03-07T19:00:00+01:00,0.0,503.6,0.0,0.0
2024-03-07T20:00:00+01:00,0.0,514.2,1.2,0.0
2024-03-07T21:00:00+01:00,0.0,514.7,0.5,0.0
2024-03-07T22:00:00+01:00,0.0,461.1,2.1,0.0
2024-03-07T23:00:00+01:00,0.0,390.2,3.0,0.0
2024-03-08T00:00:00+01:00,0.0,239.2,7.1,0.0
2024-03-08T01:00:00+01:00,0.0,199.4,8.8,0.0
2024-03-08T02:00:00+01:00,0.0,193.0,11.8,0.0
2024-03-08T03:00:00+01:00,0.0,198.2,6.2,0.0
2024-03-08T04:00:00+01:00,0.0,195.5,4.0,0.0
2024-03-08T05:00:00+01:00,0.0,412.4,12.3,0.0
2024-03-08T06:00:00+01:00,0.0,479.5,27.1,0.0
2024-03-08T07:00:00+01:00,0.0,472.4,44.0,0.0
2024-03-08T08:00:00+01:00,0.0,489.1,40.7,0.0
2024-03-08T09:00:00+01:00,0.0,522.2,30.1,0.0
2024-03-08T10:00:00+01:00,0.0,499.6,14.7,0.0
2024-03-08T11:00:00+01:00,0.0,491.2,7.1,0.0
2024-03-08T12:00:00+01:00,0.0,478.5,4.8,0.0
2024-03-08T13:00:00+01:00,0.0,466.8,14.4,0.0
2024-03-08T14:00:00+01:00,0.0,468.0,14.8,0.0
2024-03-08T15:00:00+01:00,0.0,519.0,8.9,0.0
2024-03-08T16:00:00+01:00,0.0,520.0,5.6,0.0
2024-03-08T17:00:00+01:00,0.0,511.0,0.9,0.0
2024-03-08T18:00:00+01:00,0.0,520.3,1.9,0.0
2024-03-08T19:00:00+01:00,0.0,522.4,6.5,0.0
2024-03-08T20:00:00+01:00,0.0,519.4,13.8,0.0
2024-03-08T21:00:00+01:00,0.0,520.0,14.4,0.0
2024-03-08T22:00:00+01:00,0.0,518.3,13.1,0.0
2024-03-08T23:00:00+01:00,0.0,471.0,9.8,0.0
2024-03-09T00:00:00+01:00,0.0,378.2,13.0,0.0
2024-03-09T01:00:00+01:00,0.0,350.9,24.4,0.0
2024-03-09T02:00:00+01:00,0.0,338.3,23.0,0.0
2024-03-09T03:00:00+01:00,0.0,333.6,22.3,0.0
2024-03-09T04:00:00+01:00,0.0,318.8,33.5,0.0
2024-03-09T05:00:00+01:00,0.0,317.4,36.8,0.0
2024-03-09T06:00:00+01:00,0.0,340.3,39.7,0.0
2024-03-09T07:00:00+01:00,0.0,375.3,31.2,0.0
2024-03-09T08:00:00+01:00,0.0,401.4,19.1,0.0
2024-03-09T09:00:00+01:00,0.0,409.2,26.2,0.0
2024-03-09T10:00:00+01:00,0.0,381.2,37.7,0.0
2024-03-09T11:00:00+01:00,0.0,332.5,29.2,0.0
2024-03-09T12:00:00+01:00,0.0,337.2,24.2,0.0
2024-03-09T13:00:00+01:00,0.0,357.2,20.6,0.0
2024-03-09T14:00:00+01:00,0.0,357.4,21.4,0.0
2024-03-09T15:00:00+01:00,0.0,358.4,32.9,0.0
2024-03-09T16:00:00+01:00,0.0,422.4,48.2,0.0
2024-03-09T17:00:00+01:00,0.0,499.7,59.2,0.0
2024-03-09T18:00:00+01:00,0.0,503.7,68.8,0.0
2024-03-09T19:00:00+01:00,0.0,487.3,101.7,0.0
2024-03-09T20:00:00+01:00,0.0,477.7,97.0,0.0
2024-03-09T21:00:00+01:00,0.0,457.3,88.5,0.0
2024-03-09T22:00:00+01:00,0.0,458.8,64.5,0.0
2024-03-09T23:00:00+01:00,0.0,387.9,54.1,0.0
2024-03-10T00:00:00+01:00,0.0,237.9,92.5,0.0
2024-03-10T01:00:00+01:00,0.0,214.2,105.5,0.0
2024-03-10T02:00:00+01:00,0.0,96.9,108.7,0.0
2024-03-10T03:00:00+01:00,0.0,89.1,107.4,0.0
2024-03-10T04:00:00+01:00,0.0,118.2,102.7,0.0
2024-03-10T05:00:00+01:00,0.0,124.0,103.8,0.0
2024-03-10T06:00:00+01:00,0.0,112.7,109.4,0.0
2024-03-10T07:00:00+01:00,0.0,148.2,108.5,0.0
2024-03-10T08:00:00+01:00,0.0,213.3,107.9,0.0
2024-03-10T09:00:00+01:00,0.0,221.4,87.7,0.0
2024-03-10T10:00:00+01:00,0.0,214.9,92.1,0.0
2024-03-10T11:00:00+01:00,0.0,212.5,100.6,0.0
2024-03-10T12:00:00+01:00,0.0,214.6,97.5,0.0
2024-03-10T13:00:00+01:00,0.0,205.7,107.1,0.0
2024-03-10T14:00:00+01:00,0.0,211.0,112.2,0.0
2024-03-10T15:00:00+01:00,0.0,216.8,113.8,0.0
2024-03-10T16:00:00+01:00,0.0,349.7,114.2,0.0
2024-03-10T17:00:00+01:00,0.0,380.5,109.8,0.0
2024-03-10T18:00:00+01:00,0.0,416.8,96.8,0.0
2024-03-10T19:00:00+01:00,0.0,422.6,99.1,0.0
2024-03-10T20:00:00+01:00,0.0,422.8,95.7,0.0
2024-03-10T21:00:00+01:00,0.0,423.1,77.7,0.0
2024-03-10T22:00:00+01:00,0.0,366.4,69.9,0.0
2024-03-10T23:00:00+01:00,0.0,297.8,74.7,0.0
2024-03-11T00:00:00+01:00,0.0,261.7,75.2,0.0
2024-03-11T01:00:00+01:00,0.0,163.5,70.2,0.0
2024-03-11T02:00:00+01:00,0.0,193.6,72.1,0.0
2024-03-11T03:00:00+01:00,0.0,333.5,81.4,0.0
2024-03-11T04:00:00+01:00,0.0,341.3,75.1,0.0
2024-03-11T05:00:00+01:00,0.0,336.9,74.8,0.0
2024-03-11T06:00:00+01:00,0.0,323.3,102.5,0.0
2024-03-11T07:00:00+01:00,0.0,425.7,99.8,0.0
2024-03-11T08:00:00+01:00,0.0,424.5,107.3,0.0
2024-03-11T09:00:00+01:00,0.0,446.0,107.9,0.0
2024-03-11T10:00:00+01:00,0.0,458.2,107.7,0.0
2024-03-11T11:00:00+01:00,0.0,457.6,109.3,0.0
2024-03-11T12:00:00+01:00,0.0,462.9,103.7,0.0
2024-03-11T13:00:00+01:00,0.0,473.3,70.3,0.0
2024-03-11T14:00:00+01:00,0.0,479.2,65.4,0.0
2024-03-11T15:00:00+01:00,0.0,490.3,39.9,0.0
2024-03-11T16:00:00+01:00,0.0,487.0,47.8,0.0
2024-03-11T17:00:00+01:00,0.0,505.1,59.2,0.0
2024-03-11T18:00:00+01:00,0.0,506.0,54.3,0.0
2024-03-11T19:00:00+01:00,0.0,511.4,50.0,0.0
2024-03-11T20:00:00+01:00,0.0,499.3,53.5,0.0
2024-03-11T21:00:00+01:00,0.0,499.8,49.8,0.0
2024-03-11T22:00:00+01:00,0.0,486.4,41.7,0.0
2024-03-11T23:00:00+01:00,0.0,446.5,54.6,0.0
2024-03-12T00:00:00+01:00,0.0,419.6,43.3,0.0
2024-03-12T01:00:00+01:00,0.0,376.9,30.8,0.0
2024-03-12T02:00:00+01:00,0.0,363.7,20.4,0.0
2024-03-12T03:00:00+01:00,0.0,373.6,8.4,0.0
2024-03-12T04:00:00+01:00,0.0,358.9,16.2,0.0
2024-03-12T05:00:00+01:00,0.0,364.6,17.7,0.0
2024-03-12T06:00:00+01:00,0.0,501.9,9.7,0.0
2024-03-12T07:00:00+01:00,0.0,494.8,9.1,0.0
2024-03-12T08:00:00+01:00,0.0,504.4,9.1,0.0
2024-03-12T09:00:00+01:00,0.0,513.5,5.8,0.0
2024-03-12T10:00:00+01:00,0.0,520.1,9.9,0.0
2024-03-12T11:00:00+01:00,0.0,512.6,9.2,0.0
2024-03-12T12:00:00+01:00,0.0,494.7,19.2,0.0
2024-03-12T13:00:00+01:00,0.0,508.5,17.6,0.0
2024-03-12T14:00:00+01:00,0.0,505.4,16.4,0.0
2024-03-12T15:00:00+01:00,0.0,455.4,9.7,0.0
2024-03-12T16:00:00+01:00,0.0,406.1,2.6,0.0
2024-03-12T17:00:00+01:00,0.0,390.7,0.0,0.0
2024-03-12T18:00:00+01:00,0.0,382.8,0.0,0.0
2024-03-12T19:00:00+01:00,0.0,387.5,0.0,0.0
2024-03-12T20:00:00+01:00,0.0,382.3,0.0,0.0
2024-03-12T21:00:00+01:00,0.0,391.4,0.1,0.0
2024-03-12T22:00:00+01:00,0.0,370.0,2.0,0.0
2024-03-12T23:00:00+01:00,0.0,370.8,10.2,0.0
2024-03-13T00:00:00+01:00,0.0,294.3,17.7,0.0
2024-03-13T01:00:00+01:00,0.0,293.4,16.0,0.0
2024-03-13T02:00:00+01:00,0.0,296.1,9.5,0.0
2024-03-13T03:00:00+01:00,0.0,296.6,7.1,0.0
2024-03-13T04:00:00+01:00,0.0,296.9,12.2,0.0
2024-03-13T05:00:00+01:00,0.0,368.5,14.4,0.0
2024-03-13T06:00:00+01:00,0.0,397.0,36.2,0.0
2024-03-13T07:00:00+01:00,0.0,388.2,38.1,0.0
2024-03-13T08:00:00+01:00,0.0,389.7,15.5,0.0
2024-03-13T09:00:00+01:00,0.0,387.8,18.3,0.0
2024-03-13T10:00:00+01:00,0.0,381.2,21.5,0.0
2024-03-13T11:00:00+01:00,0.0,367.8,26.5,0.0
2024-03-13T12:00:00+01:00,0.0,366.4,36.6,0.0
2024-03-13T13:00:00+01:00,0.0,367.0,37.8,0.0
2024-03-13T14:00:00+01:00,0.0,367.2,44.8,0.0
2024-03-13T15:00:00+01:00,0.0,484.1,40.9,0.0
2024-03-13T16:00:00+01:00,0.0,475.4,60.9,0.0
2024-03-13T17:00:00+01:00,0.0,477.1,57.2,0.0
2024-03-13T18:00:00+01:00,0.0,476.4,70.9,0.0
2024-03-13T19:00:00+01:00,0.0,472.4,71.2,0.0
2024-03-13T20:00:00+01:00,0.0,482.0,59.4,0.0
2024-03-13T21:00:00+01:00,0.0,402.6,42.2,0.0
2024-03-13T22:00:00+01:00,0.0,400.7,36.4,0.0
2024-03-13T23:00:00+01:00,0.0,290.8,39.2,0.0
2024-03-14T00:00:00+01:00,0.0,283.3,28.6,0.0
2024-03-14T01:00:00+01:00,0.0,274.1,35.8,0.0
2024-03-14T02:00:00+01:00,0.0,278.5,47.4,0.0
2024-03-14T03:00:00+01:00,0.0,285.7,28.9,0.0
2024-03-14T04:00:00+01:00,0.0,260.2,51.1,0.0
2024-03-14T05:00:00+01:00,0.0,480.7,54.7,0.0
2024-03-14T06:00:00+01:00,0.0,485.0,59.3,0.0
2024-03-14T07:00:00+01:00,0.0,470.8,59.5,0.0
2024-03-14T08:00:00+01:00,0.0,478.5,63.0,0.0
2024-03-14T09:00:00+01:00,0.0,475.9,50.0,0.0
2024-03-14T10:00:00+01:00,0.0,354.6,37.4,0.0
2024-03-14T11:00:00+01:00,0.0,354.3,32.2,0.0
2024-03-14T12:00:00+01:00,0.0,353.7,27.7,0.0
2024-03-14T13:00:00+01:00,0.0,354.1,24.4,0.0
2024-03-14T14:00:00+01:00,0.0,393.4,22.8,0.0
2024-03-14T15:00:00+01:00,0.0,479.1,20.5,0.0
2024-03-14T16:00:00+01:00,0.0,473.6,22.4,0.0
2024-03-14T17:00:00+01:00,0.0,473.5,31.4,0.0
2024-03-14T18:00:00+01:00,0.0,475.4,43.6,0.0
2024-03-14T19:00:00+01:00,0.0,471.0,44.6,0.0
2024-03-14T20:00:00+01:00,0.0,478.0,28.1,0.0
2024-03-14T21:00:00+01:00,0.0,467.1,35.0,0.0
2024-03-14T22:00:00+01:00,0.0,476.1,24.6,0.0
2024-03-14T23:00:00+01:00,0.0,369.0,14.2,0.0
2024-03-15T00:00:00+01:00,0.0,263.1,3.8,0.0
2024-03-15T01:00:00+01:00,0.0,219.8,0.8,0.0
2024-03-15T02:00:00+01:00,0.0,223.5,0.0,0.0
2024-03-15T03:00:00+01:00,0.0,225.8,0.1,0.0
2024-03-15T04:00:00+01:00,0.0,222.4,1.3,0.0
2024-03-15T05:00:00+01:00,0.0,224.0,0.3,0.0
2024-03-15T06:00:00+01:00,0.0,494.3,0.0,0.0
2024-03-15T07:00:00+01:00,0.0,500.3,0.2,0.0
2024-03-15T08:00:00+01:00,0.0,493.3,0.0,0.0
2024-03-15T09:00:00+01:00,0.0,348.2,0.0,0.0
2024-03-15T10:00:00+01:00,0.0,265.7,0.0,0.0
2024-03-15T11:00:00+01:00,0.0,268.1,1.0,0.0
2024-03-15T12:00:00+01:00,0.0,267.7,1.9,0.0
2024-03-15T13:00:00+01:00,0.0,259.5,9.2,0.0
2024-03-15T14:00:00+01:00,0.0,261.5,10.6,0.0
2024-03-15T15:00:00+01:00,0.0,335.0,8.4,0.0
2024-03-15T16:00:00+01:00,0.0,460.6,12.3,0.0
2024-03-15T17:00:00+01:00,0.0,485.6,12.0,0.0
2024-03-15T18:00:00+01:00,0.0,482.4,11.5,0.0
2024-03-15T19:00:00+01:00,0.0,474.5,11.7,0.0
2024-03-15T20:00:00+01:00,0.0,474.4,5.8,0.0
2024-03-15T21:00:00+01:00,0.0,477.2,7.2,0.0
2024-03-15T22:00:00+01:00,0.0,481.7,0.7,0.0
2024-03-15T23:00:00+01:00,0.0,326.6,1.1,0.0
2024-03-16T00:00:00+01:00,0.0,262.0,0.0,0.0
2024-03-16T01:00:00+01:00,0.0,216.1,0.2,0.0
2024-03-16T02:00:00+01:00,0.0,192.6,0.5,0.0
2024-03-16T03:00:00+01:00,0.0,186.3,0.0,0.0
2024-03-16T04:00:00+01:00,0.0,181.1,0.0,0.0
2024-03-16T05:00:00+01:00,0.0,180.4,0.0,0.0
2024-03-16T06:00:00+01:00,0.0,203.2,0.0,0.0
2024-03-16T07:00:00+01:00,0.0,208.8,0.0,0.0
2024-03-16T08:00:00+01:00,0.0,201.8,0.0,0.0
2024-03-16T09:00:00+01:00,0.0,197.7,0.0,0.0
2024-03-16T10:00:00+01:00,0.0,172.1,0.0,0.0
2024-03-16T11:00:00+01:00,0.0,178.2,0.6,0.0
2024-03-16T12:00:00+01:00,0.0,179.5,6.5,0.0
2024-03-16T13:00:00+01:00,0.0,178.0,9.6,0.0
2024-03-16T14:00:00+01:00,0.0,185.3,2.1,0.0
2024-03-16T15:00:00+01:00,0.0,223.7,2.4,0.0
2024-03-16T16:00:00+01:00,0.0,302.6,7.1,0.0
2024-03-16T17:00:00+01:00,0.0,450.0,2.4,0.0
2024-03-16T18:00:00+01:00,0.0,439.1,0.5,0.0
2024-03-16T19:00:00+01:00,0.0,431.2,2.3,0.0
2024-03-16T20:00:00+01:00,0.0,428.0,0.0,0.0
2024-03-16T21:00:00+01:00,0.0,372.7,0.0,0.0
2024-03-16T22:00:00+01:00,0.0,319.3,0.5,0.0
2024-03-16T23:00:00+01:00,0.0,296.4,2.4,0.0
2024-03-17T00:00:00+01:00,0.0,252.8,6.1,0.0
2024-03-17T01:00:00+01:00,0.0,212.1,3.6,0.0
2024-03-17T02:00:00+01:00,0.0,182.4,4.6,0.0
2024-03-17T03:00:00+01:00,0.0,175.0,5.9,0.0
2024-03-17T04:00:00+01:00,0.0,165.0,12.8,0.0
2024-03-17T05:00:00+01:00,0.0,150.4,25.5,0.0
2024-03-17T06:00:00+01:00,0.0,180.9,23.1,0.0
2024-03-17T07:00:00+01:00,0.0,156.1,20.8,0.0
2024-03-17T08:00:00+01:00,0.0,132.5,20.8,0.0
2024-03-17T09:00:00+01:00,0.0,129.7,23.1,0.0
2024-03-17T10:00:00+01:00,0.0,134.5,15.9,0.0
2024-03-17T11:00:00+01:00,0.0,138.8,8.1,0.0
2024-03-17T12:00:00+01:00,0.0,140.7,16.9,0.0
2024-03-17T13:00:00+01:00,0.0,150.1,18.9,0.0
2024-03-17T14:00:00+01:00,0.0,150.0,24.6,0.0
2024-03-17T15:00:00+01:00,0.0,174.6,27.2,0.0
2024-03-17T16:00:00+01:00,0.0,269.8,19.3,0.0
2024-03-17T17:00:00+01:00,0.0,383.1,9.2,0.0
2024-03-17T18:00:00+01:00,0.0,416.0,8.3,0.0
2024-03-17T19:00:00+01:00,0.0,418.5,7.1,0.0
2024-03-17T20:00:00+01:00,0.0,385.2,6.4,0.0
2024-03-17T21:00:00+01:00,0.0,368.9,18.9,0.0
2024-03-17T22:00:00+01:00,0.0,320.3,6.9,0.0
2024-03-17T23:00:00+01:00,0.0,283.4,2.7,0.0
2024-03-18T00:00:00+01:00,0.0,134.4,0.4,0.0
2024-03-18T01:00:00+01:00,0.0,100.7,0.4,0.0
2024-03-18T02:00:00+01:00,0.0,79.4,0.0,0.0
2024-03-18T03:00:00+01:00,0.0,81.9,0.0,0.0
2024-03-18T04:00:00+01:00,0.0,77.0,0.0,0.0
2024-03-18T05:00:00+01:00,0.0,128.1,0.1,0.0
2024-03-18T06:00:00+01:00,0.0,391.1,0.2,0.0
2024-03-18T07:00:00+01:00,0.0,409.2,0.0,0.0
2024-03-18T08:00:00+01:00,0.0,409.0,0.0,0.0
2024-03-18T09:00:00+01:00,0.0,400.7,0.2,0.0
2024-03-18T10:00:00+01:00,0.0,352.2,2.8,0.0
2024-03-18T11:00:00+01:00,0.0,294.1,6.1,0.0
2024-03-18T12:00:00+01:00,0.0,296.9,14.9,0.0
2024-03-18T13:00:00+01:00,0.0,304.5,13.0,0.0
2024-03-18T14:00:00+01:00,0.0,319.0,10.9,0.0
2024-03-18T15:00:00+01:00,0.0,432.8,2.8,0.0
2024-03-18T16:00:00+01:00,0.0,476.3,5.7,0.0
2024-03-18T17:00:00+01:00,0.0,489.6,8.4,0.0
2024-03-18T18:00:00+01:00,0.0,496.6,1.6,0.0
2024-03-18T19:00:00+01:00,0.0,492.3,0.4,0.0
2024-03-18T20:00:00+01:00,0.0,495.8,1.2,0.0
2024-03-18T21:00:00+01:00,0.0,490.4,7.3,0.0
2024-03-18T22:00:00+01:00,0.0,415.8,7.7,0.0
2024-03-18T23:00:00+01:00,0.0,413.4,8.5,0.0
2024-03-19T00:00:00+01:00,0.0,229.5,5.7,0.0
2024-03-19T01:00:00+01:00,0.0,190.6,1.2,0.0
2024-03-19T02:00:00+01:00,0.0,192.3,0.1,0.0
2024-03-19T03:00:00+01:00,0.0,201.2,0.6,0.0
2024-03-19T04:00:00+01:00,0.0,203.2,3.6,0.0
2024-03-19T05:00:00+01:00,0.0,421.0,6.6,0.0
2024-03-19T06:00:00+01:00,0.0,474.7,13.6,0.0
2024-03-19T07:00:00+01:00,0.0,474.2,39.2,0.0
2024-03-19T08:00:00+01:00,0.0,463.0,42.3,0.0
2024-03-19T09:00:00+01:00,0.0,466.9,52.7,0.0
2024-03-19T10:00:00+01:00,0.0,354.1,62.5,0.0
2024-03-19T11:00:00+01:00,0.0,226.0,62.6,0.0
2024-03-19T12:00:00+01:00,0.0,225.3,64.3,0.0
2024-03-19T13:00:00+01:00,0.0,215.1,65.5,0.0
2024-03-19T14:00:00+01:00,0.0,355.0,69.2,0.0
2024-03-19T15:00:00+01:00,0.0,467.1,69.2,0.0
2024-03-19T16:00:00+01:00,0.0,456.6,66.5,0.0
2024-03-19T17:00:00+01:00,0.0,464.2,70.9,0.0
2024-03-19T18:00:00+01:00,0.0,472.6,65.3,0.0
2024-03-19T19:00:00+01:00,0.0,463.9,78.9,0.0
2024-03-19T20:00:00+01:00,0.0,451.4,105.6,0.0
2024-03-19T21:00:00+01:00,0.0,457.4,113.1,0.0
2024-03-19T22:00:00+01:00,0.0,459.2,114.1,0.0
2024-03-19T23:00:00+01:00,0.0,411.5,109.2,0.0
2024-03-20T00:00:00+01:00,0.0,255.8,97.0,0.0
2024-03-20T01:00:00+01:00,0.0,212.4,82.6,0.0
2024-03-20T02:00:00+01:00,0.0,211.8,85.2,0.0
2024-03-20T03:00:00+01:00,0.0,201.5,88.3,0.0
2024-03-20T04:00:00+01:00,0.0,218.3,88.5,0.0
2024-03-20T05:00:00+01:00,0.0,401.9,90.0,0.0
2024-03-20T06:00:00+01:00,0.0,473.6,96.0,0.0
2024-03-20T07:00:00+01:00,0.0,471.8,89.2,0.0
2024-03-20T08:00:00+01:00,0.0,301.1,70.6,0.0
2024-03-20T09:00:00+01:00,0.0,208.4,76.4,0.0
2024-03-20T10:00:00+01:00,0.0,199.3,67.7,0.0
2024-03-20T11:00:00+01:00,0.0,213.8,42.6,0.0
2024-03-20T12:00:00+01:00,0.0,215.2,21.8,0.0
2024-03-20T13:00:00+01:00,0.0,215.4,21.9,0.0
2024-03-20T14:00:00+01:00,0.0,213.2,25.8,0.0
2024-03-20T15:00:00+01:00,0.0,273.7,23.0,0.0
2024-03-20T16:00:00+01:00,0.0,482.2,14.9,0.0
2024-03-20T17:00:00+01:00,0.0,482.9,10.5,0.0
2024-03-20T18:00:00+01:00,0.0,489.8,5.2,0.0
2024-03-20T19:00:00+01:00,0.0,487.9,5.5,0.0
2024-03-20T20:00:00+01:00,0.0,489.2,5.2,0.0
2024-03-20T21:00:00+01:00,0.0,484.5,4.5,0.0
2024-03-20T22:00:00+01:00,0.0,485.8,10.3,0.0
2024-03-20T23:00:00+01:00,0.0,431.2,3.2,0.0
2024-03-21T00:00:00+01:00,0.0,339.3,1.9,0.0
2024-03-21T01:00:00+01:00,0.0,184.6,0.6,0.0
2024-03-21T02:00:00+01:00,0.0,112.0,0.0,0.0
2024-03-21T03:00:00+01:00,0.0,116.0,0.0,0.0
2024-03-21T04:00:00+01:00,0.0,119.8,0.0,0.0
2024-03-21T05:00:00+01:00,0.0,408.7,0.0,0.0
2024-03-21T06:00:00+01:00,0.0,471.0,0.0,0.0
2024-03-21T07:00:00+01:00,0.0,473.8,0.0,0.0
2024-03-21T08:00:00+01:00,0.0,466.8,0.0,0.0
2024-03-21T09:00:00+01:00,0.0,305.9,0.0,0.0
2024-03-21T10:00:00+01:00,0.0,274.1,0.3,0.0
2024-03-21T11:00:00+01:00,0.0,193.8,2.6,0.0
2024-03-21T12:00:00+01:00,0.0,190.4,9.3,0.0
2024-03-21T13:00:00+01:00,0.0,189.8,15.9,0.0
2024-03-21T14:00:00+01:00,0.0,189.6,26.4,0.0
2024-03-21T15:00:00+01:00,0.0,246.4,27.5,0.0
2024-03-21T16:00:00+01:00,0.0,478.0,22.4,0.0
2024-03-21T17:00:00+01:00,0.0,482.2,11.8,0.0
2024-03-21T18:00:00+01:00,0.0,482.1,4.4,0.0
2024-03-21T19:00:00+01:00,0.0,482.9,0.3,0.0
2024-03-21T20:00:00+01:00,0.0,482.9,0.0,0.0
2024-03-21T21:00:00+01:00,0.0,481.8,0.0,0.0
2024-03-21T22:00:00+01:00,0.0,420.4,0.5,0.0
2024-03-21T23:00:00+01:00,0.0,347.0,5.0,0.0
2024-03-22T00:00:00+01:00,0.0,167.1,20.1,0.0
2024-03-22T01:00:00+01:00,0.0,101.4,26.0,0.0
2024-03-22T02:00:00+01:00,0.0,94.1,38.9,0.0
2024-03-22T03:00:00+01:00,0.0,104.3,48.3,0.0
2024-03-22T04:00:00+01:00,0.0,93.7,47.2,0.0
2024-03-22T05:00:00+01:00,0.0,94.5,48.2,0.0
2024-03-22T06:00:00+01:00,0.0,368.9,56.4,0.0
2024-03-22T07:00:00+01:00,0.0,418.5,58.2,0.0
2024-03-22T08:00:00+01:00,0.0,412.9,54.1,0.0
2024-03-22T09:00:00+01:00,0.0,228.2,47.2,0.0
2024-03-22T10:00:00+01:00,0.0,115.1,34.5,0.0
2024-03-22T11:00:00+01:00,0.0,109.8,41.9,0.0
2024-03-22T12:00:00+01:00,0.0,114.2,31.3,0.0
2024-03-22T13:00:00+01:00,0.0,119.9,21.7,0.0
2024-03-22T14:00:00+01:00,0.0,124.9,13.8,0.0
2024-03-22T15:00:00+01:00,0.0,243.3,14.8,0.0
2024-03-22T16:00:00+01:00,0.0,477.2,16.9,0.0
2024-03-22T17:00:00+01:00,0.0,468.6,24.6,0.0
2024-03-22T18:00:00+01:00,0.0,468.2,23.7,0.0
2024-03-22T19:00:00+01:00,0.0,471.6,19.2,0.0
2024-03-22T20:00:00+01:00,0.0,464.9,16.1,0.0
2024-03-22T21:00:00+01:00,0.0,473.6,2.6,0.0
2024-03-22T22:00:00+01:00,0.0,382.5,7.1,0.0
2024-03-22T23:00:00+01:00,0.0,339.6,22.6,0.0
2024-03-23T00:00:00+01:00,0.0,155.8,30.1,0.0
2024-03-23T01:00:00+01:00,0.0,106.1,30.4,0.0
2024-03-23T02:00:00+01:00,0.0,105.3,27.2,0.0
2024-03-23T03:00:00+01:00,0.0,91.3,19.1,0.0
2024-03-23T04:00:00+01:00,0.0,62.5,9.5,0.0
2024-03-23T05:00:00+01:00,0.0,83.9,7.0,0.0
2024-03-23T06:00:00+01:00,0.0,61.6,8.4,0.0
2024-03-23T07:00:00+01:00,0.0,76.7,8.2,0.0
2024-03-23T08:00:00+01:00,0.0,35.2,10.7,0.0
2024-03-23T09:00:00+01:00,0.0,46.2,13.0,0.0
2024-03-23T10:00:00+01:00,0.0,44.6,15.3,0.0
2024-03-23T11:00:00+01:00,0.0,40.6,24.8,0.0
2024-03-23T12:00:00+01:00,0.0,33.9,31.0,0.0
2024-03-23T13:00:00+01:00,0.0,30.9,34.7,0.0
2024-03-23T14:00:00+01:00,0.0,38.6,27.6,0.0
2024-03-23T15:00:00+01:00,0.0,37.5,31.5,0.0
2024-03-23T16:00:00+01:00,0.0,80.0,29.1,0.0
2024-03-23T17:00:00+01:00,0.0,235.1,29.5,0.0
2024-03-23T18:00:00+01:00,0.0,278.6,37.7,0.0
2024-03-23T19:00:00+01:00,0.0,282.6,33.9,0.0
2024-03-23T20:00:00+01:00,0.0,254.9,25.1,0.0
2024-03-23T21:00:00+01:00,0.0,216.3,26.8,0.0
2024-03-23T22:00:00+01:00,0.0,194.5,45.0,0.0
2024-03-23T23:00:00+01:00,0.0,160.6,46.3,0.0
2024-03-24T00:00:00+01:00,0.0,38.5,41.3,0.0
2024-03-24T01:00:00+01:00,0.0,43.0,45.0,0.0
2024-03-24T02:00:00+01:00,0.0,34.2,59.7,0.0
2024-03-24T03:00:00+01:00,0.0,29.2,62.4,0.0
2024-03-24T04:00:00+01:00,0.0,15.9,90.7,0.0
2024-03-24T05:00:00+01:00,0.0,15.8,106.0,0.0
2024-03-24T06:00:00+01:00,0.0,21.2,108.6,0.0
2024-03-24T07:00:00+01:00,0.0,0.0,109.0,0.0
2024-03-24T08:00:00+01:00,0.0,0.0,110.5,0.0
2024-03-24T09:00:00+01:00,0.0,0.0,108.9,0.0
2024-03-24T10:00:00+01:00,0.0,0.0,107.0,0.0
2024-03-24T11:00:00+01:00,0.0,0.0,107.8,0.0
2024-03-24T12:00:00+01:00,0.0,0.0,106.7,0.0
2024-03-24T13:00:00+01:00,0.0,0.0,107.7,0.0
2024-03-24T14:00:00+01:00,0.0,0.0,104.6,0.0
2024-03-24T15:00:00+01:00,0.0,1.0,106.4,0.0
2024-03-24T16:00:00+01:00,0.0,121.4,110.7,0.0
2024-03-24T17:00:00+01:00,0.0,188.5,96.7,0.0
2024-03-24T18:00:00+01:00,0.0,247.7,42.0,0.0
2024-03-24T19:00:00+01:00,0.0,280.5,39.8,0.0
2024-03-24T20:00:00+01:00,0.0,275.8,40.2,0.0
2024-03-24T21:00:00+01:00,0.0,228.6,30.1,0.0
2024-03-24T22:00:00+01:00,0.0,208.9,33.3,0.0
2024-03-24T23:00:00+01:00,0.0,175.2,24.3,0.0
2024-03-25T00:00:00+01:00,0.0,115.4,35.0,0.0
2024-03-25T01:00:00+01:00,0.0,75.3,38.4,0.0
2024-03-25T02:00:00+01:00,0.0,72.0,16.1,0.0
2024-03-25T03:00:00+01:00,0.0,69.6,13.3,0.0
2024-03-25T04:00:00+01:00,0.0,70.2,10.7,0.0
2024-03-25T05:00:00+01:00,0.0,117.7,24.2,0.0
2024-03-25T06:00:00+01:00,0.0,411.2,41.8,0.0
2024-03-25T07:00:00+01:00,0.0,407.2,52.7,0.0
2024-03-25T08:00:00+01:00,0.0,396.8,46.2,0.0
2024-03-25T09:00:00+01:00,0.0,298.7,26.2,0.0
2024-03-25T10:00:00+01:00,0.0,206.1,16.8,0.0
2024-03-25T11:00:00+01:00,0.0,202.4,6.5,0.0
2024-03-25T12:00:00+01:00,0.0,195.2,6.7,0.0
2024-03-25T13:00:00+01:00,0.0,189.4,6.0,0.0
2024-03-25T14:00:00+01:00,0.0,184.3,4.9,0.0
2024-03-25T15:00:00+01:00,0.0,179.3,6.5,0.0
2024-03-25T16:00:00+01:00,0.0,449.4,5.1,0.0
2024-03-25T17:00:00+01:00,0.0,470.1,5.7,0.0
2024-03-25T18:00:00+01:00,0.0,475.0,2.4,0.0
2024-03-25T19:00:00+01:00,0.0,479.5,0.0,0.0
2024-03-25T20:00:00+01:00,0.0,478.0,0.2,0.0
2024-03-25T21:00:00+01:00,0.0,443.2,6.6,0.0
2024-03-25T22:00:00+01:00,0.0,375.6,15.0,0.0
2024-03-25T23:00:00+01:00,0.0,290.4,38.2,0.0
2024-03-26T00:00:00+01:00,0.0,297.6,47.7,0.0
2024-03-26T01:00:00+01:00,0.0,171.2,51.2,0.0
2024-03-26T02:00:00+01:00,0.0,67.7,38.8,0.0
2024-03-26T03:00:00+01:00,0.0,64.8,31.9,0.0
2024-03-26T04:00:00+01:00,0.0,47.4,43.9,0.0
2024-03-26T05:00:00+01:00,0.0,316.8,38.3,0.0
2024-03-26T06:00:00+01:00,0.0,377.0,39.8,0.0
2024-03-26T07:00:00+01:00,0.0,381.6,45.1,0.0
2024-03-26T08:00:00+01:00,0.0,388.3,37.7,0.0
2024-03-26T09:00:00+01:00,0.0,215.5,40.0,0.0
2024-03-26T10:00:00+01:00,0.0,203.1,39.2,0.0
2024-03-26T11:00:00+01:00,0.0,96.6,57.7,0.0
2024-03-26T12:00:00+01:00,0.0,64.5,89.1,0.0
2024-03-26T13:00:00+01:00,0.0,72.4,89.9,0.0
2024-03-26T14:00:00+01:00,0.0,94.5,66.7,0.0
2024-03-26T15:00:00+01:00,0.0,158.0,71.8,0.0
2024-03-26T16:00:00+01:00,0.0,451.0,70.1,0.0
2024-03-26T17:00:00+01:00,0.0,506.6,83.9,0.0
2024-03-26T18:00:00+01:00,0.0,497.9,93.7,0.0
2024-03-26T19:00:00+01:00,0.0,495.9,94.8,0.0
2024-03-26T20:00:00+01:00,0.0,473.3,97.3,0.0
2024-03-26T21:00:00+01:00,0.0,426.7,98.0,0.0
2024-03-26T22:00:00+01:00,0.0,396.5,94.5,0.0
2024-03-26T23:00:00+01:00,0.0,214.7,84.3,0.0
2024-03-27T00:00:00+01:00,0.0,67.9,106.5,0.0
2024-03-27T01:00:00+01:00,0.0,33.0,112.8,0.0
2024-03-27T02:00:00+01:00,0.0,27.1,109.4,0.0
2024-03-27T03:00:00+01:00,0.0,25.4,108.2,0.0
2024-03-27T04:00:00+01:00,0.0,36.1,99.8,0.0
2024-03-27T05:00:00+01:00,0.0,83.0,107.0,0.0
2024-03-27T06:00:00+01:00,0.0,361.1,112.5,0.0
2024-03-27T07:00:00+01:00,0.0,408.9,112.9,0.0
2024-03-27T08:00:00+01:00,0.0,377.3,111.2,0.0
2024-03-27T09:00:00+01:00,0.0,143.5,110.4,0.0
2024-03-27T10:00:00+01:00,0.0,68.6,99.4,0.0
2024-03-27T11:00:00+01:00,0.0,67.5,97.4,0.0
2024-03-27T12:00:00+01:00,0.0,63.0,89.6,0.0
2024-03-27T13:00:00+01:00,0.0,72.8,78.7,0.0
2024-03-27T14:00:00+01:00,0.0,78.5,85.5,0.0
2024-03-27T15:00:00+01:00,0.0,207.6,96.0,0.0
2024-03-27T16:00:00+01:00,0.0,401.1,104.5,0.0
2024-03-27T17:00:00+01:00,0.0,455.7,111.1,0.0
2024-03-27T18:00:00+01:00,0.0,461.1,106.1,0.0
2024-03-27T19:00:00+01:00,0.0,445.9,110.5,0.0
2024-03-27T20:00:00+01:00,0.0,455.9,110.2,0.0
2024-03-27T21:00:00+01:00,0.0,409.9,97.0,0.0
2024-03-27T22:00:00+01:00,0.0,369.9,90.5,0.0
2024-03-27T23:00:00+01:00,0.0,286.6,60.5,0.0
2024-03-28T00:00:00+01:00,0.0,64.3,99.5,0.0
2024-03-28T01:00:00+01:00,0.0,62.4,102.8,0.0
2024-03-28T02:00:00+01:00,0.0,61.7,105.3,0.0
2024-03-28T03:00:00+01:00,0.0,62.1,105.2,0.0
2024-03-28T04:00:00+01:00,0.0,60.2,104.1,0.0
2024-03-28T05:00:00+01:00,0.0,63.1,94.2,0.0
2024-03-28T06:00:00+01:00,0.0,287.7,99.2,0.0
2024-03-28T07:00:00+01:00,0.0,324.6,92.7,0.0
2024-03-28T08:00:00+01:00,0.0,283.0,90.3,0.0
2024-03-28T09:00:00+01:00,0.0,165.0,87.9,0.0
2024-03-28T10:00:00+01:00,0.0,94.2,97.8,0.0
2024-03-28T11:00:00+01:00,0.0,95.3,83.9,0.0
2024-03-28T12:00:00+01:00,0.0,94.2,83.3,0.0
2024-03-28T13:00:00+01:00,0.0,97.6,71.2,0.0
2024-03-28T14:00:00+01:00,0.0,94.6,85.7,0.0
2024-03-28T15:00:00+01:00,0.0,97.2,82.6,0.0
2024-03-28T16:00:00+01:00,0.0,132.3,86.8,0.0
2024-03-28T17:00:00+01:00,0.0,175.0,86.9,0.0
2024-03-28T18:00:00+01:00,0.0,425.0,96.0,0.0
2024-03-28T19:00:00+01:00,0.0,425.3,104.3,0.0
2024-03-28T20:00:00+01:00,0.0,419.9,103.7,0.0
2024-03-28T21:00:00+01:00,0.0,124.2,112.7,0.0
2024-03-28T22:00:00+01:00,0.0,121.6,107.1,0.0
2024-03-28T23:00:00+01:00,0.0,99.6,92.0,0.0
2024-03-29T00:00:00+01:00,0.0,136.4,91.3,0.0
2024-03-29T01:00:00+01:00,0.0,136.9,79.1,0.0
2024-03-29T02:00:00+01:00,0.0,131.1,69.9,0.0
2024-03-29T03:00:00+01:00,0.0,139.6,54.2,0.0
2024-03-29T04:00:00+01:00,0.0,143.8,48.8,0.0
2024-03-29T05:00:00+01:00,0.0,143.4,30.8,0.0
2024-03-29T06:00:00+01:00,0.0,148.9,24.9,0.0
2024-03-29T07:00:00+01:00,0.0,143.9,23.3,0.0
2024-03-29T08:00:00+01:00,0.0,169.0,11.6,0.0
2024-03-29T09:00:00+01:00,0.0,161.6,16.8,0.0
2024-03-29T10:00:00+01:00,0.0,152.2,10.8,0.0
2024-03-29T11:00:00+01:00,0.0,152.0,10.6,0.0
2024-03-29T12:00:00+01:00,0.0,146.1,6.8,0.0
2024-03-29T13:00:00+01:00,0.0,145.5,3.7,0.0
2024-03-29T14:00:00+01:00,0.0,136.2,3.9,0.0
2024-03-29T15:00:00+01:00,0.0,141.1,9.2,0.0
2024-03-29T16:00:00+01:00,0.0,166.3,11.7,0.0
2024-03-29T17:00:00+01:00,0.0,200.4,5.2,0.0
2024-03-29T18:00:00+01:00,0.0,416.8,14.2,0.0
2024-03-29T19:00:00+01:00,0.0,410.7,9.6,0.0
2024-03-29T20:00:00+01:00,0.0,386.4,15.4,0.0
2024-03-29T21:00:00+01:00,0.0,360.5,8.1,0.0
2024-03-29T22:00:00+01:00,0.0,175.0,13.9,0.0
2024-03-29T23:00:00+01:00,0.0,150.3,13.4,0.0
2024-03-30T00:00:00+01:00,0.0,116.7,17.1,0.0
2024-03-30T01:00:00+01:00,0.0,80.2,22.5,0.0
2024-03-30T02:00:00+01:00,0.0,86.2,32.3,0.0
2024-03-30T03:00:00+01:00,0.0,83.9,25.0,0.0
2024-03-30T04:00:00+01:00,0.0,88.8,26.3,0.0
2024-03-30T05:00:00+01:00,0.0,75.5,37.5,0.0
2024-03-30T06:00:00+01:00,0.0,74.3,47.6,0.0
2024-03-30T07:00:00+01:00,0.0,99.6,34.8,0.0
2024-03-30T08:00:00+01:00,0.0,121.5,51.9,0.0
2024-03-30T09:00:00+01:00,0.0,114.8,59.1,0.0
2024-03-30T10:00:00+01:00,0.0,106.6,70.6,0.0
2024-03-30T11:00:00+01:00,0.0,79.7,75.8,0.0
2024-03-30T12:00:00+01:00,0.0,75.3,82.3,0.0
2024-03-30T13:00:00+01:00,0.0,55.9,85.8,0.0
2024-03-30T14:00:00+01:00,0.0,55.8,92.0,0.0
2024-03-30T15:00:00+01:00,0.0,73.7,85.8,0.0
2024-03-30T16:00:00+01:00,0.0,72.3,92.4,0.0
2024-03-30T17:00:00+01:00,0.0,95.5,89.6,0.0
2024-03-30T18:00:00+01:00,0.0,326.2,78.7,0.0
2024-03-30T19:00:00+01:00,0.0,336.9,72.5,0.0
2024-03-30T20:00:00+01:00,0.0,331.6,82.6,0.0
2024-03-30T21:00:00+01:00,0.0,263.7,74.6,0.0
2024-03-30T22:00:00+01:00,0.0,99.0,74.8,0.0
2024-03-30T23:00:00+01:00,0.0,87.1,67.4,0.0
2024-03-31T00:00:00+01:00,0.0,72.6,64.8,0.0
2024-03-31T01:00:00+01:00,0.0,71.7,56.1,0.0
2024-03-31T03:00:00+02:00,0.0,69.9,64.8,0.0
2024-03-31T04:00:00+02:00,0.0,63.0,71.3,0.0
2024-03-31T05:00:00+02:00,0.0,64.8,84.0,0.0
2024-03-31T06:00:00+02:00,0.0,67.5,75.6,0.0
2024-03-31T07:00:00+02:00,0.0,76.5,71.8,0.0
2024-03-31T08:00:00+02:00,0.0,76.9,75.7,0.0
2024-03-31T09:00:00+02:00,0.0,78.2,72.7,0.0
2024-03-31T10:00:00+02:00,0.0,79.1,81.6,0.0
2024-03-31T11:00:00+02:00,0.0,63.9,87.5,0.0
2024-03-31T12:00:00+02:00,0.0,46.6,95.0,0.0
2024-03-31T13:00:00+02:00,0.0,48.1,103.5,0.0
2024-03-31T14:00:00+02:00,0.0,45.8,105.5,0.0
2024-03-31T15:00:00+02:00,0.0,69.4,104.5,0.0
2024-03-31T16:00:00+02:00,0.0,84.7,105.9,0.0
2024-03-31T17:00:00+02:00,0.0,76.6,108.0,0.0
2024-03-31T18:00:00+02:00,0.0,86.5,106.4,0.0
2024-03-31T19:00:00+02:00,0.0,335.0,103.8,0.0
2024-03-31T20:00:00+02:00,0.0,329.7,106.6,0.0
2024-03-31T21:00:00+02:00,0.0,119.6,104.0,0.0
2024-03-31T22:00:00+02:00,0.0,108.4,102.1,0.0
2024-03-31T23:00:00+02:00,0.0,77.0,102.2,0.0
2024-04-01T00:00:00+02:00,0.0,77.2,102.3,0.0
2024-04-01T01:00:00+02:00,0.0,72.0,102.4,0.0
2024-04-01T02:00:00+02:00,0.0,71.3,97.6,0.0
2024-04-01T03:00:00+02:00,0.0,71.2,86.2,0.0
2024-04-01T04:00:00+02:00,0.0,81.2,78.9,0.0
2024-04-01T05:00:00+02:00,0.0,80.0,79.0,0.0
2024-04-01T06:00:00+02:00,0.0,86.6,66.2,0.0
2024-04-01T07:00:00+02:00,0.0,87.9,75.3,0.0
2024-04-01T08:00:00+02:00,0.0,84.6,81.8,0.0
2024-04-01T09:00:00+02:00,0.0,82.9,92.4,0.0
2024-04-01T10:00:00+02:00,0.0,20.3,94.4,0.0
2024-04-01T11:00:00+02:00,0.0,16.8,103.4,0.0
2024-04-01T12:00:00+02:00,0.0,16.9,108.1,0.0
2024-04-01T13:00:00+02:00,0.0,12.3,106.3,0.0
2024-04-01T14:00:00+02:00,0.0,0.0,111.5,0.0
2024-04-01T15:00:00+02:00,0.0,0.4,110.1,0.0
2024-04-01T16:00:00+02:00,0.0,25.7,105.9,0.0
2024-04-01T17:00:00+02:00,0.0,36.5,105.2,0.0
2024-04-01T18:00:00+02:00,0.0,76.7,106.4,0.0
2024-04-01T19:00:00+02:00,0.0,145.9,103.4,0.0
2024-04-01T20:00:00+02:00,0.0,138.7,95.8,0.0
2024-04-01T21:00:00+02:00,0.0,133.7,100.9,0.0
2024-04-01T22:00:00+02:00,0.0,116.9,101.6,0.0
2024-04-01T23:00:00+02:00,0.0,73.7,105.5,0.0
2024-04-02T00:00:00+02:00,0.0,49.3,109.0,0.0
2024-04-02T01:00:00+02:00,0.0,52.2,94.1,0.0
2024-04-02T02:00:00+02:00,0.0,51.4,89.0,0.0
2024-04-02T03:00:00+02:00,0.0,47.2,88.8,0.0
2024-04-02T04:00:00+02:00,0.0,54.9,91.5,0.0
2024-04-02T05:00:00+02:00,0.0,61.5,82.4,0.0
2024-04-02T06:00:00+02:00,0.0,138.5,51.3,0.0
2024-04-02T07:00:00+02:00,0.0,139.2,20.3,0.0
2024-04-02T08:00:00+02:00,0.0,129.7,7.3,0.0
2024-04-02T09:00:00+02:00,0.0,118.0,6.5,0.0
2024-04-02T10:00:00+02:00,0.0,55.1,16.2,0.0
2024-04-02T11:00:00+02:00,0.0,44.4,20.3,0.0
2024-04-02T12:00:00+02:00,0.0,33.3,28.0,0.0
2024-04-02T13:00:00+02:00,0.0,21.1,29.1,0.0
2024-04-02T14:00:00+02:00,0.0,19.8,32.2,0.0
2024-04-02T15:00:00+02:00,0.0,26.2,21.4,0.0
2024-04-02T16:00:00+02:00,0.0,28.6,14.2,0.0
2024-04-02T17:00:00+02:00,0.0,40.6,13.5,0.0
2024-04-02T18:00:00+02:00,0.0,322.2,6.1,0.0
2024-04-02T19:00:00+02:00,0.0,386.6,16.2,0.0
2024-04-02T20:00:00+02:00,0.0,361.3,27.8,0.0
2024-04-02T21:00:00+02:00,0.0,358.0,15.8,0.0
2024-04-02T22:00:00+02:00,0.0,108.2,11.8,0.0
2024-04-02T23:00:00+02:00,0.0,70.3,9.4,0.0
2024-04-03T00:00:00+02:00,0.0,75.5,3.8,0.0
2024-04-03T01:00:00+02:00,0.0,75.5,4.3,0.0
2024-04-03T02:00:00+02:00,0.0,75.2,1.4,0.0
2024-04-03T03:00:00+02:00,0.0,79.0,0.0,0.0
2024-04-03T04:00:00+02:00,0.0,77.0,0.0,0.0
2024-04-03T05:00:00+02:00,0.0,100.7,0.0,0.0
2024-04-03T06:00:00+02:00,0.0,375.5,0.0,0.0
2024-04-03T07:00:00+02:00,0.0,370.4,0.0,0.0
2024-04-03T08:00:00+02:00,0.0,367.4,0.0,0.0
2024-04-03T09:00:00+02:00,0.0,77.7,0.0,0.0
2024-04-03T10:00:00+02:00,0.0,70.4,0.3,0.0
2024-04-03T11:00:00+02:00,0.0,58.3,6.4,0.0
2024-04-03T12:00:00+02:00,0.0,61.7,5.1,0.0
2024-04-03T13:00:00+02:00,0.0,48.8,15.6,0.0
2024-04-03T14:00:00+02:00,0.0,37.7,29.9,0.0
2024-04-03T15:00:00+02:00,0.0,94.6,22.9,0.0
2024-04-03T16:00:00+02:00,0.0,263.9,16.1,0.0
2024-04-03T17:00:00+02:00,0.0,425.2,19.4,0.0
2024-04-03T18:00:00+02:00,0.0,431.7,9.7,0.0
2024-04-03T19:00:00+02:00,0.0,431.9,9.8,0.0
2024-04-03T20:00:00+02:00,0.0,425.9,12.7,0.0
2024-04-03T21:00:00+02:00,0.0,426.0,17.4,0.0
2024-04-03T22:00:00+02:00,0.0,380.3,9.8,0.0
2024-04-03T23:00:00+02:00,0.0,171.7,6.3,0.0
2024-04-04T00:00:00+02:00,0.0,54.5,3.6,0.0
2024-04-04T01:00:00+02:00,0.0,48.2,3.2,0.0
2024-04-04T02:00:00+02:00,0.0,47.6,4.0,0.0
2024-04-04T03:00:00+02:00,0.0,49.9,0.2,0.0
2024-04-04T04:00:00+02:00,0.0,51.1,0.1,0.0
2024-04-04T05:00:00+02:00,0.0,54.1,0.0,0.0
2024-04-04T06:00:00+02:00,0.0,344.9,0.0,0.0
2024-04-04T07:00:00+02:00,0.0,348.3,0.0,0.0
2024-04-04T08:00:00+02:00,0.0,345.0,0.0,0.0
2024-04-04T09:00:00+02:00,0.0,114.1,0.0,0.0
2024-04-04T10:00:00+02:00,0.0,61.4,0.2,0.0
2024-04-04T11:00:00+02:00,0.0,50.1,1.5,0.0
2024-04-04T12:00:00+02:00,0.0,39.6,9.7,0.0
2024-04-04T13:00:00+02:00,0.0,40.2,15.2,0.0
2024-04-04T14:00:00+02:00,0.0,31.7,25.2,0.0
2024-04-04T15:00:00+02:00,0.0,25.2,43.8,0.0
2024-04-04T16:00:00+02:00,0.0,76.1,56.0,0.0
2024-04-04T17:00:00+02:00,0.0,166.9,55.8,0.0
2024-04-04T18:00:00+02:00,0.0,393.5,55.1,0.0
2024-04-04T19:00:00+02:00,0.0,397.8,47.2,0.0
2024-04-04T20:00:00+02:00,0.0,401.4,34.8,0.0
2024-04-04T21:00:00+02:00,0.0,408.1,11.1,0.0
2024-04-04T22:00:00+02:00,0.0,344.4,3.3,0.0
2024-04-04T23:00:00+02:00,0.0,71.7,2.4,0.0
2024-04-05T00:00:00+02:00,0.0,46.5,0.0,0.0
2024-04-05T01:00:00+02:00,0.0,46.4,0.0,0.0
2024-04-05T02:00:00+02:00,0.0,46.5,0.0,0.0
2024-04-05T03:00:00+02:00,0.0,46.5,0.0,0.0
2024-04-05T04:00:00+02:00,0.0,46.5,0.0,0.0
2024-04-05T05:00:00+02:00,0.0,47.3,0.0,0.0
2024-04-05T06:00:00+02:00,0.0,327.3,0.0,0.0
2024-04-05T07:00:00+02:00,0.0,331.3,0.0,0.0
2024-04-05T08:00:00+02:00,0.0,312.2,0.0,0.0
2024-04-05T09:00:00+02:00,0.0,70.5,0.0,0.0
2024-04-05T10:00:00+02:00,0.0,65.4,0.0,0.0
2024-04-05T11:00:00+02:00,0.0,57.4,1.6,0.0
2024-04-05T12:00:00+02:00,0.0,49.3,4.9,0.0
2024-04-05T13:00:00+02:00,0.0,43.8,7.7,0.0
2024-04-05T14:00:00+02:00,0.0,37.2,22.7,0.0
2024-04-05T15:00:00+02:00,0.0,36.8,40.8,0.0
2024-04-05T16:00:00+02:00,0.0,22.0,48.0,0.0
2024-04-05T17:00:00+02:00,0.0,46.4,43.5,0.0
2024-04-05T18:00:00+02:00,0.0,264.4,38.7,0.0
2024-04-05T19:00:00+02:00,0.0,371.3,39.0,0.0
2024-04-05T20:00:00+02:00,0.0,344.0,38.2,0.0
2024-05-01T00:00:00+02:00,0.0,0.0,43.1,0.0
2024-05-01T01:00:00+02:00,0.0,0.0,42.5,0.0
2024-05-01T02:00:00+02:00,0.0,0.0,41.0,0.0
2024-05-01T03:00:00+02:00,0.0,0.0,44.8,0.0
2024-05-01T04:00:00+02:00,0.0,0.7,42.9,0.0
2024-05-01T05:00:00+02:00,0.0,31.3,37.0,0.0
2024-05-01T06:00:00+02:00,0.0,27.7,41.0,0.0
2024-05-01T07:00:00+02:00,0.0,25.0,57.3,0.0
2024-05-01T08:00:00+02:00,0.0,0.0,37.7,0.0
2024-05-01T09:00:00+02:00,0.0,0.0,25.7,0.0
2024-05-01T10:00:00+02:00,0.0,0.0,43.9,0.0
2024-05-01T11:00:00+02:00,0.0,0.0,41.6,0.0
2024-05-01T12:00:00+02:00,0.0,0.0,29.9,0.0
2024-05-01T13:00:00+02:00,0.0,0.0,26.6,0.0
2024-05-01T14:00:00+02:00,0.0,0.0,29.3,0.0
2024-05-01T15:00:00+02:00,0.0,0.0,59.8,0.0
2024-05-01T16:00:00+02:00,0.0,0.0,64.2,0.0
2024-05-01T17:00:00+02:00,0.0,1.2,56.9,0.0
2024-05-01T18:00:00+02:00,0.0,115.0,51.6,0.0
2024-05-01T19:00:00+02:00,0.0,120.4,27.5,0.0
2024-05-01T20:00:00+02:00,0.0,337.2,30.1,0.0
2024-05-01T21:00:00+02:00,0.0,109.6,46.5,0.0
2024-05-01T22:00:00+02:00,0.0,102.3,56.3,0.0
2024-05-01T23:00:00+02:00,0.0,0.8,55.1,0.0
2024-05-02T00:00:00+02:00,0.0,0.0,34.7,0.0
2024-05-02T01:00:00+02:00,0.0,0.0,20.8,0.0
2024-05-02T02:00:00+02:00,0.0,0.0,28.4,0.0
2024-05-02T03:00:00+02:00,0.0,0.0,24.4,0.0
2024-05-02T04:00:00+02:00,0.0,0.0,16.6,0.0
2024-05-02T05:00:00+02:00,0.0,0.4,9.2,0.0
2024-05-02T06:00:00+02:00,0.0,46.8,17.6,0.0
2024-05-02T07:00:00+02:00,0.0,67.3,23.8,0.0
2024-05-02T08:00:00+02:00,0.0,34.5,29.0,0.0
2024-05-02T09:00:00+02:00,0.0,0.0,31.6,0.0
2024-05-02T10:00:00+02:00,0.0,0.0,24.2,0.0
2024-05-02T11:00:00+02:00,0.0,0.0,12.2,0.0
2024-05-02T12:00:00+02:00,0.0,0.0,13.7,0.0
2024-05-02T13:00:00+02:00,0.0,0.0,28.7,0.0
2024-05-02T14:00:00+02:00,0.0,0.0,33.4,0.0
2024-05-02T15:00:00+02:00,0.0,0.0,34.1,0.0
2024-05-02T16:00:00+02:00,0.0,0.5,38.1,0.0
2024-05-02T17:00:00+02:00,0.0,82.8,43.4,0.0
2024-05-02T18:00:00+02:00,0.0,156.2,41.4,0.0
2024-05-02T19:00:00+02:00,0.0,350.2,26.9,0.0
2024-05-02T20:00:00+02:00,0.0,388.7,8.3,0.0
2024-05-02T21:00:00+02:00,0.0,229.8,43.1,0.0
2024-05-02T22:00:00+02:00,0.0,36.5,44.5,0.0
2024-05-02T23:00:00+02:00,0.0,0.0,41.2,0.0
2024-05-03T00:00:00+02:00,0.0,0.0,6.1,0.0
2024-05-03T01:00:00+02:00,0.0,0.0,30.2,0.0
2024-05-03T02:00:00+02:00,0.0,0.0,47.7,0.0
2024-05-03T03:00:00+02:00,0.0,0.0,58.9,0.0
2024-05-03T04:00:00+02:00,0.0,0.0,65.5,0.0
2024-05-03T05:00:00+02:00,0.0,0.3,61.8,0.0
2024-05-03T06:00:00+02:00,0.0,19.9,75.3,0.0
2024-05-03T07:00:00+02:00,0.0,27.9,49.7,0.0
2024-05-03T08:00:00+02:00,0.0,40.0,15.3,0.0
2024-05-03T09:00:00+02:00,0.0,46.6,17.2,0.0
2024-05-03T10:00:00+02:00,0.0,66.5,12.9,0.0
2024-05-03T11:00:00+02:00,0.0,73.2,13.8,0.0
2024-05-03T12:00:00+02:00,0.0,70.9,29.4,0.0
2024-05-03T13:00:00+02:00,0.0,53.0,44.3,0.0
2024-05-03T14:00:00+02:00,0.0,56.4,31.6,0.0
2024-05-03T15:00:00+02:00,0.0,60.1,31.3,0.0
2024-05-03T16:00:00+02:00,0.0,49.1,40.5,0.0
2024-05-03T17:00:00+02:00,0.0,64.6,24.3,0.0
2024-05-03T18:00:00+02:00,0.0,167.6,23.4,0.0
2024-05-03T19:00:00+02:00,0.0,352.3,13.2,0.0
2024-05-03T20:00:00+02:00,0.0,345.2,8.3,0.0
2024-05-03T21:00:00+02:00,0.0,298.4,12.2,0.0
2024-05-03T22:00:00+02:00,0.0,145.9,16.6,0.0
2024-05-03T23:00:00+02:00,0.0,40.6,17.3,0.0
2024-05-04T00:00:00+02:00,0.0,120.5,8.6,0.0
2024-05-04T01:00:00+02:00,0.0,44.2,14.1,0.0
2024-05-04T02:00:00+02:00,0.0,36.4,19.0,0.0
2024-05-04T03:00:00+02:00,0.0,22.0,31.3,0.0
2024-05-04T04:00:00+02:00,0.0,33.5,25.1,0.0
2024-05-04T05:00:00+02:00,0.0,31.2,27.7,0.0
2024-05-04T06:00:00+02:00,0.0,55.1,37.6,0.0
2024-05-04T07:00:00+02:00,0.0,65.3,50.5,0.0
2024-05-04T08:00:00+02:00,0.0,65.4,56.3,0.0
2024-05-04T09:00:00+02:00,0.0,0.4,45.0,0.0
2024-05-04T10:00:00+02:00,0.0,0.0,52.9,0.0
2024-05-04T11:00:00+02:00,0.0,0.0,55.4,0.0
2024-05-04T12:00:00+02:00,0.0,0.0,35.7,0.0
2024-05-04T13:00:00+02:00,0.0,0.0,29.2,0.0
2024-05-04T14:00:00+02:00,0.0,0.0,29.9,0.0
2024-05-04T15:00:00+02:00,0.0,1.1,29.9,0.0
2024-05-04T16:00:00+02:00,0.0,57.0,35.1,0.0
2024-05-04T17:00:00+02:00,0.0,139.5,30.6,0.0
2024-05-04T18:00:00+02:00,0.0,190.2,27.9,0.0
2024-05-04T19:00:00+02:00,0.0,413.7,24.0,0.0
2024-05-04T20:00:00+02:00,0.0,426.3,15.0,0.0
2024-05-04T21:00:00+02:00,0.0,417.8,9.3,0.0
2024-05-04T22:00:00+02:00,0.0,166.4,10.4,0.0
2024-05-04T23:00:00+02:00,0.0,161.1,6.9,0.0
2024-05-05T00:00:00+02:00,0.0,62.4,21.3,0.0
2024-05-05T01:00:00+02:00,0.0,53.0,21.8,0.0
2024-05-05T02:00:00+02:00,0.0,65.8,4.2,0.0
2024-05-05T03:00:00+02:00,0.0,62.3,0.0,0.0
2024-05-05T04:00:00+02:00,0.0,50.8,0.0,0.0
2024-05-05T05:00:00+02:00,0.0,51.3,0.0,0.0
2024-05-05T06:00:00+02:00,0.0,66.9,0.0,0.0
2024-05-05T07:00:00+02:00,0.0,77.3,0.8,0.0
2024-05-05T08:00:00+02:00,0.0,74.7,0.0,0.0
2024-05-05T09:00:00+02:00,0.0,67.5,0.0,0.0
2024-05-05T10:00:00+02:00,0.0,0.0,0.0,0.0
2024-05-05T11:00:00+02:00,0.0,0.0,2.5,0.0
2024-05-05T12:00:00+02:00,0.0,0.0,8.6,0.0
2024-05-05T13:00:00+02:00,0.0,0.0,13.4,0.0
2024-05-05T14:00:00+02:00,0.0,0.0,24.5,0.0
2024-05-05T15:00:00+02:00,0.0,0.0,28.7,0.0
2024-05-05T16:00:00+02:00,0.0,0.5,42.0,0.0
2024-05-05T17:00:00+02:00,0.0,96.0,35.8,0.0
2024-05-05T18:00:00+02:00,0.0,96.6,32.7,0.0
2024-05-05T19:00:00+02:00,0.0,140.5,29.1,0.0
2024-05-05T20:00:00+02:00,0.0,182.3,19.6,0.0
2024-05-05T21:00:00+02:00,0.0,170.7,7.1,0.0
2024-05-05T22:00:00+02:00,0.0,162.9,5.3,0.0
2024-05-05T23:00:00+02:00,0.0,141.1,3.1,0.0
2024-05-06T00:00:00+02:00,0.0,108.6,6.8,0.0
2024-05-06T01:00:00+02:00,0.0,26.2,11.4,0.0
2024-05-06T02:00:00+02:00,0.0,28.8,10.6,0.0
2024-05-06T03:00:00+02:00,0.0,33.4,7.3,0.0
2024-05-06T04:00:00+02:00,0.0,42.6,7.4,0.0
2024-05-06T05:00:00+02:00,0.0,58.0,5.5,0.0
2024-05-06T06:00:00+02:00,0.0,106.6,4.8,0.0
2024-05-06T07:00:00+02:00,0.0,173.4,2.0,0.0
2024-05-06T08:00:00+02:00,0.0,161.7,3.8,0.0
2024-05-06T09:00:00+02:00,0.0,157.1,6.4,0.0
2024-05-06T10:00:00+02:00,0.0,0.3,8.3,0.0
2024-05-06T11:00:00+02:00,0.0,0.0,9.6,0.0
2024-05-06T12:00:00+02:00,0.0,0.0,15.9,0.0
2024-05-06T13:00:00+02:00,0.0,0.0,16.0,0.0
2024-05-06T14:00:00+02:00,0.0,0.0,21.0,0.0
2024-05-06T15:00:00+02:00,0.0,0.6,13.0,0.0
2024-05-06T16:00:00+02:00,0.0,104.2,12.4,0.0
2024-05-06T17:00:00+02:00,0.0,144.9,11.2,0.0
2024-05-06T18:00:00+02:00,0.0,157.3,10.7,0.0
2024-05-06T19:00:00+02:00,0.0,303.2,12.3,0.0
2024-05-06T20:00:00+02:00,0.0,305.1,11.8,0.0
2024-05-06T21:00:00+02:00,0.0,307.1,5.9,0.0
2024-05-06T22:00:00+02:00,0.0,206.1,1.6,0.0
2024-05-06T23:00:00+02:00,0.0,180.6,4.4,0.0
2024-05-07T00:00:00+02:00,0.0,74.0,7.4,0.0
2024-05-07T01:00:00+02:00,0.0,30.6,6.6,0.0
2024-05-07T02:00:00+02:00,0.0,30.7,1.9,0.0
2024-05-07T03:00:00+02:00,0.0,32.8,1.7,0.0
2024-05-07T04:00:00+02:00,0.0,39.4,0.3,0.0
2024-05-07T05:00:00+02:00,0.0,37.5,0.4,0.0
2024-05-07T06:00:00+02:00,0.0,167.2,0.0,0.0
2024-05-07T07:00:00+02:00,0.0,289.9,0.0,0.0
2024-05-07T08:00:00+02:00,0.0,306.3,0.0,0.0
2024-05-07T09:00:00+02:00,0.0,185.8,1.1,0.0
2024-05-07T10:00:00+02:00,0.0,103.8,1.3,0.0
2024-05-07T11:00:00+02:00,0.0,103.3,4.1,0.0
2024-05-07T12:00:00+02:00,0.0,0.5,13.7,0.0
2024-05-07T13:00:00+02:00,0.0,0.0,35.0,0.0
2024-05-07T14:00:00+02:00,0.0,0.0,30.6,0.0
2024-05-07T15:00:00+02:00,0.0,0.0,30.7,0.0
2024-05-07T16:00:00+02:00,0.0,1.5,36.5,0.0
2024-05-07T17:00:00+02:00,0.0,81.7,35.7,0.0
2024-05-07T18:00:00+02:00,0.0,265.1,18.1,0.0
2024-05-07T19:00:00+02:00,0.0,343.5,32.1,0.0
2024-05-07T20:00:00+02:00,0.0,344.1,36.8,0.0
2024-05-07T21:00:00+02:00,0.0,7.1,0.0,0.0
2024-06-01T00:00:00+02:00,0.0,114.5,98.4,0.0
2024-06-01T01:00:00+02:00,0.0,140.3,102.2,0.0
2024-06-01T02:00:00+02:00,0.0,140.8,111.8,0.0
2024-06-01T03:00:00+02:00,0.0,133.2,113.5,0.0
2024-06-01T04:00:00+02:00,0.0,135.1,107.3,0.0
2024-06-01T05:00:00+02:00,0.0,130.3,107.0,0.0
2024-06-01T06:00:00+02:00,0.0,124.8,108.7,0.0
2024-06-01T07:00:00+02:00,0.0,144.8,94.4,0.0
2024-06-01T08:00:00+02:00,0.0,143.9,92.1,0.0
2024-06-01T09:00:00+02:00,0.0,149.8,93.2,0.0
2024-06-01T10:00:00+02:00,0.0,149.8,93.0,0.0
2024-06-01T11:00:00+02:00,0.0,147.4,94.5,0.0
2024-06-01T12:00:00+02:00,0.0,150.4,90.0,0.0
2024-06-01T13:00:00+02:00,0.0,148.8,91.9,0.0
2024-06-01T14:00:00+02:00,0.0,167.2,89.7,0.0
2024-06-01T15:00:00+02:00,0.0,167.2,73.8,0.0
2024-06-01T16:00:00+02:00,0.0,167.6,64.2,0.0
2024-06-01T17:00:00+02:00,0.0,167.8,54.4,0.0
2024-06-01T18:00:00+02:00,0.0,236.4,42.3,0.0
2024-06-01T19:00:00+02:00,0.0,236.0,52.5,0.0
2024-06-01T20:00:00+02:00,0.0,236.2,51.8,0.0
2024-06-01T21:00:00+02:00,0.0,236.1,50.6,0.0
2024-06-01T22:00:00+02:00,0.0,236.1,36.5,0.0
2024-06-01T23:00:00+02:00,0.0,166.6,38.2,0.0
2024-06-02T00:00:00+02:00,0.0,159.6,48.0,0.0
2024-06-02T01:00:00+02:00,0.0,164.6,38.7,0.0
2024-06-02T02:00:00+02:00,0.0,167.2,28.6,0.0
2024-06-02T03:00:00+02:00,0.0,165.1,33.0,0.0
2024-06-02T04:00:00+02:00,0.0,157.8,32.9,0.0
2024-06-02T05:00:00+02:00,0.0,154.6,44.1,0.0
2024-06-02T06:00:00+02:00,0.0,166.0,29.6,0.0
2024-06-02T07:00:00+02:00,0.0,166.3,26.5,0.0
2024-06-02T08:00:00+02:00,0.0,162.6,40.9,0.0
2024-06-02T09:00:00+02:00,0.0,154.6,53.7,0.0
2024-06-02T10:00:00+02:00,0.0,150.7,51.6,0.0
2024-06-02T11:00:00+02:00,0.0,150.4,52.4,0.0
2024-06-02T12:00:00+02:00,0.0,147.8,52.7,0.0
2024-06-02T13:00:00+02:00,0.0,166.5,23.4,0.0
2024-06-02T14:00:00+02:00,0.0,166.8,11.6,0.0
2024-06-02T15:00:00+02:00,0.0,167.2,8.0,0.0
2024-06-02T16:00:00+02:00,0.0,167.1,9.8,0.0
2024-06-02T17:00:00+02:00,0.0,167.7,12.3,0.0
2024-06-02T18:00:00+02:00,0.0,167.7,18.0,0.0
2024-06-02T19:00:00+02:00,0.0,160.1,37.3,0.0
2024-06-02T20:00:00+02:00,0.0,166.2,31.5,0.0
2024-06-02T21:00:00+02:00,0.0,161.7,44.0,0.0
2024-06-02T22:00:00+02:00,0.0,148.9,67.3,0.0
2024-06-02T23:00:00+02:00,0.0,150.7,65.8,0.0
2024-06-03T00:00:00+02:00,0.0,153.0,58.8,0.0
2024-06-03T01:00:00+02:00,0.0,143.3,60.7,0.0
2024-06-03T02:00:00+02:00,0.0,145.6,54.4,0.0
2024-06-03T03:00:00+02:00,0.0,153.3,51.6,0.0
2024-06-03T04:00:00+02:00,0.0,146.4,68.5,0.0
2024-06-03T05:00:00+02:00,0.0,146.2,70.7,0.0
2024-06-03T06:00:00+02:00,0.0,163.9,39.2,0.0
2024-06-03T07:00:00+02:00,0.0,167.7,10.8,0.0
2024-06-03T08:00:00+02:00,0.0,168.3,3.8,0.0
2024-06-03T09:00:00+02:00,0.0,167.9,2.1,0.0
2024-06-03T10:00:00+02:00,0.0,168.1,2.8,0.0
2024-06-03T11:00:00+02:00,0.0,167.4,7.7,0.0
2024-06-03T12:00:00+02:00,0.0,166.8,31.4,0.0
2024-06-03T13:00:00+02:00,0.0,168.1,48.4,0.0
2024-06-03T14:00:00+02:00,0.0,168.2,48.9,0.0
2024-06-03T15:00:00+02:00,0.0,166.6,60.2,0.0
2024-06-03T16:00:00+02:00,0.0,167.6,58.0,0.0
2024-06-03T17:00:00+02:00,0.0,169.1,47.0,0.0
2024-06-03T18:00:00+02:00,0.0,386.1,37.6,0.0
2024-06-03T19:00:00+02:00,0.0,394.2,25.4,0.0
2024-06-03T20:00:00+02:00,0.0,387.9,30.4,0.0
2024-06-03T21:00:00+02:00,0.0,384.6,25.4,0.0
2024-06-03T22:00:00+02:00,0.0,240.3,19.5,0.0
2024-06-03T23:00:00+02:00,0.0,167.3,6.9,0.0
2024-06-04T00:00:00+02:00,0.0,161.4,3.4,0.0
2024-06-04T01:00:00+02:00,0.0,158.9,4.4,0.0
2024-06-04T02:00:00+02:00,0.0,161.7,1.9,0.0
2024-06-04T03:00:00+02:00,0.0,162.0,4.5,0.0
2024-06-04T04:00:00+02:00,0.0,161.4,2.1,0.0
2024-06-04T05:00:00+02:00,0.0,165.5,1.8,0.0
2024-06-04T06:00:00+02:00,0.0,309.2,4.0,0.0
2024-06-04T07:00:00+02:00,0.0,328.6,3.1,0.0
2024-06-04T08:00:00+02:00,0.0,320.0,2.3,0.0
2024-06-04T09:00:00+02:00,0.0,168.0,1.2,0.0
2024-06-04T10:00:00+02:00,0.0,167.2,4.5,0.0
2024-06-04T11:00:00+02:00,0.0,166.7,10.4,0.0
2024-06-04T12:00:00+02:00,0.0,165.9,15.6,0.0
2024-06-04T13:00:00+02:00,0.0,168.3,12.1,0.0
2024-06-04T14:00:00+02:00,0.0,168.0,11.6,0.0
2024-06-04T15:00:00+02:00,0.0,168.2,11.4,0.0
2024-06-04T16:00:00+02:00,0.0,167.6,13.1,0.0
2024-06-04T17:00:00+02:00,0.0,169.2,17.1,0.0
2024-06-04T18:00:00+02:00,0.0,326.8,14.5,0.0
2024-06-04T19:00:00+02:00,0.0,366.2,10.8,0.0
2024-06-04T20:00:00+02:00,0.0,366.2,5.9,0.0
2024-06-04T21:00:00+02:00,0.0,365.4,1.2,0.0
2024-06-04T22:00:00+02:00,0.0,352.9,1.0,0.0
2024-06-04T23:00:00+02:00,0.0,167.1,2.4,0.0
2024-06-05T00:00:00+02:00,0.0,101.3,3.5,0.0
2024-06-05T01:00:00+02:00,0.0,62.4,7.8,0.0
2024-06-05T02:00:00+02:00,0.0,61.9,8.0,0.0
2024-06-05T03:00:00+02:00,0.0,66.1,0.3,0.0
2024-06-05T04:00:00+02:00,0.0,62.9,0.0,0.0
2024-06-05T05:00:00+02:00,0.0,67.9,0.0,0.0
2024-06-05T06:00:00+02:00,0.0,103.8,0.6,0.0
2024-06-05T07:00:00+02:00,0.0,122.1,3.6,0.0
2024-06-05T08:00:00+02:00,0.0,167.1,7.4,0.0
2024-06-05T09:00:00+02:00,0.0,125.1,5.1,0.0
2024-06-05T10:00:00+02:00,0.0,81.1,3.4,0.0
2024-06-05T11:00:00+02:00,0.0,94.5,2.4,0.0
2024-06-05T12:00:00+02:00,0.0,98.6,3.6,0.0
2024-06-05T13:00:00+02:00,0.0,57.7,5.1,0.0
2024-06-05T14:00:00+02:00,0.0,51.3,7.7,0.0
2024-06-05T15:00:00+02:00,0.0,82.8,19.6,0.0
2024-06-05T16:00:00+02:00,0.0,143.8,7.9,0.0
2024-06-05T17:00:00+02:00,0.0,172.1,7.1,0.0
2024-06-05T18:00:00+02:00,0.0,322.9,14.6,0.0
2024-06-05T19:00:00+02:00,0.0,377.4,11.9,0.0
2024-06-05T20:00:00+02:00,0.0,383.1,11.9,0.0
2024-06-05T21:00:00+02:00,0.0,308.7,5.9,0.0
2024-06-05T22:00:00+02:00,0.0,341.8,2.1,0.0
2024-06-05T23:00:00+02:00,0.0,154.1,1.9,0.0
2024-06-06T00:00:00+02:00,0.0,118.3,2.8,0.0
2024-06-06T01:00:00+02:00,0.0,114.4,10.6,0.0
2024-06-06T02:00:00+02:00,0.0,110.9,16.9,0.0
2024-06-06T03:00:00+02:00,0.0,114.8,14.2,0.0
2024-06-06T04:00:00+02:00,0.0,113.6,12.8,0.0
2024-06-06T05:00:00+02:00,0.0,113.9,14.5,0.0
2024-06-06T06:00:00+02:00,0.0,130.1,17.9,0.0
2024-06-06T07:00:00+02:00,0.0,270.1,22.9,0.0
2024-06-06T08:00:00+02:00,0.0,204.8,16.4,0.0
2024-06-06T09:00:00+02:00,0.0,43.2,9.7,0.0
2024-06-06T10:00:00+02:00,0.0,39.5,9.4,0.0
2024-06-06T11:00:00+02:00,0.0,43.9,7.0,0.0
2024-06-06T12:00:00+02:00,0.0,54.5,3.9,0.0
2024-06-06T13:00:00+02:00,0.0,64.3,3.0,0.0
2024-06-06T14:00:00+02:00,0.0,64.2,6.5,0.0
2024-06-06T15:00:00+02:00,0.0,65.6,4.2,0.0
2024-06-06T16:00:00+02:00,0.0,65.7,9.8,0.0
2024-06-06T17:00:00+02:00,0.0,144.0,11.9,0.0
2024-06-06T18:00:00+02:00,0.0,248.9,15.3,0.0
2024-06-06T19:00:00+02:00,0.0,341.1,15.5,0.0
2024-06-06T20:00:00+02:00,0.0,361.9,8.2,0.0
2024-06-06T21:00:00+02:00,0.0,360.7,7.2,0.0
2024-06-06T22:00:00+02:00,0.0,286.1,11.4,0.0
2024-06-06T23:00:00+02:00,0.0,153.8,15.9,0.0
2024-06-07T00:00:00+02:00,0.0,96.8,11.9,0.0
2024-06-07T01:00:00+02:00,0.0,99.9,10.6,0.0
2024-06-07T02:00:00+02:00,0.0,100.2,5.3,0.0
2024-06-07T03:00:00+02:00,0.0,100.1,1.5,0.0
2024-06-07T04:00:00+02:00,0.0,97.4,0.0,0.0
2024-06-07T05:00:00+02:00,0.0,97.5,0.0,0.0
2024-06-07T06:00:00+02:00,0.0,102.3,0.0,0.0
2024-06-07T07:00:00+02:00,0.0,234.6,0.0,0.0
2024-06-07T08:00:00+02:00,0.0,169.5,0.0,0.0
2024-06-07T09:00:00+02:00,0.0,64.6,0.0,0.0
2024-06-07T10:00:00+02:00,0.0,72.6,0.0,0.0
2024-06-07T11:00:00+02:00,0.0,46.5,0.0,0.0
2024-06-07T12:00:00+02:00,0.0,46.2,0.0,0.0
2024-06-07T13:00:00+02:00,0.0,46.4,1.3,0.0
2024-06-07T14:00:00+02:00,0.0,46.4,3.0,0.0
2024-06-07T15:00:00+02:00,0.0,71.9,4.9,0.0
2024-06-07T16:00:00+02:00,0.0,71.0,7.5,0.0
2024-06-07T17:00:00+02:00,0.0,181.1,7.0,0.0
2024-06-07T18:00:00+02:00,0.0,215.7,5.8,0.0
2024-06-07T19:00:00+02:00,0.0,349.7,5.9,0.0
2024-06-07T20:00:00+02:00,0.0,361.9,3.4,0.0
2024-06-07T21:00:00+02:00,0.0,332.9,0.6,0.0
2024-06-07T22:00:00+02:00,0.0,329.9,0.0,0.0
2024-06-07T23:00:00+02:00,0.0,190.7,0.0,0.0
2024-06-08T00:00:00+02:00,0.0,118.0,1.6,0.0
2024-06-08T01:00:00+02:00,0.0,79.5,0.3,0.0
2024-06-08T02:00:00+02:00,0.0,58.1,0.0,0.0
2024-06-08T03:00:00+02:00,0.0,48.5,0.2,0.0
2024-06-08T04:00:00+02:00,0.0,46.0,0.0,0.0
2024-06-08T05:00:00+02:00,0.0,43.4,0.8,0.0
2024-06-08T06:00:00+02:00,0.0,67.5,0.0,0.0
2024-06-08T07:00:00+02:00,0.0,111.6,0.0,0.0
2024-06-08T08:00:00+02:00,0.0,70.8,0.0,0.0
2024-06-08T09:00:00+02:00,0.0,37.1,0.0,0.0
2024-06-08T10:00:00+02:00,0.0,37.2,0.0,0.0
2024-06-08T11:00:00+02:00,0.0,37.4,0.1,0.0
2024-06-08T12:00:00+02:00,0.0,37.2,4.3,0.0
2024-06-08T13:00:00+02:00,0.0,38.0,12.0,0.0
2024-06-08T14:00:00+02:00,0.0,37.2,15.9,0.0
2024-06-08T15:00:00+02:00,0.0,37.2,26.7,0.0
2024-06-08T16:00:00+02:00,0.0,54.3,34.7,0.0
2024-06-08T17:00:00+02:00,0.0,113.5,26.4,0.0
2024-06-08T18:00:00+02:00,0.0,179.6,30.0,0.0
2024-06-08T19:00:00+02:00,0.0,269.5,18.6,0.0
2024-06-08T20:00:00+02:00,0.0,356.3,11.6,0.0
2024-06-08T21:00:00+02:00,0.0,335.7,11.0,0.0
2024-06-08T22:00:00+02:00,0.0,195.0,6.4,0.0
2024-06-08T23:00:00+02:00,0.0,177.0,4.2,0.0
2024-06-09T00:00:00+02:00,0.0,129.9,6.4,0.0
2024-06-09T01:00:00+02:00,0.0,93.3,4.9,0.0
2024-06-09T02:00:00+02:00,0.0,65.5,7.4,0.0
2024-06-09T03:00:00+02:00,0.0,54.7,5.9,0.0
2024-06-09T04:00:00+02:00,0.0,50.5,4.6,0.0
2024-06-09T05:00:00+02:00,0.0,48.0,3.1,0.0
2024-06-09T06:00:00+02:00,0.0,64.9,0.5,0.0
2024-06-09T07:00:00+02:00,0.0,28.3,0.0,0.0
2024-06-09T08:00:00+02:00,0.0,28.4,0.0,0.0
2024-06-09T09:00:00+02:00,0.0,29.5,0.0,0.0
2024-06-09T10:00:00+02:00,0.0,29.7,0.0,0.0
2024-06-09T11:00:00+02:00,0.0,29.7,0.3,0.0
2024-06-09T12:00:00+02:00,0.0,29.7,5.3,0.0
2024-06-09T13:00:00+02:00,0.0,29.7,5.3,0.0
2024-06-09T14:00:00+02:00,0.0,29.7,2.5,0.0
2024-06-09T15:00:00+02:00,0.0,29.7,3.8,0.0
2024-06-09T16:00:00+02:00,0.0,29.6,3.4,0.0
2024-06-09T17:00:00+02:00,0.0,49.5,9.3,0.0
2024-06-09T18:00:00+02:00,0.0,76.0,3.1,0.0
2024-06-09T19:00:00+02:00,0.0,198.7,7.5,0.0
2024-06-09T20:00:00+02:00,0.0,204.9,17.0,0.0
2024-06-09T21:00:00+02:00,0.0,207.6,25.0,0.0
2024-06-09T22:00:00+02:00,0.0,199.2,17.0,0.0
2024-06-09T23:00:00+02:00,0.0,160.8,19.3,0.0
2024-06-10T00:00:00+02:00,0.0,112.6,26.5,0.0
2024-06-10T01:00:00+02:00,0.0,64.9,31.2,0.0
2024-06-10T02:00:00+02:00,0.0,40.8,29.3,0.0
2024-06-10T03:00:00+02:00,0.0,33.7,20.8,0.0
2024-06-10T04:00:00+02:00,0.0,22.6,23.4,0.0
2024-06-10T05:00:00+02:00,0.0,16.9,49.3,0.0
2024-06-10T06:00:00+02:00,0.0,41.5,80.1,0.0
2024-06-10T07:00:00+02:00,0.0,169.6,93.2,0.0
2024-06-10T08:00:00+02:00,0.0,96.9,90.8,0.0
2024-06-10T09:00:00+02:00,0.0,114.4,89.7,0.0
2024-06-10T10:00:00+02:00,0.0,35.8,93.3,0.0
2024-06-10T11:00:00+02:00,0.0,168.7,92.3,0.0
2024-06-10T12:00:00+02:00,0.0,198.5,94.6,0.0
2024-06-10T13:00:00+02:00,0.0,197.6,93.5,0.0
2024-06-10T14:00:00+02:00,0.0,189.0,95.1,0.0
2024-06-10T15:00:00+02:00,0.0,193.0,94.9,0.0
2024-06-10T16:00:00+02:00,0.0,183.9,95.7,0.0
2024-06-10T17:00:00+02:00,0.0,210.4,102.0,0.0
2024-06-10T18:00:00+02:00,0.0,217.9,98.7,0.0
2024-06-10T19:00:00+02:00,0.0,282.2,78.0,0.0
2024-06-10T20:00:00+02:00,0.0,348.3,70.0,0.0
2024-06-10T21:00:00+02:00,0.0,341.3,67.5,0.0
2024-06-10T22:00:00+02:00,0.0,218.6,66.0,0.0
2024-06-10T23:00:00+02:00,0.0,211.8,40.9,0.0
2024-06-11T00:00:00+02:00,0.0,69.7,24.3,0.0
2024-06-11T01:00:00+02:00,0.0,41.1,16.5,0.0
2024-06-11T02:00:00+02:00,0.0,45.1,16.6,0.0
2024-06-11T03:00:00+02:00,0.0,36.3,28.5,0.0
2024-06-11T04:00:00+02:00,0.0,23.1,41.0,0.0
2024-06-11T05:00:00+02:00,0.0,32.4,35.9,0.0
2024-06-11T06:00:00+02:00,0.0,116.0,42.7,0.0
2024-06-11T07:00:00+02:00,0.0,212.5,53.3,0.0
2024-06-11T08:00:00+02:00,0.0,199.1,52.6,0.0
2024-06-11T09:00:00+02:00,0.0,76.7,53.1,0.0
2024-06-11T10:00:00+02:00,0.0,68.4,52.5,0.0
2024-06-11T11:00:00+02:00,0.0,71.4,45.9,0.0
2024-06-11T12:00:00+02:00,0.0,80.6,41.4,0.0
2024-06-11T13:00:00+02:00,0.0,80.8,44.8,0.0
2024-06-11T14:00:00+02:00,0.0,81.5,37.1,0.0
2024-06-11T15:00:00+02:00,0.0,74.7,31.7,0.0
2024-06-11T16:00:00+02:00,0.0,171.4,16.7,0.0
2024-06-11T17:00:00+02:00,0.0,193.6,12.8,0.0
2024-06-11T18:00:00+02:00,0.0,266.4,9.6,0.0
2024-06-11T19:00:00+02:00,0.0,332.0,6.7,0.0
2024-06-11T20:00:00+02:00,0.0,387.2,5.5,0.0
2024-06-11T21:00:00+02:00,0.0,382.3,2.3,0.0
2024-06-11T22:00:00+02:00,0.0,292.4,3.1,0.0
2024-06-11T23:00:00+02:00,0.0,181.1,10.0,0.0
2024-06-12T00:00:00+02:00,0.0,123.6,15.5,0.0
2024-06-12T01:00:00+02:00,0.0,55.0,9.1,0.0
2024-06-12T02:00:00+02:00,0.0,44.4,11.7,0.0
2024-06-12T03:00:00+02:00,0.0,35.8,15.6,0.0
2024-06-12T04:00:00+02:00,0.0,41.6,7.1,0.0
2024-06-12T05:00:00+02:00,0.0,58.1,5.4,0.0
2024-06-12T06:00:00+02:00,0.0,100.3,13.0,0.0
2024-06-12T07:00:00+02:00,0.0,267.6,24.0,0.0
2024-06-12T08:00:00+02:00,0.0,154.2,53.9,0.0
2024-06-12T09:00:00+02:00,0.0,18.6,55.4,0.0
2024-06-12T10:00:00+02:00,0.0,18.6,68.6,0.0
2024-06-12T11:00:00+02:00,0.0,18.7,77.0,0.0
2024-06-12T12:00:00+02:00,0.0,17.8,65.9,0.0
2024-06-12T13:00:00+02:00,0.0,21.8,43.0,0.0
2024-06-12T14:00:00+02:00,0.0,41.5,26.6,0.0
2024-06-12T15:00:00+02:00,0.0,45.9,15.1,0.0
2024-06-12T16:00:00+02:00,0.0,197.0,12.4,0.0
2024-06-12T17:00:00+02:00,0.0,203.6,15.0,0.0
2024-06-12T18:00:00+02:00,0.0,203.3,11.9,0.0
2024-06-12T19:00:00+02:00,0.0,262.3,12.1,0.0
2024-06-12T20:00:00+02:00,0.0,337.7,14.3,0.0
2024-06-12T21:00:00+02:00,0.0,327.9,12.2,0.0
2024-06-12T22:00:00+02:00,0.0,245.2,16.8,0.0
2024-06-12T23:00:00+02:00,0.0,155.1,25.4,0.0
2024-06-13T00:00:00+02:00,0.0,126.2,21.5,0.0
2024-06-13T01:00:00+02:00,0.0,55.1,15.8,0.0
2024-06-13T02:00:00+02:00,0.0,25.4,12.0,0.0
2024-06-13T03:00:00+02:00,0.0,28.5,12.2,0.0
2024-06-13T04:00:00+02:00,0.0,22.0,14.3,0.0
2024-06-13T05:00:00+02:00,0.0,44.4,23.8,0.0
2024-06-13T06:00:00+02:00,0.0,82.4,14.2,0.0
2024-06-13T07:00:00+02:00,0.0,130.7,14.5,0.0
2024-06-13T08:00:00+02:00,0.0,156.7,22.0,0.0
2024-06-13T09:00:00+02:00,0.0,32.1,34.1,0.0
2024-06-13T10:00:00+02:00,0.0,16.1,42.3,0.0
2024-06-13T11:00:00+02:00,0.0,11.4,56.0,0.0
2024-06-13T12:00:00+02:00,0.0,0.0,65.9,0.0
2024-06-13T13:00:00+02:00,0.0,0.0,67.4,0.0
2024-06-13T14:00:00+02:00,0.0,0.0,60.7,0.0
2024-06-13T15:00:00+02:00,0.0,0.5,64.8,0.0
2024-06-13T16:00:00+02:00,0.0,107.5,69.9,0.0
2024-06-13T17:00:00+02:00,0.0,162.5,60.1,0.0
2024-06-13T18:00:00+02:00,0.0,313.2,50.2,0.0
2024-06-13T19:00:00+02:00,0.0,373.4,40.7,0.0
2024-06-13T20:00:00+02:00,0.0,374.0,29.4,0.0
2024-06-13T21:00:00+02:00,0.0,370.9,13.4,0.0
2024-06-13T22:00:00+02:00,0.0,185.6,35.8,0.0
2024-06-13T23:00:00+02:00,0.0,158.7,20.0,0.0
2024-06-14T00:00:00+02:00,0.0,23.4,30.3,0.0
2024-06-14T01:00:00+02:00,0.0,0.0,18.7,0.0
2024-06-14T02:00:00+02:00,0.0,0.0,15.6,0.0
2024-06-14T03:00:00+02:00,0.0,0.0,13.1,0.0
2024-06-14T04:00:00+02:00,0.0,0.0,24.7,0.0
2024-06-14T05:00:00+02:00,0.0,0.4,41.3,0.0
2024-06-14T06:00:00+02:00,0.0,87.7,40.2,0.0
2024-06-14T07:00:00+02:00,0.0,118.3,36.1,0.0
2024-06-14T08:00:00+02:00,0.0,165.5,19.2,0.0
2024-06-14T09:00:00+02:00,0.0,24.2,17.7,0.0
2024-06-14T10:00:00+02:00,0.0,46.6,13.9,0.0
2024-06-14T11:00:00+02:00,0.0,50.5,5.6,0.0
2024-06-14T12:00:00+02:00,0.0,37.9,5.5,0.0
2024-06-14T13:00:00+02:00,0.0,20.8,8.6,0.0
2024-06-14T14:00:00+02:00,0.0,47.9,14.6,0.0
2024-06-14T15:00:00+02:00,0.0,62.9,22.5,0.0
2024-06-14T16:00:00+02:00,0.0,0.0,26.2,0.0
2024-06-14T17:00:00+02:00,0.0,1.0,37.7,0.0
2024-06-14T18:00:00+02:00,0.0,176.8,49.0,0.0
2024-06-14T19:00:00+02:00,0.0,281.2,44.5,0.0
2024-06-14T20:00:00+02:00,0.0,309.9,25.8,0.0
2024-06-14T21:00:00+02:00,0.0,292.8,19.6,0.0
2024-06-14T22:00:00+02:00,0.0,235.9,4.6,0.0
2024-06-14T23:00:00+02:00,0.0,62.8,0.8,0.0
2024-06-15T00:00:00+02:00,0.0,84.6,1.6,0.0
2024-06-15T01:00:00+02:00,0.0,55.4,0.5,0.0
2024-06-15T02:00:00+02:00,0.0,34.8,0.0,0.0
2024-06-15T03:00:00+02:00,0.0,0.0,0.0,0.0
2024-06-15T04:00:00+02:00,0.0,0.0,0.0,0.0
2024-06-15T05:00:00+02:00,0.0,0.0,0.0,0.0
2024-06-15T06:00:00+02:00,0.0,0.0,0.0,0.0
2024-06-15T07:00:00+02:00,0.0,0.0,0.0,0.0
2024-06-15T08:00:00+02:00,0.0,0.0,0.0,0.0
2024-06-15T09:00:00+02:00,0.0,0.4,0.0,0.0
2024-06-15T10:00:00+02:00,0.0,96.5,0.0,0.0
2024-06-15T11:00:00+02:00,0.0,77.0,9.6,0.0
2024-06-15T12:00:00+02:00,0.0,23.4,9.4,0.0
2024-06-15T13:00:00+02:00,0.0,22.3,11.2,0.0
2024-06-15T14:00:00+02:00,0.0,23.9,10.2,0.0
2024-06-15T15:00:00+02:00,0.0,50.2,9.9,0.0
2024-06-15T16:00:00+02:00,0.0,0.0,7.8,0.0
2024-06-15T17:00:00+02:00,0.0,0.5,10.2,0.0
2024-06-15T18:00:00+02:00,0.0,81.6,7.2,0.0
2024-06-15T19:00:00+02:00,0.0,172.3,2.8,0.0
2024-06-15T20:00:00+02:00,0.0,184.3,3.0,0.0
2024-06-15T21:00:00+02:00,0.0,187.0,0.6,0.0
2024-06-15T22:00:00+02:00,0.0,161.5,0.0,0.0
2024-06-15T23:00:00+02:00,0.0,55.9,0.8,0.0
2024-06-16T00:00:00+02:00,0.0,56.3,0.2,0.0
2024-06-16T01:00:00+02:00,0.0,50.0,0.6,0.0
2024-06-16T02:00:00+02:00,0.0,0.0,0.1,0.0
2024-06-16T03:00:00+02:00,0.0,0.0,0.0,0.0
2024-06-16T04:00:00+02:00,0.0,0.0,0.0,0.0
2024-06-16T05:00:00+02:00,0.0,0.0,0.0,0.0
2024-06-16T06:00:00+02:00,0.0,0.0,0.6,0.0
2024-06-16T07:00:00+02:00,0.0,0.0,0.1,0.0
2024-06-16T08:00:00+02:00,0.0,0.0,0.2,0.0
2024-06-16T09:00:00+02:00,0.0,0.0,0.2,0.0
2024-06-16T10:00:00+02:00,0.0,0.0,0.0,0.0
2024-06-16T11:00:00+02:00,0.0,0.0,0.1,0.0
2024-06-16T12:00:00+02:00,0.0,0.0,3.2,0.0
2024-06-16T13:00:00+02:00,0.0,0.0,9.9,0.0
2024-06-16T14:00:00+02:00,0.0,0.0,4.7,0.0
2024-06-16T15:00:00+02:00,0.0,0.0,9.0,0.0
2024-06-16T16:00:00+02:00,0.0,0.0,10.5,0.0
2024-06-16T17:00:00+02:00,0.0,1.1,17.6,0.0
2024-06-16T18:00:00+02:00,0.0,154.1,9.8,0.0
2024-06-16T19:00:00+02:00,0.0,154.6,15.1,0.0
2024-06-16T20:00:00+02:00,0.0,182.2,7.8,0.0
2024-06-16T21:00:00+02:00,0.0,187.6,1.1,0.0
2024-06-16T22:00:00+02:00,0.0,166.8,1.2,0.0
2024-06-16T23:00:00+02:00,0.0,134.5,7.6,0.0
2024-06-17T00:00:00+02:00,0.0,20.2,9.0,0.0
2024-06-17T01:00:00+02:00,0.0,0.0,3.6,0.0
2024-06-17T02:00:00+02:00,0.0,0.0,0.8,0.0
2024-06-17T03:00:00+02:00,0.0,0.0,0.1,0.0
2024-06-17T04:00:00+02:00,0.0,0.0,2.5,0.0
2024-06-17T05:00:00+02:00,0.0,0.4,0.2,0.0
2024-06-17T06:00:00+02:00,0.0,104.3,1.5,0.0
2024-06-17T07:00:00+02:00,0.0,143.4,2.2,0.0
2024-06-17T08:00:00+02:00,0.0,181.1,0.9,0.0
2024-06-17T09:00:00+02:00,0.0,42.1,0.0,0.0
2024-06-17T10:00:00+02:00,0.0,1.2,0.0,0.0
2024-06-17T11:00:00+02:00,0.0,0.0,0.5,0.0
2024-06-17T12:00:00+02:00,0.0,0.0,1.2,0.0
2024-06-17T13:00:00+02:00,0.0,0.0,1.4,0.0
2024-06-17T14:00:00+02:00,0.0,0.0,2.5,0.0
2024-06-17T15:00:00+02:00,0.0,78.5,2.7,0.0
2024-06-17T16:00:00+02:00,0.0,133.8,5.2,0.0
2024-06-17T17:00:00+02:00,0.0,262.0,15.3,0.0
2024-06-17T18:00:00+02:00,0.0,414.2,12.8,0.0
2024-06-17T19:00:00+02:00,0.0,381.6,20.4,0.0
2024-06-17T20:00:00+02:00,0.0,408.6,17.2,0.0
2024-06-17T21:00:00+02:00,0.0,382.6,6.4,0.0
2024-06-17T22:00:00+02:00,0.0,366.8,3.7,0.0
2024-06-17T23:00:00+02:00,0.0,284.3,1.6,0.0
2024-06-18T00:00:00+02:00,0.0,150.2,0.0,0.0
2024-06-18T01:00:00+02:00,0.0,53.3,1.0,0.0
2024-06-18T02:00:00+02:00,0.0,42.6,1.1,0.0
2024-06-18T03:00:00+02:00,0.0,36.0,2.5,0.0
2024-06-18T04:00:00+02:00,0.0,0.4,2.2,0.0
2024-06-18T05:00:00+02:00,0.0,71.0,0.6,0.0
2024-06-18T06:00:00+02:00,0.0,105.3,0.4,0.0
2024-06-18T07:00:00+02:00,0.0,155.6,0.3,0.0
2024-06-18T08:00:00+02:00,0.0,198.5,0.0,0.0
2024-06-18T09:00:00+02:00,0.0,187.2,0.0,0.0
2024-06-18T10:00:00+02:00,0.0,13.2,0.1,0.0
2024-06-18T11:00:00+02:00,0.0,0.0,2.1,0.0
2024-06-18T12:00:00+02:00,0.0,0.0,4.8,0.0
2024-06-18T13:00:00+02:00,0.0,0.0,3.7,0.0
2024-06-18T14:00:00+02:00,0.0,0.6,6.0,0.0
2024-06-18T15:00:00+02:00,0.0,37.0,9.6,0.0
2024-06-18T16:00:00+02:00,0.0,151.1,6.0,0.0
2024-06-18T17:00:00+02:00,0.0,249.3,2.6,0.0
2024-06-18T18:00:00+02:00,0.0,336.4,5.3,0.0
2024-06-18T19:00:00+02:00,0.0,324.9,2.6,0.0
2024-06-18T20:00:00+02:00,0.0,270.2,2.6,0.0
2024-06-18T21:00:00+02:00,0.0,259.8,0.2,0.0
2024-06-18T22:00:00+02:00,0.0,74.5,0.0,0.0
2024-06-18T23:00:00+02:00,0.0,32.5,0.0,0.0
2024-06-19T00:00:00+02:00,0.0,59.3,0.0,0.0
2024-06-19T01:00:00+02:00,0.0,23.1,0.0,0.0
2024-06-19T02:00:00+02:00,0.0,0.0,0.8,0.0
2024-06-19T03:00:00+02:00,0.0,0.0,0.0,0.0
2024-06-19T04:00:00+02:00,0.0,0.0,1.8,0.0
2024-06-19T05:00:00+02:00,0.0,0.6,0.2,0.0
2024-06-19T06:00:00+02:00,0.0,22.7,0.0,0.0
2024-06-19T07:00:00+02:00,0.0,73.8,0.0,0.0
2024-06-19T08:00:00+02:00,0.0,108.4,0.0,0.0
2024-06-19T09:00:00+02:00,0.0,0.0,0.0,0.0
2024-06-19T10:00:00+02:00,0.0,0.0,0.0,0.0
2024-06-19T11:00:00+02:00,0.0,0.0,0.0,0.0
2024-06-19T12:00:00+02:00,0.0,0.0,0.0,0.0
2024-06-19T13:00:00+02:00,0.0,0.0,0.0,0.0
2024-06-19T14:00:00+02:00,0.0,0.0,0.1,0.0
2024-06-19T15:00:00+02:00,0.0,0.4,5.1,0.0
2024-06-19T16:00:00+02:00,0.0,36.0,3.9,0.0
2024-06-19T17:00:00+02:00,0.0,173.7,4.5,0.0
2024-06-19T18:00:00+02:00,0.0,181.5,0.7,0.0
2024-06-19T19:00:00+02:00,0.0,181.6,0.6,0.0
2024-06-19T20:00:00+02:00,0.0,181.2,4.7,0.0
2024-06-19T21:00:00+02:00,0.0,171.2,19.0,0.0
2024-06-19T22:00:00+02:00,0.0,151.5,8.6,0.0
2024-06-19T23:00:00+02:00,0.0,126.9,0.0,0.0
2024-06-20T00:00:00+02:00,0.0,75.7,0.4,0.0
2024-06-20T01:00:00+02:00,0.0,35.5,0.0,0.0
2024-06-20T02:00:00+02:00,0.0,0.3,1.0,0.0
2024-06-20T03:00:00+02:00,0.0,0.0,6.3,0.0
2024-06-20T04:00:00+02:00,0.0,0.0,3.5,0.0
2024-06-20T05:00:00+02:00,0.0,0.5,0.5,0.0
2024-06-20T06:00:00+02:00,0.0,29.8,0.7,0.0
2024-06-20T07:00:00+02:00,0.0,73.8,11.6,0.0
2024-06-20T08:00:00+02:00,0.0,108.2,22.9,0.0
2024-06-20T09:00:00+02:00,0.0,0.0,15.7,0.0
2024-06-20T10:00:00+02:00,0.0,0.4,12.4,0.0
2024-06-20T11:00:00+02:00,0.0,112.5,16.2,0.0
2024-06-20T12:00:00+02:00,0.0,112.5,14.2,0.0
2024-06-20T13:00:00+02:00,0.0,0.8,13.0,0.0
2024-06-20T14:00:00+02:00,0.0,26.8,13.3,0.0
2024-06-20T15:00:00+02:00,0.0,108.5,10.7,0.0
2024-06-20T16:00:00+02:00,0.0,115.0,10.0,0.0
2024-06-20T17:00:00+02:00,0.0,206.5,16.5,0.0
2024-06-20T18:00:00+02:00,0.0,194.6,21.1,0.0
2024-06-20T19:00:00+02:00,0.0,335.0,23.0,0.0
2024-06-20T20:00:00+02:00,0.0,339.3,14.6,0.0
2024-06-20T21:00:00+02:00,0.0,322.8,24.2,0.0
2024-06-20T22:00:00+02:00,0.0,165.1,47.2,0.0
2024-06-20T23:00:00+02:00,0.0,119.6,59.1,0.0
2024-06-21T00:00:00+02:00,0.0,60.8,53.6,0.0
2024-06-21T01:00:00+02:00,0.0,0.0,55.5,0.0
2024-06-21T02:00:00+02:00,0.0,0.0,55.6,0.0
2024-06-21T03:00:00+02:00,0.0,0.0,70.0,0.0
2024-06-21T04:00:00+02:00,0.0,0.0,61.5,0.0
2024-06-21T05:00:00+02:00,0.0,0.3,40.6,0.0
2024-06-21T06:00:00+02:00,0.0,25.8,27.6,0.0
2024-06-21T07:00:00+02:00,0.0,79.7,25.1,0.0
2024-06-21T08:00:00+02:00,0.0,128.6,30.6,0.0
2024-06-21T09:00:00+02:00,0.0,101.8,40.0,0.0
2024-06-21T10:00:00+02:00,0.0,110.2,25.9,0.0
2024-06-21T11:00:00+02:00,0.0,161.5,10.3,0.0
2024-06-21T12:00:00+02:00,0.0,88.8,0.2,0.0
2024-06-21T13:00:00+02:00,0.0,13.0,0.0,0.0
2024-06-21T14:00:00+02:00,0.0,84.3,0.0,0.0
2024-06-21T15:00:00+02:00,0.0,203.8,0.4,0.0
2024-06-21T16:00:00+02:00,0.0,269.8,0.0,0.0
2024-06-21T17:00:00+02:00,0.0,248.0,0.3,0.0
2024-06-21T18:00:00+02:00,0.0,248.6,0.5,0.0
2024-06-21T19:00:00+02:00,0.0,389.8,0.5,0.0
2024-06-21T20:00:00+02:00,0.0,408.4,0.0,0.0
2024-06-21T21:00:00+02:00,0.0,402.6,0.0,0.0
2024-06-21T22:00:00+02:00,0.0,390.5,0.0,0.0
2024-06-21T23:00:00+02:00,0.0,393.6,0.0,0.0
2024-06-22T00:00:00+02:00,0.0,138.3,0.0,0.0
2024-06-22T01:00:00+02:00,0.0,0.2,0.0,0.0
2024-06-22T02:00:00+02:00,0.0,0.0,0.0,0.0
2024-06-22T03:00:00+02:00,0.0,0.0,0.0,0.0
2024-06-22T04:00:00+02:00,0.0,0.0,0.0,0.0
2024-06-22T05:00:00+02:00,0.0,0.0,0.0,0.0
2024-06-22T06:00:00+02:00,0.0,0.0,0.0,0.0
2024-06-22T07:00:00+02:00,0.0,0.0,0.6,0.0
2024-06-22T08:00:00+02:00,0.0,11.1,0.2,0.0
2024-06-22T09:00:00+02:00,0.0,72.0,2.5,0.0
2024-06-22T10:00:00+02:00,0.0,30.1,8.2,0.0
2024-06-22T11:00:00+02:00,0.0,47.2,12.0,0.0
2024-06-22T12:00:00+02:00,0.0,104.6,13.8,0.0
2024-06-22T13:00:00+02:00,0.0,113.6,13.0,0.0
2024-06-22T14:00:00+02:00,0.0,98.1,12.8,0.0
2024-06-22T15:00:00+02:00,0.0,121.1,14.3,0.0
2024-06-22T16:00:00+02:00,0.0,146.8,15.4,0.0
2024-06-22T17:00:00+02:00,0.0,195.0,15.8,0.0
2024-06-22T18:00:00+02:00,0.0,289.4,15.3,0.0
2024-06-22T19:00:00+02:00,0.0,343.1,10.0,0.0
2024-06-22T20:00:00+02:00,0.0,391.8,4.9,0.0
2024-06-22T21:00:00+02:00,0.0,378.0,1.9,0.0
2024-06-22T22:00:00+02:00,0.0,345.0,0.5,0.0
2024-06-22T23:00:00+02:00,0.0,230.2,0.8,0.0
2024-06-23T00:00:00+02:00,0.0,128.5,2.9,0.0
2024-06-23T01:00:00+02:00,0.0,0.2,4.1,0.0
2024-06-23T02:00:00+02:00,0.0,0.0,4.2,0.0
2024-06-23T03:00:00+02:00,0.0,0.0,3.7,0.0
2024-06-23T04:00:00+02:00,0.0,0.0,5.6,0.0
2024-06-23T05:00:00+02:00,0.0,0.0,1.6,0.0
2024-06-23T06:00:00+02:00,0.0,0.0,0.8,0.0
2024-06-23T07:00:00+02:00,0.0,0.0,0.2,0.0
2024-06-23T08:00:00+02:00,0.0,0.0,3.2,0.0
2024-06-23T09:00:00+02:00,0.0,0.0,3.5,0.0
2024-06-23T10:00:00+02:00,0.0,0.0,4.2,0.0
2024-06-23T11:00:00+02:00,0.0,0.0,6.0,0.0
2024-06-23T12:00:00+02:00,0.0,0.0,6.3,0.0
2024-06-23T13:00:00+02:00,0.0,0.0,8.2,0.0
2024-06-23T14:00:00+02:00,0.0,0.0,10.7,0.0
2024-06-23T15:00:00+02:00,0.0,0.0,15.8,0.0
2024-06-23T16:00:00+02:00,0.0,0.5,18.7,0.0
2024-06-23T17:00:00+02:00,0.0,132.7,18.1,0.0
2024-06-23T18:00:00+02:00,0.0,190.0,15.2,0.0
2024-06-23T19:00:00+02:00,0.0,207.8,6.0,0.0
2024-06-23T20:00:00+02:00,0.0,223.7,0.3,0.0
2024-06-23T21:00:00+02:00,0.0,221.2,9.8,0.0
2024-06-23T22:00:00+02:00,0.0,203.8,4.8,0.0
2024-06-23T23:00:00+02:00,0.0,165.8,1.1,0.0
2024-06-24T00:00:00+02:00,0.0,112.3,6.0,0.0
2024-06-24T01:00:00+02:00,0.0,0.5,12.9,0.0
2024-06-24T02:00:00+02:00,0.0,0.0,7.4,0.0
2024-06-24T03:00:00+02:00,0.0,0.0,12.4,0.0
2024-06-24T04:00:00+02:00,0.0,0.0,27.7,0.0
2024-06-24T05:00:00+02:00,0.0,0.3,14.3,0.0
2024-06-24T06:00:00+02:00,0.0,44.1,8.2,0.0
2024-06-24T07:00:00+02:00,0.0,105.4,7.6,0.0
2024-06-24T08:00:00+02:00,0.0,151.7,5.5,0.0
2024-06-24T09:00:00+02:00,0.0,159.8,4.7,0.0
2024-06-24T10:00:00+02:00,0.0,32.8,0.8,0.0
2024-06-24T11:00:00+02:00,0.0,98.2,0.3,0.0
2024-06-24T12:00:00+02:00,0.0,56.3,0.3,0.0
2024-06-24T13:00:00+02:00,0.0,65.6,0.1,0.0
2024-06-24T14:00:00+02:00,0.0,73.0,2.9,0.0
2024-06-24T15:00:00+02:00,0.0,63.5,19.6,0.0
2024-06-24T16:00:00+02:00,0.0,234.2,19.2,0.0
2024-06-24T17:00:00+02:00,0.0,239.4,11.8,0.0
2024-06-24T18:00:00+02:00,0.0,233.4,15.9,0.0
2024-06-24T19:00:00+02:00,0.0,381.6,7.5,0.0
2024-06-24T20:00:00+02:00,0.0,384.8,1.9,0.0
2024-06-24T21:00:00+02:00,0.0,381.4,0.2,0.0
2024-06-24T22:00:00+02:00,0.0,212.2,0.0,0.0
2024-06-24T23:00:00+02:00,0.0,174.8,0.1,0.0
2024-06-25T00:00:00+02:00,0.0,109.4,0.1,0.0
2024-06-25T01:00:00+02:00,0.0,58.4,3.2,0.0
2024-06-25T02:00:00+02:00,0.0,35.4,5.0,0.0
2024-06-25T03:00:00+02:00,0.0,19.4,10.4,0.0
2024-06-25T04:00:00+02:00,0.0,17.5,5.5,0.0
2024-06-25T05:00:00+02:00,0.0,17.0,9.3,0.0
2024-06-25T06:00:00+02:00,0.0,39.3,34.7,0.0
2024-06-25T07:00:00+02:00,0.0,54.6,28.4,0.0
2024-06-25T08:00:00+02:00,0.0,68.9,10.6,0.0
2024-06-25T09:00:00+02:00,0.0,129.9,8.5,0.0
2024-06-25T10:00:00+02:00,0.0,1.1,14.8,0.0
2024-06-25T11:00:00+02:00,0.0,0.0,20.9,0.0
2024-06-25T12:00:00+02:00,0.0,0.0,14.0,0.0
2024-06-25T13:00:00+02:00,0.0,0.0,8.3,0.0
2024-06-25T14:00:00+02:00,0.0,0.0,10.4,0.0
2024-06-25T15:00:00+02:00,0.0,0.8,27.9,0.0
2024-06-25T16:00:00+02:00,0.0,199.0,3.4,0.0
2024-06-25T17:00:00+02:00,0.0,203.3,0.5,0.0
2024-06-25T18:00:00+02:00,0.0,346.3,0.9,0.0
2024-06-25T19:00:00+02:00,0.0,410.5,1.3,0.0
2024-06-25T20:00:00+02:00,0.0,423.5,1.6,0.0
2024-06-25T21:00:00+02:00,0.0,395.5,15.3,0.0
2024-06-25T22:00:00+02:00,0.0,162.3,42.7,0.0
2024-06-25T23:00:00+02:00,0.0,130.7,48.9,0.0
2024-06-26T00:00:00+02:00,0.0,20.2,54.5,0.0
2024-06-26T01:00:00+02:00,0.0,0.0,51.5,0.0
2024-06-26T02:00:00+02:00,0.0,0.0,54.5,0.0
2024-06-26T03:00:00+02:00,0.0,0.0,47.3,0.0
2024-06-26T04:00:00+02:00,0.0,0.0,57.9,0.0
2024-06-26T05:00:00+02:00,0.0,0.2,52.2,0.0
2024-06-26T06:00:00+02:00,0.0,10.5,38.9,0.0
2024-06-26T07:00:00+02:00,0.0,52.0,55.2,0.0
2024-06-26T08:00:00+02:00,0.0,74.1,58.2,0.0
2024-06-26T09:00:00+02:00,0.0,30.8,32.0,0.0
2024-06-26T10:00:00+02:00,0.0,0.0,18.4,0.0
2024-06-26T11:00:00+02:00,0.0,0.0,46.6,0.0
2024-06-26T12:00:00+02:00,0.0,0.0,51.7,0.0
2024-06-26T13:00:00+02:00,0.0,0.0,62.1,0.0
2024-06-26T14:00:00+02:00,0.0,0.0,55.5,0.0
2024-06-26T15:00:00+02:00,0.0,0.0,52.7,0.0
2024-06-26T16:00:00+02:00,0.0,0.7,45.9,0.0
2024-06-26T17:00:00+02:00,0.0,146.6,50.8,0.0
2024-06-26T18:00:00+02:00,0.0,144.8,50.1,0.0
2024-06-26T19:00:00+02:00,0.0,297.1,55.0,0.0
2024-06-26T20:00:00+02:00,0.0,314.8,40.8,0.0
2024-06-26T21:00:00+02:00,0.0,299.1,29.3,0.0
2024-06-26T22:00:00+02:00,0.0,122.3,56.3,0.0
2024-06-26T23:00:00+02:00,0.0,96.6,53.0,0.0
2024-06-27T00:00:00+02:00,0.0,0.2,74.9,0.0
2024-06-27T01:00:00+02:00,0.0,0.0,55.5,0.0
2024-06-27T02:00:00+02:00,0.0,0.0,53.4,0.0
2024-06-27T03:00:00+02:00,0.0,0.0,71.1,0.0
2024-06-27T04:00:00+02:00,0.0,0.0,55.4,0.0
2024-06-27T05:00:00+02:00,0.0,0.5,29.2,0.0
2024-06-27T06:00:00+02:00,0.0,15.0,18.1,0.0
2024-06-27T07:00:00+02:00,0.0,60.8,8.3,0.0
2024-06-27T08:00:00+02:00,0.0,96.8,14.5,0.0
2024-06-27T09:00:00+02:00,0.0,0.3,26.5,0.0
2024-06-27T10:00:00+02:00,0.0,0.0,22.6,0.0
2024-06-27T11:00:00+02:00,0.0,0.0,22.4,0.0
2024-06-27T12:00:00+02:00,0.0,0.0,6.6,0.0
2024-06-27T13:00:00+02:00,0.0,0.0,8.5,0.0
2024-06-27T14:00:00+02:00,0.0,0.0,3.8,0.0
2024-06-27T15:00:00+02:00,0.0,0.0,10.7,0.0
2024-06-27T16:00:00+02:00,0.0,0.7,9.8,0.0
2024-06-27T17:00:00+02:00,0.0,143.3,2.6,0.0
2024-06-27T18:00:00+02:00,0.0,323.1,1.2,0.0
2024-06-27T19:00:00+02:00,0.0,391.3,1.6,0.0
2024-06-27T20:00:00+02:00,0.0,400.9,2.2,0.0
2024-06-27T21:00:00+02:00,0.0,351.0,0.0,0.0
2024-06-27T22:00:00+02:00,0.0,136.3,0.0,0.0
2024-06-27T23:00:00+02:00,0.0,108.8,0.0,0.0
2024-06-28T00:00:00+02:00,0.0,54.8,1.2,0.0
2024-06-28T01:00:00+02:00,0.0,24.0,2.4,0.0
2024-06-28T02:00:00+02:00,0.0,0.0,13.0,0.0
2024-06-28T03:00:00+02:00,0.0,0.0,13.3,0.0
2024-06-28T04:00:00+02:00,0.0,0.0,4.8,0.0
2024-06-28T05:00:00+02:00,0.0,0.1,5.2,0.0
2024-06-28T06:00:00+02:00,0.0,21.6,5.7,0.0
2024-06-28T07:00:00+02:00,0.0,74.0,6.8,0.0
2024-06-28T08:00:00+02:00,0.0,93.7,7.2,0.0
2024-06-28T09:00:00+02:00,0.0,1.1,9.5,0.0
2024-06-28T10:00:00+02:00,0.0,0.0,5.5,0.0
2024-06-28T11:00:00+02:00,0.0,0.0,4.6,0.0
2024-06-28T12:00:00+02:00,0.0,0.0,6.2,0.0
2024-06-28T13:00:00+02:00,0.0,1.3,13.7,0.0
2024-06-28T14:00:00+02:00,0.0,132.2,20.0,0.0
2024-06-28T15:00:00+02:00,0.0,187.8,22.6,0.0
2024-06-28T16:00:00+02:00,0.0,80.8,24.5,0.0
2024-06-28T17:00:00+02:00,0.0,267.1,35.5,0.0
2024-06-28T18:00:00+02:00,0.0,256.5,38.0,0.0
2024-06-28T19:00:00+02:00,0.0,386.4,38.4,0.0
2024-06-28T20:00:00+02:00,0.0,393.9,40.2,0.0
2024-06-28T21:00:00+02:00,0.0,384.5,53.0,0.0
2024-06-28T22:00:00+02:00,0.0,369.4,60.1,0.0
2024-06-28T23:00:00+02:00,0.0,272.7,80.9,0.0
2024-06-29T00:00:00+02:00,0.0,23.3,66.6,0.0
2024-06-29T01:00:00+02:00,0.0,0.0,45.5,0.0
2024-06-29T02:00:00+02:00,0.0,0.0,52.1,0.0
2024-06-29T03:00:00+02:00,0.0,0.0,74.4,0.0
2024-06-29T04:00:00+02:00,0.0,0.0,93.6,0.0
2024-06-29T05:00:00+02:00,0.0,0.0,94.4,0.0
2024-06-29T06:00:00+02:00,0.0,0.0,97.5,0.0
2024-06-29T07:00:00+02:00,0.0,0.0,81.1,0.0
2024-06-29T08:00:00+02:00,0.0,0.0,78.0,0.0
2024-06-29T09:00:00+02:00,0.0,0.0,68.4,0.0
2024-06-29T10:00:00+02:00,0.0,0.0,56.4,0.0
2024-06-29T11:00:00+02:00,0.0,0.0,42.7,0.0
2024-06-29T12:00:00+02:00,0.0,0.0,28.8,0.0
2024-06-29T13:00:00+02:00,0.0,0.0,21.5,0.0
2024-06-29T14:00:00+02:00,0.0,0.0,14.7,0.0
2024-06-29T15:00:00+02:00,0.0,0.0,12.2,0.0
2024-06-29T16:00:00+02:00,0.0,0.5,12.9,0.0
2024-06-29T17:00:00+02:00,0.0,60.2,11.2,0.0
2024-06-29T18:00:00+02:00,0.0,176.4,8.9,0.0
2024-06-29T19:00:00+02:00,0.0,268.8,14.2,0.0
2024-06-29T20:00:00+02:00,0.0,310.0,9.2,0.0
2024-06-29T21:00:00+02:00,0.0,177.4,4.5,0.0
2024-06-29T22:00:00+02:00,0.0,147.1,4.4,0.0
2024-06-29T23:00:00+02:00,0.0,54.5,26.5,0.0
2024-06-30T00:00:00+02:00,0.0,0.0,42.3,0.0
2024-06-30T01:00:00+02:00,0.0,0.0,43.2,0.0
2024-06-30T02:00:00+02:00,0.0,0.0,37.2,0.0
2024-06-30T03:00:00+02:00,0.0,0.0,44.8,0.0
2024-06-30T04:00:00+02:00,0.0,0.0,45.1,0.0
2024-06-30T05:00:00+02:00,0.0,0.0,44.9,0.0
2024-06-30T06:00:00+02:00,0.0,0.0,43.2,0.0
2024-06-30T07:00:00+02:00,0.0,0.1,30.7,0.0
2024-06-30T08:00:00+02:00,0.0,9.9,15.6,0.0
2024-06-30T09:00:00+02:00,0.0,9.9,10.5,0.0
2024-06-30T10:00:00+02:00,0.0,9.8,3.1,0.0
2024-06-30T11:00:00+02:00,0.0,0.0,1.9,0.0
2024-06-30T12:00:00+02:00,0.0,0.0,0.4,0.0
2024-06-30T13:00:00+02:00,0.0,0.0,2.8,0.0
2024-06-30T14:00:00+02:00,0.0,0.0,4.6,0.0
2024-06-30T15:00:00+02:00,0.0,0.0,3.5,0.0
2024-06-30T16:00:00+02:00,0.0,0.1,6.9,0.0
2024-06-30T17:00:00+02:00,0.0,47.4,2.8,0.0
2024-06-30T18:00:00+02:00,0.0,174.4,11.6,0.0
2024-06-30T19:00:00+02:00,0.0,182.2,13.9,0.0
2024-06-30T20:00:00+02:00,0.0,188.9,12.9,0.0
2024-06-30T21:00:00+02:00,0.0,182.8,6.5,0.0
2024-06-30T22:00:00+02:00,0.0,173.2,12.3,0.0
2024-06-30T23:00:00+02:00,0.0,132.6,14.0,0.0
2024-07-01T00:00:00+02:00,0.0,2.4,20.4,0.0
2024-07-01T01:00:00+02:00,0.0,0.0,15.3,0.0
2024-07-01T02:00:00+02:00,0.0,0.0,9.6,0.0
2024-07-01T03:00:00+02:00,0.0,0.0,10.0,0.0
2024-07-01T04:00:00+02:00,0.0,0.0,6.1,0.0
2024-07-01T05:00:00+02:00,0.0,0.5,5.0,0.0
2024-07-01T06:00:00+02:00,0.0,20.3,6.6,0.0
2024-07-01T07:00:00+02:00,0.0,69.7,5.2,0.0
2024-07-01T08:00:00+02:00,0.0,120.3,0.4,0.0
2024-07-01T09:00:00+02:00,0.0,102.8,1.3,0.0
2024-07-01T10:00:00+02:00,0.0,89.7,1.5,0.0
2024-07-01T11:00:00+02:00,0.0,0.2,7.7,0.0
2024-07-01T12:00:00+02:00,0.0,0.0,4.6,0.0
2024-07-01T13:00:00+02:00,0.0,0.0,14.2,0.0
2024-07-01T14:00:00+02:00,0.0,0.4,13.9,0.0
2024-07-01T15:00:00+02:00,0.0,55.4,14.3,0.0
2024-07-01T16:00:00+02:00,0.0,148.3,8.8,0.0
2024-07-01T17:00:00+02:00,0.0,328.0,8.8,0.0
2024-07-01T18:00:00+02:00,0.0,291.7,14.5,0.0
2024-07-01T19:00:00+02:00,0.0,392.0,12.9,0.0
2024-07-01T20:00:00+02:00,0.0,398.8,15.4,0.0
2024-07-01T21:00:00+02:00,0.0,388.1,20.8,0.0
2024-07-01T22:00:00+02:00,0.0,219.9,22.3,0.0
2024-07-01T23:00:00+02:00,0.0,127.1,19.5,0.0
2024-07-02T00:00:00+02:00,0.0,0.3,11.9,0.0
2024-07-02T01:00:00+02:00,0.0,0.0,6.0,0.0
2024-07-02T02:00:00+02:00,0.0,0.0,5.2,0.0
2024-07-02T03:00:00+02:00,0.0,0.0,10.2,0.0
2024-07-02T04:00:00+02:00,0.0,0.0,48.2,0.0
2024-07-02T05:00:00+02:00,0.0,0.0,50.5,0.0
2024-07-02T06:00:00+02:00,0.0,0.2,66.5,0.0
2024-07-02T07:00:00+02:00,0.0,27.2,43.6,0.0
2024-07-02T08:00:00+02:00,0.0,55.5,51.0,0.0
2024-07-02T09:00:00+02:00,0.0,58.3,49.5,0.0
2024-07-02T10:00:00+02:00,0.0,184.2,66.2,0.0
2024-07-02T11:00:00+02:00,0.0,123.4,23.9,0.0
2024-07-02T12:00:00+02:00,0.0,128.3,26.0,0.0
2024-07-02T13:00:00+02:00,0.0,122.4,16.7,0.0
2024-07-02T14:00:00+02:00,0.0,123.8,14.3,0.0
2024-07-02T15:00:00+02:00,0.0,69.2,12.5,0.0
2024-07-02T16:00:00+02:00,0.0,77.3,4.9,0.0
2024-07-02T17:00:00+02:00,0.0,98.1,7.0,0.0
2024-07-02T18:00:00+02:00,0.0,147.6,8.7,0.0
2024-07-02T19:00:00+02:00,0.0,349.9,47.0,0.0
2024-07-02T20:00:00+02:00,0.0,340.1,62.1,0.0
2024-07-02T21:00:00+02:00,0.0,265.4,48.3,0.0
2024-07-02T22:00:00+02:00,0.0,42.5,48.4,0.0
2024-07-02T23:00:00+02:00,0.0,24.8,64.1,0.0
2024-07-03T00:00:00+02:00,0.0,0.0,69.4,0.0
2024-07-03T01:00:00+02:00,0.0,0.0,75.2,0.0
2024-07-03T02:00:00+02:00,0.0,0.0,68.9,0.0
2024-07-03T03:00:00+02:00,0.0,0.0,67.4,0.0
2024-07-03T04:00:00+02:00,0.0,0.0,76.6,0.0
2024-07-03T05:00:00+02:00,0.0,0.4,72.8,0.0
2024-07-03T06:00:00+02:00,0.0,87.7,59.0,0.0
2024-07-03T07:00:00+02:00,0.0,135.2,50.9,0.0
2024-07-03T08:00:00+02:00,0.0,161.7,48.8,0.0
2024-07-03T09:00:00+02:00,0.0,1.6,38.7,0.0
2024-07-03T10:00:00+02:00,0.0,0.0,30.7,0.0
2024-07-03T11:00:00+02:00,0.0,0.0,25.7,0.0
2024-07-03T12:00:00+02:00,0.0,0.0,17.9,0.0
2024-07-03T13:00:00+02:00,0.0,0.0,11.3,0.0
2024-07-03T14:00:00+02:00,0.0,0.0,16.5,0.0
2024-07-03T15:00:00+02:00,0.0,0.0,25.5,0.0
2024-07-03T16:00:00+02:00,0.0,2.0,28.6,0.0
2024-07-03T17:00:00+02:00,0.0,255.1,32.9,0.0
2024-07-03T18:00:00+02:00,0.0,240.2,21.4,0.0
2024-07-03T19:00:00+02:00,0.0,241.4,16.7,0.0
2024-07-03T20:00:00+02:00,0.0,295.8,13.0,0.0
2024-07-03T21:00:00+02:00,0.0,248.0,8.2,0.0
2024-07-03T22:00:00+02:00,0.0,234.4,8.0,0.0
2024-07-03T23:00:00+02:00,0.0,98.1,8.0,0.0
2024-07-04T00:00:00+02:00,0.0,0.2,20.5,0.0
2024-07-04T01:00:00+02:00,0.0,0.0,29.2,0.0
2024-07-04T02:00:00+02:00,0.0,0.0,29.1,0.0
2024-07-04T03:00:00+02:00,0.0,0.0,42.9,0.0
2024-07-04T04:00:00+02:00,0.0,0.0,39.4,0.0
2024-07-04T05:00:00+02:00,0.0,0.7,42.5,0.0
2024-07-04T06:00:00+02:00,0.0,105.5,49.5,0.0
2024-07-04T07:00:00+02:00,0.0,143.6,52.0,0.0
2024-07-04T08:00:00+02:00,0.0,87.7,41.2,0.0
2024-07-04T09:00:00+02:00,0.0,16.3,25.6,0.0
2024-07-04T10:00:00+02:00,0.0,0.0,23.2,0.0
2024-07-04T11:00:00+02:00,0.0,0.0,23.4,0.0
2024-07-04T12:00:00+02:00,0.0,0.0,11.6,0.0
2024-07-04T13:00:00+02:00,0.0,0.0,7.8,0.0
2024-07-04T14:00:00+02:00,0.0,0.0,11.4,0.0
2024-07-04T15:00:00+02:00,0.0,0.7,16.4,0.0
2024-07-04T16:00:00+02:00,0.0,106.8,21.3,0.0
2024-07-04T17:00:00+02:00,0.0,223.9,32.4,0.0
2024-07-04T18:00:00+02:00,0.0,228.0,28.1,0.0
2024-07-04T19:00:00+02:00,0.0,242.1,25.7,0.0
2024-07-04T20:00:00+02:00,0.0,287.1,21.8,0.0
2024-07-04T21:00:00+02:00,0.0,260.1,16.8,0.0
2024-07-04T22:00:00+02:00,0.0,236.7,7.9,0.0
2024-07-04T23:00:00+02:00,0.0,106.9,6.2,0.0
2024-07-05T00:00:00+02:00,0.0,41.4,17.7,0.0
2024-07-05T01:00:00+02:00,0.0,11.8,17.3,0.0
2024-07-05T02:00:00+02:00,0.0,0.0,7.8,0.0
2024-07-05T03:00:00+02:00,0.0,0.0,5.2,0.0
2024-07-05T04:00:00+02:00,0.0,0.0,7.6,0.0
2024-07-05T05:00:00+02:00,0.0,0.0,12.6,0.0
2024-07-05T06:00:00+02:00,0.0,0.1,7.4,0.0
2024-07-05T07:00:00+02:00,0.0,49.7,6.4,0.0
2024-07-05T08:00:00+02:00,0.0,42.1,12.1,0.0
2024-07-05T09:00:00+02:00,0.0,0.0,16.0,0.0
2024-07-05T10:00:00+02:00,0.0,0.0,13.4,0.0
2024-07-05T11:00:00+02:00,0.0,0.0,9.8,0.0
2024-07-05T12:00:00+02:00,0.0,0.0,5.4,0.0
2024-07-05T13:00:00+02:00,0.0,0.0,9.7,0.0
2024-07-05T14:00:00+02:00,0.0,0.0,15.1,0.0
2024-07-05T15:00:00+02:00,0.0,0.4,11.6,0.0
2024-07-05T16:00:00+02:00,0.0,61.4,12.2,0.0
2024-07-05T17:00:00+02:00,0.0,114.6,7.1,0.0
2024-07-05T18:00:00+02:00,0.0,264.1,2.5,0.0
2024-07-05T19:00:00+02:00,0.0,269.9,1.8,0.0
2024-07-05T20:00:00+02:00,0.0,274.4,3.2,0.0
2024-07-05T21:00:00+02:00,0.0,268.5,5.5,0.0
2024-07-05T22:00:00+02:00,0.0,236.9,11.0,0.0
2024-07-05T23:00:00+02:00,0.0,196.4,23.2,0.0
2024-07-06T00:00:00+02:00,0.0,114.3,44.1,0.0
2024-07-06T01:00:00+02:00,0.0,0.2,43.9,0.0
2024-07-06T02:00:00+02:00,0.0,0.0,39.3,0.0
2024-07-06T03:00:00+02:00,0.0,0.0,40.6,0.0
2024-07-06T04:00:00+02:00,0.0,0.0,24.9,0.0
2024-07-06T05:00:00+02:00,0.0,0.0,24.2,0.0
2024-07-06T06:00:00+02:00,0.0,0.0,26.6,0.0
2024-07-06T07:00:00+02:00,0.0,0.0,26.5,0.0
2024-07-06T08:00:00+02:00,0.0,0.0,34.5,0.0
2024-07-06T09:00:00+02:00,0.0,0.0,20.2,0.0
2024-07-06T10:00:00+02:00,0.0,0.0,10.8,0.0
2024-07-06T11:00:00+02:00,0.0,0.0,16.3,0.0
2024-07-06T12:00:00+02:00,0.0,0.0,23.3,0.0
2024-07-06T13:00:00+02:00,0.0,0.0,26.2,0.0
2024-07-06T14:00:00+02:00,0.0,0.0,28.1,0.0
2024-07-06T15:00:00+02:00,0.0,0.0,27.9,0.0
2024-07-06T16:00:00+02:00,0.0,0.3,23.1,0.0
2024-07-06T17:00:00+02:00,0.0,70.3,18.0,0.0
2024-07-06T18:00:00+02:00,0.0,97.8,15.7,0.0
2024-07-06T19:00:00+02:00,0.0,76.7,8.9,0.0
2024-07-06T20:00:00+02:00,0.0,74.8,11.4,0.0
2024-07-06T21:00:00+02:00,0.0,69.0,17.4,0.0
2024-07-06T22:00:00+02:00,0.0,47.0,11.8,0.0
2024-07-06T23:00:00+02:00,0.0,19.4,22.7,0.0
2024-07-07T00:00:00+02:00,0.0,0.0,20.5,0.0
2024-07-07T01:00:00+02:00,0.0,0.0,14.3,0.0
2024-07-07T02:00:00+02:00,0.0,0.0,7.4,0.0
2024-07-07T03:00:00+02:00,0.0,0.0,9.7,0.0
2024-07-07T04:00:00+02:00,0.0,0.0,3.6,0.0
2024-07-07T05:00:00+02:00,0.0,0.0,0.0,0.0
2024-07-07T06:00:00+02:00,0.0,0.0,0.2,0.0
2024-07-07T07:00:00+02:00,0.0,0.0,1.1,0.0
2024-07-07T08:00:00+02:00,0.0,0.0,0.0,0.0
2024-07-07T09:00:00+02:00,0.0,0.0,0.0,0.0
2024-07-07T10:00:00+02:00,0.0,0.0,0.0,0.0
2024-07-07T11:00:00+02:00,0.0,0.0,0.0,0.0
2024-07-07T12:00:00+02:00,0.0,0.0,0.1,0.0
2024-07-07T13:00:00+02:00,0.0,0.0,0.7,0.0
2024-07-07T14:00:00+02:00,0.0,0.0,1.4,0.0
2024-07-07T15:00:00+02:00,0.0,0.0,14.4,0.0
2024-07-07T16:00:00+02:00,0.0,0.6,6.7,0.0
2024-07-07T17:00:00+02:00,0.0,58.1,3.8,0.0
2024-07-07T18:00:00+02:00,0.0,59.7,6.0,0.0
2024-07-07T19:00:00+02:00,0.0,71.2,2.0,0.0
2024-07-07T20:00:00+02:00,0.0,68.8,26.0,0.0
2024-07-07T21:00:00+02:00,0.0,71.7,16.5,0.0
2024-07-07T22:00:00+02:00,0.0,57.3,3.9,0.0
2024-07-07T23:00:00+02:00,0.0,26.7,0.7,0.0
2024-07-08T00:00:00+02:00,0.0,0.0,1.3,0.0
2024-07-08T01:00:00+02:00,0.0,0.0,0.0,0.0
2024-07-08T02:00:00+02:00,0.0,0.0,0.0,0.0
2024-07-08T03:00:00+02:00,0.0,0.0,0.1,0.0
2024-07-08T04:00:00+02:00,0.0,0.0,0.0,0.0
2024-07-08T05:00:00+02:00,0.0,3.1,0.0,0.0
2024-07-08T06:00:00+02:00,0.0,20.3,0.0,0.0
2024-07-08T07:00:00+02:00,0.0,65.8,0.0,0.0
2024-07-08T08:00:00+02:00,0.0,118.3,0.0,0.0
2024-07-08T09:00:00+02:00,0.0,51.7,0.0,0.0
2024-07-08T10:00:00+02:00,0.0,7.9,0.0,0.0
2024-07-08T11:00:00+02:00,0.0,0.0,0.0,0.0
2024-07-08T12:00:00+02:00,0.0,0.0,0.5,0.0
2024-07-08T13:00:00+02:00,0.0,0.0,2.4,0.0
2024-07-08T14:00:00+02:00,0.0,0.0,4.2,0.0
2024-07-08T15:00:00+02:00,0.0,50.1,9.6,0.0
2024-07-08T16:00:00+02:00,0.0,51.6,9.8,0.0
2024-07-08T17:00:00+02:00,0.0,200.8,14.8,0.0
2024-07-08T18:00:00+02:00,0.0,350.0,27.2,0.0
2024-07-08T19:00:00+02:00,0.0,367.8,36.2,0.0
2024-07-08T20:00:00+02:00,0.0,372.5,26.6,0.0
2024-07-08T21:00:00+02:00,0.0,366.7,25.1,0.0
2024-07-08T22:00:00+02:00,0.0,167.7,26.8,0.0
2024-07-08T23:00:00+02:00,0.0,131.0,14.7,0.0
2024-07-09T00:00:00+02:00,0.0,73.7,8.1,0.0
2024-07-09T01:00:00+02:00,0.0,0.1,6.5,0.0
2024-07-09T02:00:00+02:00,0.0,0.0,12.0,0.0
2024-07-09T03:00:00+02:00,0.0,0.0,6.2,0.0
2024-07-09T04:00:00+02:00,0.0,0.0,4.0,0.0
2024-07-09T05:00:00+02:00,0.0,0.1,8.9,0.0
2024-07-09T06:00:00+02:00,0.0,8.5,12.5,0.0
2024-07-09T07:00:00+02:00,0.0,66.7,14.9,0.0
2024-07-09T08:00:00+02:00,0.0,121.9,17.3,0.0
2024-07-09T09:00:00+02:00,0.0,1.4,29.1,0.0
2024-07-09T10:00:00+02:00,0.0,0.0,23.6,0.0
2024-07-09T11:00:00+02:00,0.0,0.0,20.5,0.0
2024-07-09T12:00:00+02:00,0.0,0.0,13.6,0.0
2024-07-09T13:00:00+02:00,0.0,0.0,13.3,0.0
2024-07-09T14:00:00+02:00,0.0,0.0,10.6,0.0
2024-07-09T15:00:00+02:00,0.0,0.4,15.0,0.0
2024-07-09T16:00:00+02:00,0.0,72.0,17.5,0.0
2024-07-09T17:00:00+02:00,0.0,234.2,15.0,0.0
2024-07-09T18:00:00+02:00,0.0,368.5,20.4,0.0
2024-07-09T19:00:00+02:00,0.0,365.4,19.2,0.0
2024-07-09T20:00:00+02:00,0.0,363.4,25.5,0.0
2024-07-09T21:00:00+02:00,0.0,360.7,20.4,0.0
2024-07-09T22:00:00+02:00,0.0,183.4,32.4,0.0
2024-07-09T23:00:00+02:00,0.0,138.1,45.7,0.0
2024-07-10T00:00:00+02:00,0.0,0.1,48.1,0.0
2024-07-10T01:00:00+02:00,0.0,0.0,46.5,0.0
2024-07-10T02:00:00+02:00,0.0,0.0,25.5,0.0
2024-07-10T03:00:00+02:00,0.0,0.0,23.3,0.0
2024-07-10T04:00:00+02:00,0.0,0.0,19.3,0.0
2024-07-10T05:00:00+02:00,0.0,0.1,10.9,0.0
2024-07-10T06:00:00+02:00,0.0,15.2,4.2,0.0
2024-07-10T07:00:00+02:00,0.0,95.1,6.8,0.0
2024-07-10T08:00:00+02:00,0.0,151.0,8.1,0.0
2024-07-10T09:00:00+02:00,0.0,39.1,5.4,0.0
2024-07-10T10:00:00+02:00,0.0,48.1,2.7,0.0
2024-07-10T11:00:00+02:00,0.0,54.6,1.7,0.0
2024-07-10T12:00:00+02:00,0.0,77.4,0.4,0.0
2024-07-10T13:00:00+02:00,0.0,83.7,1.1,0.0
2024-07-10T14:00:00+02:00,0.0,84.4,4.4,0.0
2024-07-10T15:00:00+02:00,0.0,92.0,7.5,0.0
2024-07-10T16:00:00+02:00,0.0,192.2,12.9,0.0
2024-07-10T17:00:00+02:00,0.0,276.6,26.2,0.0
2024-07-10T18:00:00+02:00,0.0,356.0,31.7,0.0
2024-07-10T19:00:00+02:00,0.0,416.7,19.9,0.0
2024-07-10T20:00:00+02:00,0.0,421.9,6.5,0.0
2024-07-10T21:00:00+02:00,0.0,339.3,1.6,0.0
2024-07-10T22:00:00+02:00,0.0,348.4,1.1,0.0
2024-07-10T23:00:00+02:00,0.0,234.6,9.4,0.0
2024-07-11T00:00:00+02:00,0.0,135.3,15.6,0.0
2024-07-11T01:00:00+02:00,0.0,0.2,20.2,0.0
2024-07-11T02:00:00+02:00,0.0,0.0,18.7,0.0
2024-07-11T03:00:00+02:00,0.0,0.0,5.8,0.0
2024-07-11T04:00:00+02:00,0.0,0.0,0.0,0.0
2024-07-11T05:00:00+02:00,0.0,0.2,0.0,0.0
2024-07-11T06:00:00+02:00,0.0,59.7,0.0,0.0
2024-07-11T07:00:00+02:00,0.0,124.2,0.0,0.0
2024-07-11T08:00:00+02:00,0.0,176.8,0.0,0.0
2024-07-11T09:00:00+02:00,0.0,52.1,0.0,0.0
2024-07-11T10:00:00+02:00,0.0,45.3,0.0,0.0
2024-07-11T11:00:00+02:00,0.0,36.3,0.0,0.0
2024-07-11T12:00:00+02:00,0.0,40.9,0.0,0.0
2024-07-11T13:00:00+02:00,0.0,41.4,3.2,0.0
2024-07-11T14:00:00+02:00,0.0,41.7,7.5,0.0
2024-07-11T15:00:00+02:00,0.0,44.3,15.2,0.0
2024-07-11T16:00:00+02:00,0.0,217.8,26.5,0.0
2024-07-11T17:00:00+02:00,0.0,309.3,28.1,0.0
2024-07-11T18:00:00+02:00,0.0,408.0,24.6,0.0
2024-07-11T19:00:00+02:00,0.0,394.4,26.3,0.0
2024-07-11T20:00:00+02:00,0.0,401.3,13.9,0.0
2024-07-11T21:00:00+02:00,0.0,404.9,2.3,0.0
2024-07-11T22:00:00+02:00,0.0,402.1,0.0,0.0
2024-07-11T23:00:00+02:00,0.0,287.5,0.0,0.0
2024-07-12T00:00:00+02:00,0.0,161.9,0.0,0.0
2024-07-12T01:00:00+02:00,0.0,0.2,0.0,0.0
2024-07-12T02:00:00+02:00,0.0,0.0,0.0,0.0
2024-07-12T03:00:00+02:00,0.0,0.0,0.2,0.0
2024-07-12T04:00:00+02:00,0.0,0.0,2.6,0.0
2024-07-12T05:00:00+02:00,0.0,0.3,0.0,0.0
2024-07-12T06:00:00+02:00,0.0,75.7,0.2,0.0
2024-07-12T07:00:00+02:00,0.0,125.3,1.8,0.0
2024-07-12T08:00:00+02:00,0.0,174.6,0.2,0.0
2024-07-12T09:00:00+02:00,0.0,46.4,0.0,0.0
2024-07-12T10:00:00+02:00,0.0,0.0,0.0,0.0
2024-07-12T11:00:00+02:00,0.0,0.0,0.0,0.0
2024-07-12T12:00:00+02:00,0.0,0.0,0.0,0.0
2024-07-12T13:00:00+02:00,0.0,0.0,0.3,0.0
2024-07-12T14:00:00+02:00,0.0,0.2,4.8,0.0
2024-07-12T15:00:00+02:00,0.0,60.3,6.6,0.0
2024-07-12T16:00:00+02:00,0.0,221.7,10.5,0.0
2024-07-12T17:00:00+02:00,0.0,271.6,11.2,0.0
2024-07-12T18:00:00+02:00,0.0,391.3,7.1,0.0
2024-07-12T19:00:00+02:00,0.0,380.2,4.8,0.0
2024-07-12T20:00:00+02:00,0.0,383.3,3.2,0.0
2024-07-12T21:00:00+02:00,0.0,377.4,2.5,0.0
2024-07-12T22:00:00+02:00,0.0,376.2,0.0,0.0
2024-07-12T23:00:00+02:00,0.0,215.7,0.0,0.0
2024-07-13T00:00:00+02:00,0.0,158.2,0.2,0.0
2024-07-13T01:00:00+02:00,0.0,0.3,0.6,0.0
2024-07-13T02:00:00+02:00,0.0,0.0,0.0,0.0
2024-07-13T03:00:00+02:00,0.0,0.0,0.6,0.0
2024-07-13T04:00:00+02:00,0.0,0.0,0.0,0.0
2024-07-13T05:00:00+02:00,0.0,0.0,0.0,0.0
2024-07-13T06:00:00+02:00,0.0,0.0,0.0,0.0
2024-07-13T07:00:00+02:00,0.0,0.0,0.1,0.0
2024-07-13T08:00:00+02:00,0.0,0.0,0.0,0.0
2024-07-13T09:00:00+02:00,0.0,0.0,0.0,0.0
2024-07-13T10:00:00+02:00,0.0,0.0,0.0,0.0
2024-07-13T11:00:00+02:00,0.0,0.0,0.5,0.0
2024-07-13T12:00:00+02:00,0.0,0.0,0.6,0.0
2024-07-13T13:00:00+02:00,0.0,0.0,0.2,0.0
2024-07-13T14:00:00+02:00,0.0,0.0,0.6,0.0
2024-07-13T15:00:00+02:00,0.0,0.4,2.0,0.0
2024-07-13T16:00:00+02:00,0.0,19.2,2.8,0.0
2024-07-13T17:00:00+02:00,0.0,136.8,4.3,0.0
2024-07-13T18:00:00+02:00,0.0,239.8,1.8,0.0
2024-07-13T19:00:00+02:00,0.0,245.8,0.3,0.0
2024-07-13T20:00:00+02:00,0.0,254.7,0.0,0.0
2024-07-13T21:00:00+02:00,0.0,254.7,0.0,0.0
2024-07-13T22:00:00+02:00,0.0,227.9,0.0,0.0
2024-07-13T23:00:00+02:00,0.0,197.5,0.0,0.0
2024-07-14T00:00:00+02:00,0.0,142.3,0.0,0.0
2024-07-14T01:00:00+02:00,0.0,99.5,0.2,0.0
2024-07-14T02:00:00+02:00,0.0,62.2,1.2,0.0
2024-07-14T03:00:00+02:00,0.0,47.1,2.1,0.0
2024-07-14T04:00:00+02:00,0.0,38.7,0.0,0.0
2024-07-14T05:00:00+02:00,0.0,9.5,0.0,0.0
2024-07-14T06:00:00+02:00,0.0,0.0,0.0,0.0
2024-07-14T07:00:00+02:00,0.0,0.0,0.0,0.0
2024-07-14T08:00:00+02:00,0.0,0.0,0.0,0.0
2024-07-14T09:00:00+02:00,0.0,0.0,0.0,0.0
2024-07-14T10:00:00+02:00,0.0,0.0,0.7,0.0
2024-07-14T11:00:00+02:00,0.0,0.0,2.7,0.0
2024-07-14T12:00:00+02:00,0.0,0.0,2.5,0.0
2024-07-14T13:00:00+02:00,0.0,0.0,3.8,0.0
2024-07-14T14:00:00+02:00,0.0,0.0,4.8,0.0
2024-07-14T15:00:00+02:00,0.0,0.9,10.2,0.0
2024-07-14T16:00:00+02:00,0.0,114.4,21.4,0.0
2024-07-14T17:00:00+02:00,0.0,227.1,29.1,0.0
2024-07-14T18:00:00+02:00,0.0,231.8,17.1,0.0
2024-07-14T19:00:00+02:00,0.0,237.1,8.8,0.0
2024-07-14T20:00:00+02:00,0.0,254.1,8.4,0.0
2024-07-14T21:00:00+02:00,0.0,256.2,4.6,0.0
2024-07-14T22:00:00+02:00,0.0,232.9,2.2,0.0
2024-07-14T23:00:00+02:00,0.0,194.4,3.2,0.0
2024-07-15T00:00:00+02:00,0.0,21.9,1.9,0.0
2024-07-15T01:00:00+02:00,0.0,0.0,0.7,0.0
2024-07-15T02:00:00+02:00,0.0,0.0,0.3,0.0
2024-07-15T03:00:00+02:00,0.0,0.0,0.6,0.0
2024-07-15T04:00:00+02:00,0.0,0.0,0.5,0.0
2024-07-15T05:00:00+02:00,0.0,0.3,0.0,0.0
2024-07-15T06:00:00+02:00,0.0,38.2,0.0,0.0
2024-07-15T07:00:00+02:00,0.0,87.6,0.0,0.0
2024-07-15T08:00:00+02:00,0.0,132.7,0.0,0.0
2024-07-15T09:00:00+02:00,0.0,0.3,0.3,0.0
2024-07-15T10:00:00+02:00,0.0,0.0,0.0,0.0
2024-07-15T11:00:00+02:00,0.0,0.0,1.8,0.0
2024-07-15T12:00:00+02:00,0.0,0.0,7.7,0.0
2024-07-15T13:00:00+02:00,0.0,0.0,8.8,0.0
2024-07-15T14:00:00+02:00,0.0,0.0,6.1,0.0
2024-07-15T15:00:00+02:00,0.0,0.3,12.6,0.0
2024-07-15T16:00:00+02:00,0.0,85.3,10.7,0.0
2024-07-15T17:00:00+02:00,0.0,252.5,14.1,0.0
2024-07-15T18:00:00+02:00,0.0,390.5,16.0,0.0
2024-07-15T19:00:00+02:00,0.0,393.4,10.2,0.0
2024-07-15T20:00:00+02:00,0.0,392.8,8.5,0.0
2024-07-15T21:00:00+02:00,0.0,390.6,3.6,0.0
2024-07-15T22:00:00+02:00,0.0,236.8,0.9,0.0
2024-07-15T23:00:00+02:00,0.0,203.6,0.0,0.0
2024-07-16T00:00:00+02:00,0.0,47.2,2.8,0.0
2024-07-16T01:00:00+02:00,0.0,0.0,1.9,0.0
2024-07-16T02:00:00+02:00,0.0,0.0,2.9,0.0
2024-07-16T03:00:00+02:00,0.0,0.0,1.8,0.0
2024-07-16T04:00:00+02:00,0.0,0.0,0.6,0.0
2024-07-16T05:00:00+02:00,0.0,0.3,0.6,0.0
2024-07-16T06:00:00+02:00,0.0,79.5,0.0,0.0
2024-07-16T07:00:00+02:00,0.0,136.4,1.1,0.0
2024-07-16T08:00:00+02:00,0.0,178.2,0.7,0.0
2024-07-16T09:00:00+02:00,0.0,0.9,0.0,0.0
2024-07-16T10:00:00+02:00,0.0,0.0,0.4,0.0
2024-07-16T11:00:00+02:00,0.0,0.0,3.5,0.0
2024-07-16T12:00:00+02:00,0.0,0.0,3.2,0.0
2024-07-16T13:00:00+02:00,0.0,0.0,3.5,0.0
2024-07-16T14:00:00+02:00,0.0,19.8,5.2,0.0
2024-07-16T15:00:00+02:00,0.0,80.5,11.0,0.0
2024-07-16T16:00:00+02:00,0.0,224.6,26.0,0.0
2024-07-16T17:00:00+02:00,0.0,272.7,40.7,0.0
2024-07-16T18:00:00+02:00,0.0,352.4,49.5,0.0
2024-07-16T19:00:00+02:00,0.0,370.3,39.5,0.0
2024-07-16T20:00:00+02:00,0.0,360.2,28.4,0.0
2024-07-16T21:00:00+02:00,0.0,372.0,21.7,0.0
2024-07-16T22:00:00+02:00,0.0,281.4,4.3,0.0
2024-07-16T23:00:00+02:00,0.0,223.5,0.2,0.0
2024-07-17T00:00:00+02:00,0.0,60.8,0.0,0.0
2024-07-17T01:00:00+02:00,0.0,0.0,0.0,0.0
2024-07-17T02:00:00+02:00,0.0,0.0,0.0,0.0
2024-07-17T03:00:00+02:00,0.0,0.0,0.0,0.0
2024-07-17T04:00:00+02:00,0.0,0.0,0.3,0.0
2024-07-17T05:00:00+02:00,0.0,0.3,2.0,0.0
2024-07-17T06:00:00+02:00,0.0,80.2,11.9,0.0
2024-07-17T07:00:00+02:00,0.0,132.1,12.6,0.0
2024-07-17T08:00:00+02:00,0.0,91.9,5.1,0.0
2024-07-17T09:00:00+02:00,0.0,20.4,0.6,0.0
2024-07-17T10:00:00+02:00,0.0,286.8,0.6,0.0
2024-07-17T11:00:00+02:00,0.0,285.9,0.3,0.0
2024-07-17T12:00:00+02:00,0.0,281.2,0.0,0.0
2024-07-17T13:00:00+02:00,0.0,281.1,1.2,0.0
2024-07-17T14:00:00+02:00,0.0,302.8,4.1,0.0
2024-07-17T15:00:00+02:00,0.0,314.6,1.5,0.0
2024-07-17T16:00:00+02:00,0.0,305.2,0.1,0.0
2024-07-17T17:00:00+02:00,0.0,308.4,0.2,0.0
2024-07-17T18:00:00+02:00,0.0,367.1,0.4,0.0
2024-07-17T19:00:00+02:00,0.0,385.7,2.6,0.0
2024-07-17T20:00:00+02:00,0.0,388.5,6.4,0.0
2024-07-17T21:00:00+02:00,0.0,386.1,5.5,0.0
2024-07-17T22:00:00+02:00,0.0,389.6,6.4,0.0
2024-07-17T23:00:00+02:00,0.0,233.2,5.0,0.0
2024-07-18T00:00:00+02:00,0.0,169.0,8.3,0.0
2024-07-18T01:00:00+02:00,0.0,0.3,14.4,0.0
2024-07-18T02:00:00+02:00,0.0,0.0,9.5,0.0
2024-07-18T03:00:00+02:00,0.0,0.0,13.3,0.0
2024-07-18T04:00:00+02:00,0.0,0.0,8.2,0.0
2024-07-18T05:00:00+02:00,0.0,1.4,7.0,0.0
2024-07-18T06:00:00+02:00,0.0,83.1,6.2,0.0
2024-07-18T07:00:00+02:00,0.0,146.5,4.3,0.0
2024-07-18T08:00:00+02:00,0.0,138.1,1.4,0.0
2024-07-18T09:00:00+02:00,0.0,0.6,1.2,0.0
2024-07-18T10:00:00+02:00,0.0,0.0,0.4,0.0
2024-07-18T11:00:00+02:00,0.0,0.0,0.0,0.0
2024-07-18T12:00:00+02:00,0.0,0.0,3.0,0.0
2024-07-18T13:00:00+02:00,0.0,1.8,8.9,0.0
2024-07-18T14:00:00+02:00,0.0,38.6,26.0,0.0
2024-07-18T15:00:00+02:00,0.0,50.2,23.0,0.0
2024-07-18T16:00:00+02:00,0.0,233.9,18.9,0.0
2024-07-18T17:00:00+02:00,0.0,301.9,4.0,0.0
2024-07-18T18:00:00+02:00,0.0,377.2,1.6,0.0
2024-07-18T19:00:00+02:00,0.0,374.8,8.8,0.0
2024-07-18T20:00:00+02:00,0.0,377.2,24.6,0.0
2024-07-18T21:00:00+02:00,0.0,367.1,22.5,0.0
2024-07-18T22:00:00+02:00,0.0,362.1,26.0,0.0
2024-07-18T23:00:00+02:00,0.0,213.7,27.7,0.0
2024-07-19T00:00:00+02:00,0.0,148.5,46.4,0.0
2024-07-19T01:00:00+02:00,0.0,0.3,31.5,0.0
2024-07-19T02:00:00+02:00,0.0,0.0,25.9,0.0
2024-07-19T03:00:00+02:00,0.0,0.0,34.0,0.0
2024-07-19T04:00:00+02:00,0.0,0.0,42.7,0.0
2024-07-19T05:00:00+02:00,0.0,0.3,32.6,0.0
2024-07-19T06:00:00+02:00,0.0,77.1,17.1,0.0
2024-07-19T07:00:00+02:00,0.0,140.6,12.9,0.0
2024-07-19T08:00:00+02:00,0.0,94.0,6.9,0.0
2024-07-19T09:00:00+02:00,0.0,12.5,0.7,0.0
2024-07-19T10:00:00+02:00,0.0,49.0,1.6,0.0
2024-07-19T11:00:00+02:00,0.0,50.0,2.5,0.0
2024-07-19T12:00:00+02:00,0.0,46.9,4.7,0.0
2024-07-19T13:00:00+02:00,0.0,43.9,14.0,0.0
2024-07-19T14:00:00+02:00,0.0,43.9,19.3,0.0
2024-07-19T15:00:00+02:00,0.0,43.5,21.6,0.0
2024-07-19T16:00:00+02:00,0.0,141.6,24.1,0.0
2024-07-19T17:00:00+02:00,0.0,307.4,13.7,0.0
2024-07-19T18:00:00+02:00,0.0,300.8,12.8,0.0
2024-07-19T19:00:00+02:00,0.0,360.4,8.8,0.0
2024-07-19T20:00:00+02:00,0.0,389.8,6.6,0.0
2024-07-19T21:00:00+02:00,0.0,370.8,1.1,0.0
2024-07-19T22:00:00+02:00,0.0,279.2,2.1,0.0
2024-07-19T23:00:00+02:00,0.0,238.9,1.9,0.0
2024-07-20T00:00:00+02:00,0.0,171.7,3.0,0.0
2024-07-20T01:00:00+02:00,0.0,0.3,5.3,0.0
2024-07-20T02:00:00+02:00,0.0,0.0,3.7,0.0
2024-07-20T03:00:00+02:00,0.0,0.0,5.3,0.0
2024-07-20T04:00:00+02:00,0.0,0.0,9.0,0.0
2024-07-20T05:00:00+02:00,0.0,0.0,8.5,0.0
2024-07-20T06:00:00+02:00,0.0,0.0,11.7,0.0
2024-07-20T07:00:00+02:00,0.0,0.0,13.3,0.0
2024-07-20T08:00:00+02:00,0.0,0.0,9.1,0.0
2024-07-20T09:00:00+02:00,0.0,0.0,8.3,0.0
2024-07-20T10:00:00+02:00,0.0,0.0,8.6,0.0
2024-07-20T11:00:00+02:00,0.0,0.0,8.6,0.0
2024-07-20T12:00:00+02:00,0.0,0.0,8.6,0.0
2024-07-20T13:00:00+02:00,0.0,0.0,16.4,0.0
2024-07-20T14:00:00+02:00,0.0,0.0,32.3,0.0
2024-07-20T15:00:00+02:00,0.0,0.0,44.5,0.0
2024-07-20T16:00:00+02:00,0.0,1.6,49.5,0.0
2024-07-20T17:00:00+02:00,0.0,269.0,36.7,0.0
2024-07-20T18:00:00+02:00,0.0,300.4,17.4,0.0
2024-07-20T19:00:00+02:00,0.0,321.2,18.1,0.0
2024-07-20T20:00:00+02:00,0.0,332.8,22.6,0.0
2024-07-20T21:00:00+02:00,0.0,310.7,19.8,0.0
2024-07-20T22:00:00+02:00,0.0,255.6,11.3,0.0
2024-07-20T23:00:00+02:00,0.0,218.5,17.1,0.0
2024-07-21T00:00:00+02:00,0.0,52.4,21.2,0.0
2024-07-21T01:00:00+02:00,0.0,0.0,16.5,0.0
2024-07-21T02:00:00+02:00,0.0,0.0,18.9,0.0
2024-07-21T03:00:00+02:00,0.0,0.0,14.1,0.0
2024-07-21T04:00:00+02:00,0.0,0.0,3.8,0.0
2024-07-21T05:00:00+02:00,0.0,0.0,5.4,0.0
2024-07-21T06:00:00+02:00,0.0,0.0,3.2,0.0
2024-07-21T07:00:00+02:00,0.0,0.0,3.5,0.0
2024-07-21T08:00:00+02:00,0.0,0.0,10.4,0.0
2024-07-21T09:00:00+02:00,0.0,0.0,17.1,0.0
2024-07-21T10:00:00+02:00,0.0,0.0,14.9,0.0
2024-07-21T11:00:00+02:00,0.0,0.0,16.1,0.0
2024-07-21T12:00:00+02:00,0.0,0.0,18.9,0.0
2024-07-21T13:00:00+02:00,0.0,0.0,36.8,0.0
2024-07-21T14:00:00+02:00,0.0,0.0,58.9,0.0
2024-07-21T15:00:00+02:00,0.0,0.0,62.1,0.0
2024-07-21T16:00:00+02:00,0.0,0.0,58.5,0.0
2024-07-21T17:00:00+02:00,0.0,1.4,38.1,0.0
2024-07-21T18:00:00+02:00,0.0,256.4,22.8,0.0
2024-07-21T19:00:00+02:00,0.0,271.1,10.3,0.0
2024-07-21T20:00:00+02:00,0.0,279.3,4.0,0.0
2024-07-21T21:00:00+02:00,0.0,263.2,2.6,0.0
2024-07-21T22:00:00+02:00,0.0,247.7,1.9,0.0
2024-07-21T23:00:00+02:00,0.0,206.1,12.1,0.0
2024-07-22T00:00:00+02:00,0.0,38.0,16.8,0.0
2024-07-22T01:00:00+02:00,0.0,0.0,8.4,0.0
2024-07-22T02:00:00+02:00,0.0,0.0,4.7,0.0
2024-07-22T03:00:00+02:00,0.0,0.0,0.1,0.0
2024-07-22T04:00:00+02:00,0.0,0.0,1.4,0.0
2024-07-22T05:00:00+02:00,0.0,0.3,5.0,0.0
2024-07-22T06:00:00+02:00,0.0,84.3,9.8,0.0
2024-07-22T07:00:00+02:00,0.0,140.8,8.1,0.0
2024-07-22T08:00:00+02:00,0.0,180.9,1.1,0.0
2024-07-22T09:00:00+02:00,0.0,1.4,0.0,0.0
2024-07-22T10:00:00+02:00,0.0,0.0,0.0,0.0
2024-07-22T11:00:00+02:00,0.0,0.0,2.0,0.0
2024-07-22T12:00:00+02:00,0.0,0.0,1.9,0.0
2024-07-22T13:00:00+02:00,0.0,0.0,6.9,0.0
2024-07-22T14:00:00+02:00,0.0,0.0,14.9,0.0
2024-07-22T15:00:00+02:00,0.0,1.2,13.7,0.0
2024-07-22T16:00:00+02:00,0.0,226.6,19.0,0.0
2024-07-22T17:00:00+02:00,0.0,262.6,38.2,0.0
2024-07-22T18:00:00+02:00,0.0,314.1,22.8,0.0
2024-07-22T19:00:00+02:00,0.0,336.6,23.2,0.0
2024-07-22T20:00:00+02:00,0.0,339.3,26.8,0.0
2024-07-22T21:00:00+02:00,0.0,293.5,30.0,0.0
2024-07-22T22:00:00+02:00,0.0,220.4,38.7,0.0
2024-07-22T23:00:00+02:00,0.0,183.9,42.2,0.0
2024-07-23T00:00:00+02:00,0.0,101.9,51.6,0.0
2024-07-23T01:00:00+02:00,0.0,70.4,59.4,0.0
2024-07-23T02:00:00+02:00,0.0,0.5,66.3,0.0
2024-07-23T03:00:00+02:00,0.0,0.0,55.4,0.0
2024-07-23T04:00:00+02:00,0.0,0.0,69.4,0.0
2024-07-23T05:00:00+02:00,0.0,0.2,82.3,0.0
2024-07-23T06:00:00+02:00,0.0,25.8,72.3,0.0
2024-07-23T07:00:00+02:00,0.0,90.5,65.4,0.0
2024-07-23T08:00:00+02:00,0.0,137.5,63.8,0.0
2024-07-23T09:00:00+02:00,0.0,0.3,61.2,0.0
2024-07-23T10:00:00+02:00,0.0,0.0,53.1,0.0
2024-07-23T11:00:00+02:00,0.0,0.0,28.5,0.0
2024-07-23T12:00:00+02:00,0.0,0.6,16.4,0.0
2024-07-23T13:00:00+02:00,0.0,36.4,10.9,0.0
2024-07-23T14:00:00+02:00,0.0,34.5,20.6,0.0
2024-07-23T15:00:00+02:00,0.0,22.5,23.1,0.0
2024-07-23T16:00:00+02:00,0.0,34.3,36.1,0.0
2024-07-23T17:00:00+02:00,0.0,264.3,46.9,0.0
2024-07-23T18:00:00+02:00,0.0,259.5,56.7,0.0
2024-07-23T19:00:00+02:00,0.0,364.1,48.4,0.0
2024-07-23T20:00:00+02:00,0.0,386.1,19.4,0.0
2024-07-23T21:00:00+02:00,0.0,378.4,21.1,0.0
2024-07-23T22:00:00+02:00,0.0,235.1,30.9,0.0
2024-07-23T23:00:00+02:00,0.0,185.4,56.4,0.0
2024-07-24T00:00:00+02:00,0.0,34.5,52.5,0.0
2024-07-24T01:00:00+02:00,0.0,0.0,51.7,0.0
2024-07-24T02:00:00+02:00,0.0,0.0,36.9,0.0
2024-07-24T03:00:00+02:00,0.0,0.0,36.7,0.0
2024-07-24T04:00:00+02:00,0.0,0.0,32.2,0.0
2024-07-24T05:00:00+02:00,0.0,1.8,14.8,0.0
2024-07-24T06:00:00+02:00,0.0,70.1,15.8,0.0
2024-07-24T07:00:00+02:00,0.0,128.1,18.7,0.0
2024-07-24T08:00:00+02:00,0.0,180.4,13.6,0.0
2024-07-24T09:00:00+02:00,0.0,0.5,6.7,0.0
2024-07-24T10:00:00+02:00,0.0,0.0,8.3,0.0
2024-07-24T11:00:00+02:00,0.0,0.0,4.0,0.0
2024-07-24T12:00:00+02:00,0.0,0.0,1.8,0.0
2024-07-24T13:00:00+02:00,0.0,0.0,3.2,0.0
2024-07-24T14:00:00+02:00,0.0,0.0,10.5,0.0
2024-07-24T15:00:00+02:00,0.0,0.8,22.5,0.0
2024-07-24T16:00:00+02:00,0.0,214.4,15.1,0.0
2024-07-24T17:00:00+02:00,0.0,225.9,30.9,0.0
2024-07-24T18:00:00+02:00,0.0,233.2,55.4,0.0
2024-07-24T19:00:00+02:00,0.0,203.3,71.4,0.0
2024-07-24T20:00:00+02:00,0.0,235.0,58.5,0.0
2024-07-24T21:00:00+02:00,0.0,196.3,66.4,0.0
2024-07-24T22:00:00+02:00,0.0,153.2,95.0,0.0
2024-07-24T23:00:00+02:00,0.0,135.6,106.1,0.0
2024-07-25T00:00:00+02:00,0.0,90.5,90.1,0.0
2024-07-25T01:00:00+02:00,0.0,33.8,67.6,0.0
2024-07-25T02:00:00+02:00,0.0,0.1,70.0,0.0
2024-07-25T03:00:00+02:00,0.0,0.0,64.0,0.0
2024-07-25T04:00:00+02:00,0.0,0.0,63.0,0.0
2024-07-25T05:00:00+02:00,0.0,0.5,69.8,0.0
2024-07-25T06:00:00+02:00,0.0,19.8,67.6,0.0
2024-07-25T07:00:00+02:00,0.0,86.6,63.7,0.0
2024-07-25T08:00:00+02:00,0.0,118.6,57.6,0.0
2024-07-25T09:00:00+02:00,0.0,30.4,56.5,0.0
2024-07-25T10:00:00+02:00,0.0,0.0,47.5,0.0
2024-07-25T11:00:00+02:00,0.0,0.0,34.1,0.0
2024-07-25T12:00:00+02:00,0.0,0.0,36.7,0.0
2024-07-25T13:00:00+02:00,0.0,0.3,27.8,0.0
2024-07-25T14:00:00+02:00,0.0,71.9,22.4,0.0
2024-07-25T15:00:00+02:00,0.0,78.8,33.8,0.0
2024-07-25T16:00:00+02:00,0.0,175.2,37.2,0.0
2024-07-25T17:00:00+02:00,0.0,229.4,35.2,0.0
2024-07-25T18:00:00+02:00,0.0,321.7,48.3,0.0
2024-07-25T19:00:00+02:00,0.0,261.1,44.2,0.0
2024-07-25T20:00:00+02:00,0.0,374.2,29.1,0.0
2024-07-25T21:00:00+02:00,0.0,368.0,21.7,0.0
2024-07-25T22:00:00+02:00,0.0,183.3,53.6,0.0
2024-07-25T23:00:00+02:00,0.0,144.1,53.5,0.0
2024-07-26T00:00:00+02:00,0.0,39.1,33.9,0.0
2024-07-26T01:00:00+02:00,0.0,0.0,53.6,0.0
2024-07-26T02:00:00+02:00,0.0,0.0,64.9,0.0
2024-07-26T03:00:00+02:00,0.0,0.0,71.2,0.0
2024-07-26T04:00:00+02:00,0.0,0.0,66.9,0.0
2024-07-26T05:00:00+02:00,0.0,0.2,62.4,0.0
2024-07-26T06:00:00+02:00,0.0,21.0,62.5,0.0
2024-07-26T07:00:00+02:00,0.0,87.7,61.0,0.0
2024-07-26T08:00:00+02:00,0.0,102.1,57.3,0.0
2024-07-26T09:00:00+02:00,0.0,0.1,40.6,0.0
2024-07-26T10:00:00+02:00,0.0,0.0,33.7,0.0
2024-07-26T11:00:00+02:00,0.0,0.3,19.6,0.0
2024-07-26T12:00:00+02:00,0.0,17.9,17.7,0.0
2024-07-26T13:00:00+02:00,0.0,17.0,14.6,0.0
2024-07-26T14:00:00+02:00,0.0,7.7,14.8,0.0
2024-07-26T15:00:00+02:00,0.0,0.1,16.7,0.0
2024-07-26T16:00:00+02:00,0.0,70.1,27.4,0.0
2024-07-26T17:00:00+02:00,0.0,208.3,21.6,0.0
2024-07-26T18:00:00+02:00,0.0,242.3,18.3,0.0
2024-07-26T19:00:00+02:00,0.0,352.6,19.7,0.0
2024-07-26T20:00:00+02:00,0.0,355.6,16.0,0.0
2024-07-26T21:00:00+02:00,0.0,314.9,13.2,0.0
2024-07-26T22:00:00+02:00,0.0,187.9,12.2,0.0
2024-07-26T23:00:00+02:00,0.0,154.8,25.4,0.0
2024-07-27T00:00:00+02:00,0.0,95.5,29.7,0.0
2024-07-27T01:00:00+02:00,0.0,0.2,32.5,0.0
2024-07-27T02:00:00+02:00,0.0,0.0,24.4,0.0
2024-07-27T03:00:00+02:00,0.0,0.0,38.7,0.0
2024-07-27T04:00:00+02:00,0.0,0.0,46.6,0.0
2024-07-27T05:00:00+02:00,0.0,0.0,53.7,0.0
2024-07-27T06:00:00+02:00,0.0,0.0,59.7,0.0
2024-07-27T07:00:00+02:00,0.0,0.0,48.0,0.0
2024-07-27T08:00:00+02:00,0.0,0.0,37.5,0.0
2024-07-27T09:00:00+02:00,0.0,0.0,31.2,0.0
2024-07-27T10:00:00+02:00,0.0,0.0,24.5,0.0
2024-07-27T11:00:00+02:00,0.0,0.4,13.6,0.0
2024-07-27T12:00:00+02:00,0.0,9.9,5.7,0.0
2024-07-27T13:00:00+02:00,0.0,0.0,4.4,0.0
2024-07-27T14:00:00+02:00,0.0,0.0,5.3,0.0
2024-07-27T15:00:00+02:00,0.0,0.0,8.3,0.0
2024-07-27T16:00:00+02:00,0.0,1.3,10.4,0.0
2024-07-27T17:00:00+02:00,0.0,241.3,11.9,0.0
2024-07-27T18:00:00+02:00,0.0,245.0,10.0,0.0
2024-07-27T19:00:00+02:00,0.0,281.8,4.7,0.0
2024-07-27T20:00:00+02:00,0.0,381.7,1.8,0.0
2024-07-27T21:00:00+02:00,0.0,264.7,0.0,0.0
2024-07-27T22:00:00+02:00,0.0,209.2,0.0,0.0
2024-07-27T23:00:00+02:00,0.0,178.3,0.8,0.0
2024-07-28T00:00:00+02:00,0.0,112.1,3.8,0.0
2024-07-28T01:00:00+02:00,0.0,0.1,12.5,0.0
2024-07-28T02:00:00+02:00,0.0,0.0,13.7,0.0
2024-07-28T03:00:00+02:00,0.0,0.0,6.5,0.0
2024-07-28T04:00:00+02:00,0.0,0.0,0.3,0.0
2024-07-28T05:00:00+02:00,0.0,0.0,0.1,0.0
2024-07-28T06:00:00+02:00,0.0,0.0,0.9,0.0
2024-07-28T07:00:00+02:00,0.0,0.0,1.8,0.0
2024-07-28T08:00:00+02:00,0.0,0.0,1.0,0.0
2024-07-28T09:00:00+02:00,0.0,0.0,0.0,0.0
2024-07-28T10:00:00+02:00,0.0,0.0,0.0,0.0
2024-07-28T11:00:00+02:00,0.0,0.0,0.0,0.0
2024-07-28T12:00:00+02:00,0.0,0.0,4.0,0.0
2024-07-28T13:00:00+02:00,0.0,0.0,14.5,0.0
2024-07-28T14:00:00+02:00,0.0,0.0,21.5,0.0
2024-07-28T15:00:00+02:00,0.0,0.0,24.4,0.0
2024-07-28T16:00:00+02:00,0.0,1.4,32.0,0.0
2024-07-28T17:00:00+02:00,0.0,138.4,27.1,0.0
2024-07-28T18:00:00+02:00,0.0,147.8,22.2,0.0
2024-07-28T19:00:00+02:00,0.0,238.4,25.3,0.0
2024-07-28T20:00:00+02:00,0.0,247.4,15.3,0.0
2024-07-28T21:00:00+02:00,0.0,223.4,23.4,0.0
2024-07-28T22:00:00+02:00,0.0,189.8,26.8,0.0
2024-07-28T23:00:00+02:00,0.0,150.0,23.9,0.0
2024-07-29T00:00:00+02:00,0.0,0.3,36.6,0.0
2024-07-29T01:00:00+02:00,0.0,0.0,46.4,0.0
2024-07-29T02:00:00+02:00,0.0,0.0,51.9,0.0
2024-07-29T03:00:00+02:00,0.0,0.0,50.8,0.0
2024-07-29T04:00:00+02:00,0.0,0.0,54.9,0.0
2024-07-29T05:00:00+02:00,0.0,0.0,68.7,0.0
2024-07-29T06:00:00+02:00,0.0,0.4,80.8,0.0
2024-07-29T07:00:00+02:00,0.0,19.4,71.5,0.0
2024-07-29T08:00:00+02:00,0.0,41.8,60.0,0.0
2024-07-29T09:00:00+02:00,0.0,0.3,59.4,0.0
2024-07-29T10:00:00+02:00,0.0,71.6,54.9,0.0
2024-07-29T11:00:00+02:00,0.0,89.1,37.7,0.0
2024-07-29T12:00:00+02:00,0.0,73.7,25.3,0.0
2024-07-29T13:00:00+02:00,0.0,94.6,14.8,0.0
2024-07-29T14:00:00+02:00,0.0,97.6,23.9,0.0
2024-07-29T15:00:00+02:00,0.0,92.4,32.4,0.0
2024-07-29T16:00:00+02:00,0.0,63.3,31.7,0.0
2024-07-29T17:00:00+02:00,0.0,141.9,53.7,0.0
2024-07-29T18:00:00+02:00,0.0,148.0,59.9,0.0
2024-07-29T19:00:00+02:00,0.0,334.2,48.6,0.0
2024-07-29T20:00:00+02:00,0.0,354.3,47.0,0.0
2024-07-29T21:00:00+02:00,0.0,334.5,69.7,0.0
2024-07-29T22:00:00+02:00,0.0,122.4,90.8,0.0
2024-07-29T23:00:00+02:00,0.0,0.4,93.4,0.0
2024-07-30T00:00:00+02:00,0.0,0.0,80.1,0.0
2024-07-30T01:00:00+02:00,0.0,0.0,76.0,0.0
2024-07-30T02:00:00+02:00,0.0,0.0,85.6,0.0
2024-07-30T03:00:00+02:00,0.0,0.0,82.0,0.0
2024-07-30T04:00:00+02:00,0.0,0.0,86.8,0.0
2024-07-30T05:00:00+02:00,0.0,0.0,92.3,0.0
2024-07-30T06:00:00+02:00,0.0,0.0,95.5,0.0
2024-07-30T07:00:00+02:00,0.0,0.0,88.4,0.0
2024-07-30T08:00:00+02:00,0.0,0.3,90.4,0.0
2024-07-30T09:00:00+02:00,0.0,70.1,98.1,0.0
2024-07-30T10:00:00+02:00,0.0,69.9,85.0,0.0
2024-07-30T11:00:00+02:00,0.0,71.7,82.4,0.0
2024-07-30T12:00:00+02:00,0.0,76.2,59.6,0.0
2024-07-30T13:00:00+02:00,0.0,96.5,37.7,0.0
2024-07-30T14:00:00+02:00,0.0,101.7,48.8,0.0
2024-07-30T15:00:00+02:00,0.0,102.6,57.4,0.0
2024-07-30T16:00:00+02:00,0.0,71.9,52.9,0.0
2024-07-30T17:00:00+02:00,0.0,160.5,63.0,0.0
2024-07-30T18:00:00+02:00,0.0,170.5,64.0,0.0
2024-07-30T19:00:00+02:00,0.0,192.6,72.1,0.0
2024-07-30T20:00:00+02:00,0.0,248.7,77.6,0.0
2024-07-30T21:00:00+02:00,0.0,178.7,110.2,0.0
2024-07-30T22:00:00+02:00,0.0,101.4,111.1,0.0
2024-07-30T23:00:00+02:00,0.0,96.7,102.4,0.0
2024-07-31T00:00:00+02:00,0.0,59.8,94.5,0.0
2024-07-31T01:00:00+02:00,0.0,29.8,97.5,0.0
2024-07-31T02:00:00+02:00,0.0,29.6,101.6,0.0
2024-07-31T03:00:00+02:00,0.0,19.9,100.5,0.0
2024-07-31T04:00:00+02:00,0.0,19.9,97.0,0.0
2024-07-31T05:00:00+02:00,0.0,19.6,92.6,0.0
2024-07-31T06:00:00+02:00,0.0,30.2,82.4,0.0
2024-07-31T07:00:00+02:00,0.0,29.7,78.1,0.0
2024-07-31T08:00:00+02:00,0.0,29.6,67.1,0.0
2024-07-31T09:00:00+02:00,0.0,18.8,62.8,0.0
2024-07-31T10:00:00+02:00,0.0,0.4,50.7,0.0
2024-07-31T11:00:00+02:00,0.0,16.9,34.3,0.0
2024-07-31T12:00:00+02:00,0.0,0.0,10.2,0.0
2024-07-31T13:00:00+02:00,0.0,0.0,12.5,0.0
2024-07-31T14:00:00+02:00,0.0,0.0,17.3,0.0
2024-07-31T15:00:00+02:00,0.0,0.0,13.3,0.0
2024-07-31T16:00:00+02:00,0.0,58.8,7.4,0.0
2024-07-31T17:00:00+02:00,0.0,203.4,4.5,0.0
2024-07-31T18:00:00+02:00,0.0,209.8,4.1,0.0
2024-07-31T19:00:00+02:00,0.0,211.7,2.1,0.0
2024-07-31T20:00:00+02:00,0.0,219.9,0.5,0.0
2024-07-31T21:00:00+02:00,0.0,193.9,1.7,0.0
2024-07-31T22:00:00+02:00,0.0,174.4,1.8,0.0
2024-07-31T23:00:00+02:00,0.0,143.2,1.0,0.0
2024-08-01T00:00:00+02:00,0.0,73.7,1.4,0.0
2024-08-01T01:00:00+02:00,0.0,0.4,9.6,0.0
2024-08-01T02:00:00+02:00,0.0,0.0,19.1,0.0
2024-08-01T03:00:00+02:00,0.0,0.0,25.6,0.0
2024-08-01T04:00:00+02:00,0.0,0.0,14.1,0.0
2024-08-01T05:00:00+02:00,0.0,0.0,9.1,0.0
2024-08-01T06:00:00+02:00,0.0,0.0,4.2,0.0
2024-08-01T07:00:00+02:00,0.0,0.4,0.3,0.0
2024-08-01T08:00:00+02:00,0.0,70.5,0.0,0.0
2024-08-01T09:00:00+02:00,0.0,70.5,0.0,0.0
2024-08-01T10:00:00+02:00,0.0,70.4,0.4,0.0
2024-08-01T11:00:00+02:00,0.0,70.7,0.0,0.0
2024-08-01T12:00:00+02:00,0.0,70.3,0.4,0.0
2024-08-01T13:00:00+02:00,0.0,70.9,1.9,0.0
2024-08-01T14:00:00+02:00,0.0,147.1,4.5,0.0
2024-08-01T15:00:00+02:00,0.0,153.8,12.3,0.0
2024-08-01T16:00:00+02:00,0.0,140.4,36.1,0.0
2024-08-01T17:00:00+02:00,0.0,140.9,42.2,0.0
2024-08-01T18:00:00+02:00,0.0,141.9,46.9,0.0
2024-08-01T19:00:00+02:00,0.0,180.1,35.8,0.0
2024-08-01T20:00:00+02:00,0.0,179.6,17.2,0.0
2024-08-01T21:00:00+02:00,0.0,180.8,5.7,0.0
2024-08-01T22:00:00+02:00,0.0,140.4,0.6,0.0
2024-08-01T23:00:00+02:00,0.0,86.0,0.0,0.0
2024-08-02T00:00:00+02:00,0.0,0.4,0.0,0.0
2024-08-02T01:00:00+02:00,0.0,0.0,0.4,0.0
2024-08-02T02:00:00+02:00,0.0,0.0,0.6,0.0
2024-08-02T03:00:00+02:00,0.0,0.0,0.4,0.0
2024-08-02T04:00:00+02:00,0.0,0.0,2.1,0.0
2024-08-02T05:00:00+02:00,0.0,0.0,1.8,0.0
2024-08-02T06:00:00+02:00,0.0,0.0,0.0,0.0
2024-08-02T07:00:00+02:00,0.0,0.4,0.0,0.0
2024-08-02T08:00:00+02:00,0.0,37.1,0.0,0.0
2024-08-02T09:00:00+02:00,0.0,12.5,0.0,0.0
2024-08-02T10:00:00+02:00,0.0,82.9,2.7,0.0
2024-08-02T11:00:00+02:00,0.0,72.1,6.7,0.0
2024-08-02T12:00:00+02:00,0.0,75.8,17.6,0.0
2024-08-02T13:00:00+02:00,0.0,74.7,34.5,0.0
2024-08-02T14:00:00+02:00,0.0,87.3,34.9,0.0
2024-08-02T15:00:00+02:00,0.0,70.4,32.1,0.0
2024-08-02T16:00:00+02:00,0.0,1.1,34.2,0.0
2024-08-02T17:00:00+02:00,0.0,141.0,26.0,0.0
2024-08-02T18:00:00+02:00,0.0,174.7,18.4,0.0
2024-08-02T19:00:00+02:00,0.0,183.3,11.5,0.0
2024-08-02T20:00:00+02:00,0.0,191.6,6.7,0.0
2024-08-02T21:00:00+02:00,0.0,172.1,11.0,0.0
2024-08-02T22:00:00+02:00,0.0,91.9,5.1,0.0
2024-08-02T23:00:00+02:00,0.0,73.6,4.8,0.0
2024-08-03T00:00:00+02:00,0.0,73.6,4.0,0.0
2024-08-03T01:00:00+02:00,0.0,0.4,5.3,0.0
2024-08-03T02:00:00+02:00,0.0,0.0,5.8,0.0
2024-08-03T03:00:00+02:00,0.0,0.0,8.9,0.0
2024-08-03T04:00:00+02:00,0.0,0.0,1.7,0.0
2024-08-03T05:00:00+02:00,0.0,0.0,33.3,0.0
2024-08-03T06:00:00+02:00,0.0,0.0,22.4,0.0
2024-08-03T07:00:00+02:00,0.0,0.0,10.8,0.0
2024-08-03T08:00:00+02:00,0.0,0.4,19.7,0.0
2024-08-03T09:00:00+02:00,0.0,71.2,6.4,0.0
2024-08-03T10:00:00+02:00,0.0,69.9,2.0,0.0
2024-08-03T11:00:00+02:00,0.0,69.6,8.3,0.0
2024-08-03T12:00:00+02:00,0.0,0.1,11.2,0.0
2024-08-03T13:00:00+02:00,0.0,0.0,10.7,0.0
2024-08-03T14:00:00+02:00,0.0,0.0,4.3,0.0
2024-08-03T15:00:00+02:00,0.0,0.0,18.0,0.0
2024-08-03T16:00:00+02:00,0.0,0.8,3.7,0.0
2024-08-03T17:00:00+02:00,0.0,140.6,13.1,0.0
2024-08-03T18:00:00+02:00,0.0,140.6,19.1,0.0
2024-08-03T19:00:00+02:00,0.0,169.7,12.2,0.0
2024-08-03T20:00:00+02:00,0.0,170.6,16.6,0.0
2024-08-03T21:00:00+02:00,0.0,143.0,30.0,0.0
2024-08-03T22:00:00+02:00,0.0,71.8,49.1,0.0
2024-08-03T23:00:00+02:00,0.0,70.3,38.3,0.0
2024-08-04T00:00:00+02:00,0.0,0.4,7.4,0.0
2024-08-04T01:00:00+02:00,0.0,0.0,6.3,0.0
2024-08-04T02:00:00+02:00,0.0,0.0,31.0,0.0
2024-08-04T03:00:00+02:00,0.0,0.0,43.1,0.0
2024-08-04T04:00:00+02:00,0.0,0.0,44.3,0.0
2024-08-04T05:00:00+02:00,0.0,0.0,52.1,0.0
2024-08-04T06:00:00+02:00,0.0,0.0,33.4,0.0
2024-08-04T07:00:00+02:00,0.0,0.0,26.5,0.0
2024-08-04T08:00:00+02:00,0.0,0.4,25.8,0.0
2024-08-04T09:00:00+02:00,0.0,69.8,42.6,0.0
2024-08-04T10:00:00+02:00,0.0,70.3,39.4,0.0
2024-08-04T11:00:00+02:00,0.0,70.0,24.7,0.0
2024-08-04T12:00:00+02:00,0.0,73.3,11.4,0.0
2024-08-04T13:00:00+02:00,0.0,75.3,7.1,0.0
2024-08-04T14:00:00+02:00,0.0,80.9,7.5,0.0
2024-08-04T15:00:00+02:00,0.0,69.7,16.3,0.0
2024-08-04T16:00:00+02:00,0.0,0.6,20.6,0.0
2024-08-04T17:00:00+02:00,0.0,93.4,35.6,0.0
2024-08-04T18:00:00+02:00,0.0,140.8,44.7,0.0
2024-08-04T19:00:00+02:00,0.0,140.9,44.7,0.0
2024-08-04T20:00:00+02:00,0.0,170.5,50.5,0.0
2024-08-04T21:00:00+02:00,0.0,158.0,33.0,0.0
2024-08-04T22:00:00+02:00,0.0,147.5,40.1,0.0
2024-08-04T23:00:00+02:00,0.0,140.8,40.8,0.0
2024-08-05T00:00:00+02:00,0.0,141.7,56.5,0.0
2024-08-05T01:00:00+02:00,0.0,74.1,51.9,0.0
2024-08-05T02:00:00+02:00,0.0,75.9,40.0,0.0
2024-08-05T03:00:00+02:00,0.0,77.8,36.7,0.0
2024-08-05T04:00:00+02:00,0.0,72.8,45.6,0.0
2024-08-05T05:00:00+02:00,0.0,70.4,64.7,0.0
2024-08-05T06:00:00+02:00,0.0,77.7,62.4,0.0
2024-08-05T07:00:00+02:00,0.0,141.7,57.9,0.0
2024-08-05T08:00:00+02:00,0.0,141.1,59.0,0.0
2024-08-05T09:00:00+02:00,0.0,154.8,59.9,0.0
2024-08-05T10:00:00+02:00,0.0,159.2,45.3,0.0
2024-08-05T11:00:00+02:00,0.0,195.5,23.9,0.0
2024-08-05T12:00:00+02:00,0.0,208.8,8.6,0.0
2024-08-05T13:00:00+02:00,0.0,219.8,7.8,0.0
2024-08-05T14:00:00+02:00,0.0,214.3,21.4,0.0
2024-08-05T15:00:00+02:00,0.0,216.7,33.8,0.0
2024-08-05T16:00:00+02:00,0.0,202.0,39.2,0.0
2024-08-05T17:00:00+02:00,0.0,203.4,39.0,0.0
2024-08-05T18:00:00+02:00,0.0,202.8,24.6,0.0
2024-08-05T19:00:00+02:00,0.0,206.9,35.0,0.0
2024-08-05T20:00:00+02:00,0.0,209.7,31.1,0.0
2024-08-05T21:00:00+02:00,0.0,201.0,15.9,0.0
2024-08-05T22:00:00+02:00,0.0,178.1,2.4,0.0
2024-08-05T23:00:00+02:00,0.0,159.8,1.6,0.0
2024-08-06T00:00:00+02:00,0.0,78.4,7.6,0.0
2024-08-06T01:00:00+02:00,0.0,0.5,8.3,0.0
2024-08-06T02:00:00+02:00,0.0,0.0,4.4,0.0
2024-08-06T03:00:00+02:00,0.0,0.0,4.1,0.0
2024-08-06T04:00:00+02:00,0.0,0.0,6.4,0.0
2024-08-06T05:00:00+02:00,0.0,0.0,6.7,0.0
2024-08-06T06:00:00+02:00,0.0,0.3,12.7,0.0
2024-08-06T07:00:00+02:00,0.0,70.8,16.4,0.0
2024-08-06T08:00:00+02:00,0.0,90.0,12.6,0.0
2024-08-06T09:00:00+02:00,0.0,70.4,19.5,0.0
2024-08-06T10:00:00+02:00,0.0,69.9,14.7,0.0
2024-08-06T11:00:00+02:00,0.0,69.9,2.6,0.0
2024-08-06T12:00:00+02:00,0.0,69.9,4.0,0.0
2024-08-06T13:00:00+02:00,0.0,69.9,7.8,0.0
2024-08-06T14:00:00+02:00,0.0,71.0,10.6,0.0
2024-08-06T15:00:00+02:00,0.0,92.2,20.9,0.0
2024-08-06T16:00:00+02:00,0.0,92.2,21.8,0.0
2024-08-06T17:00:00+02:00,0.0,187.4,29.4,0.0
2024-08-06T18:00:00+02:00,0.0,182.8,41.2,0.0
2024-08-06T19:00:00+02:00,0.0,191.8,35.3,0.0
2024-08-06T20:00:00+02:00,0.0,204.4,29.4,0.0
2024-08-06T21:00:00+02:00,0.0,191.3,8.3,0.0
2024-08-06T22:00:00+02:00,0.0,165.0,7.5,0.0
2024-08-06T23:00:00+02:00,0.0,106.6,23.4,0.0
2024-08-07T00:00:00+02:00,0.0,76.3,36.9,0.0
2024-08-07T01:00:00+02:00,0.0,0.4,15.9,0.0
2024-08-07T02:00:00+02:00,0.0,0.0,12.3,0.0
2024-08-07T03:00:00+02:00,0.0,0.0,15.3,0.0
2024-08-07T04:00:00+02:00,0.0,0.0,12.8,0.0
2024-08-07T05:00:00+02:00,0.0,0.0,7.6,0.0
2024-08-07T06:00:00+02:00,0.0,0.4,7.9,0.0
2024-08-07T07:00:00+02:00,0.0,82.3,6.2,0.0
2024-08-07T08:00:00+02:00,0.0,98.5,3.0,0.0
2024-08-07T09:00:00+02:00,0.0,86.1,0.3,0.0
2024-08-07T10:00:00+02:00,0.0,86.7,0.0,0.0
2024-08-07T11:00:00+02:00,0.0,223.4,0.0,0.0
2024-08-07T12:00:00+02:00,0.0,225.9,1.4,0.0
2024-08-07T13:00:00+02:00,0.0,225.8,4.7,0.0
2024-08-07T14:00:00+02:00,0.0,225.9,8.2,0.0
2024-08-07T15:00:00+02:00,0.0,225.8,11.0,0.0
2024-08-07T16:00:00+02:00,0.0,225.7,15.1,0.0
2024-08-07T17:00:00+02:00,0.0,225.9,18.4,0.0
2024-08-07T18:00:00+02:00,0.0,225.7,12.7,0.0
2024-08-07T19:00:00+02:00,0.0,225.5,12.1,0.0
2024-08-07T20:00:00+02:00,0.0,225.9,0.9,0.0
2024-08-07T21:00:00+02:00,0.0,224.5,0.0,0.0
2024-08-07T22:00:00+02:00,0.0,224.9,0.0,0.0
2024-08-07T23:00:00+02:00,0.0,222.9,0.0,0.0
2024-08-08T00:00:00+02:00,0.0,86.0,0.0,0.0
2024-08-08T01:00:00+02:00,0.0,75.1,0.0,0.0
2024-08-08T02:00:00+02:00,0.0,0.5,0.0,0.0
2024-08-08T03:00:00+02:00,0.0,0.0,1.0,0.0
2024-08-08T04:00:00+02:00,0.0,0.0,2.7,0.0
2024-08-08T05:00:00+02:00,0.0,0.0,1.3,0.0
2024-08-08T06:00:00+02:00,0.0,0.3,4.2,0.0
2024-08-08T07:00:00+02:00,0.0,72.5,0.2,0.0
2024-08-08T08:00:00+02:00,0.0,106.5,0.0,0.0
2024-08-08T09:00:00+02:00,0.0,86.2,0.0,0.0
2024-08-08T10:00:00+02:00,0.0,84.1,0.0,0.0
2024-08-08T11:00:00+02:00,0.0,76.5,0.0,0.0
2024-08-08T12:00:00+02:00,0.0,79.1,0.8,0.0
2024-08-08T13:00:00+02:00,0.0,78.0,8.3,0.0
2024-08-08T14:00:00+02:00,0.0,110.7,8.9,0.0
2024-08-08T15:00:00+02:00,0.0,98.1,51.6,0.0
2024-08-08T16:00:00+02:00,0.0,140.7,39.9,0.0
2024-08-08T17:00:00+02:00,0.0,183.5,17.3,0.0
2024-08-08T18:00:00+02:00,0.0,205.8,5.2,0.0
2024-08-08T19:00:00+02:00,0.0,218.5,2.3,0.0
2024-08-08T20:00:00+02:00,0.0,225.0,0.0,0.0
2024-08-08T21:00:00+02:00,0.0,202.8,0.0,0.0
2024-08-08T22:00:00+02:00,0.0,166.3,2.1,0.0
2024-08-08T23:00:00+02:00,0.0,143.8,2.7,0.0
2024-08-09T00:00:00+02:00,0.0,82.5,3.0,0.0
2024-08-09T01:00:00+02:00,0.0,74.3,5.2,0.0
2024-08-09T02:00:00+02:00,0.0,0.5,10.5,0.0
2024-08-09T03:00:00+02:00,0.0,0.0,16.7,0.0
2024-08-09T04:00:00+02:00,0.0,0.0,19.4,0.0
2024-08-09T05:00:00+02:00,0.0,0.0,19.4,0.0
2024-08-09T06:00:00+02:00,0.0,0.3,19.2,0.0
2024-08-09T07:00:00+02:00,0.0,70.6,17.7,0.0
2024-08-09T08:00:00+02:00,0.0,91.4,15.2,0.0
2024-08-09T09:00:00+02:00,0.0,70.0,21.3,0.0
2024-08-09T10:00:00+02:00,0.0,70.9,16.3,0.0
2024-08-09T11:00:00+02:00,0.0,69.9,11.8,0.0
2024-08-09T12:00:00+02:00,0.0,70.9,9.4,0.0
2024-08-09T13:00:00+02:00,0.0,69.9,10.7,0.0
2024-08-09T14:00:00+02:00,0.0,87.8,21.6,0.0
2024-08-09T15:00:00+02:00,0.0,74.3,32.8,0.0
2024-08-09T16:00:00+02:00,0.0,89.7,38.3,0.0
2024-08-09T17:00:00+02:00,0.0,177.0,53.2,0.0
2024-08-09T18:00:00+02:00,0.0,177.1,56.0,0.0
2024-08-09T19:00:00+02:00,0.0,193.4,64.5,0.0
2024-08-09T20:00:00+02:00,0.0,210.8,49.7,0.0
2024-08-09T21:00:00+02:00,0.0,192.3,25.4,0.0
2024-08-09T22:00:00+02:00,0.0,154.3,28.4,0.0
2024-08-09T23:00:00+02:00,0.0,102.8,45.6,0.0
2024-08-10T00:00:00+02:00,0.0,71.6,40.7,0.0
2024-08-10T01:00:00+02:00,0.0,0.5,29.4,0.0
2024-08-10T02:00:00+02:00,0.0,0.0,30.2,0.0
2024-08-10T03:00:00+02:00,0.0,0.0,41.4,0.0
2024-08-10T04:00:00+02:00,0.0,0.0,64.5,0.0
2024-08-10T05:00:00+02:00,0.0,0.0,68.5,0.0
2024-08-10T06:00:00+02:00,0.0,0.0,82.7,0.0
2024-08-10T07:00:00+02:00,0.0,0.0,86.7,0.0
2024-08-10T08:00:00+02:00,0.0,0.0,102.5,0.0
2024-08-10T09:00:00+02:00,0.0,0.0,91.8,0.0
2024-08-10T10:00:00+02:00,0.0,0.0,87.7,0.0
2024-08-10T11:00:00+02:00,0.0,0.0,69.3,0.0
2024-08-10T12:00:00+02:00,0.0,0.0,44.0,0.0
2024-08-10T13:00:00+02:00,0.0,0.0,31.5,0.0
2024-08-10T14:00:00+02:00,0.0,0.0,34.9,0.0
2024-08-10T15:00:00+02:00,0.0,0.3,50.3,0.0
2024-08-10T16:00:00+02:00,0.0,79.0,43.1,0.0
2024-08-10T17:00:00+02:00,0.0,144.6,56.4,0.0
2024-08-10T18:00:00+02:00,0.0,180.2,52.7,0.0
2024-08-10T19:00:00+02:00,0.0,196.2,61.4,0.0
2024-08-10T20:00:00+02:00,0.0,214.7,38.7,0.0
2024-08-10T21:00:00+02:00,0.0,222.8,38.5,0.0
2024-08-10T22:00:00+02:00,0.0,149.9,56.7,0.0
2024-08-10T23:00:00+02:00,0.0,86.1,78.3,0.0
2024-08-11T00:00:00+02:00,0.0,71.2,92.7,0.0
2024-08-11T01:00:00+02:00,0.0,0.4,109.1,0.0
2024-08-11T02:00:00+02:00,0.0,0.0,100.0,0.0
2024-08-11T03:00:00+02:00,0.0,0.0,101.5,0.0
2024-08-11T04:00:00+02:00,0.0,0.0,100.4,0.0
2024-08-11T05:00:00+02:00,0.0,0.0,103.5,0.0
2024-08-11T06:00:00+02:00,0.0,0.0,92.8,0.0
2024-08-11T07:00:00+02:00,0.0,0.0,95.0,0.0
2024-08-11T08:00:00+02:00,0.0,0.0,89.8,0.0
2024-08-11T09:00:00+02:00,0.0,0.0,83.2,0.0
2024-08-11T10:00:00+02:00,0.0,0.0,63.9,0.0
2024-08-11T11:00:00+02:00,0.0,0.3,30.2,0.0
2024-08-11T12:00:00+02:00,0.0,69.7,15.6,0.0
2024-08-11T13:00:00+02:00,0.0,69.9,13.4,0.0
2024-08-11T14:00:00+02:00,0.0,69.9,14.9,0.0
2024-08-11T15:00:00+02:00,0.0,69.9,17.5,0.0
2024-08-11T16:00:00+02:00,0.0,70.2,22.1,0.0
2024-08-11T17:00:00+02:00,0.0,148.7,31.8,0.0
2024-08-11T18:00:00+02:00,0.0,194.3,34.5,0.0
2024-08-11T19:00:00+02:00,0.0,197.3,36.0,0.0
2024-08-11T20:00:00+02:00,0.0,215.2,21.4,0.0
2024-08-11T21:00:00+02:00,0.0,201.8,13.2,0.0
2024-08-11T22:00:00+02:00,0.0,183.1,6.2,0.0
2024-08-11T23:00:00+02:00,0.0,144.4,17.7,0.0
2024-08-12T00:00:00+02:00,0.0,1.0,43.4,0.0
2024-08-12T01:00:00+02:00,0.0,0.0,47.2,0.0
2024-08-12T02:00:00+02:00,0.0,0.0,39.1,0.0
2024-08-12T03:00:00+02:00,0.0,0.0,44.4,0.0
2024-08-12T04:00:00+02:00,0.0,0.0,53.4,0.0
2024-08-12T05:00:00+02:00,0.0,0.0,51.1,0.0
2024-08-12T06:00:00+02:00,0.0,0.0,50.5,0.0
2024-08-12T07:00:00+02:00,0.0,0.4,47.2,0.0
2024-08-12T08:00:00+02:00,0.0,74.1,38.4,0.0
2024-08-12T09:00:00+02:00,0.0,76.0,26.8,0.0
2024-08-12T10:00:00+02:00,0.0,76.0,16.1,0.0
2024-08-12T11:00:00+02:00,0.0,90.6,6.4,0.0
2024-08-12T12:00:00+02:00,0.0,111.2,1.8,0.0
2024-08-12T13:00:00+02:00,0.0,110.8,0.4,0.0
2024-08-12T14:00:00+02:00,0.0,112.8,0.7,0.0
2024-08-12T15:00:00+02:00,0.0,110.8,3.5,0.0
2024-08-12T16:00:00+02:00,0.0,202.8,7.4,0.0
2024-08-12T17:00:00+02:00,0.0,198.7,10.1,0.0
2024-08-12T18:00:00+02:00,0.0,188.5,23.4,0.0
2024-08-12T19:00:00+02:00,0.0,193.6,22.6,0.0
2024-08-12T20:00:00+02:00,0.0,209.8,8.7,0.0
2024-08-12T21:00:00+02:00,0.0,185.6,3.7,0.0
2024-08-12T22:00:00+02:00,0.0,157.4,0.3,0.0
2024-08-12T23:00:00+02:00,0.0,142.9,0.0,0.0
2024-08-13T00:00:00+02:00,0.0,76.6,0.2,0.0
2024-08-13T01:00:00+02:00,0.0,0.4,0.7,0.0
2024-08-13T02:00:00+02:00,0.0,0.0,2.3,0.0
2024-08-13T03:00:00+02:00,0.0,0.0,3.0,0.0
2024-08-13T04:00:00+02:00,0.0,0.0,3.4,0.0
2024-08-13T05:00:00+02:00,0.0,0.0,0.8,0.0
2024-08-13T06:00:00+02:00,0.0,0.4,0.2,0.0
2024-08-13T07:00:00+02:00,0.0,75.5,0.0,0.0
2024-08-13T08:00:00+02:00,0.0,85.8,0.0,0.0
2024-08-13T09:00:00+02:00,0.0,84.3,0.0,0.0
2024-08-13T10:00:00+02:00,0.0,157.6,0.0,0.0
2024-08-13T11:00:00+02:00,0.0,167.9,0.3,0.0
2024-08-13T12:00:00+02:00,0.0,191.5,0.6,0.0
2024-08-13T13:00:00+02:00,0.0,199.3,3.3,0.0
2024-08-13T14:00:00+02:00,0.0,195.1,8.6,0.0
2024-08-13T15:00:00+02:00,0.0,199.3,16.9,0.0
2024-08-13T16:00:00+02:00,0.0,202.0,21.8,0.0
2024-08-13T17:00:00+02:00,0.0,198.1,29.8,0.0
2024-08-13T18:00:00+02:00,0.0,197.9,43.4,0.0
2024-08-13T19:00:00+02:00,0.0,203.4,29.3,0.0
2024-08-13T20:00:00+02:00,0.0,211.3,25.3,0.0
2024-08-13T21:00:00+02:00,0.0,199.0,14.7,0.0
2024-08-13T22:00:00+02:00,0.0,196.2,9.1,0.0
2024-08-13T23:00:00+02:00,0.0,146.0,3.8,0.0
2024-08-14T00:00:00+02:00,0.0,78.4,0.0,0.0
2024-08-14T01:00:00+02:00,0.0,72.9,5.4,0.0
2024-08-14T02:00:00+02:00,0.0,0.5,13.5,0.0
2024-08-14T03:00:00+02:00,0.0,0.0,15.1,0.0
2024-08-14T04:00:00+02:00,0.0,0.0,14.1,0.0
2024-08-14T05:00:00+02:00,0.0,0.0,7.1,0.0
2024-08-14T06:00:00+02:00,0.0,0.3,1.5,0.0
2024-08-14T07:00:00+02:00,0.0,71.7,0.1,0.0
2024-08-14T08:00:00+02:00,0.0,80.3,0.0,0.0
2024-08-14T09:00:00+02:00,0.0,99.2,0.0,0.0
2024-08-14T10:00:00+02:00,0.0,78.9,1.9,0.0
2024-08-14T11:00:00+02:00,0.0,105.2,6.8,0.0
2024-08-14T12:00:00+02:00,0.0,112.8,12.6,0.0
2024-08-14T13:00:00+02:00,0.0,112.8,21.5,0.0
2024-08-14T14:00:00+02:00,0.0,111.8,26.4,0.0
2024-08-14T15:00:00+02:00,0.0,201.6,28.1,0.0
2024-08-14T16:00:00+02:00,0.0,204.4,28.9,0.0
2024-08-14T17:00:00+02:00,0.0,202.0,26.4,0.0
2024-08-14T18:00:00+02:00,0.0,194.9,22.5,0.0
2024-08-14T19:00:00+02:00,0.0,200.6,21.0,0.0
2024-08-14T20:00:00+02:00,0.0,216.5,9.6,0.0
2024-08-14T21:00:00+02:00,0.0,191.0,3.6,0.0
2024-08-14T22:00:00+02:00,0.0,162.9,3.1,0.0
2024-08-14T23:00:00+02:00,0.0,141.2,2.6,0.0
2024-08-15T00:00:00+02:00,0.0,75.6,0.5,0.0
2024-08-15T01:00:00+02:00,0.0,71.1,0.0,0.0
2024-08-15T02:00:00+02:00,0.0,0.5,0.7,0.0
2024-08-15T03:00:00+02:00,0.0,0.0,0.9,0.0
2024-08-15T04:00:00+02:00,0.0,0.0,2.5,0.0
2024-08-15T05:00:00+02:00,0.0,0.0,0.0,0.0
2024-08-15T06:00:00+02:00,0.0,0.3,1.2,0.0
2024-08-15T07:00:00+02:00,0.0,71.0,4.9,0.0
2024-08-15T08:00:00+02:00,0.0,81.7,2.6,0.0
2024-08-15T09:00:00+02:00,0.0,70.6,2.6,0.0
2024-08-15T10:00:00+02:00,0.0,70.9,1.4,0.0
2024-08-15T11:00:00+02:00,0.0,71.0,2.8,0.0
2024-08-15T12:00:00+02:00,0.0,99.6,4.5,0.0
2024-08-15T13:00:00+02:00,0.0,106.7,3.6,0.0
2024-08-15T14:00:00+02:00,0.0,109.4,8.8,0.0
2024-08-15T15:00:00+02:00,0.0,108.5,16.4,0.0
2024-08-15T16:00:00+02:00,0.0,159.0,40.5,0.0
2024-08-15T17:00:00+02:00,0.0,178.3,53.7,0.0
2024-08-15T18:00:00+02:00,0.0,179.9,46.0,0.0
2024-08-15T19:00:00+02:00,0.0,179.3,40.3,0.0
2024-08-15T20:00:00+02:00,0.0,195.6,40.0,0.0
2024-08-15T21:00:00+02:00,0.0,170.2,39.9,0.0
2024-08-15T22:00:00+02:00,0.0,140.9,40.5,0.0
2024-08-15T23:00:00+02:00,0.0,140.3,22.3,0.0
2024-08-16T00:00:00+02:00,0.0,71.8,5.7,0.0
2024-08-16T01:00:00+02:00,0.0,71.0,8.1,0.0
2024-08-16T02:00:00+02:00,0.0,0.5,5.7,0.0
2024-08-16T03:00:00+02:00,0.0,0.0,5.2,0.0
2024-08-16T04:00:00+02:00,0.0,0.0,8.8,0.0
2024-08-16T05:00:00+02:00,0.0,0.0,8.4,0.0
2024-08-16T06:00:00+02:00,0.0,0.2,8.0,0.0
2024-08-16T07:00:00+02:00,0.0,71.5,1.3,0.0
2024-08-16T08:00:00+02:00,0.0,77.4,1.0,0.0
2024-08-16T09:00:00+02:00,0.0,74.3,0.1,0.0
2024-08-16T10:00:00+02:00,0.0,87.8,0.0,0.0
2024-08-16T11:00:00+02:00,0.0,109.2,0.4,0.0
2024-08-16T12:00:00+02:00,0.0,113.1,0.0,0.0
2024-08-16T13:00:00+02:00,0.0,153.4,4.1,0.0
2024-08-16T14:00:00+02:00,0.0,153.2,8.8,0.0
2024-08-16T15:00:00+02:00,0.0,178.2,5.6,0.0
2024-08-16T16:00:00+02:00,0.0,215.8,3.5,0.0
2024-08-16T17:00:00+02:00,0.0,208.3,7.7,0.0
2024-08-16T18:00:00+02:00,0.0,224.7,1.8,0.0
2024-08-16T19:00:00+02:00,0.0,224.6,0.2,0.0
2024-08-16T20:00:00+02:00,0.0,225.4,0.5,0.0
2024-08-16T21:00:00+02:00,0.0,220.5,1.4,0.0
2024-08-16T22:00:00+02:00,0.0,219.4,1.4,0.0
2024-08-16T23:00:00+02:00,0.0,110.9,1.0,0.0
2024-08-17T00:00:00+02:00,0.0,76.0,0.5,0.0
2024-08-17T01:00:00+02:00,0.0,0.5,0.1,0.0
2024-08-17T02:00:00+02:00,0.0,0.0,0.0,0.0
2024-08-17T03:00:00+02:00,0.0,0.0,0.0,0.0
2024-08-17T04:00:00+02:00,0.0,0.0,1.0,0.0
2024-08-17T05:00:00+02:00,0.0,0.0,1.3,0.0
2024-08-17T06:00:00+02:00,0.0,0.3,0.1,0.0
2024-08-17T07:00:00+02:00,0.0,71.8,0.1,0.0
2024-08-17T08:00:00+02:00,0.0,72.7,0.0,0.0
2024-08-17T09:00:00+02:00,0.0,0.5,0.0,0.0
2024-08-17T10:00:00+02:00,0.0,0.1,1.0,0.0
2024-08-17T11:00:00+02:00,0.0,74.9,3.3,0.0
2024-08-17T12:00:00+02:00,0.0,82.5,5.2,0.0
2024-08-17T13:00:00+02:00,0.0,91.7,5.2,0.0
2024-08-17T14:00:00+02:00,0.0,77.5,30.6,0.0
2024-08-17T15:00:00+02:00,0.0,85.5,18.8,0.0
2024-08-17T16:00:00+02:00,0.0,93.9,19.8,0.0
2024-08-17T17:00:00+02:00,0.0,157.9,28.6,0.0
2024-08-17T18:00:00+02:00,0.0,178.8,8.0,0.0
2024-08-17T19:00:00+02:00,0.0,189.0,3.6,0.0
2024-08-17T20:00:00+02:00,0.0,193.1,0.0,0.0
2024-08-17T21:00:00+02:00,0.0,190.5,0.0,0.0
2024-08-17T22:00:00+02:00,0.0,142.2,0.0,0.0
2024-08-17T23:00:00+02:00,0.0,91.6,0.0,0.0
2024-08-18T00:00:00+02:00,0.0,70.6,0.5,0.0
2024-08-18T01:00:00+02:00,0.0,70.1,2.0,0.0
2024-08-18T02:00:00+02:00,0.0,0.5,0.1,0.0
2024-08-18T03:00:00+02:00,0.0,0.0,0.0,0.0
2024-08-18T04:00:00+02:00,0.0,0.0,0.0,0.0
2024-08-18T05:00:00+02:00,0.0,0.0,0.2,0.0
2024-08-18T06:00:00+02:00,0.0,0.0,0.0,0.0
2024-08-18T07:00:00+02:00,0.0,0.3,0.9,0.0
2024-08-18T08:00:00+02:00,0.0,70.5,0.8,0.0
2024-08-18T09:00:00+02:00,0.0,70.5,0.0,0.0
2024-08-18T10:00:00+02:00,0.0,70.7,1.6,0.0
2024-08-18T11:00:00+02:00,0.0,74.3,5.6,0.0
2024-08-18T12:00:00+02:00,0.0,70.9,17.1,0.0
2024-08-18T13:00:00+02:00,0.0,70.2,34.4,0.0
2024-08-18T14:00:00+02:00,0.0,71.9,35.1,0.0
2024-08-18T15:00:00+02:00,0.0,71.7,1.3,0.0
2024-08-18T16:00:00+02:00,0.0,71.9,7.6,0.0
2024-08-18T17:00:00+02:00,0.0,141.2,6.5,0.0
2024-08-18T18:00:00+02:00,0.0,140.2,6.0,0.0
2024-08-18T19:00:00+02:00,0.0,154.2,19.5,0.0
2024-08-18T20:00:00+02:00,0.0,153.5,40.5,0.0
2024-08-18T21:00:00+02:00,0.0,140.8,42.9,0.0
2024-08-18T22:00:00+02:00,0.0,85.5,40.7,0.0
2024-08-18T23:00:00+02:00,0.0,70.6,37.3,0.0
2024-08-19T00:00:00+02:00,0.0,70.8,19.9,0.0
2024-08-19T01:00:00+02:00,0.0,70.4,12.5,0.0
2024-08-19T02:00:00+02:00,0.0,0.5,10.8,0.0
2024-08-19T03:00:00+02:00,0.0,0.0,4.0,0.0
2024-08-19T04:00:00+02:00,0.0,0.0,4.7,0.0
2024-08-19T05:00:00+02:00,0.0,0.0,2.2,0.0
2024-08-19T06:00:00+02:00,0.0,0.3,6.5,0.0
2024-08-19T07:00:00+02:00,0.0,75.3,10.4,0.0
2024-08-19T08:00:00+02:00,0.0,83.6,3.5,0.0
2024-08-19T09:00:00+02:00,0.0,103.9,3.8,0.0
2024-08-19T10:00:00+02:00,0.0,93.6,6.3,0.0
2024-08-19T11:00:00+02:00,0.0,84.4,30.1,0.0
2024-08-19T12:00:00+02:00,0.0,72.2,21.9,0.0
2024-08-19T13:00:00+02:00,0.0,76.6,36.8,0.0
2024-08-19T14:00:00+02:00,0.0,72.9,31.8,0.0
2024-08-19T15:00:00+02:00,0.0,85.7,9.2,0.0
2024-08-19T16:00:00+02:00,0.0,90.8,23.2,0.0
2024-08-19T17:00:00+02:00,0.0,90.2,14.8,0.0
2024-08-19T18:00:00+02:00,0.0,207.7,11.2,0.0
2024-08-19T19:00:00+02:00,0.0,203.8,16.7,0.0
2024-08-19T20:00:00+02:00,0.0,205.5,15.6,0.0
2024-08-19T21:00:00+02:00,0.0,177.1,18.7,0.0
2024-08-19T22:00:00+02:00,0.0,78.5,18.2,0.0
2024-08-19T23:00:00+02:00,0.0,70.7,36.0,0.0
2024-08-20T00:00:00+02:00,0.0,70.6,42.2,0.0
2024-08-20T01:00:00+02:00,0.0,0.6,13.9,0.0
2024-08-20T02:00:00+02:00,0.0,0.0,8.1,0.0
2024-08-20T03:00:00+02:00,0.0,0.0,9.0,0.0
2024-08-20T04:00:00+02:00,0.0,0.0,9.0,0.0
2024-08-20T05:00:00+02:00,0.0,0.0,18.1,0.0
2024-08-20T06:00:00+02:00,0.0,0.2,23.7,0.0
2024-08-20T07:00:00+02:00,0.0,71.6,14.7,0.0
2024-08-20T08:00:00+02:00,0.0,73.9,6.0,0.0
2024-08-20T09:00:00+02:00,0.0,82.2,2.2,0.0
2024-08-20T10:00:00+02:00,0.0,77.7,0.8,0.0
2024-08-20T11:00:00+02:00,0.0,70.7,0.3,0.0
2024-08-20T12:00:00+02:00,0.0,72.2,0.2,0.0
2024-08-20T13:00:00+02:00,0.0,74.3,3.5,0.0
2024-08-20T14:00:00+02:00,0.0,112.1,0.0,0.0
2024-08-20T15:00:00+02:00,0.0,160.4,0.7,0.0
2024-08-20T16:00:00+02:00,0.0,161.5,2.2,0.0
2024-08-20T17:00:00+02:00,0.0,147.6,12.5,0.0
2024-08-20T18:00:00+02:00,0.0,198.2,25.7,0.0
2024-08-20T19:00:00+02:00,0.0,207.5,15.2,0.0
2024-08-20T20:00:00+02:00,0.0,198.1,22.7,0.0
2024-08-20T21:00:00+02:00,0.0,200.6,3.0,0.0
2024-08-20T22:00:00+02:00,0.0,89.4,0.7,0.0
2024-08-20T23:00:00+02:00,0.0,73.1,2.1,0.0
2024-08-21T00:00:00+02:00,0.0,0.6,0.0,0.0
2024-08-21T01:00:00+02:00,0.0,0.0,0.6,0.0
2024-08-21T02:00:00+02:00,0.0,0.0,1.2,0.0
2024-08-21T03:00:00+02:00,0.0,0.0,0.1,0.0
2024-08-21T04:00:00+02:00,0.0,0.0,2.4,0.0
2024-08-21T05:00:00+02:00,0.0,0.0,6.2,0.0
2024-08-21T06:00:00+02:00,0.0,0.3,5.3,0.0
2024-08-21T07:00:00+02:00,0.0,78.4,4.5,0.0
2024-08-21T08:00:00+02:00,0.0,84.9,5.1,0.0
2024-08-21T09:00:00+02:00,0.0,87.0,2.8,0.0
2024-08-21T10:00:00+02:00,0.0,0.5,2.7,0.0
2024-08-21T11:00:00+02:00,0.0,0.0,1.3,0.0
2024-08-21T12:00:00+02:00,0.0,0.0,1.8,0.0
2024-08-21T13:00:00+02:00,0.0,0.0,6.1,0.0
2024-08-21T14:00:00+02:00,0.0,0.3,15.4,0.0
2024-08-21T15:00:00+02:00,0.0,107.9,28.0,0.0
2024-08-21T16:00:00+02:00,0.0,106.1,28.6,0.0
2024-08-21T17:00:00+02:00,0.0,98.7,33.8,0.0
2024-08-21T18:00:00+02:00,0.0,217.1,25.2,0.0
2024-08-21T19:00:00+02:00,0.0,216.4,17.0,0.0
2024-08-21T20:00:00+02:00,0.0,224.9,16.2,0.0
2024-08-21T21:00:00+02:00,0.0,182.9,12.5,0.0
2024-08-21T22:00:00+02:00,0.0,92.8,12.3,0.0
2024-08-21T23:00:00+02:00,0.0,92.0,24.5,0.0
2024-08-22T00:00:00+02:00,0.0,0.6,40.3,0.0
2024-08-22T01:00:00+02:00,0.0,0.0,59.4,0.0
2024-08-22T02:00:00+02:00,0.0,0.0,52.3,0.0
2024-08-22T03:00:00+02:00,0.0,0.0,52.8,0.0
2024-08-22T04:00:00+02:00,0.0,0.0,38.4,0.0
2024-08-22T05:00:00+02:00,0.0,0.0,26.4,0.0
2024-08-22T06:00:00+02:00,0.0,0.0,26.8,0.0
2024-08-22T07:00:00+02:00,0.0,0.2,45.2,0.0
2024-08-22T08:00:00+02:00,0.0,71.0,43.3,0.0
2024-08-22T09:00:00+02:00,0.0,70.3,38.1,0.0
2024-08-22T10:00:00+02:00,0.0,70.7,21.6,0.0
2024-08-22T11:00:00+02:00,0.0,70.7,15.8,0.0
2024-08-22T12:00:00+02:00,0.0,71.6,11.3,0.0
2024-08-22T13:00:00+02:00,0.0,72.3,4.2,0.0
2024-08-22T14:00:00+02:00,0.0,106.0,1.9,0.0
2024-08-22T15:00:00+02:00,0.0,142.7,7.3,0.0
2024-08-22T16:00:00+02:00,0.0,166.2,22.1,0.0
2024-08-22T17:00:00+02:00,0.0,178.6,25.6,0.0
2024-08-22T18:00:00+02:00,0.0,201.4,14.9,0.0
2024-08-22T19:00:00+02:00,0.0,208.7,10.8,0.0
2024-08-22T20:00:00+02:00,0.0,212.4,11.7,0.0
2024-08-22T21:00:00+02:00,0.0,199.9,16.0,0.0
2024-08-22T22:00:00+02:00,0.0,141.8,23.7,0.0
2024-08-22T23:00:00+02:00,0.0,75.6,43.6,0.0
2024-08-23T00:00:00+02:00,0.0,71.5,43.6,0.0
2024-08-23T01:00:00+02:00,0.0,0.6,42.6,0.0
2024-08-23T02:00:00+02:00,0.0,0.0,43.6,0.0
2024-08-23T03:00:00+02:00,0.0,0.0,34.6,0.0
2024-08-23T04:00:00+02:00,0.0,0.0,32.5,0.0
2024-08-23T05:00:00+02:00,0.0,0.0,17.2,0.0
2024-08-23T06:00:00+02:00,0.0,0.2,10.0,0.0
2024-08-23T07:00:00+02:00,0.0,71.5,7.2,0.0
2024-08-23T08:00:00+02:00,0.0,80.4,8.9,0.0
2024-08-23T09:00:00+02:00,0.0,73.6,7.1,0.0
2024-08-23T10:00:00+02:00,0.0,70.2,6.8,0.0
2024-08-23T11:00:00+02:00,0.0,73.4,1.2,0.0
2024-08-23T12:00:00+02:00,0.0,79.5,0.0,0.0
2024-08-23T13:00:00+02:00,0.0,88.5,0.1,0.0
2024-08-23T14:00:00+02:00,0.0,104.0,2.4,0.0
2024-08-23T15:00:00+02:00,0.0,194.7,10.4,0.0
2024-08-23T16:00:00+02:00,0.0,185.8,14.3,0.0
2024-08-23T17:00:00+02:00,0.0,187.5,14.3,0.0
2024-08-23T18:00:00+02:00,0.0,202.0,17.0,0.0
2024-08-23T19:00:00+02:00,0.0,201.8,14.8,0.0
2024-08-23T20:00:00+02:00,0.0,207.8,6.5,0.0
2024-08-23T21:00:00+02:00,0.0,195.4,1.9,0.0
2024-08-23T22:00:00+02:00,0.0,151.7,0.5,0.0
2024-08-23T23:00:00+02:00,0.0,106.3,0.0,0.0
2024-08-24T00:00:00+02:00,0.0,74.2,0.0,0.0
2024-08-24T01:00:00+02:00,0.0,73.5,0.0,0.0
2024-08-24T02:00:00+02:00,0.0,0.5,0.0,0.0
2024-08-24T03:00:00+02:00,0.0,0.0,0.0,0.0
2024-08-24T04:00:00+02:00,0.0,0.0,0.0,0.0
2024-08-24T05:00:00+02:00,0.0,0.0,0.0,0.0
2024-08-24T06:00:00+02:00,0.0,0.3,0.1,0.0
2024-08-24T07:00:00+02:00,0.0,72.2,0.1,0.0
2024-08-24T08:00:00+02:00,0.0,84.4,0.1,0.0
2024-08-24T09:00:00+02:00,0.0,69.7,0.1,0.0
2024-08-24T10:00:00+02:00,0.0,0.1,0.5,0.0
2024-08-24T11:00:00+02:00,0.0,0.0,0.0,0.0
2024-08-24T12:00:00+02:00,0.0,0.0,0.0,0.0
2024-08-24T13:00:00+02:00,0.0,0.0,2.5,0.0
2024-08-24T14:00:00+02:00,0.0,0.0,6.5,0.0
2024-08-24T15:00:00+02:00,0.0,0.6,7.7,0.0
2024-08-24T16:00:00+02:00,0.0,162.4,9.3,0.0
2024-08-24T17:00:00+02:00,0.0,183.1,11.2,0.0
2024-08-24T18:00:00+02:00,0.0,206.0,12.7,0.0
2024-08-24T19:00:00+02:00,0.0,196.9,18.6,0.0
2024-08-24T20:00:00+02:00,0.0,207.8,13.8,0.0
2024-08-24T21:00:00+02:00,0.0,197.4,2.2,0.0
2024-08-24T22:00:00+02:00,0.0,153.9,2.7,0.0
2024-08-24T23:00:00+02:00,0.0,100.2,19.2,0.0
2024-08-25T00:00:00+02:00,0.0,71.3,19.2,0.0
2024-08-25T01:00:00+02:00,0.0,72.6,21.7,0.0
2024-08-25T02:00:00+02:00,0.0,0.5,11.1,0.0
2024-08-25T03:00:00+02:00,0.0,0.0,3.8,0.0
2024-08-25T04:00:00+02:00,0.0,0.0,5.8,0.0
2024-08-25T05:00:00+02:00,0.0,0.0,13.0,0.0
2024-08-25T06:00:00+02:00,0.0,0.0,12.7,0.0
2024-08-25T07:00:00+02:00,0.0,0.0,9.6,0.0
2024-08-25T08:00:00+02:00,0.0,0.0,8.6,0.0
2024-08-25T09:00:00+02:00,0.0,0.0,11.4,0.0
2024-08-25T10:00:00+02:00,0.0,0.0,17.5,0.0
2024-08-25T11:00:00+02:00,0.0,0.0,20.5,0.0
2024-08-25T12:00:00+02:00,0.0,0.0,17.2,0.0
2024-08-25T13:00:00+02:00,0.0,0.0,9.2,0.0
2024-08-25T14:00:00+02:00,0.0,0.0,14.9,0.0
2024-08-25T15:00:00+02:00,0.0,0.7,23.2,0.0
2024-08-25T16:00:00+02:00,0.0,144.5,28.7,0.0
2024-08-25T17:00:00+02:00,0.0,144.9,48.9,0.0
2024-08-25T18:00:00+02:00,0.0,143.5,56.6,0.0
2024-08-25T19:00:00+02:00,0.0,190.3,49.9,0.0
2024-08-25T20:00:00+02:00,0.0,207.4,26.4,0.0
2024-08-25T21:00:00+02:00,0.0,162.5,15.1,0.0
2024-08-25T22:00:00+02:00,0.0,108.5,24.8,0.0
2024-08-25T23:00:00+02:00,0.0,76.3,52.5,0.0
2024-08-26T00:00:00+02:00,0.0,0.5,53.5,0.0
2024-08-26T01:00:00+02:00,0.0,0.0,45.3,0.0
2024-08-26T02:00:00+02:00,0.0,0.0,34.2,0.0
2024-08-26T03:00:00+02:00,0.0,0.0,42.0,0.0
2024-08-26T04:00:00+02:00,0.0,0.0,45.7,0.0
2024-08-26T05:00:00+02:00,0.0,0.0,53.7,0.0
2024-08-26T06:00:00+02:00,0.0,0.0,78.8,0.0
2024-08-26T07:00:00+02:00,0.0,0.3,65.0,0.0
2024-08-26T08:00:00+02:00,0.0,87.4,58.1,0.0
2024-08-26T09:00:00+02:00,0.0,73.6,66.7,0.0
2024-08-26T10:00:00+02:00,0.0,77.5,74.0,0.0
2024-08-26T11:00:00+02:00,0.0,100.6,71.6,0.0
2024-08-26T12:00:00+02:00,0.0,139.9,75.4,0.0
2024-08-26T13:00:00+02:00,0.0,160.9,28.6,0.0
2024-08-26T14:00:00+02:00,0.0,215.6,13.1,0.0
2024-08-26T15:00:00+02:00,0.0,192.9,23.8,0.0
2024-08-26T16:00:00+02:00,0.0,184.2,23.9,0.0
2024-08-26T17:00:00+02:00,0.0,212.8,32.4,0.0
2024-08-26T18:00:00+02:00,0.0,210.4,32.1,0.0
2024-08-26T19:00:00+02:00,0.0,225.6,30.4,0.0
2024-08-26T20:00:00+02:00,0.0,216.6,51.8,0.0
2024-08-26T21:00:00+02:00,0.0,206.4,68.0,0.0
2024-08-26T22:00:00+02:00,0.0,151.5,24.6,0.0
2024-08-26T23:00:00+02:00,0.0,103.7,20.1,0.0
2024-08-27T00:00:00+02:00,0.0,77.0,6.3,0.0
2024-08-27T01:00:00+02:00,0.0,0.5,11.5,0.0
2024-08-27T02:00:00+02:00,0.0,0.0,13.2,0.0
2024-08-27T03:00:00+02:00,0.0,0.0,8.9,0.0
2024-08-27T04:00:00+02:00,0.0,0.0,19.4,0.0
2024-08-27T05:00:00+02:00,0.0,0.0,37.6,0.0
2024-08-27T06:00:00+02:00,0.0,0.3,43.2,0.0
2024-08-27T07:00:00+02:00,0.0,81.1,23.2,0.0
2024-08-27T08:00:00+02:00,0.0,85.0,19.5,0.0
2024-08-27T09:00:00+02:00,0.0,84.9,23.1,0.0
2024-08-27T10:00:00+02:00,0.0,76.5,32.7,0.0
2024-08-27T11:00:00+02:00,0.0,73.1,36.2,0.0
2024-08-27T12:00:00+02:00,0.0,91.9,39.2,0.0
2024-08-27T13:00:00+02:00,0.0,96.5,37.3,0.0
2024-08-27T14:00:00+02:00,0.0,112.9,22.7,0.0
2024-08-27T15:00:00+02:00,0.0,219.8,26.6,0.0
2024-08-27T16:00:00+02:00,0.0,224.6,21.7,0.0
2024-08-27T17:00:00+02:00,0.0,216.7,37.2,0.0
2024-08-27T18:00:00+02:00,0.0,218.5,27.0,0.0
2024-08-27T19:00:00+02:00,0.0,222.6,31.0,0.0
2024-08-27T20:00:00+02:00,0.0,214.3,25.8,0.0
2024-08-27T21:00:00+02:00,0.0,200.3,44.4,0.0
2024-08-27T22:00:00+02:00,0.0,110.0,46.5,0.0
2024-08-27T23:00:00+02:00,0.0,81.4,42.8,0.0
2024-08-28T00:00:00+02:00,0.0,75.7,26.3,0.0
2024-08-28T01:00:00+02:00,0.0,0.6,33.2,0.0
2024-08-28T02:00:00+02:00,0.0,0.0,37.5,0.0
2024-08-28T03:00:00+02:00,0.0,0.0,45.0,0.0
2024-08-28T04:00:00+02:00,0.0,0.0,56.7,0.0
2024-08-28T05:00:00+02:00,0.0,0.0,55.4,0.0
2024-08-28T06:00:00+02:00,0.0,0.2,38.2,0.0
2024-08-28T07:00:00+02:00,0.0,71.6,51.1,0.0
2024-08-28T08:00:00+02:00,0.0,73.6,46.5,0.0
2024-08-28T09:00:00+02:00,0.0,85.1,41.2,0.0
2024-08-28T10:00:00+02:00,0.0,70.5,38.1,0.0
2024-08-28T11:00:00+02:00,0.0,71.8,18.8,0.0
2024-08-28T12:00:00+02:00,0.0,150.5,12.5,0.0
2024-08-28T13:00:00+02:00,0.0,161.9,17.7,0.0
2024-08-28T14:00:00+02:00,0.0,166.4,24.6,0.0
2024-08-28T15:00:00+02:00,0.0,178.3,35.6,0.0
2024-08-28T16:00:00+02:00,0.0,177.1,38.7,0.0
2024-08-28T17:00:00+02:00,0.0,161.9,40.5,0.0
2024-08-28T18:00:00+02:00,0.0,168.7,16.2,0.0
2024-08-28T19:00:00+02:00,0.0,216.2,16.9,0.0
2024-08-28T20:00:00+02:00,0.0,185.7,11.3,0.0
2024-08-28T21:00:00+02:00,0.0,176.3,21.0,0.0
2024-08-28T22:00:00+02:00,0.0,140.4,32.2,0.0
2024-08-28T23:00:00+02:00,0.0,82.3,7.3,0.0
2024-08-29T00:00:00+02:00,0.0,70.6,5.8,0.0
2024-08-29T01:00:00+02:00,0.0,70.6,4.6,0.0
2024-08-29T02:00:00+02:00,0.0,0.7,14.3,0.0
2024-08-29T03:00:00+02:00,0.0,0.0,22.4,0.0
2024-08-29T04:00:00+02:00,0.0,0.0,20.4,0.0
2024-08-29T05:00:00+02:00,0.0,0.0,9.2,0.0
2024-08-29T06:00:00+02:00,0.0,0.2,16.2,0.0
2024-08-29T07:00:00+02:00,0.0,70.7,22.0,0.0
2024-08-29T08:00:00+02:00,0.0,71.8,25.2,0.0
2024-08-29T09:00:00+02:00,0.0,88.6,24.2,0.0
2024-08-29T10:00:00+02:00,0.0,71.6,33.4,0.0
2024-08-29T11:00:00+02:00,0.0,75.1,33.4,0.0
2024-08-29T12:00:00+02:00,0.0,101.7,18.4,0.0
2024-08-29T13:00:00+02:00,0.0,141.0,20.2,0.0
2024-08-29T14:00:00+02:00,0.0,144.4,21.0,0.0
2024-08-29T15:00:00+02:00,0.0,146.7,30.5,0.0
2024-08-29T16:00:00+02:00,0.0,148.7,32.9,0.0
2024-08-29T17:00:00+02:00,0.0,162.1,28.8,0.0
2024-08-29T18:00:00+02:00,0.0,190.6,24.3,0.0
2024-08-29T19:00:00+02:00,0.0,213.2,16.6,0.0
2024-08-29T20:00:00+02:00,0.0,202.5,20.1,0.0
2024-08-29T21:00:00+02:00,0.0,175.0,30.6,0.0
2024-08-29T22:00:00+02:00,0.0,140.4,38.2,0.0
2024-08-29T23:00:00+02:00,0.0,79.2,25.0,0.0
2024-08-30T00:00:00+02:00,0.0,70.4,30.1,0.0
2024-08-30T01:00:00+02:00,0.0,0.7,35.2,0.0
2024-08-30T02:00:00+02:00,0.0,0.0,35.0,0.0
2024-08-30T03:00:00+02:00,0.0,0.0,26.9,0.0
2024-08-30T04:00:00+02:00,0.0,0.0,30.9,0.0
2024-08-30T05:00:00+02:00,0.0,0.0,44.9,0.0
2024-08-30T06:00:00+02:00,0.0,0.2,36.6,0.0
2024-08-30T07:00:00+02:00,0.0,70.6,47.4,0.0
2024-08-30T08:00:00+02:00,0.0,70.4,46.4,0.0
2024-08-30T09:00:00+02:00,0.0,70.6,45.6,0.0
2024-08-30T10:00:00+02:00,0.0,70.3,60.8,0.0
2024-08-30T11:00:00+02:00,0.0,70.4,49.2,0.0
2024-08-30T12:00:00+02:00,0.0,71.0,29.6,0.0
2024-08-30T13:00:00+02:00,0.0,81.6,27.0,0.0
2024-08-30T14:00:00+02:00,0.0,75.2,43.0,0.0
2024-08-30T15:00:00+02:00,0.0,141.2,63.8,0.0
2024-08-30T16:00:00+02:00,0.0,141.3,66.8,0.0
2024-08-30T17:00:00+02:00,0.0,176.0,34.3,0.0
2024-08-30T18:00:00+02:00,0.0,225.5,25.6,0.0
2024-08-30T19:00:00+02:00,0.0,225.8,39.3,0.0
2024-08-30T20:00:00+02:00,0.0,225.7,76.0,0.0
2024-08-30T21:00:00+02:00,0.0,148.5,94.1,0.0
2024-08-30T22:00:00+02:00,0.0,76.9,101.0,0.0
2024-08-30T23:00:00+02:00,0.0,71.2,76.8,0.0
2024-08-31T00:00:00+02:00,0.0,0.5,54.4,0.0
2024-08-31T01:00:00+02:00,0.0,0.0,43.1,0.0
2024-08-31T02:00:00+02:00,0.0,0.0,46.6,0.0
2024-08-31T03:00:00+02:00,0.0,0.0,43.9,0.0
2024-08-31T04:00:00+02:00,0.0,0.0,52.8,0.0
2024-08-31T05:00:00+02:00,0.0,0.0,75.9,0.0
2024-08-31T06:00:00+02:00,0.0,0.0,51.2,0.0
2024-08-31T07:00:00+02:00,0.0,0.0,51.4,0.0
2024-08-31T08:00:00+02:00,0.0,0.0,32.5,0.0
2024-08-31T09:00:00+02:00,0.0,0.0,43.4,0.0
2024-08-31T10:00:00+02:00,0.0,0.0,50.8,0.0
2024-08-31T11:00:00+02:00,0.0,0.0,53.4,0.0
2024-08-31T12:00:00+02:00,0.0,0.0,44.2,0.0
2024-08-31T13:00:00+02:00,0.0,0.0,37.1,0.0
2024-08-31T14:00:00+02:00,0.0,0.0,47.5,0.0
2024-08-31T15:00:00+02:00,0.0,0.3,38.8,0.0
2024-08-31T16:00:00+02:00,0.0,71.6,50.6,0.0
2024-08-31T17:00:00+02:00,0.0,103.8,50.5,0.0
2024-08-31T18:00:00+02:00,0.0,151.6,35.8,0.0
2024-08-31T19:00:00+02:00,0.0,197.4,41.9,0.0
2024-08-31T20:00:00+02:00,0.0,197.2,37.7,0.0
2024-08-31T21:00:00+02:00,0.0,143.6,35.9,0.0
2024-08-31T22:00:00+02:00,0.0,72.0,43.8,0.0
2024-08-31T23:00:00+02:00,0.0,70.2,53.2,0.0
2024-09-01T00:00:00+02:00,0.0,71.0,60.6,0.0
2024-09-01T01:00:00+02:00,0.0,70.3,62.6,0.0
2024-09-01T02:00:00+02:00,0.0,0.5,59.4,0.0
2024-09-01T03:00:00+02:00,0.0,0.0,34.1,0.0
2024-09-01T04:00:00+02:00,0.0,0.0,34.3,0.0
2024-09-01T05:00:00+02:00,0.0,0.0,26.2,0.0
2024-09-01T06:00:00+02:00,0.0,0.3,34.5,0.0
2024-09-01T07:00:00+02:00,0.0,73.0,29.9,0.0
2024-09-01T08:00:00+02:00,0.0,76.6,18.5,0.0
2024-09-01T09:00:00+02:00,0.0,72.3,25.1,0.0
2024-09-01T10:00:00+02:00,0.0,86.0,30.5,0.0
2024-09-01T11:00:00+02:00,0.0,70.1,28.7,0.0
2024-09-01T12:00:00+02:00,0.0,71.0,28.8,0.0
2024-09-01T13:00:00+02:00,0.0,80.0,18.7,0.0
2024-09-01T14:00:00+02:00,0.0,80.0,18.3,0.0
2024-09-01T15:00:00+02:00,0.0,99.7,17.9,0.0
2024-09-01T16:00:00+02:00,0.0,112.0,26.0,0.0
2024-09-01T17:00:00+02:00,0.0,147.3,50.4,0.0
2024-09-01T18:00:00+02:00,0.0,156.2,62.7,0.0
2024-09-01T19:00:00+02:00,0.0,172.4,68.2,0.0
2024-09-01T20:00:00+02:00,0.0,180.2,55.0,0.0
2024-09-01T21:00:00+02:00,0.0,167.5,30.2,0.0
2024-09-01T22:00:00+02:00,0.0,145.3,13.7,0.0
2024-09-01T23:00:00+02:00,0.0,103.2,20.6,0.0
2024-09-02T00:00:00+02:00,0.0,73.5,25.9,0.0
2024-09-02T01:00:00+02:00,0.0,70.4,24.6,0.0
2024-09-02T02:00:00+02:00,0.0,0.3,16.7,0.0
2024-09-02T03:00:00+02:00,0.0,0.0,10.6,0.0
2024-09-02T04:00:00+02:00,0.0,0.0,6.1,0.0
2024-09-02T05:00:00+02:00,0.0,0.3,16.5,0.0
2024-09-02T06:00:00+02:00,0.0,73.6,13.3,0.0
2024-09-02T07:00:00+02:00,0.0,154.6,6.0,0.0
2024-09-02T08:00:00+02:00,0.0,99.8,2.8,0.0
2024-09-02T09:00:00+02:00,0.0,72.3,4.1,0.0
2024-09-02T10:00:00+02:00,0.0,0.7,2.2,0.0
2024-09-02T11:00:00+02:00,0.0,7.2,0.5,0.0
2024-09-02T12:00:00+02:00,0.0,0.2,0.1,0.0
2024-09-02T13:00:00+02:00,0.0,90.8,0.0,0.0
2024-09-02T14:00:00+02:00,0.0,145.6,3.3,0.0
2024-09-02T15:00:00+02:00,0.0,152.5,6.5,0.0
2024-09-02T16:00:00+02:00,0.0,156.2,9.0,0.0
2024-09-02T17:00:00+02:00,0.0,221.7,9.8,0.0
2024-09-02T18:00:00+02:00,0.0,219.9,14.1,0.0
2024-09-02T19:00:00+02:00,0.0,225.6,11.1,0.0
2024-09-02T20:00:00+02:00,0.0,225.7,4.1,0.0
2024-09-02T21:00:00+02:00,0.0,212.2,0.0,0.0
2024-09-02T22:00:00+02:00,0.0,112.7,0.0,0.0
2024-09-02T23:00:00+02:00,0.0,102.0,0.0,0.0
2024-09-03T00:00:00+02:00,0.0,82.1,0.0,0.0
2024-09-03T01:00:00+02:00,0.0,70.6,0.0,0.0
2024-09-03T02:00:00+02:00,0.0,0.5,0.2,0.0
2024-09-03T03:00:00+02:00,0.0,0.0,0.0,0.0
2024-09-03T04:00:00+02:00,0.0,0.0,0.0,0.0
2024-09-03T05:00:00+02:00,0.0,0.3,0.1,0.0
2024-09-03T06:00:00+02:00,0.0,71.7,2.3,0.0
2024-09-03T07:00:00+02:00,0.0,88.7,1.1,0.0
2024-09-03T08:00:00+02:00,0.0,144.3,0.5,0.0
2024-09-03T09:00:00+02:00,0.0,147.2,0.4,0.0
2024-09-03T10:00:00+02:00,0.0,71.0,0.9,0.0
2024-09-03T11:00:00+02:00,0.0,70.4,2.3,0.0
2024-09-03T12:00:00+02:00,0.0,0.5,1.9,0.0
2024-09-03T13:00:00+02:00,0.0,0.3,1.9,0.0
2024-09-03T14:00:00+02:00,0.0,70.5,3.9,0.0
2024-09-03T15:00:00+02:00,0.0,74.8,2.6,0.0
2024-09-03T16:00:00+02:00,0.0,216.3,2.4,0.0
2024-09-03T17:00:00+02:00,0.0,226.3,5.7,0.0
2024-09-03T18:00:00+02:00,0.0,225.8,6.8,0.0
2024-09-03T19:00:00+02:00,0.0,225.9,7.4,0.0
2024-09-03T20:00:00+02:00,0.0,225.8,6.1,0.0
2024-09-03T21:00:00+02:00,0.0,225.7,2.4,0.0
2024-09-03T22:00:00+02:00,0.0,210.7,0.8,0.0
2024-09-03T23:00:00+02:00,0.0,141.7,1.9,0.0
2024-09-04T00:00:00+02:00,0.0,79.7,0.6,0.0
2024-09-04T01:00:00+02:00,0.0,0.6,0.0,0.0
2024-09-04T02:00:00+02:00,0.0,0.0,0.0,0.0
2024-09-04T03:00:00+02:00,0.0,0.0,0.0,0.0
2024-09-04T04:00:00+02:00,0.0,0.0,0.1,0.0
2024-09-04T05:00:00+02:00,0.0,0.3,0.1,0.0
2024-09-04T06:00:00+02:00,0.0,74.9,0.0,0.0
2024-09-04T07:00:00+02:00,0.0,149.4,0.0,0.0
2024-09-04T08:00:00+02:00,0.0,141.1,0.0,0.0
2024-09-04T09:00:00+02:00,0.0,142.8,0.0,0.0
2024-09-04T10:00:00+02:00,0.0,1.0,0.0,0.0
2024-09-04T11:00:00+02:00,0.0,0.0,0.0,0.0
2024-09-04T12:00:00+02:00,0.0,0.0,2.7,0.0
2024-09-04T13:00:00+02:00,0.0,0.0,5.6,0.0
2024-09-04T14:00:00+02:00,0.0,1.0,6.8,0.0
2024-09-04T15:00:00+02:00,0.0,212.9,3.4,0.0
2024-09-04T16:00:00+02:00,0.0,219.0,6.3,0.0
2024-09-04T17:00:00+02:00,0.0,219.5,7.7,0.0
2024-09-04T18:00:00+02:00,0.0,222.9,8.6,0.0
2024-09-04T19:00:00+02:00,0.0,223.9,1.2,0.0
2024-09-04T20:00:00+02:00,0.0,222.4,0.0,0.0
2024-09-04T21:00:00+02:00,0.0,219.3,0.0,0.0
2024-09-04T22:00:00+02:00,0.0,156.2,0.0,0.0
2024-09-04T23:00:00+02:00,0.0,145.3,0.4,0.0
2024-09-05T00:00:00+02:00,0.0,1.1,0.8,0.0
2024-09-05T01:00:00+02:00,0.0,0.0,0.0,0.0
2024-09-05T02:00:00+02:00,0.0,0.0,0.0,0.0
2024-09-05T03:00:00+02:00,0.0,0.0,0.0,0.0
2024-09-05T04:00:00+02:00,0.0,0.0,0.5,0.0
2024-09-05T05:00:00+02:00,0.0,0.3,6.3,0.0
2024-09-05T06:00:00+02:00,0.0,71.6,0.8,0.0
2024-09-05T07:00:00+02:00,0.0,81.0,4.6,0.0
2024-09-05T08:00:00+02:00,0.0,143.6,0.2,0.0
2024-09-05T09:00:00+02:00,0.0,1.2,0.0,0.0
2024-09-05T10:00:00+02:00,0.0,0.0,2.3,0.0
2024-09-05T11:00:00+02:00,0.0,0.0,4.5,0.0
2024-09-05T12:00:00+02:00,0.0,0.0,18.4,0.0
2024-09-05T13:00:00+02:00,0.0,0.0,22.3,0.0
2024-09-05T14:00:00+02:00,0.0,0.6,27.8,0.0
2024-09-05T15:00:00+02:00,0.0,140.4,32.3,0.0
2024-09-05T16:00:00+02:00,0.0,189.7,11.7,0.0
2024-09-05T17:00:00+02:00,0.0,196.8,10.1,0.0
2024-09-05T18:00:00+02:00,0.0,225.7,10.9,0.0
2024-09-05T19:00:00+02:00,0.0,225.8,20.9,0.0
2024-09-05T20:00:00+02:00,0.0,225.7,21.0,0.0
2024-09-05T21:00:00+02:00,0.0,178.9,17.5,0.0
2024-09-05T22:00:00+02:00,0.0,141.2,15.3,0.0
2024-09-05T23:00:00+02:00,0.0,102.7,13.8,0.0
2024-09-06T00:00:00+02:00,0.0,0.8,8.2,0.0
2024-09-06T01:00:00+02:00,0.0,0.0,16.7,0.0
2024-09-06T02:00:00+02:00,0.0,0.0,10.4,0.0
2024-09-06T03:00:00+02:00,0.0,0.0,9.7,0.0
2024-09-06T04:00:00+02:00,0.0,0.0,4.3,0.0
2024-09-06T05:00:00+02:00,0.0,0.0,4.6,0.0
2024-09-06T06:00:00+02:00,0.0,0.2,19.0,0.0
2024-09-06T07:00:00+02:00,0.0,71.0,38.2,0.0
2024-09-06T08:00:00+02:00,0.0,77.7,40.5,0.0
2024-09-06T09:00:00+02:00,0.0,0.6,46.7,0.0
2024-09-06T10:00:00+02:00,0.0,0.0,40.1,0.0
2024-09-06T11:00:00+02:00,0.0,0.0,33.9,0.0
2024-09-06T12:00:00+02:00,0.0,0.0,29.1,0.0
2024-09-06T13:00:00+02:00,0.0,0.0,11.6,0.0
2024-09-06T14:00:00+02:00,0.0,0.0,7.0,0.0
2024-09-06T15:00:00+02:00,0.0,0.6,10.5,0.0
2024-09-06T16:00:00+02:00,0.0,177.8,8.7,0.0
2024-09-06T17:00:00+02:00,0.0,167.2,8.9,0.0
2024-09-06T18:00:00+02:00,0.0,225.6,4.4,0.0
2024-09-06T19:00:00+02:00,0.0,225.8,1.2,0.0
2024-09-06T20:00:00+02:00,0.0,225.7,1.1,0.0
2024-09-06T21:00:00+02:00,0.0,162.6,0.3,0.0
2024-09-06T22:00:00+02:00,0.0,142.1,0.7,0.0
2024-09-06T23:00:00+02:00,0.0,72.5,0.0,0.0
2024-09-07T00:00:00+02:00,0.0,0.6,1.0,0.0
2024-09-07T01:00:00+02:00,0.0,0.0,1.6,0.0
2024-09-07T02:00:00+02:00,0.0,0.0,0.3,0.0
2024-09-07T03:00:00+02:00,0.0,0.0,0.3,0.0
2024-09-07T04:00:00+02:00,0.0,0.0,0.1,0.0
2024-09-07T05:00:00+02:00,0.0,0.0,0.0,0.0
2024-09-07T06:00:00+02:00,0.0,0.0,3.1,0.0
2024-09-07T07:00:00+02:00,0.0,0.0,0.4,0.0
2024-09-07T08:00:00+02:00,0.0,0.0,0.0,0.0
2024-09-07T09:00:00+02:00,0.0,0.0,0.1,0.0
2024-09-07T10:00:00+02:00,0.0,0.0,2.1,0.0
2024-09-07T11:00:00+02:00,0.0,0.0,0.1,0.0
2024-09-07T12:00:00+02:00,0.0,0.0,0.1,0.0
2024-09-07T13:00:00+02:00,0.0,0.0,0.4,0.0
2024-09-07T14:00:00+02:00,0.0,0.0,2.0,0.0
2024-09-07T15:00:00+02:00,0.0,0.0,6.2,0.0
2024-09-07T16:00:00+02:00,0.0,0.3,14.5,0.0
2024-09-07T17:00:00+02:00,0.0,74.2,34.6,0.0
2024-09-07T18:00:00+02:00,0.0,143.0,43.8,0.0
2024-09-07T19:00:00+02:00,0.0,196.1,38.8,0.0
2024-09-07T20:00:00+02:00,0.0,195.9,34.7,0.0
2024-09-07T21:00:00+02:00,0.0,146.8,28.5,0.0
2024-09-07T22:00:00+02:00,0.0,140.3,8.4,0.0
2024-09-07T23:00:00+02:00,0.0,1.1,1.5,0.0
2024-09-08T00:00:00+02:00,0.0,0.0,2.1,0.0
2024-09-08T01:00:00+02:00,0.0,0.0,2.7,0.0
2024-09-08T02:00:00+02:00,0.0,0.0,2.3,0.0
2024-09-08T03:00:00+02:00,0.0,0.0,1.3,0.0
2024-09-08T04:00:00+02:00,0.0,0.0,1.2,0.0
2024-09-08T05:00:00+02:00,0.0,0.0,1.6,0.0
2024-09-08T06:00:00+02:00,0.0,0.0,0.8,0.0
2024-09-08T07:00:00+02:00,0.0,0.0,0.0,0.0
2024-09-08T08:00:00+02:00,0.0,0.0,0.0,0.0
2024-09-08T09:00:00+02:00,0.0,0.0,0.0,0.0
2024-09-08T10:00:00+02:00,0.0,0.0,0.0,0.0
2024-09-08T11:00:00+02:00,0.0,0.0,0.0,0.0
2024-09-08T12:00:00+02:00,0.0,0.0,2.6,0.0
2024-09-08T13:00:00+02:00,0.0,0.0,13.3,0.0
2024-09-08T14:00:00+02:00,0.0,0.0,2.7,0.0
2024-09-08T15:00:00+02:00,0.0,0.0,16.2,0.0
2024-09-08T16:00:00+02:00,0.0,0.3,23.2,0.0
2024-09-08T17:00:00+02:00,0.0,71.0,28.1,0.0
2024-09-08T18:00:00+02:00,0.0,163.2,2.2,0.0
2024-09-08T19:00:00+02:00,0.0,188.2,1.2,0.0
2024-09-08T20:00:00+02:00,0.0,185.0,1.9,0.0
2024-09-08T21:00:00+02:00,0.0,169.4,1.2,0.0
2024-09-08T22:00:00+02:00,0.0,141.9,1.6,0.0
2024-09-08T23:00:00+02:00,0.0,1.0,12.1,0.0
2024-09-09T00:00:00+02:00,0.0,0.0,18.1,0.0
2024-09-09T01:00:00+02:00,0.0,0.0,19.5,0.0
2024-09-09T02:00:00+02:00,0.0,0.0,20.9,0.0
2024-09-09T03:00:00+02:00,0.0,0.0,19.3,0.0
2024-09-09T04:00:00+02:00,0.0,0.0,24.9,0.0
2024-09-09T05:00:00+02:00,0.0,0.0,32.1,0.0
2024-09-09T06:00:00+02:00,0.0,0.0,41.6,0.0
2024-09-09T07:00:00+02:00,0.0,0.3,51.5,0.0
2024-09-09T08:00:00+02:00,0.0,70.6,61.4,0.0
2024-09-09T09:00:00+02:00,0.0,70.2,69.6,0.0
2024-09-09T10:00:00+02:00,0.0,75.1,82.2,0.0
2024-09-09T11:00:00+02:00,0.0,0.2,97.8,0.0
2024-09-09T12:00:00+02:00,0.0,0.0,94.3,0.0
2024-09-09T13:00:00+02:00,0.0,0.3,109.6,0.0
2024-09-09T14:00:00+02:00,0.0,74.0,81.0,0.0
2024-09-09T15:00:00+02:00,0.0,70.3,102.6,0.0
2024-09-09T16:00:00+02:00,0.0,70.2,83.0,0.0
2024-09-09T17:00:00+02:00,0.0,71.2,63.6,0.0
2024-09-09T18:00:00+02:00,0.0,195.8,65.1,0.0
2024-09-09T19:00:00+02:00,0.0,196.3,59.4,0.0
2024-09-09T20:00:00+02:00,0.0,148.3,83.1,0.0
2024-09-09T21:00:00+02:00,0.0,71.0,56.1,0.0
2024-09-09T22:00:00+02:00,0.0,70.4,49.4,0.0
2024-09-09T23:00:00+02:00,0.0,0.6,74.8,0.0
2024-09-10T00:00:00+02:00,0.0,0.0,86.1,0.0
2024-09-10T01:00:00+02:00,0.0,0.0,79.7,0.0
2024-09-10T02:00:00+02:00,0.0,0.0,47.5,0.0
2024-09-10T03:00:00+02:00,0.0,0.0,40.9,0.0
2024-09-10T04:00:00+02:00,0.0,0.0,47.6,0.0
2024-09-10T05:00:00+02:00,0.0,0.0,63.9,0.0
2024-09-10T06:00:00+02:00,0.0,0.3,34.6,0.0
2024-09-10T07:00:00+02:00,0.0,71.2,61.0,0.0
2024-09-10T08:00:00+02:00,0.0,156.6,83.5,0.0
2024-09-10T09:00:00+02:00,0.0,152.1,87.3,0.0
2024-09-10T10:00:00+02:00,0.0,183.7,68.4,0.0
2024-09-10T11:00:00+02:00,0.0,197.8,65.9,0.0
2024-09-10T12:00:00+02:00,0.0,198.5,65.7,0.0
2024-09-10T13:00:00+02:00,0.0,198.4,66.2,0.0
2024-09-10T14:00:00+02:00,0.0,197.9,65.8,0.0
2024-09-10T15:00:00+02:00,0.0,197.8,59.4,0.0
2024-09-10T16:00:00+02:00,0.0,196.3,57.2,0.0
2024-09-10T17:00:00+02:00,0.0,181.2,48.1,0.0
2024-09-10T18:00:00+02:00,0.0,184.2,65.4,0.0
2024-09-10T19:00:00+02:00,0.0,197.8,90.2,0.0
2024-09-10T20:00:00+02:00,0.0,197.8,88.9,0.0
2024-09-10T21:00:00+02:00,0.0,147.7,92.6,0.0
2024-09-10T22:00:00+02:00,0.0,70.4,85.5,0.0
2024-09-10T23:00:00+02:00,0.0,0.6,78.5,0.0
2024-09-11T00:00:00+02:00,0.0,0.0,66.2,0.0
2024-09-11T01:00:00+02:00,0.0,0.0,68.4,0.0
2024-09-11T02:00:00+02:00,0.0,0.0,63.9,0.0
2024-09-11T03:00:00+02:00,0.0,0.0,71.5,0.0
2024-09-11T04:00:00+02:00,0.0,0.0,62.6,0.0
2024-09-11T05:00:00+02:00,0.0,0.0,42.4,0.0
2024-09-11T06:00:00+02:00,0.0,0.2,46.5,0.0
2024-09-11T07:00:00+02:00,0.0,71.2,41.1,0.0
2024-09-11T08:00:00+02:00,0.0,70.3,28.9,0.0
2024-09-11T09:00:00+02:00,0.0,70.4,21.7,0.0
2024-09-11T10:00:00+02:00,0.0,0.7,16.8,0.0
2024-09-11T11:00:00+02:00,0.0,0.0,9.1,0.0
2024-09-11T12:00:00+02:00,0.0,0.0,5.0,0.0
2024-09-11T13:00:00+02:00,0.0,0.0,5.4,0.0
2024-09-11T14:00:00+02:00,0.0,0.0,7.8,0.0
2024-09-11T15:00:00+02:00,0.0,0.0,9.5,0.0
2024-09-11T16:00:00+02:00,0.0,97.0,14.8,0.0
2024-09-11T17:00:00+02:00,0.0,213.8,16.3,0.0
2024-09-11T18:00:00+02:00,0.0,246.3,4.7,0.0
2024-09-11T19:00:00+02:00,0.0,278.8,4.8,0.0
2024-09-11T20:00:00+02:00,0.0,278.9,3.5,0.0
2024-09-11T21:00:00+02:00,0.0,211.0,0.9,0.0
2024-09-11T22:00:00+02:00,0.0,79.7,0.1,0.0
2024-09-11T23:00:00+02:00,0.0,0.5,0.0,0.0
2024-09-12T00:00:00+02:00,0.0,0.0,0.0,0.0
2024-09-12T01:00:00+02:00,0.0,0.0,0.4,0.0
2024-09-12T02:00:00+02:00,0.0,0.0,4.5,0.0
2024-09-12T03:00:00+02:00,0.0,0.0,5.1,0.0
2024-09-12T04:00:00+02:00,0.0,0.0,5.4,0.0
2024-09-12T05:00:00+02:00,0.0,0.0,11.0,0.0
2024-09-12T06:00:00+02:00,0.0,0.6,15.3,0.0
2024-09-12T07:00:00+02:00,0.0,32.3,13.9,0.0
2024-09-12T08:00:00+02:00,0.0,58.7,15.8,0.0
2024-09-12T09:00:00+02:00,0.0,8.2,16.1,0.0
2024-09-12T10:00:00+02:00,0.0,21.6,19.8,0.0
2024-09-12T11:00:00+02:00,0.0,2.0,20.1,0.0
2024-09-12T12:00:00+02:00,0.0,0.0,28.9,0.0
2024-09-12T13:00:00+02:00,0.0,0.0,52.6,0.0
2024-09-12T14:00:00+02:00,0.0,0.0,64.7,0.0
2024-09-12T15:00:00+02:00,0.0,0.0,69.6,0.0
2024-09-12T16:00:00+02:00,0.0,0.7,84.8,0.0
2024-09-12T17:00:00+02:00,0.0,180.5,87.8,0.0
2024-09-12T18:00:00+02:00,0.0,169.3,75.7,0.0
2024-09-12T19:00:00+02:00,0.0,172.9,80.1,0.0
2024-09-12T20:00:00+02:00,0.0,211.7,56.0,0.0
2024-09-12T21:00:00+02:00,0.0,32.3,54.9,0.0
2024-09-12T22:00:00+02:00,0.0,11.8,62.1,0.0
2024-09-12T23:00:00+02:00,0.0,0.0,68.4,0.0
2024-09-13T00:00:00+02:00,0.0,0.0,102.2,0.0
2024-09-13T01:00:00+02:00,0.0,0.0,108.3,0.0
2024-09-13T02:00:00+02:00,0.0,0.0,113.7,0.0
2024-09-13T03:00:00+02:00,0.0,0.0,108.1,0.0
2024-09-13T04:00:00+02:00,0.0,0.0,110.3,0.0
2024-09-13T05:00:00+02:00,0.0,0.0,70.6,0.0
2024-09-13T06:00:00+02:00,0.0,0.6,72.1,0.0
2024-09-13T07:00:00+02:00,0.0,141.5,69.4,0.0
2024-09-13T08:00:00+02:00,0.0,142.9,65.0,0.0
2024-09-13T09:00:00+02:00,0.0,140.9,55.6,0.0
2024-09-13T10:00:00+02:00,0.0,168.4,50.2,0.0
2024-09-13T11:00:00+02:00,0.0,55.0,88.6,0.0
2024-09-13T12:00:00+02:00,0.0,55.0,110.4,0.0
2024-09-13T13:00:00+02:00,0.0,54.9,105.0,0.0
2024-09-13T14:00:00+02:00,0.0,54.9,96.4,0.0
2024-09-13T15:00:00+02:00,0.0,29.9,70.4,0.0
2024-09-13T16:00:00+02:00,0.0,69.7,68.3,0.0
2024-09-13T17:00:00+02:00,0.0,56.1,58.8,0.0
2024-09-13T18:00:00+02:00,0.0,55.5,89.0,0.0
2024-09-13T19:00:00+02:00,0.0,128.3,88.5,0.0
2024-09-13T20:00:00+02:00,0.0,55.2,69.9,0.0
2024-09-13T21:00:00+02:00,0.0,54.7,54.2,0.0
2024-09-13T22:00:00+02:00,0.0,54.7,106.6,0.0
2024-09-13T23:00:00+02:00,0.0,55.1,112.0,0.0
2024-09-14T00:00:00+02:00,0.0,136.9,112.1,0.0
2024-09-14T01:00:00+02:00,0.0,139.2,94.6,0.0
2024-09-14T02:00:00+02:00,0.0,146.6,61.4,0.0
2024-09-14T03:00:00+02:00,0.0,146.3,50.2,0.0
2024-09-14T04:00:00+02:00,0.0,146.7,37.0,0.0
2024-09-14T05:00:00+02:00,0.0,146.7,28.0,0.0
2024-09-14T06:00:00+02:00,0.0,146.7,28.2,0.0
2024-09-14T07:00:00+02:00,0.0,146.5,29.9,0.0
2024-09-14T08:00:00+02:00,0.0,146.3,20.6,0.0
2024-09-14T09:00:00+02:00,0.0,146.4,31.0,0.0
2024-09-14T10:00:00+02:00,0.0,139.4,53.8,0.0
2024-09-14T11:00:00+02:00,0.0,127.6,54.5,0.0
2024-09-14T12:00:00+02:00,0.0,146.4,53.9,0.0
2024-09-14T13:00:00+02:00,0.0,147.9,49.1,0.0
2024-09-14T14:00:00+02:00,0.0,146.5,52.3,0.0
2024-09-14T15:00:00+02:00,0.0,146.4,61.1,0.0
2024-09-14T16:00:00+02:00,0.0,146.8,64.1,0.0
2024-09-14T17:00:00+02:00,0.0,216.5,62.6,0.0
2024-09-14T18:00:00+02:00,0.0,219.2,41.9,0.0
2024-09-14T19:00:00+02:00,0.0,227.7,37.2,0.0
2024-09-14T20:00:00+02:00,0.0,216.4,40.0,0.0
2024-09-14T21:00:00+02:00,0.0,216.7,20.3,0.0
2024-09-14T22:00:00+02:00,0.0,217.4,3.6,0.0
2024-09-14T23:00:00+02:00,0.0,145.8,2.4,0.0
2024-09-15T00:00:00+02:00,0.0,98.6,0.2,0.0
2024-09-15T01:00:00+02:00,0.0,98.6,3.1,0.0
2024-09-15T02:00:00+02:00,0.0,98.6,4.2,0.0
2024-09-15T03:00:00+02:00,0.0,98.6,5.8,0.0
2024-09-15T04:00:00+02:00,0.0,98.6,5.0,0.0
2024-09-15T05:00:00+02:00,0.0,98.6,6.3,0.0
2024-09-15T06:00:00+02:00,0.0,98.5,11.3,0.0
2024-09-15T07:00:00+02:00,0.0,74.1,6.7,0.0
2024-09-15T08:00:00+02:00,0.0,97.2,10.9,0.0
2024-09-15T09:00:00+02:00,0.0,98.6,9.4,0.0
2024-09-15T10:00:00+02:00,0.0,98.5,4.5,0.0
2024-09-15T11:00:00+02:00,0.0,98.6,12.2,0.0
2024-09-15T12:00:00+02:00,0.0,98.6,11.2,0.0
2024-09-15T13:00:00+02:00,0.0,98.6,24.6,0.0
2024-09-15T14:00:00+02:00,0.0,102.7,20.0,0.0
2024-09-15T15:00:00+02:00,0.0,108.6,23.1,0.0
2024-09-15T16:00:00+02:00,0.0,108.8,21.0,0.0
2024-09-15T17:00:00+02:00,0.0,113.6,21.7,0.0
2024-09-15T18:00:00+02:00,0.0,130.1,18.3,0.0
2024-09-15T19:00:00+02:00,0.0,153.2,13.4,0.0
2024-09-15T20:00:00+02:00,0.0,146.0,6.0,0.0
2024-09-15T21:00:00+02:00,0.0,132.2,0.6,0.0
2024-09-15T22:00:00+02:00,0.0,109.8,0.0,0.0
2024-09-15T23:00:00+02:00,0.0,104.8,3.6,0.0
2024-09-16T00:00:00+02:00,0.0,137.5,6.2,0.0
2024-09-16T01:00:00+02:00,0.0,78.9,6.9,0.0
2024-09-16T02:00:00+02:00,0.0,78.9,8.4,0.0
2024-09-16T03:00:00+02:00,0.0,79.0,13.0,0.0
2024-09-16T04:00:00+02:00,0.0,78.9,8.8,0.0
2024-09-16T05:00:00+02:00,0.0,79.2,5.2,0.0
2024-09-16T06:00:00+02:00,0.0,138.7,4.8,0.0
2024-09-16T07:00:00+02:00,0.0,250.8,7.4,0.0
2024-09-16T08:00:00+02:00,0.0,253.6,2.7,0.0
2024-09-16T09:00:00+02:00,0.0,247.2,0.1,0.0
2024-09-16T10:00:00+02:00,0.0,249.9,0.3,0.0
2024-09-16T11:00:00+02:00,0.0,255.8,1.3,0.0
2024-09-16T12:00:00+02:00,0.0,228.0,5.3,0.0
2024-09-16T13:00:00+02:00,0.0,226.3,18.2,0.0
2024-09-16T14:00:00+02:00,0.0,221.0,22.6,0.0
2024-09-16T15:00:00+02:00,0.0,228.4,15.9,0.0
2024-09-16T16:00:00+02:00,0.0,237.7,17.1,0.0
2024-09-16T17:00:00+02:00,0.0,247.9,9.2,0.0
2024-09-16T18:00:00+02:00,0.0,365.4,5.1,0.0
2024-09-16T19:00:00+02:00,0.0,367.9,3.4,0.0
2024-09-16T20:00:00+02:00,0.0,321.2,0.4,0.0
2024-09-16T21:00:00+02:00,0.0,212.8,0.0,0.0
2024-09-16T22:00:00+02:00,0.0,219.2,0.1,0.0
2024-09-16T23:00:00+02:00,0.0,212.1,0.5,0.0
2024-09-17T00:00:00+02:00,0.0,49.5,1.0,0.0
2024-09-17T01:00:00+02:00,0.0,46.0,10.1,0.0
2024-09-17T02:00:00+02:00,0.0,47.7,13.6,0.0
2024-09-17T03:00:00+02:00,0.0,48.6,15.3,0.0
2024-09-17T04:00:00+02:00,0.0,47.8,24.1,0.0
2024-09-17T05:00:00+02:00,0.0,45.7,29.8,0.0
2024-09-17T06:00:00+02:00,0.0,80.6,34.6,0.0
2024-09-17T07:00:00+02:00,0.0,183.8,43.3,0.0
2024-09-17T08:00:00+02:00,0.0,182.1,43.2,0.0
2024-09-17T09:00:00+02:00,0.0,138.6,42.7,0.0
2024-09-17T10:00:00+02:00,0.0,130.0,34.4,0.0
2024-09-17T11:00:00+02:00,0.0,129.7,32.9,0.0
2024-09-17T12:00:00+02:00,0.0,134.6,25.3,0.0
2024-09-17T13:00:00+02:00,0.0,137.3,17.0,0.0
2024-09-17T14:00:00+02:00,0.0,137.4,18.8,0.0
2024-09-17T15:00:00+02:00,0.0,137.3,22.9,0.0
2024-09-17T16:00:00+02:00,0.0,139.6,28.5,0.0
2024-09-17T17:00:00+02:00,0.0,171.9,42.5,0.0
2024-09-17T18:00:00+02:00,0.0,291.0,50.0,0.0
2024-09-17T19:00:00+02:00,0.0,309.0,54.8,0.0
2024-09-17T20:00:00+02:00,0.0,300.4,55.7,0.0
2024-09-17T21:00:00+02:00,0.0,121.6,54.9,0.0
2024-09-17T22:00:00+02:00,0.0,40.2,61.3,0.0
2024-09-17T23:00:00+02:00,0.0,28.2,69.3,0.0
2024-09-18T00:00:00+02:00,0.0,22.5,66.0,0.0
2024-09-18T01:00:00+02:00,0.0,19.6,65.8,0.0
2024-09-18T02:00:00+02:00,0.0,1.7,63.6,0.0
2024-09-18T03:00:00+02:00,0.0,0.0,60.6,0.0
2024-09-18T04:00:00+02:00,0.0,0.7,58.5,0.0
2024-09-18T05:00:00+02:00,0.0,29.3,57.0,0.0
2024-09-18T06:00:00+02:00,0.0,81.1,59.2,0.0
2024-09-18T07:00:00+02:00,0.0,153.8,59.5,0.0
2024-09-18T08:00:00+02:00,0.0,89.9,61.4,0.0
2024-09-18T09:00:00+02:00,0.0,33.0,56.9,0.0
2024-09-18T10:00:00+02:00,0.0,25.5,54.1,0.0
2024-09-18T11:00:00+02:00,0.0,26.3,50.3,0.0
2024-09-18T12:00:00+02:00,0.0,39.0,52.5,0.0
2024-09-18T13:00:00+02:00,0.0,40.6,52.7,0.0
2024-09-18T14:00:00+02:00,0.0,40.6,52.1,0.0
2024-09-18T15:00:00+02:00,0.0,40.6,46.9,0.0
2024-09-18T16:00:00+02:00,0.0,38.6,43.7,0.0
2024-09-18T17:00:00+02:00,0.0,42.0,45.5,0.0
2024-09-18T18:00:00+02:00,0.0,94.5,52.0,0.0
2024-09-18T19:00:00+02:00,0.0,197.2,54.9,0.0
2024-09-18T20:00:00+02:00,0.0,167.8,53.7,0.0
2024-09-18T21:00:00+02:00,0.0,45.5,49.2,0.0
2024-09-18T22:00:00+02:00,0.0,27.1,50.4,0.0
2024-09-18T23:00:00+02:00,0.0,16.5,51.9,0.0
2024-09-19T00:00:00+02:00,0.0,13.1,50.8,0.0
2024-09-19T01:00:00+02:00,0.0,0.0,47.5,0.0
2024-09-19T02:00:00+02:00,0.0,0.0,46.0,0.0
2024-09-19T03:00:00+02:00,0.0,0.0,46.6,0.0
2024-09-19T04:00:00+02:00,0.0,0.0,45.7,0.0
2024-09-19T05:00:00+02:00,0.0,0.2,45.5,0.0
2024-09-19T06:00:00+02:00,0.0,30.0,45.6,0.0
2024-09-19T07:00:00+02:00,0.0,67.4,45.5,0.0
2024-09-19T08:00:00+02:00,0.0,42.8,45.5,0.0
2024-09-19T09:00:00+02:00,0.0,30.4,49.1,0.0
2024-09-19T10:00:00+02:00,0.0,46.7,46.6,0.0
2024-09-19T11:00:00+02:00,0.0,47.3,31.2,0.0
2024-09-19T12:00:00+02:00,0.0,35.4,32.8,0.0
2024-09-19T13:00:00+02:00,0.0,36.7,13.8,0.0
2024-09-19T14:00:00+02:00,0.0,33.3,21.2,0.0
2024-09-19T15:00:00+02:00,0.0,56.3,32.9,0.0
2024-09-19T16:00:00+02:00,0.0,45.0,27.8,0.0
2024-09-19T17:00:00+02:00,0.0,50.6,34.3,0.0
2024-09-19T18:00:00+02:00,0.0,76.2,34.2,0.0
2024-09-19T19:00:00+02:00,0.0,218.3,36.4,0.0
2024-09-19T20:00:00+02:00,0.0,153.2,37.6,0.0
2024-09-19T21:00:00+02:00,0.0,69.5,30.8,0.0
2024-09-19T22:00:00+02:00,0.0,38.9,38.5,0.0
2024-09-19T23:00:00+02:00,0.0,32.3,18.2,0.0
2024-09-20T00:00:00+02:00,0.0,0.0,18.5,0.0
2024-09-20T01:00:00+02:00,0.0,0.0,22.9,0.0
2024-09-20T02:00:00+02:00,0.0,0.0,31.5,0.0
2024-09-20T03:00:00+02:00,0.0,0.0,38.8,0.0
2024-09-20T04:00:00+02:00,0.0,0.0,36.3,0.0
2024-09-20T05:00:00+02:00,0.0,0.0,36.8,0.0
2024-09-20T06:00:00+02:00,0.0,1.0,37.5,0.0
2024-09-20T07:00:00+02:00,0.0,62.4,24.6,0.0
2024-09-20T08:00:00+02:00,0.0,77.5,0.9,0.0
2024-09-20T09:00:00+02:00,0.0,74.9,6.5,0.0
2024-09-20T10:00:00+02:00,0.0,45.5,33.6,0.0
2024-09-20T11:00:00+02:00,0.0,26.2,42.2,0.0
2024-09-20T12:00:00+02:00,0.0,33.2,40.1,0.0
2024-09-20T13:00:00+02:00,0.0,35.2,21.3,0.0
2024-09-20T14:00:00+02:00,0.0,19.6,7.4,0.0
2024-09-20T15:00:00+02:00,0.0,26.0,4.3,0.0
2024-09-20T16:00:00+02:00,0.0,62.2,5.0,0.0
2024-09-20T17:00:00+02:00,0.0,68.8,2.3,0.0
2024-09-20T18:00:00+02:00,0.0,216.6,19.2,0.0
2024-09-20T19:00:00+02:00,0.0,251.7,41.9,0.0
2024-09-20T20:00:00+02:00,0.0,194.8,52.8,0.0
2024-09-20T21:00:00+02:00,0.0,30.6,64.4,0.0
2024-09-20T22:00:00+02:00,0.0,20.0,63.4,0.0
2024-09-20T23:00:00+02:00,0.0,9.9,69.9,0.0
2024-09-21T00:00:00+02:00,0.0,0.0,71.2,0.0
2024-09-21T01:00:00+02:00,0.0,0.0,68.8,0.0
2024-09-21T02:00:00+02:00,0.0,0.0,59.4,0.0
2024-09-21T03:00:00+02:00,0.0,0.0,58.1,0.0
2024-09-21T04:00:00+02:00,0.0,0.0,56.4,0.0
2024-09-21T05:00:00+02:00,0.0,0.0,40.3,0.0
2024-09-21T06:00:00+02:00,0.0,0.0,37.8,0.0
2024-09-21T07:00:00+02:00,0.0,0.1,42.3,0.0
2024-09-21T08:00:00+02:00,0.0,17.4,48.6,0.0
2024-09-21T09:00:00+02:00,0.0,37.8,31.4,0.0
2024-09-21T10:00:00+02:00,0.0,20.0,25.8,0.0
2024-09-21T11:00:00+02:00,0.0,8.9,28.6,0.0
2024-09-21T12:00:00+02:00,0.0,21.5,18.5,0.0
2024-09-21T13:00:00+02:00,0.0,10.1,18.9,0.0
2024-09-21T14:00:00+02:00,0.0,9.8,18.9,0.0
2024-09-21T15:00:00+02:00,0.0,0.4,14.0,0.0
2024-09-21T16:00:00+02:00,0.0,31.8,15.4,0.0
2024-09-21T17:00:00+02:00,0.0,38.7,12.7,0.0
2024-09-21T18:00:00+02:00,0.0,134.3,16.5,0.0
2024-09-21T19:00:00+02:00,0.0,250.5,27.7,0.0
2024-09-21T20:00:00+02:00,0.0,234.8,30.1,0.0
2024-09-21T21:00:00+02:00,0.0,52.3,33.3,0.0
2024-09-21T22:00:00+02:00,0.0,22.6,52.5,0.0
2024-09-21T23:00:00+02:00,0.0,19.8,49.0,0.0
2024-09-22T00:00:00+02:00,0.0,0.0,48.2,0.0
2024-09-22T01:00:00+02:00,0.0,0.0,43.8,0.0
2024-09-22T02:00:00+02:00,0.0,0.0,42.0,0.0
2024-09-22T03:00:00+02:00,0.0,0.0,39.9,0.0
2024-09-22T04:00:00+02:00,0.0,0.0,27.5,0.0
2024-09-22T05:00:00+02:00,0.0,0.0,23.8,0.0
2024-09-22T06:00:00+02:00,0.0,0.0,22.5,0.0
2024-09-22T07:00:00+02:00,0.0,0.0,22.1,0.0
2024-09-22T08:00:00+02:00,0.0,0.5,19.2,0.0
2024-09-22T09:00:00+02:00,0.0,18.2,12.1,0.0
2024-09-22T10:00:00+02:00,0.0,21.7,4.1,0.0
2024-09-22T11:00:00+02:00,0.0,21.9,1.8,0.0
2024-09-22T12:00:00+02:00,0.0,7.8,0.2,0.0
2024-09-22T13:00:00+02:00,0.0,0.0,0.3,0.0
2024-09-22T14:00:00+02:00,0.0,0.0,0.9,0.0
2024-09-22T15:00:00+02:00,0.0,0.0,1.9,0.0
2024-09-22T16:00:00+02:00,0.0,0.8,3.0,0.0
2024-09-22T17:00:00+02:00,0.0,58.5,4.5,0.0
2024-09-22T18:00:00+02:00,0.0,149.6,8.9,0.0
2024-09-22T19:00:00+02:00,0.0,213.3,4.4,0.0
2024-09-22T20:00:00+02:00,0.0,222.6,0.4,0.0
2024-09-22T21:00:00+02:00,0.0,95.1,0.0,0.0
2024-09-22T22:00:00+02:00,0.0,74.1,0.0,0.0
2024-09-22T23:00:00+02:00,0.0,42.4,0.0,0.0
2024-09-23T00:00:00+02:00,0.0,0.0,0.0,0.0
2024-09-23T01:00:00+02:00,0.0,0.0,0.0,0.0
2024-09-23T02:00:00+02:00,0.0,0.0,0.0,0.0
2024-09-23T03:00:00+02:00,0.0,0.0,0.0,0.0
2024-09-23T04:00:00+02:00,0.0,0.0,0.0,0.0
2024-09-23T05:00:00+02:00,0.0,0.0,0.0,0.0
2024-09-23T06:00:00+02:00,0.0,0.2,0.0,0.0
2024-09-23T07:00:00+02:00,0.0,48.6,0.4,0.0
2024-09-23T08:00:00+02:00,0.0,62.9,0.9,0.0
2024-09-23T09:00:00+02:00,0.0,73.9,2.8,0.0
2024-09-23T10:00:00+02:00,0.0,83.1,0.6,0.0
2024-09-23T11:00:00+02:00,0.0,54.9,2.7,0.0
2024-09-23T12:00:00+02:00,0.0,49.6,7.0,0.0
2024-09-23T13:00:00+02:00,0.0,47.2,7.2,0.0
2024-09-23T14:00:00+02:00,0.0,49.9,5.3,0.0
2024-09-23T15:00:00+02:00,0.0,52.0,7.4,0.0
2024-09-23T16:00:00+02:00,0.0,51.3,6.5,0.0
2024-09-23T17:00:00+02:00,0.0,207.2,9.9,0.0
2024-09-23T18:00:00+02:00,0.0,255.8,10.7,0.0
2024-09-23T19:00:00+02:00,0.0,254.5,4.8,0.0
2024-09-23T20:00:00+02:00,0.0,250.8,4.7,0.0
2024-09-23T21:00:00+02:00,0.0,70.9,11.6,0.0
2024-09-23T22:00:00+02:00,0.0,42.8,19.1,0.0
2024-09-23T23:00:00+02:00,0.0,22.6,22.1,0.0
2024-09-24T00:00:00+02:00,0.0,0.0,23.0,0.0
2024-09-24T01:00:00+02:00,0.0,0.0,30.6,0.0
2024-09-24T02:00:00+02:00,0.0,0.0,22.9,0.0
2024-09-24T03:00:00+02:00,0.0,0.0,23.1,0.0
2024-09-24T04:00:00+02:00,0.0,0.0,42.4,0.0
2024-09-24T05:00:00+02:00,0.0,0.7,34.4,0.0
2024-09-24T06:00:00+02:00,0.0,50.4,39.5,0.0
2024-09-24T07:00:00+02:00,0.0,148.0,53.1,0.0
2024-09-24T08:00:00+02:00,0.0,90.0,66.4,0.0
2024-09-24T09:00:00+02:00,0.0,21.6,71.9,0.0
2024-09-24T10:00:00+02:00,0.0,46.9,54.1,0.0
2024-09-24T11:00:00+02:00,0.0,20.5,50.4,0.0
2024-09-24T12:00:00+02:00,0.0,20.5,47.4,0.0
2024-09-24T13:00:00+02:00,0.0,19.6,47.0,0.0
2024-09-24T14:00:00+02:00,0.0,10.4,43.7,0.0
2024-09-24T15:00:00+02:00,0.0,33.6,45.3,0.0
2024-09-24T16:00:00+02:00,0.0,34.5,46.6,0.0
2024-09-24T17:00:00+02:00,0.0,109.6,49.7,0.0
2024-09-24T18:00:00+02:00,0.0,154.8,53.8,0.0
2024-09-24T19:00:00+02:00,0.0,166.8,64.2,0.0
2024-09-24T20:00:00+02:00,0.0,197.9,60.1,0.0
2024-09-24T21:00:00+02:00,0.0,34.6,62.4,0.0
2024-09-24T22:00:00+02:00,0.0,37.4,58.1,0.0
2024-09-24T23:00:00+02:00,0.0,18.6,55.1,0.0
2024-09-25T00:00:00+02:00,0.0,0.0,57.1,0.0
2024-09-25T01:00:00+02:00,0.0,0.0,53.0,0.0
2024-09-25T02:00:00+02:00,0.0,0.0,49.1,0.0
2024-09-25T03:00:00+02:00,0.0,0.0,30.6,0.0
2024-09-25T04:00:00+02:00,0.0,0.0,42.3,0.0
2024-09-25T05:00:00+02:00,0.0,0.0,46.0,0.0
2024-09-25T06:00:00+02:00,0.0,0.6,46.3,0.0
2024-09-25T07:00:00+02:00,0.0,32.7,41.9,0.0
2024-09-25T08:00:00+02:00,0.0,36.0,52.6,0.0
2024-09-25T09:00:00+02:00,0.0,52.8,33.8,0.0
2024-09-25T10:00:00+02:00,0.0,39.8,36.8,0.0
2024-09-25T11:00:00+02:00,0.0,34.2,52.3,0.0
2024-09-25T12:00:00+02:00,0.0,28.5,52.6,0.0
2024-09-25T13:00:00+02:00,0.0,21.6,55.4,0.0
2024-09-25T14:00:00+02:00,0.0,36.5,51.0,0.0
2024-09-25T15:00:00+02:00,0.0,37.5,42.4,0.0
2024-09-25T16:00:00+02:00,0.0,43.2,27.4,0.0
2024-09-25T17:00:00+02:00,0.0,55.0,13.3,0.0
2024-09-25T18:00:00+02:00,0.0,210.1,19.1,0.0
2024-09-25T19:00:00+02:00,0.0,252.3,17.7,0.0
2024-09-25T20:00:00+02:00,0.0,125.0,24.2,0.0
2024-09-25T21:00:00+02:00,0.0,71.0,18.1,0.0
2024-09-25T22:00:00+02:00,0.0,53.5,10.2,0.0
2024-09-25T23:00:00+02:00,0.0,33.9,8.4,0.0
2024-09-26T00:00:00+02:00,0.0,0.0,9.3,0.0
2024-09-26T01:00:00+02:00,0.0,0.0,11.0,0.0
2024-09-26T02:00:00+02:00,0.0,0.0,7.8,0.0
2024-09-26T03:00:00+02:00,0.0,0.0,9.0,0.0
2024-09-26T04:00:00+02:00,0.0,0.0,10.3,0.0
2024-09-26T05:00:00+02:00,0.0,0.0,15.4,0.0
2024-09-26T06:00:00+02:00,0.0,0.6,22.2,0.0
2024-09-26T07:00:00+02:00,0.0,25.8,23.9,0.0
2024-09-26T08:00:00+02:00,0.0,47.3,18.8,0.0
2024-09-26T09:00:00+02:00,0.0,54.7,17.0,0.0
2024-09-26T10:00:00+02:00,0.0,34.8,26.7,0.0
2024-09-26T11:00:00+02:00,0.0,26.9,32.0,0.0
2024-09-26T12:00:00+02:00,0.0,24.3,35.4,0.0
2024-09-26T13:00:00+02:00,0.0,23.8,37.4,0.0
2024-09-26T14:00:00+02:00,0.0,22.4,34.8,0.0
2024-09-26T15:00:00+02:00,0.0,41.8,25.8,0.0
2024-09-26T16:00:00+02:00,0.0,41.7,26.6,0.0
2024-09-26T17:00:00+02:00,0.0,124.0,25.5,0.0
2024-09-26T18:00:00+02:00,0.0,241.2,26.0,0.0
2024-09-26T19:00:00+02:00,0.0,251.4,23.8,0.0
2024-09-26T20:00:00+02:00,0.0,82.0,35.0,0.0
2024-09-26T21:00:00+02:00,0.0,53.9,45.9,0.0
2024-09-26T22:00:00+02:00,0.0,41.3,41.0,0.0
2024-09-26T23:00:00+02:00,0.0,18.9,45.1,0.0
2024-09-27T00:00:00+02:00,0.0,0.0,43.0,0.0
2024-09-27T01:00:00+02:00,0.0,0.0,41.6,0.0
2024-09-27T02:00:00+02:00,0.0,0.0,33.4,0.0
2024-09-27T03:00:00+02:00,0.0,0.0,23.5,0.0
2024-09-27T04:00:00+02:00,0.0,0.0,21.1,0.0
2024-09-27T05:00:00+02:00,0.0,0.0,17.7,0.0
2024-09-27T06:00:00+02:00,0.0,0.3,15.2,0.0
2024-09-27T07:00:00+02:00,0.0,76.3,11.6,0.0
2024-09-27T08:00:00+02:00,0.0,77.4,7.5,0.0
2024-09-27T09:00:00+02:00,0.0,45.4,7.0,0.0
2024-09-27T10:00:00+02:00,0.0,38.1,13.2,0.0
2024-09-27T11:00:00+02:00,0.0,32.1,16.1,0.0
2024-09-27T12:00:00+02:00,0.0,32.4,19.1,0.0
2024-09-27T13:00:00+02:00,0.0,29.5,25.6,0.0
2024-09-27T14:00:00+02:00,0.0,26.9,26.4,0.0
2024-09-27T15:00:00+02:00,0.0,39.3,17.1,0.0
2024-09-27T16:00:00+02:00,0.0,43.6,13.7,0.0
2024-09-27T17:00:00+02:00,0.0,104.3,9.0,0.0
2024-09-27T18:00:00+02:00,0.0,201.9,8.7,0.0
2024-09-27T19:00:00+02:00,0.0,219.9,13.1,0.0
2024-09-27T20:00:00+02:00,0.0,125.1,11.4,0.0
2024-09-27T21:00:00+02:00,0.0,57.1,12.2,0.0
2024-09-27T22:00:00+02:00,0.0,51.3,9.5,0.0
2024-09-27T23:00:00+02:00,0.0,27.1,13.4,0.0
2024-09-28T00:00:00+02:00,0.0,0.0,13.2,0.0
2024-09-28T01:00:00+02:00,0.0,0.0,11.7,0.0
2024-09-28T02:00:00+02:00,0.0,0.0,10.6,0.0
2024-09-28T03:00:00+02:00,0.0,0.0,8.1,0.0
2024-09-28T04:00:00+02:00,0.0,0.0,4.8,0.0
2024-09-28T05:00:00+02:00,0.0,0.0,3.0,0.0
2024-09-28T06:00:00+02:00,0.0,0.8,5.0,0.0
2024-09-28T07:00:00+02:00,0.0,35.5,8.4,0.0
2024-09-28T08:00:00+02:00,0.0,40.2,7.0,0.0
2024-09-28T09:00:00+02:00,0.0,49.1,12.9,0.0
2024-09-28T10:00:00+02:00,0.0,46.8,18.5,0.0
2024-09-28T11:00:00+02:00,0.0,37.5,22.7,0.0
2024-09-28T12:00:00+02:00,0.0,0.3,27.8,0.0
2024-09-28T13:00:00+02:00,0.0,0.0,39.7,0.0
2024-09-28T14:00:00+02:00,0.0,0.1,25.3,0.0
2024-09-28T15:00:00+02:00,0.0,7.9,23.9,0.0
2024-09-28T16:00:00+02:00,0.0,7.9,22.9,0.0
2024-09-28T17:00:00+02:00,0.0,19.8,20.8,0.0
2024-09-28T18:00:00+02:00,0.0,152.0,27.7,0.0
2024-09-28T19:00:00+02:00,0.0,205.6,39.7,0.0
2024-09-28T20:00:00+02:00,0.0,155.2,55.7,0.0
2024-09-28T21:00:00+02:00,0.0,34.4,63.8,0.0
2024-09-28T22:00:00+02:00,0.0,17.9,62.7,0.0
2024-09-28T23:00:00+02:00,0.0,0.0,74.6,0.0
2024-09-29T00:00:00+02:00,0.0,0.0,89.9,0.0
2024-09-29T01:00:00+02:00,0.0,0.0,42.8,0.0
2024-09-29T02:00:00+02:00,0.0,0.0,36.8,0.0
2024-09-29T03:00:00+02:00,0.0,0.0,38.2,0.0
2024-09-29T04:00:00+02:00,0.0,0.0,23.7,0.0
2024-09-29T05:00:00+02:00,0.0,0.0,31.0,0.0
2024-09-29T06:00:00+02:00,0.0,0.6,61.6,0.0
2024-09-29T07:00:00+02:00,0.0,20.2,86.2,0.0
2024-09-29T08:00:00+02:00,0.0,16.7,80.0,0.0
2024-09-29T09:00:00+02:00,0.0,19.1,68.0,0.0
2024-09-29T10:00:00+02:00,0.0,20.3,68.6,0.0
2024-09-29T11:00:00+02:00,0.0,0.0,66.6,0.0
2024-09-29T12:00:00+02:00,0.0,0.0,64.8,0.0
2024-09-29T13:00:00+02:00,0.0,0.0,78.0,0.0
2024-09-29T14:00:00+02:00,0.0,0.0,83.6,0.0
2024-09-29T15:00:00+02:00,0.0,0.0,72.2,0.0
2024-09-29T16:00:00+02:00,0.0,0.1,79.8,0.0
2024-09-29T17:00:00+02:00,0.0,13.2,103.8,0.0
2024-09-29T18:00:00+02:00,0.0,81.3,99.8,0.0
2024-09-29T19:00:00+02:00,0.0,75.9,102.6,0.0
2024-09-29T20:00:00+02:00,0.0,69.1,101.7,0.0
2024-09-29T21:00:00+02:00,0.0,36.5,102.0,0.0
2024-09-29T22:00:00+02:00,0.0,18.6,102.3,0.0
2024-09-29T23:00:00+02:00,0.0,7.9,100.8,0.0
2024-09-30T00:00:00+02:00,0.0,0.0,92.3,0.0
2024-09-30T01:00:00+02:00,0.0,0.0,92.0,0.0
2024-09-30T02:00:00+02:00,0.0,0.0,84.1,0.0
2024-09-30T03:00:00+02:00,0.0,0.0,71.5,0.0
2024-09-30T04:00:00+02:00,0.0,0.0,63.2,0.0
2024-09-30T05:00:00+02:00,0.0,0.0,71.5,0.0
2024-09-30T06:00:00+02:00,0.0,0.0,75.1,0.0
2024-09-30T07:00:00+02:00,0.0,0.3,61.7,0.0
2024-09-30T08:00:00+02:00,0.0,21.8,53.1,0.0
2024-09-30T09:00:00+02:00,0.0,28.7,35.0,0.0
2024-09-30T10:00:00+02:00,0.0,51.9,19.3,0.0
2024-09-30T11:00:00+02:00,0.0,54.3,11.2,0.0
2024-09-30T12:00:00+02:00,0.0,29.5,13.3,0.0
2024-09-30T13:00:00+02:00,0.0,29.8,5.0,0.0
2024-09-30T14:00:00+02:00,0.0,30.8,0.9,0.0
2024-09-30T15:00:00+02:00,0.0,49.4,12.2,0.0
2024-09-30T16:00:00+02:00,0.0,44.9,12.0,0.0
2024-09-30T17:00:00+02:00,0.0,58.7,2.9,0.0
2024-09-30T18:00:00+02:00,0.0,245.0,3.6,0.0
2024-09-30T19:00:00+02:00,0.0,222.6,8.4,0.0
2024-09-30T20:00:00+02:00,0.0,125.1,9.7,0.0
2024-09-30T21:00:00+02:00,0.0,79.0,8.9,0.0
2024-09-30T22:00:00+02:00,0.0,57.1,4.7,0.0
2024-09-30T23:00:00+02:00,0.0,30.2,10.7,0.0
2024-10-01T00:00:00+02:00,0.0,0.0,20.5,0.0
2024-10-01T01:00:00+02:00,0.0,0.0,19.9,0.0
2024-10-01T02:00:00+02:00,0.0,0.0,21.2,0.0
2024-10-01T03:00:00+02:00,0.0,0.0,8.3,0.0
2024-10-01T04:00:00+02:00,0.0,0.0,12.1,0.0
2024-10-01T05:00:00+02:00,0.0,0.7,24.4,0.0
2024-10-01T06:00:00+02:00,0.0,49.5,31.8,0.0
2024-10-01T07:00:00+02:00,0.0,131.2,28.0,0.0
2024-10-01T08:00:00+02:00,0.0,125.5,20.1,0.0
2024-10-01T09:00:00+02:00,0.0,132.1,14.2,0.0
2024-10-01T10:00:00+02:00,0.0,82.4,11.9,0.0
2024-10-01T11:00:00+02:00,0.0,56.1,11.0,0.0
2024-10-01T12:00:00+02:00,0.0,56.2,2.7,0.0
2024-10-01T13:00:00+02:00,0.0,56.2,2.6,0.0
2024-10-01T14:00:00+02:00,0.0,59.1,2.8,0.0
2024-10-01T15:00:00+02:00,0.0,87.1,6.9,0.0
2024-10-01T16:00:00+02:00,0.0,123.9,4.0,0.0
2024-10-01T17:00:00+02:00,0.0,143.9,2.8,0.0
2024-10-01T18:00:00+02:00,0.0,178.8,0.8,0.0
2024-10-01T19:00:00+02:00,0.0,193.8,0.1,0.0
2024-10-01T20:00:00+02:00,0.0,182.4,0.4,0.0
2024-10-01T21:00:00+02:00,0.0,169.2,0.0,0.0
2024-10-01T22:00:00+02:00,0.0,147.8,0.0,0.0
2024-10-01T23:00:00+02:00,0.0,107.8,0.0,0.0
2024-10-02T00:00:00+02:00,0.0,81.4,0.0,0.0
2024-10-02T01:00:00+02:00,0.0,0.5,0.0,0.0
2024-10-02T02:00:00+02:00,0.0,0.0,0.2,0.0
2024-10-02T03:00:00+02:00,0.0,0.0,0.0,0.0
2024-10-02T04:00:00+02:00,0.0,0.8,0.0,0.0
2024-10-02T05:00:00+02:00,0.0,36.5,0.0,0.0
2024-10-02T06:00:00+02:00,0.0,71.5,0.7,0.0
2024-10-02T07:00:00+02:00,0.0,150.8,0.1,0.0
2024-10-02T08:00:00+02:00,0.0,146.5,0.0,0.0
2024-10-02T09:00:00+02:00,0.0,143.4,0.7,0.0
2024-10-02T10:00:00+02:00,0.0,131.7,2.9,0.0
2024-10-02T11:00:00+02:00,0.0,115.8,6.6,0.0
2024-10-02T12:00:00+02:00,0.0,90.3,12.1,0.0
2024-10-02T13:00:00+02:00,0.0,83.2,13.2,0.0
2024-10-02T14:00:00+02:00,0.0,82.7,14.4,0.0
2024-10-02T15:00:00+02:00,0.0,106.0,19.3,0.0
2024-10-02T16:00:00+02:00,0.0,106.9,20.5,0.0
2024-10-02T17:00:00+02:00,0.0,144.2,23.3,0.0
2024-10-02T18:00:00+02:00,0.0,141.7,35.3,0.0
2024-10-02T19:00:00+02:00,0.0,147.6,53.9,0.0
2024-10-02T20:00:00+02:00,0.0,145.5,32.9,0.0
2024-10-02T21:00:00+02:00,0.0,116.3,44.3,0.0
2024-10-02T22:00:00+02:00,0.0,79.7,60.5,0.0
2024-10-02T23:00:00+02:00,0.0,56.0,56.8,0.0
2024-10-03T00:00:00+02:00,0.0,21.7,82.8,0.0
2024-10-03T01:00:00+02:00,0.0,0.0,81.3,0.0
2024-10-03T02:00:00+02:00,0.0,0.0,92.2,0.0
2024-10-03T03:00:00+02:00,0.0,0.0,105.1,0.0
2024-10-03T04:00:00+02:00,0.0,0.0,108.7,0.0
2024-10-03T05:00:00+02:00,0.0,0.6,110.0,0.0
2024-10-03T06:00:00+02:00,0.0,48.6,112.6,0.0
2024-10-03T07:00:00+02:00,0.0,124.2,114.8,0.0
2024-10-03T08:00:00+02:00,0.0,110.0,112.4,0.0
2024-10-03T09:00:00+02:00,0.0,61.7,106.7,0.0
2024-10-03T10:00:00+02:00,0.0,68.2,107.5,0.0
2024-10-03T11:00:00+02:00,0.0,58.7,114.6,0.0
2024-10-03T12:00:00+02:00,0.0,57.2,117.4,0.0
2024-10-03T13:00:00+02:00,0.0,53.3,115.8,0.0
2024-10-03T14:00:00+02:00,0.0,52.7,115.2,0.0
2024-10-03T15:00:00+02:00,0.0,50.7,114.9,0.0
2024-10-03T16:00:00+02:00,0.0,103.7,112.6,0.0
2024-10-03T17:00:00+02:00,0.0,180.1,113.4,0.0
2024-10-03T18:00:00+02:00,0.0,183.0,108.8,0.0
2024-10-03T19:00:00+02:00,0.0,176.5,110.5,0.0
2024-10-03T20:00:00+02:00,0.0,164.6,116.4,0.0
2024-10-03T21:00:00+02:00,0.0,83.7,105.2,0.0
2024-10-03T22:00:00+02:00,0.0,106.2,63.8,0.0
2024-10-03T23:00:00+02:00,0.0,123.8,54.7,0.0
2024-10-04T00:00:00+02:00,0.0,193.2,52.4,0.0
2024-10-04T01:00:00+02:00,0.0,195.3,45.6,0.0
2024-10-04T02:00:00+02:00,0.0,205.8,47.0,0.0
2024-10-04T03:00:00+02:00,0.0,205.9,50.7,0.0
2024-10-04T04:00:00+02:00,0.0,206.2,36.3,0.0
2024-10-04T05:00:00+02:00,0.0,206.0,55.6,0.0
2024-10-04T06:00:00+02:00,0.0,206.1,61.8,0.0
2024-10-04T07:00:00+02:00,0.0,206.2,55.1,0.0
2024-10-04T08:00:00+02:00,0.0,195.4,102.7,0.0
2024-10-04T09:00:00+02:00,0.0,205.2,105.1,0.0
2024-10-04T10:00:00+02:00,0.0,205.4,85.5,0.0
2024-10-04T11:00:00+02:00,0.0,206.0,67.3,0.0
2024-10-04T12:00:00+02:00,0.0,200.5,59.6,0.0
2024-10-04T13:00:00+02:00,0.0,206.1,66.4,0.0
2024-10-04T14:00:00+02:00,0.0,205.3,60.1,0.0
2024-10-04T15:00:00+02:00,0.0,196.4,54.9,0.0
2024-10-04T16:00:00+02:00,0.0,194.6,55.1,0.0
2024-10-04T17:00:00+02:00,0.0,278.4,40.6,0.0
2024-10-04T18:00:00+02:00,0.0,300.4,38.8,0.0
2024-10-04T19:00:00+02:00,0.0,315.6,17.3,0.0
2024-10-04T20:00:00+02:00,0.0,289.4,15.6,0.0
2024-10-04T21:00:00+02:00,0.0,180.6,12.8,0.0
2024-10-04T22:00:00+02:00,0.0,193.4,7.5,0.0
2024-10-04T23:00:00+02:00,0.0,193.8,5.5,0.0
2024-10-05T00:00:00+02:00,0.0,197.5,6.9,0.0
2024-10-05T01:00:00+02:00,0.0,198.2,5.3,0.0
2024-10-05T02:00:00+02:00,0.0,194.7,9.1,0.0
2024-10-05T03:00:00+02:00,0.0,198.0,9.3,0.0
2024-10-05T04:00:00+02:00,0.0,199.7,5.9,0.0
2024-10-05T05:00:00+02:00,0.0,204.9,2.9,0.0
2024-10-05T06:00:00+02:00,0.0,200.9,5.5,0.0
2024-10-05T07:00:00+02:00,0.0,194.2,6.2,0.0
2024-10-05T08:00:00+02:00,0.0,197.2,10.4,0.0
2024-10-05T09:00:00+02:00,0.0,197.8,20.4,0.0
2024-10-05T10:00:00+02:00,0.0,202.4,19.9,0.0
2024-10-05T11:00:00+02:00,0.0,205.6,20.1,0.0
2024-10-05T12:00:00+02:00,0.0,205.8,20.8,0.0
2024-10-05T13:00:00+02:00,0.0,202.6,32.0,0.0
2024-10-05T14:00:00+02:00,0.0,205.4,21.9,0.0
2024-10-05T15:00:00+02:00,0.0,204.3,17.1,0.0
2024-10-05T16:00:00+02:00,0.0,192.9,14.5,0.0
2024-10-05T17:00:00+02:00,0.0,251.3,21.0,0.0
2024-10-05T18:00:00+02:00,0.0,301.1,16.9,0.0
2024-10-05T19:00:00+02:00,0.0,303.8,20.5,0.0
2024-10-05T20:00:00+02:00,0.0,303.0,15.7,0.0
2024-10-05T21:00:00+02:00,0.0,267.8,10.5,0.0
2024-10-05T22:00:00+02:00,0.0,196.8,12.4,0.0
2024-10-05T23:00:00+02:00,0.0,197.4,12.9,0.0
2024-10-06T00:00:00+02:00,0.0,187.8,28.8,0.0
2024-10-06T01:00:00+02:00,0.0,201.2,7.2,0.0
2024-10-06T02:00:00+02:00,0.0,204.0,3.4,0.0
2024-10-06T03:00:00+02:00,0.0,203.0,11.5,0.0
2024-10-06T04:00:00+02:00,0.0,196.5,14.6,0.0
2024-10-06T05:00:00+02:00,0.0,204.9,8.1,0.0
2024-10-06T06:00:00+02:00,0.0,200.2,5.2,0.0
2024-10-06T07:00:00+02:00,0.0,201.0,3.6,0.0
2024-10-06T08:00:00+02:00,0.0,196.5,6.1,0.0
2024-10-06T09:00:00+02:00,0.0,202.2,3.2,0.0
2024-10-06T10:00:00+02:00,0.0,205.9,0.0,0.0
2024-10-06T11:00:00+02:00,0.0,205.9,0.0,0.0
2024-10-06T12:00:00+02:00,0.0,206.1,0.0,0.0
2024-10-06T13:00:00+02:00,0.0,205.7,0.0,0.0
2024-10-06T14:00:00+02:00,0.0,205.6,1.8,0.0
2024-10-06T15:00:00+02:00,0.0,205.8,2.4,0.0
2024-10-06T16:00:00+02:00,0.0,204.1,5.5,0.0
2024-10-06T17:00:00+02:00,0.0,199.4,6.2,0.0
2024-10-06T18:00:00+02:00,0.0,315.9,11.0,0.0
2024-10-06T19:00:00+02:00,0.0,318.2,10.0,0.0
2024-10-06T20:00:00+02:00,0.0,315.0,5.5,0.0
2024-10-06T21:00:00+02:00,0.0,274.1,0.7,0.0
2024-10-06T22:00:00+02:00,0.0,202.4,0.5,0.0
2024-10-06T23:00:00+02:00,0.0,195.7,0.8,0.0
2024-10-07T00:00:00+02:00,0.0,204.7,0.6,0.0
2024-10-07T01:00:00+02:00,0.0,205.0,2.8,0.0
2024-10-07T02:00:00+02:00,0.0,205.6,2.6,0.0
2024-10-07T03:00:00+02:00,0.0,203.7,4.1,0.0
2024-10-07T04:00:00+02:00,0.0,201.1,0.9,0.0
2024-10-07T05:00:00+02:00,0.0,201.4,1.9,0.0
2024-10-07T06:00:00+02:00,0.0,293.7,1.2,0.0
2024-10-07T07:00:00+02:00,0.0,318.9,0.0,0.0
2024-10-07T08:00:00+02:00,0.0,297.4,0.1,0.0
2024-10-07T09:00:00+02:00,0.0,278.3,0.0,0.0
2024-10-07T10:00:00+02:00,0.0,201.0,0.5,0.0
2024-10-07T11:00:00+02:00,0.0,188.2,2.5,0.0
2024-10-07T12:00:00+02:00,0.0,194.3,3.5,0.0
2024-10-07T13:00:00+02:00,0.0,194.6,3.0,0.0
2024-10-07T14:00:00+02:00,0.0,194.9,4.0,0.0
2024-10-07T15:00:00+02:00,0.0,195.1,5.1,0.0
2024-10-07T16:00:00+02:00,0.0,200.4,2.2,0.0
2024-10-07T17:00:00+02:00,0.0,317.0,4.5,0.0
2024-10-07T18:00:00+02:00,0.0,426.6,5.1,0.0
2024-10-07T19:00:00+02:00,0.0,430.4,1.9,0.0
2024-10-07T20:00:00+02:00,0.0,317.7,0.0,0.0
2024-10-07T21:00:00+02:00,0.0,275.5,0.1,0.0
2024-10-07T22:00:00+02:00,0.0,206.4,0.2,0.0
2024-10-07T23:00:00+02:00,0.0,204.8,3.7,0.0
2024-10-08T00:00:00+02:00,0.0,201.7,1.7,0.0
2024-10-08T01:00:00+02:00,0.0,204.6,4.6,0.0
2024-10-08T02:00:00+02:00,0.0,203.9,8.7,0.0
2024-10-08T03:00:00+02:00,0.0,204.8,2.4,0.0
2024-10-08T04:00:00+02:00,0.0,205.7,2.3,0.0
2024-10-08T05:00:00+02:00,0.0,204.3,3.2,0.0
2024-10-08T06:00:00+02:00,0.0,318.1,4.2,0.0
2024-10-08T07:00:00+02:00,0.0,317.6,7.9,0.0
2024-10-08T08:00:00+02:00,0.0,316.9,9.3,0.0
2024-10-08T09:00:00+02:00,0.0,200.5,9.7,0.0
2024-10-08T10:00:00+02:00,0.0,182.7,11.6,0.0
2024-10-08T11:00:00+02:00,0.0,181.1,11.4,0.0
2024-10-08T12:00:00+02:00,0.0,179.5,17.5,0.0
2024-10-08T13:00:00+02:00,0.0,182.0,21.7,0.0
2024-10-08T14:00:00+02:00,0.0,187.8,25.9,0.0
2024-10-08T15:00:00+02:00,0.0,191.9,27.6,0.0
2024-10-08T16:00:00+02:00,0.0,341.4,22.7,0.0
2024-10-08T17:00:00+02:00,0.0,424.4,19.3,0.0
2024-10-08T18:00:00+02:00,0.0,429.8,29.0,0.0
2024-10-08T19:00:00+02:00,0.0,417.0,53.0,0.0
2024-10-08T20:00:00+02:00,0.0,423.8,52.2,0.0
2024-10-08T21:00:00+02:00,0.0,268.7,57.2,0.0
2024-10-08T22:00:00+02:00,0.0,204.7,47.8,0.0
2024-10-08T23:00:00+02:00,0.0,199.1,61.2,0.0
2024-10-09T00:00:00+02:00,0.0,188.6,77.0,0.0
2024-10-09T01:00:00+02:00,0.0,184.1,94.9,0.0
2024-10-09T02:00:00+02:00,0.0,183.1,110.0,0.0
2024-10-09T03:00:00+02:00,0.0,200.9,94.8,0.0
2024-10-09T04:00:00+02:00,0.0,202.8,97.4,0.0
2024-10-09T05:00:00+02:00,0.0,197.5,100.1,0.0
2024-10-09T06:00:00+02:00,0.0,280.4,106.3,0.0
2024-10-09T07:00:00+02:00,0.0,422.3,108.1,0.0
2024-10-09T08:00:00+02:00,0.0,416.5,101.9,0.0
2024-10-09T09:00:00+02:00,0.0,203.5,82.3,0.0
2024-10-09T10:00:00+02:00,0.0,191.0,95.8,0.0
2024-10-09T11:00:00+02:00,0.0,177.7,95.2,0.0
2024-10-09T12:00:00+02:00,0.0,178.0,97.3,0.0
2024-10-09T13:00:00+02:00,0.0,184.4,88.0,0.0
2024-10-09T14:00:00+02:00,0.0,179.9,77.0,0.0
2024-10-09T15:00:00+02:00,0.0,181.8,62.2,0.0
2024-10-09T16:00:00+02:00,0.0,256.8,36.3,0.0
2024-10-09T17:00:00+02:00,0.0,427.9,25.8,0.0
2024-10-09T18:00:00+02:00,0.0,397.7,29.7,0.0
2024-10-09T19:00:00+02:00,0.0,392.8,39.3,0.0
2024-10-09T20:00:00+02:00,0.0,399.2,44.8,0.0
2024-10-09T21:00:00+02:00,0.0,247.6,82.4,0.0
2024-10-09T22:00:00+02:00,0.0,248.3,87.7,0.0
2024-10-09T23:00:00+02:00,0.0,192.4,81.4,0.0
2024-10-10T00:00:00+02:00,0.0,179.3,83.0,0.0
2024-10-10T01:00:00+02:00,0.0,177.8,102.1,0.0
2024-10-10T02:00:00+02:00,0.0,177.5,110.3,0.0
2024-10-10T03:00:00+02:00,0.0,177.4,110.7,0.0
2024-10-10T04:00:00+02:00,0.0,188.0,101.6,0.0
2024-10-10T05:00:00+02:00,0.0,181.9,101.8,0.0
2024-10-10T06:00:00+02:00,0.0,199.3,83.5,0.0
2024-10-10T07:00:00+02:00,0.0,195.7,73.7,0.0
2024-10-10T08:00:00+02:00,0.0,197.5,55.9,0.0
2024-10-10T09:00:00+02:00,0.0,194.4,64.2,0.0
2024-10-10T10:00:00+02:00,0.0,196.6,71.2,0.0
2024-10-10T11:00:00+02:00,0.0,183.6,87.5,0.0
2024-10-10T12:00:00+02:00,0.0,200.1,95.7,0.0
2024-10-10T13:00:00+02:00,0.0,198.3,100.1,0.0
2024-10-10T14:00:00+02:00,0.0,203.3,93.9,0.0
2024-10-10T15:00:00+02:00,0.0,194.2,107.5,0.0
2024-10-10T16:00:00+02:00,0.0,188.9,113.6,0.0
2024-10-10T17:00:00+02:00,0.0,194.5,112.1,0.0
2024-10-10T18:00:00+02:00,0.0,481.1,110.3,0.0
2024-10-10T19:00:00+02:00,0.0,516.8,114.7,0.0
2024-10-10T20:00:00+02:00,0.0,405.0,115.4,0.0
2024-10-10T21:00:00+02:00,0.0,179.8,114.1,0.0
2024-10-10T22:00:00+02:00,0.0,186.8,117.5,0.0
2024-10-10T23:00:00+02:00,0.0,183.7,117.6,0.0
2024-10-11T00:00:00+02:00,0.0,193.7,116.7,0.0
2024-10-11T01:00:00+02:00,0.0,193.5,116.6,0.0
2024-10-11T02:00:00+02:00,0.0,194.1,116.3,0.0
2024-10-11T03:00:00+02:00,0.0,190.8,116.6,0.0
2024-10-11T04:00:00+02:00,0.0,185.4,115.2,0.0
2024-10-11T05:00:00+02:00,0.0,177.9,114.5,0.0
2024-10-11T06:00:00+02:00,0.0,261.0,109.1,0.0
2024-10-11T07:00:00+02:00,0.0,525.8,102.7,0.0
2024-10-11T08:00:00+02:00,0.0,513.7,96.7,0.0
2024-10-11T09:00:00+02:00,0.0,183.9,89.5,0.0
2024-10-11T10:00:00+02:00,0.0,179.2,69.7,0.0
2024-10-11T11:00:00+02:00,0.0,199.4,54.1,0.0
2024-10-11T12:00:00+02:00,0.0,205.7,33.9,0.0
2024-10-11T13:00:00+02:00,0.0,201.7,22.8,0.0
2024-10-11T14:00:00+02:00,0.0,205.3,16.1,0.0
2024-10-11T15:00:00+02:00,0.0,206.2,11.5,0.0
2024-10-11T16:00:00+02:00,0.0,207.1,7.0,0.0
2024-10-11T17:00:00+02:00,0.0,454.5,8.3,0.0
2024-10-11T18:00:00+02:00,0.0,534.5,4.1,0.0
2024-10-11T19:00:00+02:00,0.0,532.7,6.7,0.0
2024-10-11T20:00:00+02:00,0.0,448.1,9.5,0.0
2024-10-11T21:00:00+02:00,0.0,375.4,21.5,0.0
2024-10-11T22:00:00+02:00,0.0,196.5,17.6,0.0
2024-10-11T23:00:00+02:00,0.0,205.0,12.9,0.0
2024-10-12T00:00:00+02:00,0.0,237.4,15.7,0.0
2024-10-12T01:00:00+02:00,0.0,238.6,18.6,0.0
2024-10-12T02:00:00+02:00,0.0,235.5,24.0,0.0
2024-10-12T03:00:00+02:00,0.0,236.3,22.6,0.0
2024-10-12T04:00:00+02:00,0.0,241.1,17.5,0.0
2024-10-12T05:00:00+02:00,0.0,239.9,17.7,0.0
2024-10-12T06:00:00+02:00,0.0,242.1,22.7,0.0
2024-10-12T07:00:00+02:00,0.0,239.0,29.5,0.0
2024-10-12T08:00:00+02:00,0.0,234.8,32.8,0.0
2024-10-12T09:00:00+02:00,0.0,226.6,38.8,0.0
2024-10-12T10:00:00+02:00,0.0,216.0,37.6,0.0
2024-10-12T11:00:00+02:00,0.0,219.1,26.1,0.0
2024-10-12T12:00:00+02:00,0.0,229.1,10.2,0.0
2024-10-12T13:00:00+02:00,0.0,238.9,1.6,0.0
2024-10-12T14:00:00+02:00,0.0,241.7,1.3,0.0
2024-10-12T15:00:00+02:00,0.0,239.9,4.7,0.0
2024-10-12T16:00:00+02:00,0.0,239.5,7.8,0.0
2024-10-12T17:00:00+02:00,0.0,312.4,6.5,0.0
2024-10-12T18:00:00+02:00,0.0,558.4,5.4,0.0
2024-10-12T19:00:00+02:00,0.0,455.8,3.1,0.0
2024-10-12T20:00:00+02:00,0.0,304.6,3.1,0.0
2024-10-12T21:00:00+02:00,0.0,308.0,0.8,0.0
2024-10-12T22:00:00+02:00,0.0,238.2,2.8,0.0
2024-10-12T23:00:00+02:00,0.0,240.4,0.2,0.0
2024-10-13T00:00:00+02:00,0.0,241.9,1.1,0.0
2024-10-13T01:00:00+02:00,0.0,241.1,2.4,0.0
2024-10-13T02:00:00+02:00,0.0,242.0,3.6,0.0
2024-10-13T03:00:00+02:00,0.0,242.3,0.7,0.0
2024-10-13T04:00:00+02:00,0.0,242.1,0.1,0.0
2024-10-13T05:00:00+02:00,0.0,242.3,1.5,0.0
2024-10-13T06:00:00+02:00,0.0,242.1,1.3,0.0
2024-10-13T07:00:00+02:00,0.0,238.2,0.1,0.0
2024-10-13T08:00:00+02:00,0.0,242.0,0.8,0.0
2024-10-13T09:00:00+02:00,0.0,242.0,1.1,0.0
2024-10-13T10:00:00+02:00,0.0,240.7,0.0,0.0
2024-10-13T11:00:00+02:00,0.0,236.7,0.0,0.0
2024-10-13T12:00:00+02:00,0.0,229.1,4.4,0.0
2024-10-13T13:00:00+02:00,0.0,221.3,13.4,0.0
2024-10-13T14:00:00+02:00,0.0,232.3,22.1,0.0
2024-10-13T15:00:00+02:00,0.0,242.4,23.4,0.0
2024-10-13T16:00:00+02:00,0.0,309.5,18.2,0.0
2024-10-13T17:00:00+02:00,0.0,311.3,21.7,0.0
2024-10-13T18:00:00+02:00,0.0,446.6,19.8,0.0
2024-10-13T19:00:00+02:00,0.0,488.9,9.4,0.0
2024-10-13T20:00:00+02:00,0.0,387.5,9.3,0.0
2024-10-13T21:00:00+02:00,0.0,240.8,8.1,0.0
2024-10-13T22:00:00+02:00,0.0,236.4,5.9,0.0
2024-10-13T23:00:00+02:00,0.0,227.9,12.4,0.0
2024-10-14T00:00:00+02:00,0.0,242.0,13.4,0.0
2024-10-14T01:00:00+02:00,0.0,242.4,12.5,0.0
2024-10-14T02:00:00+02:00,0.0,242.2,16.8,0.0
2024-10-14T03:00:00+02:00,0.0,242.3,11.3,0.0
2024-10-14T04:00:00+02:00,0.0,242.2,15.2,0.0
2024-10-14T05:00:00+02:00,0.0,243.0,7.1,0.0
2024-10-14T06:00:00+02:00,0.0,425.2,11.7,0.0
2024-10-14T07:00:00+02:00,0.0,540.7,17.2,0.0
2024-10-14T08:00:00+02:00,0.0,540.1,18.1,0.0
2024-10-14T09:00:00+02:00,0.0,516.0,20.1,0.0
2024-10-14T10:00:00+02:00,0.0,317.9,10.7,0.0
2024-10-14T11:00:00+02:00,0.0,280.3,5.6,0.0
2024-10-14T12:00:00+02:00,0.0,279.5,2.0,0.0
2024-10-14T13:00:00+02:00,0.0,315.2,5.1,0.0
2024-10-14T14:00:00+02:00,0.0,302.0,4.8,0.0
2024-10-14T15:00:00+02:00,0.0,311.4,3.5,0.0
2024-10-14T16:00:00+02:00,0.0,554.5,3.0,0.0
2024-10-14T17:00:00+02:00,0.0,556.6,1.9,0.0
2024-10-14T18:00:00+02:00,0.0,579.0,5.6,0.0
2024-10-14T19:00:00+02:00,0.0,578.8,6.3,0.0
2024-10-14T20:00:00+02:00,0.0,552.0,4.8,0.0
2024-10-14T21:00:00+02:00,0.0,554.4,4.0,0.0
2024-10-14T22:00:00+02:00,0.0,451.6,4.6,0.0
2024-10-14T23:00:00+02:00,0.0,245.9,3.4,0.0
2024-10-15T00:00:00+02:00,0.0,242.3,3.1,0.0
2024-10-15T01:00:00+02:00,0.0,242.3,4.9,0.0
2024-10-15T02:00:00+02:00,0.0,242.3,3.0,0.0
2024-10-15T03:00:00+02:00,0.0,242.2,1.4,0.0
2024-10-15T04:00:00+02:00,0.0,242.2,0.3,0.0
2024-10-15T05:00:00+02:00,0.0,243.5,0.0,0.0
2024-10-15T06:00:00+02:00,0.0,547.5,2.1,0.0
2024-10-15T07:00:00+02:00,0.0,548.7,8.4,0.0
2024-10-15T08:00:00+02:00,0.0,543.7,6.9,0.0
2024-10-15T09:00:00+02:00,0.0,428.1,19.8,0.0
2024-10-15T10:00:00+02:00,0.0,258.6,22.9,0.0
2024-10-15T11:00:00+02:00,0.0,255.9,22.2,0.0
2024-10-15T12:00:00+02:00,0.0,186.1,22.4,0.0
2024-10-15T13:00:00+02:00,0.0,186.0,7.5,0.0
2024-10-15T14:00:00+02:00,0.0,241.9,11.2,0.0
2024-10-15T15:00:00+02:00,0.0,313.8,7.8,0.0
2024-10-15T16:00:00+02:00,0.0,419.0,1.5,0.0
2024-10-15T17:00:00+02:00,0.0,542.4,4.9,0.0
2024-10-15T18:00:00+02:00,0.0,580.9,7.8,0.0
2024-10-15T19:00:00+02:00,0.0,580.7,13.2,0.0
2024-10-15T20:00:00+02:00,0.0,575.7,27.1,0.0
2024-10-15T21:00:00+02:00,0.0,413.0,18.0,0.0
2024-10-15T22:00:00+02:00,0.0,314.8,21.6,0.0
2024-10-15T23:00:00+02:00,0.0,243.8,32.2,0.0
2024-10-16T00:00:00+02:00,0.0,243.3,25.4,0.0
2024-10-16T01:00:00+02:00,0.0,243.4,18.7,0.0
2024-10-16T02:00:00+02:00,0.0,243.4,1.5,0.0
2024-10-16T03:00:00+02:00,0.0,243.4,0.0,0.0
2024-10-16T04:00:00+02:00,0.0,243.4,0.0,0.0
2024-10-16T05:00:00+02:00,0.0,243.4,1.7,0.0
2024-10-16T06:00:00+02:00,0.0,244.4,4.6,0.0
2024-10-16T07:00:00+02:00,0.0,460.4,6.9,0.0
2024-10-16T08:00:00+02:00,0.0,388.5,2.3,0.0
2024-10-16T09:00:00+02:00,0.0,322.8,4.1,0.0
2024-10-16T10:00:00+02:00,0.0,243.6,2.0,0.0
2024-10-16T11:00:00+02:00,0.0,243.4,0.3,0.0
2024-10-16T12:00:00+02:00,0.0,243.3,0.0,0.0
2024-10-16T13:00:00+02:00,0.0,243.3,0.0,0.0
2024-10-16T14:00:00+02:00,0.0,243.4,0.0,0.0
2024-10-16T15:00:00+02:00,0.0,243.7,0.4,0.0
2024-10-16T16:00:00+02:00,0.0,326.7,4.0,0.0
2024-10-16T17:00:00+02:00,0.0,502.1,7.5,0.0
2024-10-16T18:00:00+02:00,0.0,546.4,21.9,0.0
2024-10-16T19:00:00+02:00,0.0,521.8,45.2,0.0
2024-10-16T20:00:00+02:00,0.0,316.4,29.9,0.0
2024-10-16T21:00:00+02:00,0.0,314.3,30.6,0.0
2024-10-16T22:00:00+02:00,0.0,243.8,15.6,0.0
2024-10-16T23:00:00+02:00,0.0,243.4,7.6,0.0
2024-10-17T00:00:00+02:00,0.0,243.2,7.1,0.0
2024-10-17T01:00:00+02:00,0.0,243.2,9.9,0.0
2024-10-17T02:00:00+02:00,0.0,243.2,19.1,0.0
2024-10-17T03:00:00+02:00,0.0,243.2,40.6,0.0
2024-10-17T04:00:00+02:00,0.0,243.2,35.2,0.0
2024-10-17T05:00:00+02:00,0.0,243.4,12.6,0.0
2024-10-17T06:00:00+02:00,0.0,243.8,3.7,0.0
2024-10-17T07:00:00+02:00,0.0,314.2,10.1,0.0
2024-10-17T08:00:00+02:00,0.0,315.8,10.0,0.0
2024-10-17T09:00:00+02:00,0.0,316.5,19.1,0.0
2024-10-17T10:00:00+02:00,0.0,243.5,22.8,0.0
2024-10-17T11:00:00+02:00,0.0,243.4,11.9,0.0
2024-10-17T12:00:00+02:00,0.0,243.3,1.0,0.0
2024-10-17T13:00:00+02:00,0.0,243.5,0.2,0.0
2024-10-17T14:00:00+02:00,0.0,243.2,1.5,0.0
2024-10-17T15:00:00+02:00,0.0,243.7,2.1,0.0
2024-10-17T16:00:00+02:00,0.0,326.3,0.8,0.0
2024-10-17T17:00:00+02:00,0.0,552.8,0.0,0.0
2024-10-17T18:00:00+02:00,0.0,556.3,0.3,0.0
2024-10-17T19:00:00+02:00,0.0,545.7,2.7,0.0
2024-10-17T20:00:00+02:00,0.0,543.3,8.3,0.0
2024-10-17T21:00:00+02:00,0.0,315.9,17.0,0.0
2024-10-17T22:00:00+02:00,0.0,314.3,18.4,0.0
2024-10-17T23:00:00+02:00,0.0,243.6,17.6,0.0
2024-10-18T00:00:00+02:00,0.0,207.5,17.1,0.0
2024-10-18T01:00:00+02:00,0.0,117.1,19.1,0.0
2024-10-18T02:00:00+02:00,0.0,119.0,9.7,0.0
2024-10-18T03:00:00+02:00,0.0,121.1,7.7,0.0
2024-10-18T04:00:00+02:00,0.0,121.4,8.5,0.0
2024-10-18T05:00:00+02:00,0.0,124.0,2.3,0.0
2024-10-18T06:00:00+02:00,0.0,304.8,1.9,0.0
2024-10-18T07:00:00+02:00,0.0,551.0,4.0,0.0
2024-10-18T08:00:00+02:00,0.0,556.1,1.0,0.0
2024-10-18T09:00:00+02:00,0.0,292.6,1.5,0.0
2024-10-18T10:00:00+02:00,0.0,278.6,6.7,0.0
2024-10-18T11:00:00+02:00,0.0,132.4,13.8,0.0
2024-10-18T12:00:00+02:00,0.0,129.2,16.3,0.0
2024-10-18T13:00:00+02:00,0.0,129.2,10.3,0.0
2024-10-18T14:00:00+02:00,0.0,130.1,7.9,0.0
2024-10-18T15:00:00+02:00,0.0,280.1,1.6,0.0
2024-10-18T16:00:00+02:00,0.0,289.8,0.5,0.0
2024-10-18T17:00:00+02:00,0.0,552.8,2.9,0.0
2024-10-18T18:00:00+02:00,0.0,536.6,18.5,0.0
2024-10-18T19:00:00+02:00,0.0,531.6,12.8,0.0
2024-10-18T20:00:00+02:00,0.0,531.3,13.1,0.0
2024-10-18T21:00:00+02:00,0.0,292.0,10.1,0.0
2024-10-18T22:00:00+02:00,0.0,268.6,12.0,0.0
2024-10-18T23:00:00+02:00,0.0,251.0,9.6,0.0
2024-10-19T00:00:00+02:00,0.0,190.2,5.1,0.0
2024-10-19T01:00:00+02:00,0.0,90.6,9.1,0.0
2024-10-19T02:00:00+02:00,0.0,89.2,6.3,0.0
2024-10-19T03:00:00+02:00,0.0,89.8,11.4,0.0
2024-10-19T04:00:00+02:00,0.0,85.8,20.4,0.0
2024-10-19T05:00:00+02:00,0.0,81.5,24.5,0.0
2024-10-19T06:00:00+02:00,0.0,109.1,27.2,0.0
2024-10-19T07:00:00+02:00,0.0,183.9,43.4,0.0
2024-10-19T08:00:00+02:00,0.0,213.5,49.9,0.0
2024-10-19T09:00:00+02:00,0.0,180.4,47.7,0.0
2024-10-19T10:00:00+02:00,0.0,75.9,43.8,0.0
2024-10-19T11:00:00+02:00,0.0,80.8,34.0,0.0
2024-10-19T12:00:00+02:00,0.0,93.9,12.3,0.0
2024-10-19T13:00:00+02:00,0.0,91.9,5.3,0.0
2024-10-19T14:00:00+02:00,0.0,96.2,8.9,0.0
2024-10-19T15:00:00+02:00,0.0,101.5,10.7,0.0
2024-10-19T16:00:00+02:00,0.0,241.6,7.0,0.0
2024-10-19T17:00:00+02:00,0.0,454.5,9.5,0.0
2024-10-19T18:00:00+02:00,0.0,451.5,7.0,0.0
2024-10-19T19:00:00+02:00,0.0,530.7,9.5,0.0
2024-10-19T20:00:00+02:00,0.0,448.8,29.4,0.0
2024-10-19T21:00:00+02:00,0.0,238.5,44.2,0.0
2024-10-19T22:00:00+02:00,0.0,212.7,45.0,0.0
2024-10-19T23:00:00+02:00,0.0,72.6,45.1,0.0
2024-10-20T00:00:00+02:00,0.0,59.7,45.0,0.0
2024-10-20T01:00:00+02:00,0.0,62.7,47.4,0.0
2024-10-20T02:00:00+02:00,0.0,58.9,47.9,0.0
2024-10-20T03:00:00+02:00,0.0,66.2,46.8,0.0
2024-10-20T04:00:00+02:00,0.0,68.8,48.4,0.0
2024-10-20T05:00:00+02:00,0.0,65.7,55.9,0.0
2024-10-20T06:00:00+02:00,0.0,63.7,59.4,0.0
2024-10-20T07:00:00+02:00,0.0,72.8,57.5,0.0
2024-10-20T08:00:00+02:00,0.0,67.8,56.3,0.0
2024-10-20T09:00:00+02:00,0.0,68.5,46.7,0.0
2024-10-20T10:00:00+02:00,0.0,56.6,48.0,0.0
2024-10-20T11:00:00+02:00,0.0,78.9,42.9,0.0
2024-10-20T12:00:00+02:00,0.0,72.3,31.3,0.0
2024-10-20T13:00:00+02:00,0.0,68.0,12.5,0.0
2024-10-20T14:00:00+02:00,0.0,80.2,2.5,0.0
2024-10-20T15:00:00+02:00,0.0,83.1,1.4,0.0
2024-10-20T16:00:00+02:00,0.0,86.7,6.6,0.0
2024-10-20T17:00:00+02:00,0.0,448.2,7.8,0.0
2024-10-20T18:00:00+02:00,0.0,530.3,29.8,0.0
2024-10-20T19:00:00+02:00,0.0,556.1,42.2,0.0
2024-10-20T20:00:00+02:00,0.0,554.0,47.5,0.0
2024-10-20T21:00:00+02:00,0.0,521.9,46.8,0.0
2024-10-20T22:00:00+02:00,0.0,91.1,47.5,0.0
2024-10-20T23:00:00+02:00,0.0,68.2,33.5,0.0
2024-10-21T00:00:00+02:00,0.0,68.6,27.2,0.0
2024-10-21T01:00:00+02:00,0.0,67.2,27.9,0.0
2024-10-21T02:00:00+02:00,0.0,76.7,9.2,0.0
2024-10-21T03:00:00+02:00,0.0,68.9,4.7,0.0
2024-10-21T04:00:00+02:00,0.0,69.2,7.7,0.0
2024-10-21T05:00:00+02:00,0.0,86.1,14.9,0.0
2024-10-21T06:00:00+02:00,0.0,240.9,14.4,0.0
2024-10-21T07:00:00+02:00,0.0,505.4,0.2,0.0
2024-10-21T08:00:00+02:00,0.0,512.3,0.0,0.0
2024-10-21T09:00:00+02:00,0.0,298.4,0.0,0.0
2024-10-21T10:00:00+02:00,0.0,201.5,0.0,0.0
2024-10-21T11:00:00+02:00,0.0,142.0,0.0,0.0
2024-10-21T12:00:00+02:00,0.0,86.9,0.0,0.0
2024-10-21T13:00:00+02:00,0.0,91.4,0.0,0.0
2024-10-21T14:00:00+02:00,0.0,136.1,0.0,0.0
2024-10-21T15:00:00+02:00,0.0,194.8,0.0,0.0
2024-10-21T16:00:00+02:00,0.0,413.6,0.1,0.0
2024-10-21T17:00:00+02:00,0.0,541.6,0.2,0.0
2024-10-21T18:00:00+02:00,0.0,542.2,0.1,0.0
2024-10-21T19:00:00+02:00,0.0,541.9,0.9,0.0
2024-10-21T20:00:00+02:00,0.0,539.4,3.0,0.0
2024-10-21T21:00:00+02:00,0.0,496.9,1.9,0.0
2024-10-21T22:00:00+02:00,0.0,210.3,3.3,0.0
2024-10-21T23:00:00+02:00,0.0,181.7,3.2,0.0
2024-10-22T00:00:00+02:00,0.0,146.1,6.2,0.0
2024-10-22T01:00:00+02:00,0.0,94.4,3.8,0.0
2024-10-22T02:00:00+02:00,0.0,82.8,0.0,0.0
2024-10-22T03:00:00+02:00,0.0,82.1,0.2,0.0
2024-10-22T04:00:00+02:00,0.0,84.2,0.0,0.0
2024-10-22T05:00:00+02:00,0.0,102.9,1.6,0.0
2024-10-22T06:00:00+02:00,0.0,427.6,2.9,0.0
2024-10-22T07:00:00+02:00,0.0,518.2,0.9,0.0
2024-10-22T08:00:00+02:00,0.0,508.0,0.0,0.0
2024-10-22T09:00:00+02:00,0.0,480.7,0.1,0.0
2024-10-22T10:00:00+02:00,0.0,202.6,3.1,0.0
2024-10-22T11:00:00+02:00,0.0,76.2,1.5,0.0
2024-10-22T12:00:00+02:00,0.0,80.3,0.0,0.0
2024-10-22T13:00:00+02:00,0.0,77.5,1.9,0.0
2024-10-22T14:00:00+02:00,0.0,76.2,0.9,0.0
2024-10-22T15:00:00+02:00,0.0,179.7,0.6,0.0
2024-10-22T16:00:00+02:00,0.0,507.5,1.4,0.0
2024-10-22T17:00:00+02:00,0.0,558.9,3.2,0.0
2024-10-22T18:00:00+02:00,0.0,560.4,0.3,0.0
2024-10-22T19:00:00+02:00,0.0,557.2,0.1,0.0
2024-10-22T20:00:00+02:00,0.0,550.4,0.6,0.0
2024-10-22T21:00:00+02:00,0.0,484.0,2.4,0.0
2024-10-22T22:00:00+02:00,0.0,210.7,5.1,0.0
2024-10-22T23:00:00+02:00,0.0,182.7,0.5,0.0
2024-10-23T00:00:00+02:00,0.0,154.2,0.0,0.0
2024-10-23T01:00:00+02:00,0.0,118.4,0.0,0.0
2024-10-23T02:00:00+02:00,0.0,99.9,0.0,0.0
2024-10-23T03:00:00+02:00,0.0,90.2,0.0,0.0
2024-10-23T04:00:00+02:00,0.0,84.9,3.8,0.0
2024-10-23T05:00:00+02:00,0.0,101.4,6.7,0.0
2024-10-23T06:00:00+02:00,0.0,484.0,6.8,0.0
2024-10-23T07:00:00+02:00,0.0,533.2,16.4,0.0
2024-10-23T08:00:00+02:00,0.0,530.5,15.2,0.0
2024-10-23T09:00:00+02:00,0.0,528.5,11.3,0.0
2024-10-23T10:00:00+02:00,0.0,219.7,0.0,0.0
2024-10-23T11:00:00+02:00,0.0,79.9,0.1,0.0
2024-10-23T12:00:00+02:00,0.0,81.4,1.5,0.0
2024-10-23T13:00:00+02:00,0.0,79.5,0.8,0.0
2024-10-23T14:00:00+02:00,0.0,118.5,0.0,0.0
2024-10-23T15:00:00+02:00,0.0,203.0,0.3,0.0
2024-10-23T16:00:00+02:00,0.0,512.5,1.8,0.0
2024-10-23T17:00:00+02:00,0.0,579.3,4.9,0.0
2024-10-23T18:00:00+02:00,0.0,580.2,3.1,0.0
2024-10-23T19:00:00+02:00,0.0,580.0,5.5,0.0
2024-10-23T20:00:00+02:00,0.0,541.6,16.5,0.0
2024-10-23T21:00:00+02:00,0.0,540.9,14.9,0.0
2024-10-23T22:00:00+02:00,0.0,486.7,21.1,0.0
2024-10-23T23:00:00+02:00,0.0,167.5,23.7,0.0
2024-10-24T00:00:00+02:00,0.0,132.7,35.6,0.0
2024-10-24T01:00:00+02:00,0.0,48.1,48.9,0.0
2024-10-24T02:00:00+02:00,0.0,50.0,48.5,0.0
2024-10-24T03:00:00+02:00,0.0,50.2,47.6,0.0
2024-10-24T04:00:00+02:00,0.0,45.3,45.6,0.0
2024-10-24T05:00:00+02:00,0.0,74.8,45.1,0.0
2024-10-24T06:00:00+02:00,0.0,462.5,41.0,0.0
2024-10-24T07:00:00+02:00,0.0,517.4,24.8,0.0
2024-10-24T08:00:00+02:00,0.0,513.5,24.5,0.0
2024-10-24T09:00:00+02:00,0.0,501.7,19.6,0.0
2024-10-24T10:00:00+02:00,0.0,211.3,7.3,0.0
2024-10-24T11:00:00+02:00,0.0,139.5,0.3,0.0
2024-10-24T12:00:00+02:00,0.0,79.2,0.0,0.0
2024-10-24T13:00:00+02:00,0.0,79.6,0.0,0.0
2024-10-24T14:00:00+02:00,0.0,75.4,0.0,0.0
2024-10-24T15:00:00+02:00,0.0,206.3,0.0,0.0
2024-10-24T16:00:00+02:00,0.0,505.1,0.0,0.0
2024-10-24T17:00:00+02:00,0.0,554.7,0.0,0.0
2024-10-24T18:00:00+02:00,0.0,554.5,0.0,0.0
2024-10-24T19:00:00+02:00,0.0,545.0,0.0,0.0
2024-10-24T20:00:00+02:00,0.0,543.7,0.0,0.0
2024-10-24T21:00:00+02:00,0.0,543.1,0.0,0.0
2024-10-24T22:00:00+02:00,0.0,333.9,0.0,0.0
2024-10-24T23:00:00+02:00,0.0,193.3,0.0,0.0
2024-10-25T00:00:00+02:00,0.0,153.8,0.0,0.0
2024-10-25T01:00:00+02:00,0.0,62.4,2.1,0.0
2024-10-25T02:00:00+02:00,0.0,60.7,7.0,0.0
2024-10-25T03:00:00+02:00,0.0,64.4,4.5,0.0
2024-10-25T04:00:00+02:00,0.0,71.0,1.4,0.0
2024-10-25T05:00:00+02:00,0.0,111.7,2.6,0.0
2024-10-25T06:00:00+02:00,0.0,482.8,1.1,0.0
2024-10-25T07:00:00+02:00,0.0,489.9,0.2,0.0
2024-10-25T08:00:00+02:00,0.0,482.6,0.2,0.0
2024-10-25T09:00:00+02:00,0.0,486.5,0.0,0.0
2024-10-25T10:00:00+02:00,0.0,219.9,0.0,0.0
2024-10-25T11:00:00+02:00,0.0,136.1,0.0,0.0
2024-10-25T12:00:00+02:00,0.0,83.2,0.0,0.0
2024-10-25T13:00:00+02:00,0.0,74.4,0.0,0.0
2024-10-25T14:00:00+02:00,0.0,74.4,0.5,0.0
2024-10-25T15:00:00+02:00,0.0,204.6,1.9,0.0
2024-10-25T16:00:00+02:00,0.0,499.2,2.4,0.0
2024-10-25T17:00:00+02:00,0.0,558.4,0.4,0.0
2024-10-25T18:00:00+02:00,0.0,544.4,0.2,0.0
2024-10-25T19:00:00+02:00,0.0,543.8,0.4,0.0
2024-10-25T20:00:00+02:00,0.0,539.9,0.0,0.0
2024-10-25T21:00:00+02:00,0.0,536.5,0.0,0.0
2024-10-25T22:00:00+02:00,0.0,496.1,0.6,0.0
2024-10-25T23:00:00+02:00,0.0,190.8,4.8,0.0
2024-10-26T00:00:00+02:00,0.0,155.1,6.2,0.0
2024-10-26T01:00:00+02:00,0.0,121.1,4.2,0.0
2024-10-26T02:00:00+02:00,0.0,101.9,1.9,0.0
2024-10-26T03:00:00+02:00,0.0,95.2,0.1,0.0
2024-10-26T04:00:00+02:00,0.0,96.0,0.0,0.0
2024-10-26T05:00:00+02:00,0.0,102.2,0.0,0.0
2024-10-26T06:00:00+02:00,0.0,131.3,0.0,0.0
2024-10-26T07:00:00+02:00,0.0,207.8,0.0,0.0
2024-10-26T08:00:00+02:00,0.0,203.8,0.1,0.0
2024-10-26T09:00:00+02:00,0.0,218.4,0.1,0.0
2024-10-26T10:00:00+02:00,0.0,166.4,0.0,0.0
2024-10-26T11:00:00+02:00,0.0,99.5,1.9,0.0
2024-10-26T12:00:00+02:00,0.0,71.0,0.5,0.0
2024-10-26T13:00:00+02:00,0.0,76.8,0.0,0.0
2024-10-26T14:00:00+02:00,0.0,73.3,0.0,0.0
2024-10-26T15:00:00+02:00,0.0,75.8,0.0,0.0
2024-10-26T16:00:00+02:00,0.0,207.4,0.0,0.0
2024-10-26T17:00:00+02:00,0.0,484.4,0.0,0.0
2024-10-26T18:00:00+02:00,0.0,491.5,0.0,0.0
2024-10-26T19:00:00+02:00,0.0,489.9,0.0,0.0
2024-10-26T20:00:00+02:00,0.0,490.0,0.0,0.0
2024-10-26T21:00:00+02:00,0.0,423.7,0.4,0.0
2024-10-26T22:00:00+02:00,0.0,211.8,1.7,0.0
2024-10-26T23:00:00+02:00,0.0,146.9,5.9,0.0
2024-10-27T00:00:00+02:00,0.0,150.5,6.3,0.0
2024-10-27T01:00:00+02:00,0.0,61.7,2.3,0.0
2024-10-27T02:00:00+01:00,0.0,54.9,2.6,0.0
2024-10-27T02:00:00+02:00,0.0,62.1,2.7,0.0
2024-10-27T03:00:00+01:00,0.0,58.8,5.7,0.0
2024-10-27T04:00:00+01:00,0.0,55.8,6.7,0.0
2024-10-27T05:00:00+01:00,0.0,98.4,3.6,0.0
2024-10-27T06:00:00+01:00,0.0,125.4,0.7,0.0
2024-10-27T07:00:00+01:00,0.0,178.4,0.1,0.0
2024-10-27T08:00:00+01:00,0.0,209.0,0.0,0.0
2024-10-27T09:00:00+01:00,0.0,56.0,0.0,0.0
2024-10-27T10:00:00+01:00,0.0,51.8,0.0,0.0
2024-10-27T11:00:00+01:00,0.0,51.4,0.0,0.0
2024-10-27T12:00:00+01:00,0.0,52.2,0.3,0.0
2024-10-27T13:00:00+01:00,0.0,49.9,0.6,0.0
2024-10-27T14:00:00+01:00,0.0,54.5,0.6,0.0
2024-10-27T15:00:00+01:00,0.0,146.1,0.8,0.0
2024-10-27T16:00:00+01:00,0.0,207.0,0.7,0.0
2024-10-27T17:00:00+01:00,0.0,447.4,0.0,0.0
2024-10-27T18:00:00+01:00,0.0,404.4,0.0,0.0
2024-10-27T19:00:00+01:00,0.0,486.2,0.0,0.0
2024-10-27T20:00:00+01:00,0.0,492.2,0.0,0.0
2024-10-27T21:00:00+01:00,0.0,236.2,0.0,0.0
2024-10-27T22:00:00+01:00,0.0,200.4,0.0,0.0
2024-10-27T23:00:00+01:00,0.0,167.6,0.0,0.0
2024-10-28T00:00:00+01:00,0.0,99.9,0.0,0.0
2024-10-28T01:00:00+01:00,0.0,78.5,0.0,0.0
2024-10-28T02:00:00+01:00,0.0,64.0,0.0,0.0
2024-10-28T03:00:00+01:00,0.0,59.1,2.6,0.0
2024-10-28T04:00:00+01:00,0.0,58.5,7.0,0.0
2024-10-28T05:00:00+01:00,0.0,65.7,10.2,0.0
2024-10-28T06:00:00+01:00,0.0,366.9,8.1,0.0
2024-10-28T07:00:00+01:00,0.0,422.9,9.0,0.0
2024-10-28T08:00:00+01:00,0.0,439.0,6.0,0.0
2024-10-28T09:00:00+01:00,0.0,442.4,4.1,0.0
2024-10-28T10:00:00+01:00,0.0,179.3,6.7,0.0
2024-10-28T11:00:00+01:00,0.0,175.8,6.6,0.0
2024-10-28T12:00:00+01:00,0.0,168.8,4.2,0.0
2024-10-28T13:00:00+01:00,0.0,165.8,3.3,0.0
2024-10-28T14:00:00+01:00,0.0,170.6,2.1,0.0
2024-10-28T15:00:00+01:00,0.0,383.9,0.6,0.0
2024-10-28T16:00:00+01:00,0.0,518.3,0.7,0.0
2024-10-28T17:00:00+01:00,0.0,524.1,0.2,0.0
2024-10-28T18:00:00+01:00,0.0,518.0,1.0,0.0
2024-10-28T19:00:00+01:00,0.0,514.6,0.4,0.0
2024-10-28T20:00:00+01:00,0.0,513.5,3.1,0.0
2024-10-28T21:00:00+01:00,0.0,487.8,2.4,0.0
2024-10-28T22:00:00+01:00,0.0,181.0,2.9,0.0
2024-10-28T23:00:00+01:00,0.0,152.0,2.7,0.0
2024-10-29T00:00:00+01:00,0.0,102.9,1.2,0.0
2024-10-29T01:00:00+01:00,0.0,74.0,1.2,0.0
2024-10-29T02:00:00+01:00,0.0,55.6,1.8,0.0
2024-10-29T03:00:00+01:00,0.0,52.8,2.6,0.0
2024-10-29T04:00:00+01:00,0.0,55.3,2.3,0.0
2024-10-29T05:00:00+01:00,0.0,67.6,4.6,0.0
2024-10-29T06:00:00+01:00,0.0,446.3,4.8,0.0
2024-10-29T07:00:00+01:00,0.0,490.6,4.1,0.0
2024-10-29T08:00:00+01:00,0.0,485.9,1.6,0.0
2024-10-29T09:00:00+01:00,0.0,487.7,0.3,0.0
2024-10-29T10:00:00+01:00,0.0,172.6,1.4,0.0
2024-10-29T11:00:00+01:00,0.0,163.7,1.2,0.0
2024-10-29T12:00:00+01:00,0.0,156.7,0.9,0.0
2024-10-29T13:00:00+01:00,0.0,153.4,2.9,0.0
2024-10-29T14:00:00+01:00,0.0,153.8,1.6,0.0
2024-10-29T15:00:00+01:00,0.0,488.0,4.1,0.0
2024-10-29T16:00:00+01:00,0.0,484.4,4.3,0.0
2024-10-29T17:00:00+01:00,0.0,495.3,6.1,0.0
2024-10-29T18:00:00+01:00,0.0,490.9,6.1,0.0
2024-10-29T19:00:00+01:00,0.0,486.9,10.6,0.0
2024-10-29T20:00:00+01:00,0.0,487.7,14.6,0.0
2024-10-29T21:00:00+01:00,0.0,472.7,28.6,0.0
2024-10-29T22:00:00+01:00,0.0,144.7,27.1,0.0
2024-10-29T23:00:00+01:00,0.0,115.5,25.4,0.0
2024-10-30T00:00:00+01:00,0.0,90.2,12.6,0.0
2024-10-30T01:00:00+01:00,0.0,64.6,11.0,0.0
2024-10-30T02:00:00+01:00,0.0,49.8,8.9,0.0
2024-10-30T03:00:00+01:00,0.0,43.9,10.7,0.0
2024-10-30T04:00:00+01:00,0.0,42.7,11.2,0.0
2024-10-30T05:00:00+01:00,0.0,60.5,12.1,0.0
2024-10-30T06:00:00+01:00,0.0,429.5,18.0,0.0
2024-10-30T07:00:00+01:00,0.0,487.1,10.9,0.0
2024-10-30T08:00:00+01:00,0.0,486.2,8.3,0.0
2024-10-30T09:00:00+01:00,0.0,488.1,8.8,0.0
2024-10-30T10:00:00+01:00,0.0,155.9,10.7,0.0
2024-10-30T11:00:00+01:00,0.0,153.0,8.0,0.0
2024-10-30T12:00:00+01:00,0.0,148.1,8.1,0.0
2024-10-30T13:00:00+01:00,0.0,142.6,10.7,0.0
2024-10-30T14:00:00+01:00,0.0,144.1,13.9,0.0
2024-10-30T15:00:00+01:00,0.0,491.1,21.9,0.0
2024-10-30T16:00:00+01:00,0.0,497.8,26.9,0.0
2024-10-30T17:00:00+01:00,0.0,488.2,42.8,0.0
2024-10-30T18:00:00+01:00,0.0,487.3,60.1,0.0
2024-10-30T19:00:00+01:00,0.0,480.0,62.5,0.0
2024-10-30T20:00:00+01:00,0.0,483.8,53.9,0.0
2024-10-30T21:00:00+01:00,0.0,474.0,66.2,0.0
2024-10-30T22:00:00+01:00,0.0,112.0,78.4,0.0
2024-10-30T23:00:00+01:00,0.0,73.8,95.3,0.0
2024-10-31T00:00:00+01:00,0.0,32.8,87.2,0.0
2024-10-31T01:00:00+01:00,0.0,32.5,94.0,0.0
2024-10-31T02:00:00+01:00,0.0,32.6,100.2,0.0
2024-10-31T03:00:00+01:00,0.0,32.6,82.1,0.0
2024-10-31T04:00:00+01:00,0.0,32.7,67.9,0.0
2024-10-31T05:00:00+01:00,0.0,33.2,63.8,0.0
2024-10-31T06:00:00+01:00,0.0,196.7,79.9,0.0
2024-10-31T07:00:00+01:00,0.0,311.7,97.7,0.0
2024-10-31T08:00:00+01:00,0.0,244.2,101.9,0.0
2024-10-31T09:00:00+01:00,0.0,238.0,92.4,0.0
2024-10-31T10:00:00+01:00,0.0,74.9,65.9,0.0
2024-10-31T11:00:00+01:00,0.0,50.6,54.6,0.0
2024-10-31T12:00:00+01:00,0.0,46.6,29.5,0.0
2024-10-31T13:00:00+01:00,0.0,65.1,23.5,0.0
2024-10-31T14:00:00+01:00,0.0,113.6,24.0,0.0
2024-10-31T15:00:00+01:00,0.0,121.2,18.4,0.0
2024-10-31T16:00:00+01:00,0.0,502.1,20.9,0.0
2024-10-31T17:00:00+01:00,0.0,507.9,13.2,0.0
2024-10-31T18:00:00+01:00,0.0,506.4,27.3,0.0
2024-10-31T19:00:00+01:00,0.0,506.5,34.2,0.0
2024-10-31T20:00:00+01:00,0.0,506.9,28.6,0.0
2024-10-31T21:00:00+01:00,0.0,309.9,21.2,0.0
2024-10-31T22:00:00+01:00,0.0,123.5,15.7,0.0
2024-10-31T23:00:00+01:00,0.0,95.6,20.3,0.0
2024-11-01T00:00:00+01:00,0.0,77.4,21.0,0.0
2024-11-01T01:00:00+01:00,0.0,45.7,17.5,0.0
2024-11-01T02:00:00+01:00,0.0,52.5,9.9,0.0
2024-11-01T03:00:00+01:00,0.0,49.9,10.1,0.0
2024-11-01T04:00:00+01:00,0.0,44.5,21.8,0.0
2024-11-01T05:00:00+01:00,0.0,40.5,13.0,0.0
2024-11-01T06:00:00+01:00,0.0,101.4,8.8,0.0
2024-11-01T07:00:00+01:00,0.0,143.9,14.4,0.0
2024-11-01T08:00:00+01:00,0.0,27.6,9.0,0.0
2024-11-01T09:00:00+01:00,0.0,45.8,2.4,0.0
2024-11-01T10:00:00+01:00,0.0,44.7,2.2,0.0
2024-11-01T11:00:00+01:00,0.0,40.0,0.4,0.0
2024-11-01T12:00:00+01:00,0.0,48.9,0.2,0.0
2024-11-01T13:00:00+01:00,0.0,43.4,0.3,0.0
2024-11-01T14:00:00+01:00,0.0,48.0,3.7,0.0
2024-11-01T15:00:00+01:00,0.0,148.8,8.3,0.0
2024-11-01T16:00:00+01:00,0.0,430.7,12.7,0.0
2024-11-01T17:00:00+01:00,0.0,535.2,9.4,0.0
2024-11-01T18:00:00+01:00,0.0,527.5,17.5,0.0
2024-11-01T19:00:00+01:00,0.0,528.2,15.3,0.0
2024-11-01T20:00:00+01:00,0.0,426.5,15.0,0.0
2024-11-01T21:00:00+01:00,0.0,233.2,12.7,0.0
2024-11-01T22:00:00+01:00,0.0,209.4,7.8,0.0
2024-11-01T23:00:00+01:00,0.0,139.0,4.7,0.0
2024-11-02T00:00:00+01:00,0.0,44.5,0.1,0.0
2024-11-02T01:00:00+01:00,0.0,43.2,1.4,0.0
2024-11-02T02:00:00+01:00,0.0,44.4,2.3,0.0
2024-11-02T03:00:00+01:00,0.0,47.2,2.2,0.0
2024-11-02T04:00:00+01:00,0.0,49.7,2.7,0.0
2024-11-02T05:00:00+01:00,0.0,45.1,5.4,0.0
2024-11-02T06:00:00+01:00,0.0,44.1,13.3,0.0
2024-11-02T07:00:00+01:00,0.0,37.5,20.3,0.0
2024-11-02T08:00:00+01:00,0.0,40.5,17.4,0.0
2024-11-02T09:00:00+01:00,0.0,41.7,19.6,0.0
2024-11-02T10:00:00+01:00,0.0,41.7,18.7,0.0
2024-11-02T11:00:00+01:00,0.0,40.0,20.6,0.0
2024-11-02T12:00:00+01:00,0.0,24.8,44.6,0.0
2024-11-02T13:00:00+01:00,0.0,36.2,49.5,0.0
2024-11-02T14:00:00+01:00,0.0,49.6,58.9,0.0
2024-11-02T15:00:00+01:00,0.0,157.8,62.3,0.0
2024-11-02T16:00:00+01:00,0.0,431.3,60.8,0.0
2024-11-02T17:00:00+01:00,0.0,534.7,68.0,0.0
2024-11-02T18:00:00+01:00,0.0,530.8,72.0,0.0
2024-11-02T19:00:00+01:00,0.0,531.3,73.0,0.0
2024-11-02T20:00:00+01:00,0.0,344.4,71.7,0.0
2024-11-02T21:00:00+01:00,0.0,172.0,70.6,0.0
2024-11-02T22:00:00+01:00,0.0,85.8,68.5,0.0
2024-11-02T23:00:00+01:00,0.0,68.7,67.0,0.0
2024-11-03T00:00:00+01:00,0.0,28.9,70.3,0.0
2024-11-03T01:00:00+01:00,0.0,30.6,72.7,0.0
2024-11-03T02:00:00+01:00,0.0,38.2,67.2,0.0
2024-11-03T03:00:00+01:00,0.0,34.1,62.8,0.0
2024-11-03T04:00:00+01:00,0.0,30.7,71.7,0.0
2024-11-03T05:00:00+01:00,0.0,26.5,81.4,0.0
2024-11-03T06:00:00+01:00,0.0,29.6,81.1,0.0
2024-11-03T07:00:00+01:00,0.0,28.6,88.2,0.0
2024-11-03T08:00:00+01:00,0.0,29.8,86.9,0.0
2024-11-03T09:00:00+01:00,0.0,21.7,101.8,0.0
2024-11-03T10:00:00+01:00,0.0,16.9,103.0,0.0
2024-11-03T11:00:00+01:00,0.0,18.8,88.1,0.0
2024-11-03T12:00:00+01:00,0.0,20.0,83.0,0.0
2024-11-03T13:00:00+01:00,0.0,22.5,67.3,0.0
2024-11-03T14:00:00+01:00,0.0,19.5,71.1,0.0
2024-11-03T15:00:00+01:00,0.0,109.0,68.9,0.0
2024-11-03T16:00:00+01:00,0.0,198.5,55.6,0.0
2024-11-03T17:00:00+01:00,0.0,499.9,42.7,0.0
2024-11-03T18:00:00+01:00,0.0,498.0,48.4,0.0
2024-11-03T19:00:00+01:00,0.0,464.0,52.9,0.0
2024-11-03T20:00:00+01:00,0.0,307.4,40.6,0.0
2024-11-03T21:00:00+01:00,0.0,209.5,42.7,0.0
2024-11-03T22:00:00+01:00,0.0,104.8,42.6,0.0
2024-11-03T23:00:00+01:00,0.0,94.2,32.9,0.0
2024-11-04T00:00:00+01:00,0.0,44.1,27.5,0.0
2024-11-04T01:00:00+01:00,0.0,43.0,25.8,0.0
2024-11-04T02:00:00+01:00,0.0,42.7,24.7,0.0
2024-11-04T03:00:00+01:00,0.0,41.7,31.5,0.0
2024-11-04T04:00:00+01:00,0.0,43.4,22.1,0.0
2024-11-04T05:00:00+01:00,0.0,48.1,15.9,0.0
2024-11-04T06:00:00+01:00,0.0,447.6,15.6,0.0
2024-11-04T07:00:00+01:00,0.0,496.6,18.1,0.0
2024-11-04T08:00:00+01:00,0.0,486.5,20.1,0.0
2024-11-04T09:00:00+01:00,0.0,396.0,17.9,0.0
2024-11-04T10:00:00+01:00,0.0,100.6,12.3,0.0
2024-11-04T11:00:00+01:00,0.0,99.8,6.1,0.0
2024-11-04T12:00:00+01:00,0.0,100.9,2.0,0.0
2024-11-04T13:00:00+01:00,0.0,101.4,3.8,0.0
2024-11-04T14:00:00+01:00,0.0,195.8,9.2,0.0
2024-11-04T15:00:00+01:00,0.0,463.3,12.8,0.0
2024-11-04T16:00:00+01:00,0.0,572.1,11.2,0.0
2024-11-04T17:00:00+01:00,0.0,571.2,7.7,0.0
2024-11-04T18:00:00+01:00,0.0,574.1,7.5,0.0
2024-11-04T19:00:00+01:00,0.0,556.8,27.7,0.0
2024-11-04T20:00:00+01:00,0.0,538.8,60.5,0.0
2024-11-04T21:00:00+01:00,0.0,449.9,47.8,0.0
2024-11-04T22:00:00+01:00,0.0,184.3,53.9,0.0
2024-11-04T23:00:00+01:00,0.0,88.5,54.0,0.0
2024-11-05T00:00:00+01:00,0.0,36.3,34.3,0.0
2024-11-05T01:00:00+01:00,0.0,19.8,51.7,0.0
2024-11-05T02:00:00+01:00,0.0,19.2,44.1,0.0
2024-11-05T03:00:00+01:00,0.0,34.3,34.4,0.0
2024-11-05T04:00:00+01:00,0.0,37.8,33.0,0.0
2024-11-05T05:00:00+01:00,0.0,37.9,43.7,0.0
2024-11-05T06:00:00+01:00,0.0,353.1,49.0,0.0
2024-11-05T07:00:00+01:00,0.0,490.0,49.3,0.0
2024-11-05T08:00:00+01:00,0.0,483.6,45.7,0.0
2024-11-05T09:00:00+01:00,0.0,325.6,45.2,0.0
2024-11-05T10:00:00+01:00,0.0,73.2,37.8,0.0
2024-11-05T11:00:00+01:00,0.0,72.4,26.5,0.0
2024-11-05T12:00:00+01:00,0.0,67.4,28.8,0.0
2024-11-05T13:00:00+01:00,0.0,79.2,18.5,0.0
2024-11-05T14:00:00+01:00,0.0,145.4,5.4,0.0
2024-11-05T15:00:00+01:00,0.0,498.0,6.0,0.0
2024-11-05T16:00:00+01:00,0.0,575.7,7.7,0.0
2024-11-05T17:00:00+01:00,0.0,573.9,10.2,0.0
2024-11-05T18:00:00+01:00,0.0,558.6,29.8,0.0
2024-11-05T19:00:00+01:00,0.0,554.9,44.8,0.0
2024-11-05T20:00:00+01:00,0.0,549.1,38.6,0.0
2024-11-05T21:00:00+01:00,0.0,518.0,40.9,0.0
2024-11-05T22:00:00+01:00,0.0,217.1,42.5,0.0
2024-11-05T23:00:00+01:00,0.0,111.7,37.7,0.0
2024-11-06T00:00:00+01:00,0.0,87.2,31.8,0.0
2024-11-06T01:00:00+01:00,0.0,29.9,32.6,0.0
2024-11-06T02:00:00+01:00,0.0,42.4,24.3,0.0
2024-11-06T03:00:00+01:00,0.0,38.0,18.2,0.0
2024-11-06T04:00:00+01:00,0.0,44.6,7.5,0.0
2024-11-06T05:00:00+01:00,0.0,50.0,3.2,0.0
2024-11-06T06:00:00+01:00,0.0,319.2,2.5,0.0
2024-11-06T07:00:00+01:00,0.0,440.8,3.1,0.0
2024-11-06T08:00:00+01:00,0.0,507.2,0.5,0.0
2024-11-06T09:00:00+01:00,0.0,373.8,0.0,0.0
2024-11-06T10:00:00+01:00,0.0,227.2,0.0,0.0
2024-11-06T11:00:00+01:00,0.0,169.6,0.0,0.0
2024-11-06T12:00:00+01:00,0.0,99.5,0.0,0.0
2024-11-06T13:00:00+01:00,0.0,209.7,1.1,0.0
2024-11-06T14:00:00+01:00,0.0,474.6,4.0,0.0
2024-11-06T15:00:00+01:00,0.0,467.7,5.0,0.0
2024-11-06T16:00:00+01:00,0.0,524.1,7.4,0.0
2024-11-06T17:00:00+01:00,0.0,567.8,5.3,0.0
2024-11-06T18:00:00+01:00,0.0,563.0,4.6,0.0
2024-11-06T19:00:00+01:00,0.0,546.9,8.4,0.0
2024-11-06T20:00:00+01:00,0.0,545.0,21.7,0.0
2024-11-06T21:00:00+01:00,0.0,401.4,28.5,0.0
2024-11-06T22:00:00+01:00,0.0,225.7,33.2,0.0
2024-11-06T23:00:00+01:00,0.0,90.5,37.4,0.0
2024-11-07T00:00:00+01:00,0.0,29.4,43.0,0.0
2024-11-07T01:00:00+01:00,0.0,24.9,39.6,0.0
2024-11-07T02:00:00+01:00,0.0,30.9,28.4,0.0
2024-11-07T03:00:00+01:00,0.0,33.2,22.6,0.0
2024-11-07T04:00:00+01:00,0.0,48.6,13.5,0.0
2024-11-07T05:00:00+01:00,0.0,120.1,8.1,0.0
2024-11-07T06:00:00+01:00,0.0,297.7,5.2,0.0
2024-11-07T07:00:00+01:00,0.0,333.6,4.6,0.0
2024-11-07T08:00:00+01:00,0.0,379.7,11.9,0.0
2024-11-07T09:00:00+01:00,0.0,318.3,9.9,0.0
2024-11-07T10:00:00+01:00,0.0,185.5,5.2,0.0
2024-11-07T11:00:00+01:00,0.0,162.0,6.7,0.0
2024-11-07T12:00:00+01:00,0.0,156.2,4.3,0.0
2024-11-07T13:00:00+01:00,0.0,213.3,2.2,0.0
2024-11-07T14:00:00+01:00,0.0,439.2,0.0,0.0
2024-11-07T15:00:00+01:00,0.0,507.4,0.0,0.0
2024-11-07T16:00:00+01:00,0.0,497.3,2.5,0.0
2024-11-07T17:00:00+01:00,0.0,441.9,14.6,0.0
2024-11-07T18:00:00+01:00,0.0,440.8,40.9,0.0
2024-11-07T19:00:00+01:00,0.0,460.2,34.6,0.0
2024-11-07T20:00:00+01:00,0.0,543.2,32.2,0.0
2024-11-07T21:00:00+01:00,0.0,338.4,43.1,0.0
2024-11-07T22:00:00+01:00,0.0,233.5,44.9,0.0
2024-11-07T23:00:00+01:00,0.0,136.8,45.1,0.0
2024-11-08T00:00:00+01:00,0.0,27.4,40.4,0.0
2024-11-08T01:00:00+01:00,0.0,38.5,17.6,0.0
2024-11-08T02:00:00+01:00,0.0,41.8,16.6,0.0
2024-11-08T03:00:00+01:00,0.0,43.5,10.5,0.0
2024-11-08T04:00:00+01:00,0.0,44.9,9.6,0.0
2024-11-08T05:00:00+01:00,0.0,41.5,12.9,0.0
2024-11-08T06:00:00+01:00,0.0,280.8,13.5,0.0
2024-11-08T07:00:00+01:00,0.0,376.6,13.9,0.0
2024-11-08T08:00:00+01:00,0.0,367.4,14.3,0.0
2024-11-08T09:00:00+01:00,0.0,245.1,17.3,0.0
2024-11-08T10:00:00+01:00,0.0,162.0,9.9,0.0
2024-11-08T11:00:00+01:00,0.0,102.6,3.6,0.0
2024-11-08T12:00:00+01:00,0.0,104.5,1.8,0.0
2024-11-08T13:00:00+01:00,0.0,103.7,0.7,0.0
2024-11-08T14:00:00+01:00,0.0,217.7,0.0,0.0
2024-11-08T15:00:00+01:00,0.0,361.0,0.0,0.0
2024-11-08T16:00:00+01:00,0.0,551.5,0.0,0.0
2024-11-08T17:00:00+01:00,0.0,556.1,1.4,0.0
2024-11-08T18:00:00+01:00,0.0,542.1,7.6,0.0
2024-11-08T19:00:00+01:00,0.0,536.4,9.5,0.0
2024-11-08T20:00:00+01:00,0.0,343.2,23.8,0.0
2024-11-08T21:00:00+01:00,0.0,323.6,31.5,0.0
2024-11-08T22:00:00+01:00,0.0,256.4,41.1,0.0
2024-11-08T23:00:00+01:00,0.0,93.2,46.5,0.0
2024-11-09T00:00:00+01:00,0.0,102.5,44.0,0.0
2024-11-09T01:00:00+01:00,0.0,30.9,32.5,0.0
2024-11-09T02:00:00+01:00,0.0,45.9,20.1,0.0
2024-11-09T03:00:00+01:00,0.0,52.8,12.2,0.0
2024-11-09T04:00:00+01:00,0.0,47.3,18.8,0.0
2024-11-09T05:00:00+01:00,0.0,43.8,19.5,0.0
2024-11-09T06:00:00+01:00,0.0,95.2,13.3,0.0
2024-11-09T07:00:00+01:00,0.0,210.2,10.7,0.0
2024-11-09T08:00:00+01:00,0.0,254.3,6.3,0.0
2024-11-09T09:00:00+01:00,0.0,242.1,1.3,0.0
2024-11-09T10:00:00+01:00,0.0,55.9,0.0,0.0
2024-11-09T11:00:00+01:00,0.0,49.5,0.0,0.0
2024-11-09T12:00:00+01:00,0.0,48.0,0.0,0.0
2024-11-09T13:00:00+01:00,0.0,49.6,0.0,0.0
2024-11-09T14:00:00+01:00,0.0,170.6,0.3,0.0
2024-11-09T15:00:00+01:00,0.0,239.7,1.9,0.0
2024-11-09T16:00:00+01:00,0.0,322.8,5.3,0.0
2024-11-09T17:00:00+01:00,0.0,468.4,20.0,0.0
2024-11-09T18:00:00+01:00,0.0,467.7,25.4,0.0
2024-11-09T19:00:00+01:00,0.0,398.8,10.9,0.0
2024-11-09T20:00:00+01:00,0.0,341.3,9.0,0.0
2024-11-09T21:00:00+01:00,0.0,284.4,12.8,0.0
2024-11-09T22:00:00+01:00,0.0,263.3,12.2,0.0
2024-11-09T23:00:00+01:00,0.0,227.7,15.2,0.0
2024-11-10T00:00:00+01:00,0.0,89.2,19.3,0.0
2024-11-10T01:00:00+01:00,0.0,31.1,30.0,0.0
2024-11-10T02:00:00+01:00,0.0,38.4,33.6,0.0
2024-11-10T03:00:00+01:00,0.0,28.5,40.7,0.0
2024-11-10T04:00:00+01:00,0.0,31.9,40.8,0.0
2024-11-10T05:00:00+01:00,0.0,31.7,41.7,0.0
2024-11-10T06:00:00+01:00,0.0,29.7,36.3,0.0
2024-11-10T07:00:00+01:00,0.0,38.4,45.8,0.0
2024-11-10T08:00:00+01:00,0.0,35.7,56.0,0.0
2024-11-10T09:00:00+01:00,0.0,140.5,52.9,0.0
2024-11-10T10:00:00+01:00,0.0,105.4,40.9,0.0
2024-11-10T11:00:00+01:00,0.0,102.0,43.9,0.0
2024-11-10T12:00:00+01:00,0.0,97.7,43.6,0.0
2024-11-10T13:00:00+01:00,0.0,31.7,47.4,0.0
2024-11-10T14:00:00+01:00,0.0,141.1,60.3,0.0
2024-11-10T15:00:00+01:00,0.0,212.9,67.5,0.0
2024-11-10T16:00:00+01:00,0.0,278.2,70.1,0.0
2024-11-10T17:00:00+01:00,0.0,400.9,66.1,0.0
2024-11-10T18:00:00+01:00,0.0,384.9,82.0,0.0
2024-11-10T19:00:00+01:00,0.0,333.7,91.7,0.0
2024-11-10T20:00:00+01:00,0.0,252.1,105.3,0.0
2024-11-10T21:00:00+01:00,0.0,236.3,103.8,0.0
2024-11-10T22:00:00+01:00,0.0,205.4,91.6,0.0
2024-11-10T23:00:00+01:00,0.0,125.5,101.9,0.0
2024-11-11T00:00:00+01:00,0.0,70.6,105.0,0.0
2024-11-11T01:00:00+01:00,0.0,17.5,104.0,0.0
2024-11-11T02:00:00+01:00,0.0,22.2,106.2,0.0
2024-11-11T03:00:00+01:00,0.0,20.8,103.4,0.0
2024-11-11T04:00:00+01:00,0.0,18.6,96.0,0.0
2024-11-11T05:00:00+01:00,0.0,54.9,99.9,0.0
2024-11-11T06:00:00+01:00,0.0,127.7,106.7,0.0
2024-11-11T07:00:00+01:00,0.0,300.5,90.0,0.0
2024-11-11T08:00:00+01:00,0.0,310.1,95.8,0.0
2024-11-11T09:00:00+01:00,0.0,250.1,108.6,0.0
2024-11-11T10:00:00+01:00,0.0,199.4,115.9,0.0
2024-11-11T11:00:00+01:00,0.0,170.5,110.0,0.0
2024-11-11T12:00:00+01:00,0.0,178.6,104.5,0.0
2024-11-11T13:00:00+01:00,0.0,172.8,101.2,0.0
2024-11-11T14:00:00+01:00,0.0,261.9,107.4,0.0
2024-11-11T15:00:00+01:00,0.0,440.4,97.1,0.0
2024-11-11T16:00:00+01:00,0.0,441.0,101.0,0.0
2024-11-11T17:00:00+01:00,0.0,477.3,102.0,0.0
2024-11-11T18:00:00+01:00,0.0,501.5,106.1,0.0
2024-11-11T19:00:00+01:00,0.0,532.5,101.0,0.0
2024-11-11T20:00:00+01:00,0.0,551.7,107.5,0.0
2024-11-11T21:00:00+01:00,0.0,265.8,96.3,0.0
2024-11-11T22:00:00+01:00,0.0,225.3,86.4,0.0
2024-11-11T23:00:00+01:00,0.0,190.9,91.6,0.0
2024-11-12T00:00:00+01:00,0.0,83.3,91.8,0.0
2024-11-12T01:00:00+01:00,0.0,61.6,86.8,0.0
2024-11-12T02:00:00+01:00,0.0,22.8,75.9,0.0
2024-11-12T03:00:00+01:00,0.0,17.7,82.3,0.0
2024-11-12T04:00:00+01:00,0.0,23.6,84.4,0.0
2024-11-12T05:00:00+01:00,0.0,90.0,84.2,0.0
2024-11-12T06:00:00+01:00,0.0,320.7,85.1,0.0
2024-11-12T07:00:00+01:00,0.0,444.5,80.7,0.0
2024-11-12T08:00:00+01:00,0.0,484.0,72.2,0.0
2024-11-12T09:00:00+01:00,0.0,484.1,72.5,0.0
2024-11-12T10:00:00+01:00,0.0,434.7,72.5,0.0
2024-11-12T11:00:00+01:00,0.0,428.4,62.3,0.0
2024-11-12T12:00:00+01:00,0.0,429.6,59.9,0.0
2024-11-12T13:00:00+01:00,0.0,429.1,61.5,0.0
2024-11-12T14:00:00+01:00,0.0,450.2,63.8,0.0
2024-11-12T15:00:00+01:00,0.0,452.0,67.3,0.0
2024-11-12T16:00:00+01:00,0.0,493.2,65.0,0.0
2024-11-12T17:00:00+01:00,0.0,539.1,64.4,0.0
2024-11-12T18:00:00+01:00,0.0,509.3,64.7,0.0
2024-11-12T19:00:00+01:00,0.0,511.4,66.8,0.0
2024-11-12T20:00:00+01:00,0.0,525.5,61.5,0.0
2024-11-12T21:00:00+01:00,0.0,553.2,57.7,0.0
2024-11-12T22:00:00+01:00,0.0,452.8,58.1,0.0
2024-11-12T23:00:00+01:00,0.0,366.8,54.6,0.0
2024-11-13T00:00:00+01:00,0.0,107.9,53.1,0.0
2024-11-13T01:00:00+01:00,0.0,35.9,52.7,0.0
2024-11-13T02:00:00+01:00,0.0,36.6,48.7,0.0
2024-11-13T03:00:00+01:00,0.0,35.3,47.0,0.0
2024-11-13T04:00:00+01:00,0.0,35.3,48.8,0.0
2024-11-13T05:00:00+01:00,0.0,111.6,41.0,0.0
2024-11-13T06:00:00+01:00,0.0,295.4,29.5,0.0
2024-11-13T07:00:00+01:00,0.0,421.6,36.4,0.0
2024-11-13T08:00:00+01:00,0.0,468.3,36.9,0.0
2024-11-13T09:00:00+01:00,0.0,432.3,45.3,0.0
2024-11-13T10:00:00+01:00,0.0,405.3,44.0,0.0
2024-11-13T11:00:00+01:00,0.0,352.7,37.3,0.0
2024-11-13T12:00:00+01:00,0.0,367.5,15.5,0.0
2024-11-13T13:00:00+01:00,0.0,429.6,4.7,0.0
2024-11-13T14:00:00+01:00,0.0,481.5,5.3,0.0
2024-11-13T15:00:00+01:00,0.0,488.2,13.7,0.0
2024-11-13T16:00:00+01:00,0.0,543.0,14.6,0.0
2024-11-13T17:00:00+01:00,0.0,543.1,21.7,0.0
2024-11-13T18:00:00+01:00,0.0,544.2,18.7,0.0
2024-11-13T19:00:00+01:00,0.0,543.7,22.9,0.0
2024-11-13T20:00:00+01:00,0.0,543.2,21.3,0.0
2024-11-13T21:00:00+01:00,0.0,525.1,10.1,0.0
2024-11-13T22:00:00+01:00,0.0,289.9,24.9,0.0
2024-11-13T23:00:00+01:00,0.0,182.1,37.9,0.0
2024-11-14T00:00:00+01:00,0.0,131.3,41.4,0.0
2024-11-14T01:00:00+01:00,0.0,98.8,24.7,0.0
2024-11-14T02:00:00+01:00,0.0,92.8,22.4,0.0
2024-11-14T03:00:00+01:00,0.0,89.6,21.8,0.0
2024-11-14T04:00:00+01:00,0.0,101.6,9.4,0.0
2024-11-14T05:00:00+01:00,0.0,100.3,14.9,0.0
2024-11-14T06:00:00+01:00,0.0,253.2,14.8,0.0
2024-11-14T07:00:00+01:00,0.0,389.6,21.4,0.0
2024-11-14T08:00:00+01:00,0.0,419.9,20.6,0.0
2024-11-14T09:00:00+01:00,0.0,374.6,29.9,0.0
2024-11-14T10:00:00+01:00,0.0,386.4,30.2,0.0
2024-11-14T11:00:00+01:00,0.0,404.6,37.8,0.0
2024-11-14T12:00:00+01:00,0.0,397.3,38.5,0.0
2024-11-14T13:00:00+01:00,0.0,394.5,30.8,0.0
2024-11-14T14:00:00+01:00,0.0,396.7,37.3,0.0
2024-11-14T15:00:00+01:00,0.0,418.6,38.1,0.0
2024-11-14T16:00:00+01:00,0.0,440.0,46.4,0.0
2024-11-14T17:00:00+01:00,0.0,461.2,47.4,0.0
2024-11-14T18:00:00+01:00,0.0,515.0,47.7,0.0
2024-11-14T19:00:00+01:00,0.0,500.4,47.7,0.0
2024-11-14T20:00:00+01:00,0.0,504.2,47.5,0.0
2024-11-14T21:00:00+01:00,0.0,403.2,47.5,0.0
2024-11-14T22:00:00+01:00,0.0,244.5,48.2,0.0
2024-11-14T23:00:00+01:00,0.0,152.0,50.0,0.0
2024-11-15T00:00:00+01:00,0.0,67.3,54.7,0.0
2024-11-15T01:00:00+01:00,0.0,31.2,56.5,0.0
2024-11-15T02:00:00+01:00,0.0,37.4,57.0,0.0
2024-11-15T03:00:00+01:00,0.0,32.1,58.8,0.0
2024-11-15T04:00:00+01:00,0.0,35.6,62.1,0.0
2024-11-15T05:00:00+01:00,0.0,42.6,65.7,0.0
2024-11-15T06:00:00+01:00,0.0,218.2,65.8,0.0
2024-11-15T07:00:00+01:00,0.0,406.0,65.1,0.0
2024-11-15T08:00:00+01:00,0.0,383.1,73.7,0.0
2024-11-15T09:00:00+01:00,0.0,389.2,75.3,0.0
2024-11-15T10:00:00+01:00,0.0,186.1,76.3,0.0
2024-11-15T11:00:00+01:00,0.0,179.8,78.1,0.0
2024-11-15T12:00:00+01:00,0.0,183.8,83.4,0.0
2024-11-15T13:00:00+01:00,0.0,166.1,89.4,0.0
2024-11-15T14:00:00+01:00,0.0,184.4,94.6,0.0
2024-11-15T15:00:00+01:00,0.0,255.0,96.2,0.0
2024-11-15T16:00:00+01:00,0.0,436.6,89.1,0.0
2024-11-15T17:00:00+01:00,0.0,459.9,88.8,0.0
2024-11-15T18:00:00+01:00,0.0,479.9,97.4,0.0
2024-11-15T19:00:00+01:00,0.0,484.2,96.9,0.0
2024-11-15T20:00:00+01:00,0.0,408.0,94.9,0.0
2024-11-15T21:00:00+01:00,0.0,245.0,72.4,0.0
2024-11-15T22:00:00+01:00,0.0,213.0,72.2,0.0
2024-11-15T23:00:00+01:00,0.0,140.3,97.9,0.0
2024-11-16T00:00:00+01:00,0.0,56.3,97.0,0.0
2024-11-16T01:00:00+01:00,0.0,36.2,99.6,0.0
2024-11-16T02:00:00+01:00,0.0,38.5,93.9,0.0
2024-11-16T03:00:00+01:00,0.0,40.4,82.9,0.0
2024-11-16T04:00:00+01:00,0.0,40.7,81.5,0.0
2024-11-16T05:00:00+01:00,0.0,37.8,81.0,0.0
2024-11-16T06:00:00+01:00,0.0,117.2,81.5,0.0
2024-11-16T07:00:00+01:00,0.0,179.2,79.1,0.0
2024-11-16T08:00:00+01:00,0.0,238.3,50.3,0.0
2024-11-16T09:00:00+01:00,0.0,271.4,20.1,0.0
2024-11-16T10:00:00+01:00,0.0,61.0,15.8,0.0
2024-11-16T11:00:00+01:00,0.0,59.4,13.5,0.0
2024-11-16T12:00:00+01:00,0.0,58.3,15.3,0.0
2024-11-16T13:00:00+01:00,0.0,47.5,12.8,0.0
2024-11-16T14:00:00+01:00,0.0,153.1,17.4,0.0
2024-11-16T15:00:00+01:00,0.0,303.1,18.4,0.0
2024-11-16T16:00:00+01:00,0.0,326.6,15.1,0.0
2024-11-16T17:00:00+01:00,0.0,384.3,17.0,0.0
2024-11-16T18:00:00+01:00,0.0,371.0,20.6,0.0
2024-11-16T19:00:00+01:00,0.0,369.0,18.6,0.0
2024-11-16T20:00:00+01:00,0.0,336.8,6.0,0.0
2024-11-16T21:00:00+01:00,0.0,323.7,4.2,0.0
2024-11-16T22:00:00+01:00,0.0,292.3,1.3,0.0
2024-11-16T23:00:00+01:00,0.0,102.0,0.0,0.0
2024-11-17T00:00:00+01:00,0.0,60.4,0.2,0.0
2024-11-17T01:00:00+01:00,0.0,53.3,0.3,0.0
2024-11-17T02:00:00+01:00,0.0,50.7,6.3,0.0
2024-11-17T03:00:00+01:00,0.0,47.5,7.8,0.0
2024-11-17T04:00:00+01:00,0.0,46.6,10.8,0.0
2024-11-17T05:00:00+01:00,0.0,45.4,10.2,0.0
2024-11-17T06:00:00+01:00,0.0,181.8,4.8,0.0
2024-11-17T07:00:00+01:00,0.0,226.3,1.3,0.0
2024-11-17T08:00:00+01:00,0.0,276.9,0.3,0.0
2024-11-17T09:00:00+01:00,0.0,103.4,0.3,0.0
2024-11-17T10:00:00+01:00,0.0,46.2,0.7,0.0
2024-11-17T11:00:00+01:00,0.0,43.2,2.0,0.0
2024-11-17T12:00:00+01:00,0.0,43.1,5.8,0.0
2024-11-17T13:00:00+01:00,0.0,43.8,4.8,0.0
2024-11-17T14:00:00+01:00,0.0,51.7,2.5,0.0
2024-11-17T15:00:00+01:00,0.0,340.7,2.0,0.0
2024-11-17T16:00:00+01:00,0.0,346.2,1.5,0.0
2024-11-17T17:00:00+01:00,0.0,417.9,0.6,0.0
2024-11-17T18:00:00+01:00,0.0,424.0,1.1,0.0
2024-11-17T19:00:00+01:00,0.0,432.8,0.1,0.0
2024-11-17T20:00:00+01:00,0.0,416.1,2.2,0.0
2024-11-17T21:00:00+01:00,0.0,365.0,2.6,0.0
2024-11-17T22:00:00+01:00,0.0,266.5,0.7,0.0
2024-11-17T23:00:00+01:00,0.0,111.3,0.2,0.0
2024-11-18T00:00:00+01:00,0.0,43.2,2.2,0.0
2024-11-18T01:00:00+01:00,0.0,43.7,5.6,0.0
2024-11-18T02:00:00+01:00,0.0,43.3,3.6,0.0
2024-11-18T03:00:00+01:00,0.0,48.2,0.5,0.0
2024-11-18T04:00:00+01:00,0.0,46.7,0.0,0.0
2024-11-18T05:00:00+01:00,0.0,103.5,0.0,0.0
2024-11-18T06:00:00+01:00,0.0,250.2,0.6,0.0
2024-11-18T07:00:00+01:00,0.0,314.2,0.0,0.0
2024-11-18T08:00:00+01:00,0.0,355.9,0.1,0.0
2024-11-18T09:00:00+01:00,0.0,364.9,0.6,0.0
2024-11-18T10:00:00+01:00,0.0,337.6,1.5,0.0
2024-11-18T11:00:00+01:00,0.0,341.6,0.1,0.0
2024-11-18T12:00:00+01:00,0.0,336.0,0.0,0.0
2024-11-18T13:00:00+01:00,0.0,333.4,0.0,0.0
2024-11-18T14:00:00+01:00,0.0,329.2,0.0,0.0
2024-11-18T15:00:00+01:00,0.0,465.9,0.0,0.0
2024-11-18T16:00:00+01:00,0.0,526.1,0.0,0.0
2024-11-18T17:00:00+01:00,0.0,539.3,0.0,0.0
2024-11-18T18:00:00+01:00,0.0,544.7,0.0,0.0
2024-11-18T19:00:00+01:00,0.0,551.3,0.0,0.0
2024-11-18T20:00:00+01:00,0.0,531.8,0.0,0.0
2024-11-18T21:00:00+01:00,0.0,337.2,0.0,0.0
2024-11-18T22:00:00+01:00,0.0,322.8,0.0,0.0
2024-11-18T23:00:00+01:00,0.0,282.2,0.0,0.0
2024-11-19T00:00:00+01:00,0.0,169.0,0.0,0.0
2024-11-19T01:00:00+01:00,0.0,118.0,0.0,0.0
2024-11-19T02:00:00+01:00,0.0,47.0,2.7,0.0
2024-11-19T03:00:00+01:00,0.0,45.0,6.6,0.0
2024-11-19T04:00:00+01:00,0.0,48.6,5.3,0.0
2024-11-19T05:00:00+01:00,0.0,108.2,5.8,0.0
2024-11-19T06:00:00+01:00,0.0,282.8,7.4,0.0
2024-11-19T07:00:00+01:00,0.0,388.0,9.2,0.0
2024-11-19T08:00:00+01:00,0.0,370.5,20.4,0.0
2024-11-19T09:00:00+01:00,0.0,356.2,28.4,0.0
2024-11-19T10:00:00+01:00,0.0,288.6,44.7,0.0
2024-11-19T11:00:00+01:00,0.0,283.2,60.9,0.0
2024-11-19T12:00:00+01:00,0.0,281.3,61.4,0.0
2024-11-19T13:00:00+01:00,0.0,279.7,49.7,0.0
2024-11-19T14:00:00+01:00,0.0,292.7,62.5,0.0
2024-11-19T15:00:00+01:00,0.0,333.5,61.7,0.0
2024-11-19T16:00:00+01:00,0.0,440.6,65.8,0.0
2024-11-19T17:00:00+01:00,0.0,433.5,98.5,0.0
2024-11-19T18:00:00+01:00,0.0,372.7,90.1,0.0
2024-11-19T19:00:00+01:00,0.0,378.8,80.5,0.0
2024-11-19T20:00:00+01:00,0.0,344.1,81.6,0.0
2024-11-19T21:00:00+01:00,0.0,315.2,72.1,0.0
2024-11-19T22:00:00+01:00,0.0,108.8,72.4,0.0
2024-11-19T23:00:00+01:00,0.0,101.0,82.8,0.0
2024-11-20T00:00:00+01:00,0.0,41.9,63.0,0.0
2024-11-20T01:00:00+01:00,0.0,25.1,100.9,0.0
2024-11-20T02:00:00+01:00,0.0,20.6,105.7,0.0
2024-11-20T03:00:00+01:00,0.0,29.2,113.3,0.0
2024-11-20T04:00:00+01:00,0.0,44.3,110.8,0.0
2024-11-20T05:00:00+01:00,0.0,47.7,113.8,0.0
2024-11-20T06:00:00+01:00,0.0,165.5,114.3,0.0
2024-11-20T07:00:00+01:00,0.0,231.4,101.8,0.0
2024-11-20T08:00:00+01:00,0.0,270.6,87.1,0.0
2024-11-20T09:00:00+01:00,0.0,279.8,91.1,0.0
2024-11-20T10:00:00+01:00,0.0,280.3,86.0,0.0
2024-11-20T11:00:00+01:00,0.0,287.8,92.1,0.0
2024-11-20T12:00:00+01:00,0.0,284.4,93.5,0.0
2024-11-20T13:00:00+01:00,0.0,265.6,94.5,0.0
2024-11-20T14:00:00+01:00,0.0,266.9,113.6,0.0
2024-11-20T15:00:00+01:00,0.0,284.8,113.0,0.0
2024-11-20T16:00:00+01:00,0.0,333.1,107.2,0.0
2024-11-20T17:00:00+01:00,0.0,334.6,109.5,0.0
2024-11-20T18:00:00+01:00,0.0,316.0,113.0,0.0
2024-11-20T19:00:00+01:00,0.0,286.8,113.1,0.0
2024-11-20T20:00:00+01:00,0.0,284.8,108.5,0.0
2024-11-20T21:00:00+01:00,0.0,260.4,40.8,0.0
2024-11-20T22:00:00+01:00,0.0,192.9,20.8,0.0
2024-11-20T23:00:00+01:00,0.0,164.0,20.9,0.0
2024-11-21T00:00:00+01:00,0.0,112.1,28.6,0.0
2024-11-21T01:00:00+01:00,0.0,36.4,63.0,0.0
2024-11-21T02:00:00+01:00,0.0,32.9,57.7,0.0
2024-11-21T03:00:00+01:00,0.0,31.8,48.3,0.0
2024-11-21T04:00:00+01:00,0.0,40.2,36.9,0.0
2024-11-21T05:00:00+01:00,0.0,100.4,17.9,0.0
2024-11-21T06:00:00+01:00,0.0,167.3,31.6,0.0
2024-11-21T07:00:00+01:00,0.0,240.8,27.5,0.0
2024-11-21T08:00:00+01:00,0.0,285.7,7.1,0.0
2024-11-21T09:00:00+01:00,0.0,277.9,13.3,0.0
2024-11-21T10:00:00+01:00,0.0,270.7,9.4,0.0
2024-11-21T11:00:00+01:00,0.0,273.1,7.3,0.0
2024-11-21T12:00:00+01:00,0.0,257.5,4.3,0.0
2024-11-21T13:00:00+01:00,0.0,262.6,1.2,0.0
2024-11-21T14:00:00+01:00,0.0,265.8,0.1,0.0
2024-11-21T15:00:00+01:00,0.0,438.1,1.8,0.0
2024-11-21T16:00:00+01:00,0.0,499.6,11.8,0.0
2024-11-21T17:00:00+01:00,0.0,510.1,33.3,0.0
2024-11-21T18:00:00+01:00,0.0,474.7,63.6,0.0
2024-11-21T19:00:00+01:00,0.0,384.1,79.5,0.0
2024-11-21T20:00:00+01:00,0.0,256.5,97.6,0.0
2024-11-21T21:00:00+01:00,0.0,220.3,114.7,0.0
2024-11-21T22:00:00+01:00,0.0,196.8,115.8,0.0
2024-11-21T23:00:00+01:00,0.0,102.8,115.3,0.0
2024-11-22T00:00:00+01:00,0.0,96.7,115.1,0.0
2024-11-22T01:00:00+01:00,0.0,91.1,98.4,0.0
2024-11-22T02:00:00+01:00,0.0,74.3,82.5,0.0
2024-11-22T03:00:00+01:00,0.0,79.4,71.0,0.0
2024-11-22T04:00:00+01:00,0.0,69.5,80.2,0.0
2024-11-22T05:00:00+01:00,0.0,71.9,96.1,0.0
2024-11-22T06:00:00+01:00,0.0,125.6,110.8,0.0
2024-11-22T07:00:00+01:00,0.0,182.3,113.5,0.0
2024-11-22T08:00:00+01:00,0.0,209.3,106.0,0.0
2024-11-22T09:00:00+01:00,0.0,262.2,59.4,0.0
2024-11-22T10:00:00+01:00,0.0,290.0,18.8,0.0
2024-11-22T11:00:00+01:00,0.0,290.2,3.4,0.0
2024-11-22T12:00:00+01:00,0.0,283.8,27.5,0.0
2024-11-22T13:00:00+01:00,0.0,270.2,47.4,0.0
2024-11-22T14:00:00+01:00,0.0,262.4,50.4,0.0
2024-11-22T15:00:00+01:00,0.0,289.4,56.1,0.0
2024-11-22T16:00:00+01:00,0.0,327.3,39.6,0.0
2024-11-22T17:00:00+01:00,0.0,313.7,58.8,0.0
2024-11-22T18:00:00+01:00,0.0,326.9,38.9,0.0
2024-11-22T19:00:00+01:00,0.0,318.6,44.7,0.0
2024-11-22T20:00:00+01:00,0.0,312.5,49.1,0.0
2024-11-22T21:00:00+01:00,0.0,315.6,41.8,0.0
2024-11-22T22:00:00+01:00,0.0,243.9,45.7,0.0
2024-11-22T23:00:00+01:00,0.0,242.4,47.5,0.0
2024-11-23T00:00:00+01:00,0.0,234.9,57.2,0.0
2024-11-23T01:00:00+01:00,0.0,235.7,52.1,0.0
2024-11-23T02:00:00+01:00,0.0,234.5,56.5,0.0
2024-11-23T03:00:00+01:00,0.0,222.6,88.8,0.0
2024-11-23T04:00:00+01:00,0.0,218.0,96.5,0.0
2024-11-23T05:00:00+01:00,0.0,221.1,75.3,0.0
2024-11-23T06:00:00+01:00,0.0,221.8,84.7,0.0
2024-11-23T07:00:00+01:00,0.0,234.6,76.4,0.0
2024-11-23T08:00:00+01:00,0.0,239.1,57.3,0.0
2024-11-23T09:00:00+01:00,0.0,243.9,34.8,0.0
2024-11-23T10:00:00+01:00,0.0,243.6,32.8,0.0
2024-11-23T11:00:00+01:00,0.0,243.3,50.4,0.0
2024-11-23T12:00:00+01:00,0.0,243.7,62.5,0.0
2024-11-23T13:00:00+01:00,0.0,243.8,61.3,0.0
2024-11-23T14:00:00+01:00,0.0,244.3,35.8,0.0
2024-11-23T15:00:00+01:00,0.0,334.8,23.3,0.0
2024-11-23T16:00:00+01:00,0.0,347.4,4.0,0.0
2024-11-23T17:00:00+01:00,0.0,351.6,22.3,0.0
2024-11-23T18:00:00+01:00,0.0,384.8,54.7,0.0
2024-11-23T19:00:00+01:00,0.0,384.9,54.0,0.0
2024-11-23T20:00:00+01:00,0.0,317.3,49.0,0.0
2024-11-23T21:00:00+01:00,0.0,316.0,43.4,0.0
2024-11-23T22:00:00+01:00,0.0,314.8,26.7,0.0
2024-11-23T23:00:00+01:00,0.0,314.6,32.1,0.0
2024-11-24T00:00:00+01:00,0.0,243.8,4.5,0.0
2024-11-24T01:00:00+01:00,0.0,243.7,1.4,0.0
2024-11-24T02:00:00+01:00,0.0,243.9,0.1,0.0
2024-11-24T03:00:00+01:00,0.0,243.6,2.1,0.0
2024-11-24T04:00:00+01:00,0.0,243.4,0.8,0.0
2024-11-24T05:00:00+01:00,0.0,243.0,0.9,0.0
2024-11-24T06:00:00+01:00,0.0,243.3,0.0,0.0
2024-11-24T07:00:00+01:00,0.0,240.9,2.8,0.0
2024-11-24T08:00:00+01:00,0.0,238.3,3.0,0.0
2024-11-24T09:00:00+01:00,0.0,243.9,0.7,0.0
2024-11-24T10:00:00+01:00,0.0,244.1,0.5,0.0
2024-11-24T11:00:00+01:00,0.0,244.0,1.6,0.0
2024-11-24T12:00:00+01:00,0.0,243.8,4.3,0.0
2024-11-24T13:00:00+01:00,0.0,243.8,2.2,0.0
2024-11-24T14:00:00+01:00,0.0,243.9,4.7,0.0
2024-11-24T15:00:00+01:00,0.0,315.5,10.0,0.0
2024-11-24T16:00:00+01:00,0.0,330.0,14.8,0.0
2024-11-24T17:00:00+01:00,0.0,376.7,24.2,0.0
2024-11-24T18:00:00+01:00,0.0,379.2,19.0,0.0
2024-11-24T19:00:00+01:00,0.0,383.8,6.5,0.0
2024-11-24T20:00:00+01:00,0.0,383.9,6.1,0.0
2024-11-24T21:00:00+01:00,0.0,383.1,8.9,0.0
2024-11-24T22:00:00+01:00,0.0,312.5,6.9,0.0
2024-11-24T23:00:00+01:00,0.0,238.2,4.5,0.0
2024-11-25T00:00:00+01:00,0.0,236.3,2.1,0.0
2024-11-25T01:00:00+01:00,0.0,202.0,0.0,0.0
2024-11-25T02:00:00+01:00,0.0,211.3,0.0,0.0
2024-11-25T03:00:00+01:00,0.0,207.4,0.3,0.0
2024-11-25T04:00:00+01:00,0.0,205.9,1.0,0.0
2024-11-25T05:00:00+01:00,0.0,216.5,0.1,0.0
2024-11-25T06:00:00+01:00,0.0,313.5,0.1,0.0
2024-11-25T07:00:00+01:00,0.0,395.4,0.0,0.0
2024-11-25T08:00:00+01:00,0.0,412.3,0.0,0.0
2024-11-25T09:00:00+01:00,0.0,421.9,0.0,0.0
2024-11-25T10:00:00+01:00,0.0,348.0,0.0,0.0
2024-11-25T11:00:00+01:00,0.0,335.6,0.0,0.0
2024-11-25T12:00:00+01:00,0.0,325.9,0.0,0.0
2024-11-25T13:00:00+01:00,0.0,323.5,0.5,0.0
2024-11-25T14:00:00+01:00,0.0,387.9,0.1,0.0
2024-11-25T15:00:00+01:00,0.0,475.9,0.6,0.0
2024-11-25T16:00:00+01:00,0.0,523.8,1.4,0.0
2024-11-25T17:00:00+01:00,0.0,546.8,1.2,0.0
2024-11-25T18:00:00+01:00,0.0,544.5,3.3,0.0
2024-11-25T19:00:00+01:00,0.0,550.1,8.1,0.0
2024-11-25T20:00:00+01:00,0.0,470.6,2.0,0.0
2024-11-25T21:00:00+01:00,0.0,449.0,7.1,0.0
2024-11-25T22:00:00+01:00,0.0,333.4,12.8,0.0
2024-11-25T23:00:00+01:00,0.0,307.9,11.2,0.0
2024-11-26T00:00:00+01:00,0.0,233.5,10.5,0.0
2024-11-26T01:00:00+01:00,0.0,190.4,9.2,0.0
2024-11-26T02:00:00+01:00,0.0,168.2,6.9,0.0
2024-11-26T03:00:00+01:00,0.0,154.2,5.9,0.0
2024-11-26T04:00:00+01:00,0.0,153.2,5.8,0.0
2024-11-26T05:00:00+01:00,0.0,176.4,2.9,0.0
2024-11-26T06:00:00+01:00,0.0,388.7,4.3,0.0
2024-11-26T07:00:00+01:00,0.0,468.6,8.1,0.0
2024-11-26T08:00:00+01:00,0.0,487.9,4.1,0.0
2024-11-26T09:00:00+01:00,0.0,480.9,2.4,0.0
2024-11-26T10:00:00+01:00,0.0,486.6,1.8,0.0
2024-11-26T11:00:00+01:00,0.0,496.3,1.3,0.0
2024-11-26T12:00:00+01:00,0.0,495.7,0.2,0.0
2024-11-26T13:00:00+01:00,0.0,500.3,0.0,0.0
2024-11-26T14:00:00+01:00,0.0,499.7,0.0,0.0
2024-11-26T15:00:00+01:00,0.0,501.1,2.2,0.0
2024-11-26T16:00:00+01:00,0.0,543.2,1.9,0.0
2024-11-26T17:00:00+01:00,0.0,547.3,4.7,0.0
2024-11-26T18:00:00+01:00,0.0,540.2,7.1,0.0
2024-11-26T19:00:00+01:00,0.0,528.8,14.3,0.0
2024-11-26T20:00:00+01:00,0.0,527.1,23.0,0.0
2024-11-26T21:00:00+01:00,0.0,483.7,20.2,0.0
2024-11-26T22:00:00+01:00,0.0,329.2,15.6,0.0
2024-11-26T23:00:00+01:00,0.0,295.3,5.6,0.0
2024-11-27T00:00:00+01:00,0.0,169.7,7.6,0.0
2024-11-27T01:00:00+01:00,0.0,114.5,10.6,0.0
2024-11-27T02:00:00+01:00,0.0,116.2,7.8,0.0
2024-11-27T03:00:00+01:00,0.0,112.7,11.7,0.0
2024-11-27T04:00:00+01:00,0.0,148.2,10.3,0.0
2024-11-27T05:00:00+01:00,0.0,169.8,6.8,0.0
2024-11-27T06:00:00+01:00,0.0,384.7,4.9,0.0
2024-11-27T07:00:00+01:00,0.0,492.1,3.3,0.0
2024-11-27T08:00:00+01:00,0.0,478.5,4.5,0.0
2024-11-27T09:00:00+01:00,0.0,473.1,0.9,0.0
2024-11-27T10:00:00+01:00,0.0,327.2,0.0,0.0
2024-11-27T11:00:00+01:00,0.0,316.4,0.0,0.0
2024-11-27T12:00:00+01:00,0.0,295.2,0.4,0.0
2024-11-27T13:00:00+01:00,0.0,287.1,0.3,0.0
2024-11-27T14:00:00+01:00,0.0,420.7,0.4,0.0
2024-11-27T15:00:00+01:00,0.0,464.5,0.1,0.0
2024-11-27T16:00:00+01:00,0.0,552.6,0.0,0.0
2024-11-27T17:00:00+01:00,0.0,553.7,0.0,0.0
2024-11-27T18:00:00+01:00,0.0,530.1,0.6,0.0
2024-11-27T19:00:00+01:00,0.0,526.9,0.3,0.0
2024-11-27T20:00:00+01:00,0.0,508.9,1.6,0.0
2024-11-27T21:00:00+01:00,0.0,491.7,1.5,0.0
2024-11-27T22:00:00+01:00,0.0,335.9,3.4,0.0
2024-11-27T23:00:00+01:00,0.0,297.2,3.2,0.0
2024-11-28T00:00:00+01:00,0.0,92.7,1.7,0.0
2024-11-28T01:00:00+01:00,0.0,94.3,0.1,0.0
2024-11-28T02:00:00+01:00,0.0,100.7,0.0,0.0
2024-11-28T03:00:00+01:00,0.0,98.6,0.9,0.0
2024-11-28T04:00:00+01:00,0.0,97.1,7.7,0.0
2024-11-28T05:00:00+01:00,0.0,97.7,6.0,0.0
2024-11-28T06:00:00+01:00,0.0,328.2,3.3,0.0
2024-11-28T07:00:00+01:00,0.0,416.7,4.5,0.0
2024-11-28T08:00:00+01:00,0.0,451.8,4.2,0.0
2024-11-28T09:00:00+01:00,0.0,429.6,2.5,0.0
2024-11-28T10:00:00+01:00,0.0,356.6,4.1,0.0
2024-11-28T11:00:00+01:00,0.0,320.9,5.0,0.0
2024-11-28T12:00:00+01:00,0.0,307.4,10.6,0.0
2024-11-28T13:00:00+01:00,0.0,302.9,12.7,0.0
2024-11-28T14:00:00+01:00,0.0,394.1,12.8,0.0
2024-11-28T15:00:00+01:00,0.0,458.2,18.3,0.0
2024-11-28T16:00:00+01:00,0.0,516.6,21.5,0.0
2024-11-28T17:00:00+01:00,0.0,506.6,25.5,0.0
2024-11-28T18:00:00+01:00,0.0,501.7,28.8,0.0
2024-11-28T19:00:00+01:00,0.0,473.1,26.4,0.0
2024-11-28T20:00:00+01:00,0.0,458.9,24.2,0.0
2024-11-28T21:00:00+01:00,0.0,303.8,43.5,0.0
2024-11-28T22:00:00+01:00,0.0,259.4,65.2,0.0
2024-11-28T23:00:00+01:00,0.0,104.6,84.7,0.0
2024-11-29T00:00:00+01:00,0.0,62.1,90.4,0.0
2024-11-29T01:00:00+01:00,0.0,66.4,84.5,0.0
2024-11-29T02:00:00+01:00,0.0,61.3,103.7,0.0
2024-11-29T03:00:00+01:00,0.0,63.4,92.2,0.0
2024-11-29T04:00:00+01:00,0.0,71.0,84.3,0.0
2024-11-29T05:00:00+01:00,0.0,76.2,98.5,0.0
2024-11-29T06:00:00+01:00,0.0,336.7,103.1,0.0
2024-11-29T07:00:00+01:00,0.0,422.9,97.1,0.0
2024-11-29T08:00:00+01:00,0.0,457.6,87.8,0.0
2024-11-29T09:00:00+01:00,0.0,471.5,74.7,0.0
2024-11-29T10:00:00+01:00,0.0,278.5,74.8,0.0
2024-11-29T11:00:00+01:00,0.0,286.5,67.4,0.0
2024-11-29T12:00:00+01:00,0.0,277.7,71.9,0.0
2024-11-29T13:00:00+01:00,0.0,241.8,109.5,0.0
2024-11-29T14:00:00+01:00,0.0,407.0,111.9,0.0
2024-11-29T15:00:00+01:00,0.0,438.5,111.1,0.0
2024-11-29T16:00:00+01:00,0.0,496.5,109.3,0.0
2024-11-29T17:00:00+01:00,0.0,521.8,103.2,0.0
2024-11-29T18:00:00+01:00,0.0,513.5,102.9,0.0
2024-11-29T19:00:00+01:00,0.0,475.6,105.9,0.0
2024-11-29T20:00:00+01:00,0.0,448.6,108.4,0.0
2024-11-29T21:00:00+01:00,0.0,244.4,107.7,0.0
2024-11-29T22:00:00+01:00,0.0,148.1,100.3,0.0
2024-11-29T23:00:00+01:00,0.0,71.1,103.3,0.0
2024-11-30T00:00:00+01:00,0.0,51.6,102.6,0.0
2024-11-30T01:00:00+01:00,0.0,51.5,110.0,0.0
2024-11-30T02:00:00+01:00,0.0,53.2,105.8,0.0
2024-11-30T03:00:00+01:00,0.0,41.8,110.1,0.0
2024-11-30T04:00:00+01:00,0.0,49.3,114.8,0.0
2024-11-30T05:00:00+01:00,0.0,47.9,111.4,0.0
2024-11-30T06:00:00+01:00,0.0,37.3,116.5,0.0
2024-11-30T07:00:00+01:00,0.0,163.2,116.8,0.0
2024-11-30T08:00:00+01:00,0.0,202.6,117.6,0.0
2024-11-30T09:00:00+01:00,0.0,203.3,116.1,0.0
2024-11-30T10:00:00+01:00,0.0,102.6,112.9,0.0
2024-11-30T11:00:00+01:00,0.0,86.1,115.5,0.0
2024-11-30T12:00:00+01:00,0.0,85.6,115.8,0.0
2024-11-30T13:00:00+01:00,0.0,92.5,117.0,0.0
2024-11-30T14:00:00+01:00,0.0,136.1,117.7,0.0
2024-11-30T15:00:00+01:00,0.0,249.2,117.5,0.0
2024-11-30T16:00:00+01:00,0.0,270.6,117.2,0.0
2024-11-30T17:00:00+01:00,0.0,285.4,116.4,0.0
2024-11-30T18:00:00+01:00,0.0,289.8,113.8,0.0
2024-11-30T19:00:00+01:00,0.0,284.0,114.1,0.0
2024-11-30T20:00:00+01:00,0.0,271.4,113.6,0.0
2024-11-30T21:00:00+01:00,0.0,109.7,111.0,0.0
2024-11-30T22:00:00+01:00,0.0,95.5,113.4,0.0
2024-11-30T23:00:00+01:00,0.0,48.3,112.9,0.0
2024-12-01T00:00:00+01:00,0.0,38.8,114.0,0.0
2024-12-01T01:00:00+01:00,0.0,29.4,113.5,0.0
2024-12-01T02:00:00+01:00,0.0,31.7,113.5,0.0
2024-12-01T03:00:00+01:00,0.0,27.2,112.7,0.0
2024-12-01T04:00:00+01:00,0.0,24.8,112.5,0.0
2024-12-01T05:00:00+01:00,0.0,28.2,101.5,0.0
2024-12-01T06:00:00+01:00,0.0,27.8,101.7,0.0
2024-12-01T07:00:00+01:00,0.0,81.5,102.3,0.0
2024-12-01T08:00:00+01:00,0.0,76.5,101.2,0.0
2024-12-01T09:00:00+01:00,0.0,84.5,99.0,0.0
2024-12-01T10:00:00+01:00,0.0,94.2,98.5,0.0
2024-12-01T11:00:00+01:00,0.0,99.9,102.4,0.0
2024-12-01T12:00:00+01:00,0.0,89.8,110.3,0.0
2024-12-01T13:00:00+01:00,0.0,90.6,113.3,0.0
2024-12-01T14:00:00+01:00,0.0,91.8,114.8,0.0
2024-12-01T15:00:00+01:00,0.0,250.5,116.6,0.0
2024-12-01T16:00:00+01:00,0.0,284.1,106.9,0.0
2024-12-01T17:00:00+01:00,0.0,293.7,102.4,0.0
2024-12-01T18:00:00+01:00,0.0,286.1,110.5,0.0
2024-12-01T19:00:00+01:00,0.0,273.7,114.0,0.0
2024-12-01T20:00:00+01:00,0.0,272.1,114.1,0.0
2024-12-01T21:00:00+01:00,0.0,217.2,113.8,0.0
2024-12-01T22:00:00+01:00,0.0,120.9,115.0,0.0
2024-12-01T23:00:00+01:00,0.0,36.3,113.6,0.0
2024-12-02T00:00:00+01:00,0.0,65.7,108.2,0.0
2024-12-02T01:00:00+01:00,0.0,24.8,104.2,0.0
2024-12-02T02:00:00+01:00,0.0,25.9,90.2,0.0
2024-12-02T03:00:00+01:00,0.0,33.9,56.7,0.0
2024-12-02T04:00:00+01:00,0.0,33.7,57.3,0.0
2024-12-02T05:00:00+01:00,0.0,39.4,60.3,0.0
2024-12-02T06:00:00+01:00,0.0,180.6,66.7,0.0
2024-12-02T07:00:00+01:00,0.0,276.5,72.1,0.0
2024-12-02T08:00:00+01:00,0.0,327.6,68.0,0.0
2024-12-02T09:00:00+01:00,0.0,263.1,58.7,0.0
2024-12-02T10:00:00+01:00,0.0,288.5,55.8,0.0
2024-12-02T11:00:00+01:00,0.0,264.1,60.4,0.0
2024-12-02T12:00:00+01:00,0.0,240.8,51.8,0.0
2024-12-02T13:00:00+01:00,0.0,240.1,47.0,0.0
2024-12-02T14:00:00+01:00,0.0,239.8,46.5,0.0
2024-12-02T15:00:00+01:00,0.0,358.0,45.6,0.0
2024-12-02T16:00:00+01:00,0.0,497.4,45.0,0.0
2024-12-02T17:00:00+01:00,0.0,494.2,47.0,0.0
2024-12-02T18:00:00+01:00,0.0,461.2,46.8,0.0
2024-12-02T19:00:00+01:00,0.0,443.7,45.5,0.0
2024-12-02T20:00:00+01:00,0.0,406.2,45.0,0.0
2024-12-02T21:00:00+01:00,0.0,317.3,44.7,0.0
2024-12-02T22:00:00+01:00,0.0,294.1,44.2,0.0
2024-12-02T23:00:00+01:00,0.0,169.2,40.0,0.0
2024-12-03T00:00:00+01:00,0.0,129.0,44.7,0.0
2024-12-03T01:00:00+01:00,0.0,108.5,34.9,0.0
2024-12-03T02:00:00+01:00,0.0,66.3,16.7,0.0
2024-12-03T03:00:00+01:00,0.0,68.2,14.6,0.0
2024-12-03T04:00:00+01:00,0.0,98.6,26.0,0.0
2024-12-03T05:00:00+01:00,0.0,154.6,19.7,0.0
2024-12-03T06:00:00+01:00,0.0,274.5,11.8,0.0
2024-12-03T07:00:00+01:00,0.0,400.9,12.4,0.0
2024-12-03T08:00:00+01:00,0.0,486.8,5.4,0.0
2024-12-03T09:00:00+01:00,0.0,486.2,4.3,0.0
2024-12-03T10:00:00+01:00,0.0,481.4,3.0,0.0
2024-12-03T11:00:00+01:00,0.0,486.5,1.0,0.0
2024-12-03T12:00:00+01:00,0.0,485.2,0.8,0.0
2024-12-03T13:00:00+01:00,0.0,475.4,0.2,0.0
2024-12-03T14:00:00+01:00,0.0,479.5,0.0,0.0
2024-12-03T15:00:00+01:00,0.0,492.0,0.0,0.0
2024-12-03T16:00:00+01:00,0.0,555.3,0.0,0.0
2024-12-03T17:00:00+01:00,0.0,548.3,0.0,0.0
2024-12-03T18:00:00+01:00,0.0,544.4,0.0,0.0
2024-12-03T19:00:00+01:00,0.0,547.8,0.1,0.0
2024-12-03T20:00:00+01:00,0.0,547.0,0.2,0.0
2024-12-03T21:00:00+01:00,0.0,344.3,2.4,0.0
2024-12-03T22:00:00+01:00,0.0,322.2,2.6,0.0
2024-12-03T23:00:00+01:00,0.0,283.0,2.1,0.0
2024-12-04T00:00:00+01:00,0.0,136.8,2.4,0.0
2024-12-04T01:00:00+01:00,0.0,86.6,3.3,0.0
2024-12-04T02:00:00+01:00,0.0,56.0,2.4,0.0
2024-12-04T03:00:00+01:00,0.0,53.7,5.2,0.0
2024-12-04T04:00:00+01:00,0.0,63.8,5.8,0.0
2024-12-04T05:00:00+01:00,0.0,91.0,9.0,0.0
2024-12-04T06:00:00+01:00,0.0,273.6,13.3,0.0
2024-12-04T07:00:00+01:00,0.0,449.9,14.0,0.0
2024-12-04T08:00:00+01:00,0.0,495.1,16.3,0.0
2024-12-04T09:00:00+01:00,0.0,459.5,25.9,0.0
2024-12-04T10:00:00+01:00,0.0,428.6,29.5,0.0
2024-12-04T11:00:00+01:00,0.0,339.5,25.1,0.0
2024-12-04T12:00:00+01:00,0.0,336.3,17.5,0.0
2024-12-04T13:00:00+01:00,0.0,329.6,17.4,0.0
2024-12-04T14:00:00+01:00,0.0,468.6,13.5,0.0
2024-12-04T15:00:00+01:00,0.0,480.0,23.5,0.0
2024-12-04T16:00:00+01:00,0.0,482.0,42.3,0.0
2024-12-04T17:00:00+01:00,0.0,496.5,47.9,0.0
2024-12-04T18:00:00+01:00,0.0,497.9,48.9,0.0
2024-12-04T19:00:00+01:00,0.0,511.4,52.0,0.0
2024-12-04T20:00:00+01:00,0.0,495.6,54.2,0.0
2024-12-04T21:00:00+01:00,0.0,306.2,54.1,0.0
2024-12-04T22:00:00+01:00,0.0,279.5,56.7,0.0
2024-12-04T23:00:00+01:00,0.0,237.6,60.4,0.0
2024-12-05T00:00:00+01:00,0.0,82.2,63.5,0.0
2024-12-05T01:00:00+01:00,0.0,45.5,67.2,0.0
2024-12-05T02:00:00+01:00,0.0,48.8,73.5,0.0
2024-12-05T03:00:00+01:00,0.0,48.2,80.0,0.0
2024-12-05T04:00:00+01:00,0.0,41.7,77.1,0.0
2024-12-05T05:00:00+01:00,0.0,55.1,80.9,0.0
2024-12-05T06:00:00+01:00,0.0,151.5,89.7,0.0
2024-12-05T07:00:00+01:00,0.0,485.4,90.4,0.0
2024-12-05T08:00:00+01:00,0.0,433.0,91.8,0.0
2024-12-05T09:00:00+01:00,0.0,431.4,86.3,0.0
2024-12-05T10:00:00+01:00,0.0,282.9,84.6,0.0
2024-12-05T11:00:00+01:00,0.0,292.2,81.0,0.0
2024-12-05T12:00:00+01:00,0.0,298.0,79.5,0.0
2024-12-05T13:00:00+01:00,0.0,323.5,79.6,0.0
2024-12-05T14:00:00+01:00,0.0,441.6,76.7,0.0
2024-12-05T15:00:00+01:00,0.0,447.5,68.5,0.0
2024-12-05T16:00:00+01:00,0.0,559.2,60.8,0.0
2024-12-05T17:00:00+01:00,0.0,509.2,57.7,0.0
2024-12-05T18:00:00+01:00,0.0,523.4,53.0,0.0
2024-12-05T19:00:00+01:00,0.0,536.0,51.0,0.0
2024-12-05T20:00:00+01:00,0.0,339.0,46.8,0.0
2024-12-05T21:00:00+01:00,0.0,315.7,45.5,0.0
2024-12-05T22:00:00+01:00,0.0,284.6,45.1,0.0
2024-12-05T23:00:00+01:00,0.0,97.0,45.2,0.0
2024-12-06T00:00:00+01:00,0.0,58.6,45.6,0.0
2024-12-06T01:00:00+01:00,0.0,53.2,50.2,0.0
2024-12-06T02:00:00+01:00,0.0,57.3,53.6,0.0
2024-12-06T03:00:00+01:00,0.0,53.5,48.7,0.0
2024-12-06T04:00:00+01:00,0.0,50.3,48.4,0.0
2024-12-06T05:00:00+01:00,0.0,58.1,37.3,0.0
2024-12-06T06:00:00+01:00,0.0,187.9,57.8,0.0
2024-12-06T07:00:00+01:00,0.0,401.9,61.9,0.0
2024-12-06T08:00:00+01:00,0.0,433.4,73.0,0.0
2024-12-06T09:00:00+01:00,0.0,458.8,55.8,0.0
2024-12-06T10:00:00+01:00,0.0,362.2,26.2,0.0
2024-12-06T11:00:00+01:00,0.0,352.2,35.0,0.0
2024-12-06T12:00:00+01:00,0.0,333.9,64.1,0.0
2024-12-06T13:00:00+01:00,0.0,328.2,78.2,0.0
2024-12-06T14:00:00+01:00,0.0,456.1,72.8,0.0
2024-12-06T15:00:00+01:00,0.0,443.7,77.2,0.0
2024-12-06T16:00:00+01:00,0.0,507.1,65.3,0.0
2024-12-06T17:00:00+01:00,0.0,507.1,65.2,0.0
2024-12-06T18:00:00+01:00,0.0,509.8,45.6,0.0
2024-12-06T19:00:00+01:00,0.0,500.2,42.6,0.0
2024-12-06T20:00:00+01:00,0.0,307.4,59.3,0.0
2024-12-06T21:00:00+01:00,0.0,282.2,59.6,0.0
2024-12-06T22:00:00+01:00,0.0,263.1,43.0,0.0
2024-12-06T23:00:00+01:00,0.0,121.1,29.9,0.0
2024-12-07T00:00:00+01:00,0.0,35.5,30.6,0.0
2024-12-07T01:00:00+01:00,0.0,25.9,58.9,0.0
2024-12-07T02:00:00+01:00,0.0,31.9,53.1,0.0
2024-12-07T03:00:00+01:00,0.0,36.2,49.5,0.0
2024-12-07T04:00:00+01:00,0.0,27.8,61.9,0.0
2024-12-07T05:00:00+01:00,0.0,22.3,39.6,0.0
2024-12-07T06:00:00+01:00,0.0,59.6,38.4,0.0
2024-12-07T07:00:00+01:00,0.0,146.1,34.8,0.0
2024-12-07T08:00:00+01:00,0.0,205.1,38.1,0.0
2024-12-07T09:00:00+01:00,0.0,215.9,44.5,0.0
2024-12-07T10:00:00+01:00,0.0,177.3,48.0,0.0
2024-12-07T11:00:00+01:00,0.0,168.8,55.8,0.0
2024-12-07T12:00:00+01:00,0.0,135.9,52.5,0.0
2024-12-07T13:00:00+01:00,0.0,152.0,43.9,0.0
2024-12-07T14:00:00+01:00,0.0,150.0,29.1,0.0
2024-12-07T15:00:00+01:00,0.0,240.8,22.9,0.0
2024-12-07T16:00:00+01:00,0.0,257.2,31.0,0.0
2024-12-07T17:00:00+01:00,0.0,268.2,45.9,0.0
2024-12-07T18:00:00+01:00,0.0,279.0,45.4,0.0
2024-12-07T19:00:00+01:00,0.0,272.8,33.0,0.0
2024-12-07T20:00:00+01:00,0.0,269.3,18.9,0.0
2024-12-07T21:00:00+01:00,0.0,264.5,9.4,0.0
2024-12-07T22:00:00+01:00,0.0,90.4,10.5,0.0
2024-12-07T23:00:00+01:00,0.0,74.0,19.3,0.0
2024-12-08T00:00:00+01:00,0.0,38.0,35.0,0.0
2024-12-08T01:00:00+01:00,0.0,27.4,45.7,0.0
2024-12-08T02:00:00+01:00,0.0,37.5,45.1,0.0
2024-12-08T03:00:00+01:00,0.0,42.1,29.8,0.0
2024-12-08T04:00:00+01:00,0.0,43.2,29.5,0.0
2024-12-08T05:00:00+01:00,0.0,35.7,36.9,0.0
2024-12-08T06:00:00+01:00,0.0,44.8,44.7,0.0
2024-12-08T07:00:00+01:00,0.0,55.4,71.0,0.0
2024-12-08T08:00:00+01:00,0.0,48.0,88.7,0.0
2024-12-08T09:00:00+01:00,0.0,54.0,87.5,0.0
2024-12-08T10:00:00+01:00,0.0,47.7,88.9,0.0
2024-12-08T11:00:00+01:00,0.0,111.3,95.0,0.0
2024-12-08T12:00:00+01:00,0.0,121.5,92.5,0.0
2024-12-08T13:00:00+01:00,0.0,125.0,78.0,0.0
2024-12-08T14:00:00+01:00,0.0,123.9,94.8,0.0
2024-12-08T15:00:00+01:00,0.0,235.8,72.3,0.0
2024-12-08T16:00:00+01:00,0.0,247.8,76.7,0.0
2024-12-08T17:00:00+01:00,0.0,263.2,72.9,0.0
2024-12-08T18:00:00+01:00,0.0,263.3,70.0,0.0
2024-12-08T19:00:00+01:00,0.0,299.5,33.2,0.0
2024-12-08T20:00:00+01:00,0.0,277.9,51.0,0.0
2024-12-08T21:00:00+01:00,0.0,50.4,46.3,0.0
2024-12-08T22:00:00+01:00,0.0,42.3,61.6,0.0
2024-12-08T23:00:00+01:00,0.0,30.1,84.1,0.0
2024-12-09T00:00:00+01:00,0.0,47.1,82.7,0.0
2024-12-09T01:00:00+01:00,0.0,60.9,54.7,0.0
2024-12-09T02:00:00+01:00,0.0,57.9,55.1,0.0
2024-12-09T03:00:00+01:00,0.0,45.2,83.0,0.0
2024-12-09T04:00:00+01:00,0.0,59.5,59.1,0.0
2024-12-09T05:00:00+01:00,0.0,65.9,53.6,0.0
2024-12-09T06:00:00+01:00,0.0,115.1,39.3,0.0
2024-12-09T07:00:00+01:00,0.0,267.4,47.6,0.0
2024-12-09T08:00:00+01:00,0.0,294.0,72.0,0.0
2024-12-09T09:00:00+01:00,0.0,321.3,68.4,0.0
2024-12-09T10:00:00+01:00,0.0,287.4,78.0,0.0
2024-12-09T11:00:00+01:00,0.0,290.2,65.7,0.0
2024-12-09T12:00:00+01:00,0.0,310.5,46.4,0.0
2024-12-09T13:00:00+01:00,0.0,300.2,56.0,0.0
2024-12-09T14:00:00+01:00,0.0,326.6,47.1,0.0
2024-12-09T15:00:00+01:00,0.0,375.2,32.4,0.0
2024-12-09T16:00:00+01:00,0.0,450.4,25.7,0.0
2024-12-09T17:00:00+01:00,0.0,449.6,32.9,0.0
2024-12-09T18:00:00+01:00,0.0,445.4,34.5,0.0
2024-12-09T19:00:00+01:00,0.0,432.0,38.0,0.0
2024-12-09T20:00:00+01:00,0.0,428.1,22.3,0.0
2024-12-09T21:00:00+01:00,0.0,319.4,15.5,0.0
2024-12-09T22:00:00+01:00,0.0,301.5,14.2,0.0
2024-12-09T23:00:00+01:00,0.0,266.6,21.0,0.0
2024-12-10T00:00:00+01:00,0.0,218.1,17.1,0.0
2024-12-10T01:00:00+01:00,0.0,189.6,13.1,0.0
2024-12-10T02:00:00+01:00,0.0,194.4,15.9,0.0
2024-12-10T03:00:00+01:00,0.0,196.7,12.4,0.0
2024-12-10T04:00:00+01:00,0.0,193.3,18.3,0.0
2024-12-10T05:00:00+01:00,0.0,191.3,16.9,0.0
2024-12-10T06:00:00+01:00,0.0,297.6,19.1,0.0
2024-12-10T07:00:00+01:00,0.0,373.8,22.6,0.0
2024-12-10T08:00:00+01:00,0.0,458.9,20.0,0.0
2024-12-10T09:00:00+01:00,0.0,451.5,15.7,0.0
2024-12-10T10:00:00+01:00,0.0,431.8,16.9,0.0
2024-12-10T11:00:00+01:00,0.0,485.5,9.3,0.0
2024-12-10T12:00:00+01:00,0.0,479.7,9.8,0.0
2024-12-10T13:00:00+01:00,0.0,484.9,3.7,0.0
2024-12-10T14:00:00+01:00,0.0,479.7,2.2,0.0
2024-12-10T15:00:00+01:00,0.0,487.0,2.3,0.0
2024-12-10T16:00:00+01:00,0.0,540.8,7.0,0.0
2024-12-10T17:00:00+01:00,0.0,545.6,0.6,0.0
2024-12-10T18:00:00+01:00,0.0,545.0,0.3,0.0
2024-12-10T19:00:00+01:00,0.0,533.5,18.1,0.0
2024-12-10T20:00:00+01:00,0.0,531.0,19.8,0.0
2024-12-10T21:00:00+01:00,0.0,331.0,23.3,0.0
2024-12-10T22:00:00+01:00,0.0,306.9,20.4,0.0
2024-12-10T23:00:00+01:00,0.0,274.7,14.5,0.0
2024-12-11T00:00:00+01:00,0.0,223.9,27.6,0.0
2024-12-11T01:00:00+01:00,0.0,170.4,21.5,0.0
2024-12-11T02:00:00+01:00,0.0,147.2,16.5,0.0
2024-12-11T03:00:00+01:00,0.0,145.9,18.8,0.0
2024-12-11T04:00:00+01:00,0.0,152.8,13.5,0.0
2024-12-11T05:00:00+01:00,0.0,158.8,13.6,0.0
2024-12-11T06:00:00+01:00,0.0,254.2,19.0,0.0
2024-12-11T07:00:00+01:00,0.0,539.6,15.8,0.0
2024-12-11T08:00:00+01:00,0.0,539.9,12.1,0.0
2024-12-11T09:00:00+01:00,0.0,539.8,17.7,0.0
2024-12-11T10:00:00+01:00,0.0,539.9,13.6,0.0
2024-12-11T11:00:00+01:00,0.0,539.7,6.9,0.0
2024-12-11T12:00:00+01:00,0.0,539.9,8.9,0.0
2024-12-11T13:00:00+01:00,0.0,539.9,9.2,0.0
2024-12-11T14:00:00+01:00,0.0,547.7,3.6,0.0
2024-12-11T15:00:00+01:00,0.0,559.4,3.8,0.0
2024-12-11T16:00:00+01:00,0.0,544.7,0.4,0.0
2024-12-11T17:00:00+01:00,0.0,542.0,0.4,0.0
2024-12-11T18:00:00+01:00,0.0,540.3,4.2,0.0
2024-12-11T19:00:00+01:00,0.0,540.7,4.2,0.0
2024-12-11T20:00:00+01:00,0.0,539.9,0.5,0.0
2024-12-11T21:00:00+01:00,0.0,537.0,3.4,0.0
2024-12-11T22:00:00+01:00,0.0,330.9,0.0,0.0
2024-12-11T23:00:00+01:00,0.0,299.0,0.0,0.0
2024-12-12T00:00:00+01:00,0.0,239.3,2.5,0.0
2024-12-12T01:00:00+01:00,0.0,195.5,0.2,0.0
2024-12-12T02:00:00+01:00,0.0,169.2,0.0,0.0
2024-12-12T03:00:00+01:00,0.0,157.9,0.0,0.0
2024-12-12T04:00:00+01:00,0.0,155.5,0.2,0.0
2024-12-12T05:00:00+01:00,0.0,178.6,0.0,0.0
2024-12-12T06:00:00+01:00,0.0,233.6,0.0,0.0
2024-12-12T07:00:00+01:00,0.0,543.4,0.3,0.0
2024-12-12T08:00:00+01:00,0.0,540.5,0.3,0.0
2024-12-12T09:00:00+01:00,0.0,539.9,2.2,0.0
2024-12-12T10:00:00+01:00,0.0,540.4,3.4,0.0
2024-12-12T11:00:00+01:00,0.0,539.9,1.0,0.0
2024-12-12T12:00:00+01:00,0.0,540.0,0.7,0.0
2024-12-12T13:00:00+01:00,0.0,539.9,2.1,0.0
2024-12-12T14:00:00+01:00,0.0,508.3,0.0,0.0
2024-12-12T15:00:00+01:00,0.0,540.0,0.0,0.0
2024-12-12T16:00:00+01:00,0.0,540.4,0.0,0.0
2024-12-12T17:00:00+01:00,0.0,540.2,0.0,0.0
2024-12-12T18:00:00+01:00,0.0,542.4,0.0,0.0
2024-12-12T19:00:00+01:00,0.0,545.4,0.6,0.0
2024-12-12T20:00:00+01:00,0.0,549.3,1.8,0.0
2024-12-12T21:00:00+01:00,0.0,542.3,3.6,0.0
2024-12-12T22:00:00+01:00,0.0,333.2,1.7,0.0
2024-12-12T23:00:00+01:00,0.0,305.4,3.0,0.0
2024-12-13T00:00:00+01:00,0.0,245.5,3.0,0.0
2024-12-13T01:00:00+01:00,0.0,200.6,1.1,0.0
2024-12-13T02:00:00+01:00,0.0,170.6,3.5,0.0
2024-12-13T03:00:00+01:00,0.0,162.0,1.6,0.0
2024-12-13T04:00:00+01:00,0.0,160.6,0.0,0.0
2024-12-13T05:00:00+01:00,0.0,183.6,0.0,0.0
2024-12-13T06:00:00+01:00,0.0,231.0,0.0,0.0
2024-12-13T07:00:00+01:00,0.0,539.5,0.2,0.0
2024-12-13T08:00:00+01:00,0.0,537.2,1.2,0.0
2024-12-13T09:00:00+01:00,0.0,534.5,1.1,0.0
2024-12-13T10:00:00+01:00,0.0,530.7,2.4,0.0
2024-12-13T11:00:00+01:00,0.0,455.1,3.6,0.0
2024-12-13T12:00:00+01:00,0.0,526.2,1.1,0.0
2024-12-13T13:00:00+01:00,0.0,485.6,1.6,0.0
2024-12-13T14:00:00+01:00,0.0,527.8,4.3,0.0
2024-12-13T15:00:00+01:00,0.0,527.5,9.9,0.0
2024-12-13T16:00:00+01:00,0.0,549.0,5.3,0.0
2024-12-13T17:00:00+01:00,0.0,551.1,1.8,0.0
2024-12-13T18:00:00+01:00,0.0,549.8,5.4,0.0
2024-12-13T19:00:00+01:00,0.0,528.0,35.0,0.0
2024-12-13T20:00:00+01:00,0.0,507.8,52.8,0.0
2024-12-13T21:00:00+01:00,0.0,468.2,51.0,0.0
2024-12-13T22:00:00+01:00,0.0,303.4,43.2,0.0
2024-12-13T23:00:00+01:00,0.0,283.2,28.7,0.0
2024-12-14T00:00:00+01:00,0.0,184.7,27.8,0.0
2024-12-14T01:00:00+01:00,0.0,98.5,36.9,0.0
2024-12-14T02:00:00+01:00,0.0,101.9,47.0,0.0
2024-12-14T03:00:00+01:00,0.0,96.0,67.2,0.0
2024-12-14T04:00:00+01:00,0.0,96.3,74.7,0.0
2024-12-14T05:00:00+01:00,0.0,78.7,86.7,0.0
2024-12-14T06:00:00+01:00,0.0,90.0,97.2,0.0
2024-12-14T07:00:00+01:00,0.0,172.1,98.8,0.0
2024-12-14T08:00:00+01:00,0.0,219.5,94.4,0.0
2024-12-14T09:00:00+01:00,0.0,261.4,105.3,0.0
2024-12-14T10:00:00+01:00,0.0,270.2,116.1,0.0
2024-12-14T11:00:00+01:00,0.0,272.1,105.3,0.0
2024-12-14T12:00:00+01:00,0.0,270.5,107.1,0.0
2024-12-14T13:00:00+01:00,0.0,271.8,109.5,0.0
2024-12-14T14:00:00+01:00,0.0,282.5,87.0,0.0
2024-12-14T15:00:00+01:00,0.0,290.0,99.8,0.0
2024-12-14T16:00:00+01:00,0.0,340.2,73.5,0.0
2024-12-14T17:00:00+01:00,0.0,382.9,31.4,0.0
2024-12-14T18:00:00+01:00,0.0,385.3,15.1,0.0
2024-12-14T19:00:00+01:00,0.0,388.3,7.6,0.0
2024-12-14T20:00:00+01:00,0.0,356.8,9.2,0.0
2024-12-14T21:00:00+01:00,0.0,284.4,6.0,0.0
2024-12-14T22:00:00+01:00,0.0,169.3,2.9,0.0
2024-12-14T23:00:00+01:00,0.0,175.1,2.8,0.0
2024-12-15T00:00:00+01:00,0.0,117.7,3.3,0.0
2024-12-15T01:00:00+01:00,0.0,74.3,2.5,0.0
2024-12-15T02:00:00+01:00,0.0,72.8,7.8,0.0
2024-12-15T03:00:00+01:00,0.0,76.2,8.4,0.0
2024-12-15T04:00:00+01:00,0.0,63.4,17.7,0.0
2024-12-15T05:00:00+01:00,0.0,66.0,29.0,0.0
2024-12-15T06:00:00+01:00,0.0,80.2,10.9,0.0
2024-12-15T07:00:00+01:00,0.0,144.8,14.0,0.0
2024-12-15T08:00:00+01:00,0.0,155.1,9.4,0.0
2024-12-15T09:00:00+01:00,0.0,161.9,6.7,0.0
2024-12-15T10:00:00+01:00,0.0,152.0,8.4,0.0
2024-12-15T11:00:00+01:00,0.0,152.8,12.0,0.0
2024-12-15T12:00:00+01:00,0.0,137.6,30.5,0.0
2024-12-15T13:00:00+01:00,0.0,121.8,43.4,0.0
2024-12-15T14:00:00+01:00,0.0,127.3,44.8,0.0
2024-12-15T15:00:00+01:00,0.0,298.2,69.2,0.0
2024-12-15T16:00:00+01:00,0.0,313.5,89.8,0.0
2024-12-15T17:00:00+01:00,0.0,293.4,105.2,0.0
2024-12-15T18:00:00+01:00,0.0,302.8,99.8,0.0
2024-12-15T19:00:00+01:00,0.0,310.8,96.4,0.0
2024-12-15T20:00:00+01:00,0.0,298.6,96.0,0.0
2024-12-15T21:00:00+01:00,0.0,290.1,90.4,0.0
2024-12-15T22:00:00+01:00,0.0,206.4,85.7,0.0
2024-12-15T23:00:00+01:00,0.0,134.9,80.4,0.0
2024-12-16T00:00:00+01:00,0.0,157.0,87.4,0.0
2024-12-16T01:00:00+01:00,0.0,141.6,97.3,0.0
2024-12-16T02:00:00+01:00,0.0,79.0,94.0,0.0
2024-12-16T03:00:00+01:00,0.0,71.6,87.0,0.0
2024-12-16T04:00:00+01:00,0.0,54.3,97.9,0.0
2024-12-16T05:00:00+01:00,0.0,83.8,98.7,0.0
2024-12-16T06:00:00+01:00,0.0,168.7,77.2,0.0
2024-12-16T07:00:00+01:00,0.0,236.1,78.4,0.0
2024-12-16T08:00:00+01:00,0.0,260.7,93.1,0.0
2024-12-16T09:00:00+01:00,0.0,274.6,76.1,0.0
2024-12-16T10:00:00+01:00,0.0,273.9,58.1,0.0
2024-12-16T11:00:00+01:00,0.0,260.2,56.7,0.0
2024-12-16T12:00:00+01:00,0.0,247.2,59.9,0.0
2024-12-16T13:00:00+01:00,0.0,259.7,54.0,0.0
2024-12-16T14:00:00+01:00,0.0,262.6,46.0,0.0
2024-12-16T15:00:00+01:00,0.0,272.4,64.0,0.0
2024-12-16T16:00:00+01:00,0.0,331.2,66.2,0.0
2024-12-16T17:00:00+01:00,0.0,352.5,70.8,0.0
2024-12-16T18:00:00+01:00,0.0,350.2,69.1,0.0
2024-12-16T19:00:00+01:00,0.0,344.3,66.6,0.0
2024-12-16T20:00:00+01:00,0.0,359.7,51.6,0.0
2024-12-16T21:00:00+01:00,0.0,332.3,58.6,0.0
2024-12-16T22:00:00+01:00,0.0,329.4,46.1,0.0
2024-12-16T23:00:00+01:00,0.0,311.3,13.4,0.0
2024-12-17T00:00:00+01:00,0.0,169.5,1.2,0.0
2024-12-17T01:00:00+01:00,0.0,139.7,6.9,0.0
2024-12-17T02:00:00+01:00,0.0,79.1,5.6,0.0
2024-12-17T03:00:00+01:00,0.0,91.1,0.0,0.0
2024-12-17T04:00:00+01:00,0.0,118.4,0.2,0.0
2024-12-17T05:00:00+01:00,0.0,133.1,0.8,0.0
2024-12-17T06:00:00+01:00,0.0,249.0,0.6,0.0
2024-12-17T07:00:00+01:00,0.0,321.7,0.3,0.0
2024-12-17T08:00:00+01:00,0.0,350.1,0.0,0.0
2024-12-17T09:00:00+01:00,0.0,344.5,0.1,0.0
2024-12-17T10:00:00+01:00,0.0,329.4,0.0,0.0
2024-12-17T11:00:00+01:00,0.0,240.9,0.1,0.0
2024-12-17T12:00:00+01:00,0.0,227.0,0.0,0.0
2024-12-17T13:00:00+01:00,0.0,225.1,0.1,0.0
2024-12-17T14:00:00+01:00,0.0,295.9,0.3,0.0
2024-12-17T15:00:00+01:00,0.0,329.6,0.0,0.0
2024-12-17T16:00:00+01:00,0.0,520.5,0.0,0.0
2024-12-17T17:00:00+01:00,0.0,524.2,0.1,0.0
2024-12-17T18:00:00+01:00,0.0,521.1,0.3,0.0
2024-12-17T19:00:00+01:00,0.0,521.0,0.0,0.0
2024-12-17T20:00:00+01:00,0.0,466.6,0.0,0.0
2024-12-17T21:00:00+01:00,0.0,382.1,2.5,0.0
2024-12-17T22:00:00+01:00,0.0,356.2,5.8,0.0
2024-12-17T23:00:00+01:00,0.0,313.1,7.3,0.0
2024-12-18T00:00:00+01:00,0.0,266.3,6.3,0.0
2024-12-18T01:00:00+01:00,0.0,140.5,2.8,0.0
2024-12-18T02:00:00+01:00,0.0,98.8,0.0,0.0
2024-12-18T03:00:00+01:00,0.0,98.7,0.0,0.0
2024-12-18T04:00:00+01:00,0.0,99.2,0.0,0.0
2024-12-18T05:00:00+01:00,0.0,187.2,0.0,0.0
2024-12-18T06:00:00+01:00,0.0,464.2,0.0,0.0
2024-12-18T07:00:00+01:00,0.0,466.6,0.0,0.0
2024-12-18T08:00:00+01:00,0.0,382.2,0.0,0.0
2024-12-18T09:00:00+01:00,0.0,374.7,0.3,0.0
2024-12-18T10:00:00+01:00,0.0,360.9,0.5,0.0
2024-12-18T11:00:00+01:00,0.0,342.1,0.3,0.0
2024-12-18T12:00:00+01:00,0.0,330.4,0.3,0.0
2024-12-18T13:00:00+01:00,0.0,358.1,2.8,0.0
2024-12-18T14:00:00+01:00,0.0,362.9,1.7,0.0
2024-12-18T15:00:00+01:00,0.0,368.8,0.0,0.0
2024-12-18T16:00:00+01:00,0.0,425.9,0.0,0.0
2024-12-18T17:00:00+01:00,0.0,432.1,0.0,0.0
2024-12-18T18:00:00+01:00,0.0,433.9,0.1,0.0
2024-12-18T19:00:00+01:00,0.0,432.0,0.2,0.0
2024-12-18T20:00:00+01:00,0.0,505.6,0.8,0.0
2024-12-18T21:00:00+01:00,0.0,511.7,1.9,0.0
2024-12-18T22:00:00+01:00,0.0,479.5,5.9,0.0
2024-12-18T23:00:00+01:00,0.0,336.0,6.3,0.0
2024-12-19T00:00:00+01:00,0.0,261.9,6.2,0.0
2024-12-19T01:00:00+01:00,0.0,126.2,4.5,0.0
2024-12-19T02:00:00+01:00,0.0,79.0,6.3,0.0
2024-12-19T03:00:00+01:00,0.0,79.0,5.7,0.0
2024-12-19T04:00:00+01:00,0.0,79.0,2.2,0.0
2024-12-19T05:00:00+01:00,0.0,101.4,8.8,0.0
2024-12-19T06:00:00+01:00,0.0,429.6,6.6,0.0
2024-12-19T07:00:00+01:00,0.0,460.2,8.8,0.0
2024-12-19T08:00:00+01:00,0.0,445.3,7.1,0.0
2024-12-19T09:00:00+01:00,0.0,449.3,3.6,0.0
2024-12-19T10:00:00+01:00,0.0,334.0,6.9,0.0
2024-12-19T11:00:00+01:00,0.0,315.5,10.2,0.0
2024-12-19T12:00:00+01:00,0.0,141.2,11.4,0.0
2024-12-19T13:00:00+01:00,0.0,184.5,10.4,0.0
2024-12-19T14:00:00+01:00,0.0,383.3,11.4,0.0
2024-12-19T15:00:00+01:00,0.0,451.1,18.2,0.0
2024-12-19T16:00:00+01:00,0.0,514.6,20.4,0.0
2024-12-19T17:00:00+01:00,0.0,514.6,18.6,0.0
2024-12-19T18:00:00+01:00,0.0,487.0,27.2,0.0
2024-12-19T19:00:00+01:00,0.0,487.7,44.6,0.0
2024-12-19T20:00:00+01:00,0.0,449.8,55.9,0.0
2024-12-19T21:00:00+01:00,0.0,367.2,55.5,0.0
2024-12-19T22:00:00+01:00,0.0,298.3,47.3,0.0
2024-12-19T23:00:00+01:00,0.0,179.0,55.7,0.0
2024-12-20T00:00:00+01:00,0.0,71.5,62.8,0.0
2024-12-20T01:00:00+01:00,0.0,53.9,82.5,0.0
2024-12-20T02:00:00+01:00,0.0,65.0,72.2,0.0
2024-12-20T03:00:00+01:00,0.0,56.9,95.1,0.0
2024-12-20T04:00:00+01:00,0.0,63.9,98.6,0.0
2024-12-20T05:00:00+01:00,0.0,57.5,106.4,0.0
2024-12-20T06:00:00+01:00,0.0,238.7,109.2,0.0
2024-12-20T07:00:00+01:00,0.0,321.1,117.3,0.0
2024-12-20T08:00:00+01:00,0.0,378.3,116.5,0.0
2024-12-20T09:00:00+01:00,0.0,390.9,115.6,0.0
2024-12-20T10:00:00+01:00,0.0,275.5,113.5,0.0
2024-12-20T11:00:00+01:00,0.0,280.6,109.3,0.0
2024-12-20T12:00:00+01:00,0.0,297.0,68.8,0.0
2024-12-20T13:00:00+01:00,0.0,297.8,64.1,0.0
2024-12-20T14:00:00+01:00,0.0,313.9,74.9,0.0
2024-12-20T15:00:00+01:00,0.0,421.9,49.8,0.0
2024-12-20T16:00:00+01:00,0.0,461.6,38.2,0.0
2024-12-20T17:00:00+01:00,0.0,475.6,33.0,0.0
2024-12-20T18:00:00+01:00,0.0,496.5,37.1,0.0
2024-12-20T19:00:00+01:00,0.0,474.9,76.2,0.0
2024-12-20T20:00:00+01:00,0.0,443.9,71.8,0.0
2024-12-20T21:00:00+01:00,0.0,213.8,72.1,0.0
2024-12-20T22:00:00+01:00,0.0,119.2,90.9,0.0
2024-12-20T23:00:00+01:00,0.0,92.6,90.3,0.0
2024-12-21T00:00:00+01:00,0.0,87.5,76.3,0.0
2024-12-21T01:00:00+01:00,0.0,68.6,107.0,0.0
2024-12-21T02:00:00+01:00,0.0,70.5,113.1,0.0
2024-12-21T03:00:00+01:00,0.0,44.2,112.4,0.0
2024-12-21T04:00:00+01:00,0.0,39.3,102.4,0.0
2024-12-21T05:00:00+01:00,0.0,61.4,96.2,0.0
2024-12-21T06:00:00+01:00,0.0,63.3,99.3,0.0
2024-12-21T07:00:00+01:00,0.0,60.0,105.4,0.0
2024-12-21T08:00:00+01:00,0.0,70.1,104.1,0.0
2024-12-21T09:00:00+01:00,0.0,61.0,101.0,0.0
2024-12-21T10:00:00+01:00,0.0,54.5,100.2,0.0
2024-12-21T11:00:00+01:00,0.0,52.8,88.8,0.0
2024-12-21T12:00:00+01:00,0.0,54.8,92.5,0.0
2024-12-21T13:00:00+01:00,0.0,52.6,94.1,0.0
2024-12-21T14:00:00+01:00,0.0,54.8,93.7,0.0
2024-12-21T15:00:00+01:00,0.0,257.4,78.8,0.0
2024-12-21T16:00:00+01:00,0.0,292.9,71.4,0.0
2024-12-21T17:00:00+01:00,0.0,317.2,60.0,0.0
2024-12-21T18:00:00+01:00,0.0,323.3,55.5,0.0
2024-12-21T19:00:00+01:00,0.0,329.8,44.1,0.0
2024-12-21T20:00:00+01:00,0.0,325.4,39.5,0.0
2024-12-21T21:00:00+01:00,0.0,322.7,25.4,0.0
2024-12-21T22:00:00+01:00,0.0,313.9,16.4,0.0
2024-12-21T23:00:00+01:00,0.0,205.9,9.4,0.0
2024-12-22T00:00:00+01:00,0.0,82.8,3.0,0.0
2024-12-22T01:00:00+01:00,0.0,86.0,3.9,0.0
2024-12-22T02:00:00+01:00,0.0,76.8,10.7,0.0
2024-12-22T03:00:00+01:00,0.0,78.6,7.8,0.0
2024-12-22T04:00:00+01:00,0.0,81.0,9.8,0.0
2024-12-22T05:00:00+01:00,0.0,79.3,9.4,0.0
2024-12-22T06:00:00+01:00,0.0,82.9,7.9,0.0
2024-12-22T07:00:00+01:00,0.0,200.1,5.9,0.0
2024-12-22T08:00:00+01:00,0.0,183.3,8.1,0.0
2024-12-22T09:00:00+01:00,0.0,75.5,12.4,0.0
2024-12-22T10:00:00+01:00,0.0,71.3,16.0,0.0
2024-12-22T11:00:00+01:00,0.0,78.3,13.7,0.0
2024-12-22T12:00:00+01:00,0.0,75.9,22.6,0.0
2024-12-22T13:00:00+01:00,0.0,100.7,24.8,0.0
2024-12-22T14:00:00+01:00,0.0,226.6,28.9,0.0
2024-12-22T15:00:00+01:00,0.0,332.4,25.3,0.0
2024-12-22T16:00:00+01:00,0.0,351.8,36.2,0.0
2024-12-22T17:00:00+01:00,0.0,350.5,54.0,0.0
2024-12-22T18:00:00+01:00,0.0,358.9,47.7,0.0
2024-12-22T19:00:00+01:00,0.0,356.9,58.5,0.0
2024-12-22T20:00:00+01:00,0.0,351.9,45.4,0.0
2024-12-22T21:00:00+01:00,0.0,318.9,63.1,0.0
2024-12-22T22:00:00+01:00,0.0,240.3,85.6,0.0
2024-12-22T23:00:00+01:00,0.0,88.2,102.3,0.0
2024-12-23T00:00:00+01:00,0.0,66.7,113.0,0.0
2024-12-23T01:00:00+01:00,0.0,63.1,110.2,0.0
2024-12-23T02:00:00+01:00,0.0,61.4,117.5,0.0
2024-12-23T03:00:00+01:00,0.0,59.4,117.6,0.0
2024-12-23T04:00:00+01:00,0.0,63.3,117.2,0.0
2024-12-23T05:00:00+01:00,0.0,68.3,111.1,0.0
2024-12-23T06:00:00+01:00,0.0,119.4,108.9,0.0
2024-12-23T07:00:00+01:00,0.0,314.9,111.8,0.0
2024-12-23T08:00:00+01:00,0.0,356.8,112.3,0.0
2024-12-23T09:00:00+01:00,0.0,338.5,105.1,0.0
2024-12-23T10:00:00+01:00,0.0,409.8,89.9,0.0
2024-12-23T11:00:00+01:00,0.0,408.6,95.4,0.0
2024-12-23T12:00:00+01:00,0.0,404.6,82.4,0.0
2024-12-23T13:00:00+01:00,0.0,455.6,35.8,0.0
2024-12-23T14:00:00+01:00,0.0,491.9,12.6,0.0
2024-12-23T15:00:00+01:00,0.0,493.6,1.1,0.0
2024-12-23T16:00:00+01:00,0.0,549.5,15.0,0.0
2024-12-23T17:00:00+01:00,0.0,536.0,31.6,0.0
2024-12-23T18:00:00+01:00,0.0,541.6,42.0,0.0
2024-12-23T19:00:00+01:00,0.0,527.6,62.0,0.0
2024-12-23T20:00:00+01:00,0.0,499.6,54.3,0.0
2024-12-23T21:00:00+01:00,0.0,428.4,70.1,0.0
2024-12-23T22:00:00+01:00,0.0,390.8,85.5,0.0
2024-12-23T23:00:00+01:00,0.0,343.7,102.1,0.0
2024-12-24T00:00:00+01:00,0.0,159.3,93.8,0.0
2024-12-24T01:00:00+01:00,0.0,102.5,107.5,0.0
2024-12-24T02:00:00+01:00,0.0,105.3,97.3,0.0
2024-12-24T03:00:00+01:00,0.0,113.5,91.2,0.0
2024-12-24T04:00:00+01:00,0.0,114.1,94.2,0.0
2024-12-24T05:00:00+01:00,0.0,113.6,88.9,0.0
2024-12-24T06:00:00+01:00,0.0,147.7,91.8,0.0
2024-12-24T07:00:00+01:00,0.0,244.3,94.8,0.0
2024-12-24T08:00:00+01:00,0.0,286.9,94.5,0.0
2024-12-24T09:00:00+01:00,0.0,277.1,101.2,0.0
2024-12-24T10:00:00+01:00,0.0,278.8,103.3,0.0
2024-12-24T11:00:00+01:00,0.0,267.6,104.5,0.0
2024-12-24T12:00:00+01:00,0.0,270.1,96.8,0.0
2024-12-24T13:00:00+01:00,0.0,263.3,102.0,0.0
2024-12-24T14:00:00+01:00,0.0,262.6,104.8,0.0
2024-12-24T15:00:00+01:00,0.0,287.8,103.2,0.0
2024-12-24T16:00:00+01:00,0.0,342.8,101.8,0.0
2024-12-24T17:00:00+01:00,0.0,367.2,98.6,0.0
2024-12-24T18:00:00+01:00,0.0,346.1,113.3,0.0
2024-12-24T19:00:00+01:00,0.0,340.2,115.7,0.0
2024-12-24T20:00:00+01:00,0.0,293.1,106.9,0.0
2024-12-24T21:00:00+01:00,0.0,286.0,105.4,0.0
2024-12-24T22:00:00+01:00,0.0,252.5,108.5,0.0
2024-12-24T23:00:00+01:00,0.0,141.3,111.2,0.0
2024-12-25T00:00:00+01:00,0.0,77.0,105.2,0.0
2024-12-25T01:00:00+01:00,0.0,78.4,102.6,0.0
2024-12-25T02:00:00+01:00,0.0,96.3,79.4,0.0
2024-12-25T03:00:00+01:00,0.0,92.7,79.7,0.0
2024-12-25T04:00:00+01:00,0.0,88.5,82.5,0.0
2024-12-25T05:00:00+01:00,0.0,98.3,68.4,0.0
2024-12-25T06:00:00+01:00,0.0,90.4,79.9,0.0
2024-12-25T07:00:00+01:00,0.0,190.4,73.6,0.0
2024-12-25T08:00:00+01:00,0.0,246.4,74.0,0.0
2024-12-25T09:00:00+01:00,0.0,266.7,76.5,0.0
2024-12-25T10:00:00+01:00,0.0,93.3,59.6,0.0
2024-12-25T11:00:00+01:00,0.0,126.6,55.8,0.0
2024-12-25T12:00:00+01:00,0.0,133.1,46.0,0.0
2024-12-25T13:00:00+01:00,0.0,131.6,23.0,0.0
2024-12-25T14:00:00+01:00,0.0,131.0,15.2,0.0
2024-12-25T15:00:00+01:00,0.0,329.9,25.1,0.0
2024-12-25T16:00:00+01:00,0.0,344.4,35.3,0.0
2024-12-25T17:00:00+01:00,0.0,344.9,44.0,0.0
2024-12-25T18:00:00+01:00,0.0,351.5,35.2,0.0
2024-12-25T19:00:00+01:00,0.0,351.0,28.9,0.0
2024-12-25T20:00:00+01:00,0.0,338.2,32.6,0.0
2024-12-25T21:00:00+01:00,0.0,325.6,20.2,0.0
2024-12-25T22:00:00+01:00,0.0,305.1,23.0,0.0
2024-12-25T23:00:00+01:00,0.0,268.5,13.4,0.0
2024-12-26T00:00:00+01:00,0.0,219.5,31.0,0.0
2024-12-26T01:00:00+01:00,0.0,74.8,42.4,0.0
2024-12-26T02:00:00+01:00,0.0,52.5,69.0,0.0
2024-12-26T03:00:00+01:00,0.0,58.3,65.3,0.0
2024-12-26T04:00:00+01:00,0.0,62.4,61.6,0.0
2024-12-26T05:00:00+01:00,0.0,74.8,61.6,0.0
2024-12-26T06:00:00+01:00,0.0,129.4,66.8,0.0
2024-12-26T07:00:00+01:00,0.0,230.7,65.1,0.0
2024-12-26T08:00:00+01:00,0.0,272.4,67.9,0.0
2024-12-26T09:00:00+01:00,0.0,282.4,59.2,0.0
2024-12-26T10:00:00+01:00,0.0,282.3,63.4,0.0
2024-12-26T11:00:00+01:00,0.0,274.6,70.5,0.0
2024-12-26T12:00:00+01:00,0.0,255.8,84.2,0.0
2024-12-26T13:00:00+01:00,0.0,237.8,102.1,0.0
2024-12-26T14:00:00+01:00,0.0,225.6,98.0,0.0
2024-12-26T15:00:00+01:00,0.0,247.5,87.2,0.0
2024-12-26T16:00:00+01:00,0.0,433.2,91.7,0.0
2024-12-26T17:00:00+01:00,0.0,433.3,98.3,0.0
2024-12-26T18:00:00+01:00,0.0,449.0,106.0,0.0
2024-12-26T19:00:00+01:00,0.0,444.4,100.6,0.0
2024-12-26T20:00:00+01:00,0.0,378.7,97.4,0.0
2024-12-26T21:00:00+01:00,0.0,273.6,97.7,0.0
2024-12-26T22:00:00+01:00,0.0,247.7,98.5,0.0
2024-12-26T23:00:00+01:00,0.0,221.5,104.0,0.0
2024-12-27T00:00:00+01:00,0.0,149.3,110.1,0.0
2024-12-27T01:00:00+01:00,0.0,99.8,100.7,0.0
2024-12-27T02:00:00+01:00,0.0,80.1,79.7,0.0
2024-12-27T03:00:00+01:00,0.0,64.3,80.2,0.0
2024-12-27T04:00:00+01:00,0.0,45.8,100.8,0.0
2024-12-27T05:00:00+01:00,0.0,68.2,94.6,0.0
2024-12-27T06:00:00+01:00,0.0,136.0,79.0,0.0
2024-12-27T07:00:00+01:00,0.0,241.6,68.5,0.0
2024-12-27T08:00:00+01:00,0.0,316.7,63.7,0.0
2024-12-27T09:00:00+01:00,0.0,311.8,86.1,0.0
2024-12-27T10:00:00+01:00,0.0,253.1,91.9,0.0
2024-12-27T11:00:00+01:00,0.0,253.8,70.9,0.0
2024-12-27T12:00:00+01:00,0.0,256.7,61.4,0.0
2024-12-27T13:00:00+01:00,0.0,260.1,48.4,0.0
2024-12-27T14:00:00+01:00,0.0,261.0,49.4,0.0
2024-12-27T15:00:00+01:00,0.0,345.5,61.2,0.0
2024-12-27T16:00:00+01:00,0.0,428.6,77.4,0.0
2024-12-27T17:00:00+01:00,0.0,435.8,79.3,0.0
2024-12-27T18:00:00+01:00,0.0,484.2,80.2,0.0
2024-12-27T19:00:00+01:00,0.0,472.9,75.6,0.0
2024-12-27T20:00:00+01:00,0.0,367.6,74.3,0.0
2024-12-27T21:00:00+01:00,0.0,253.0,80.5,0.0
2024-12-27T22:00:00+01:00,0.0,242.9,78.6,0.0
2024-12-27T23:00:00+01:00,0.0,222.4,80.7,0.0
2024-12-28T00:00:00+01:00,0.0,156.3,76.5,0.0
2024-12-28T01:00:00+01:00,0.0,106.0,60.4,0.0
2024-12-28T02:00:00+01:00,0.0,86.5,67.0,0.0
2024-12-28T03:00:00+01:00,0.0,72.1,65.5,0.0
2024-12-28T04:00:00+01:00,0.0,61.4,64.3,0.0
2024-12-28T05:00:00+01:00,0.0,73.6,69.1,0.0
2024-12-28T06:00:00+01:00,0.0,103.3,71.3,0.0
2024-12-28T07:00:00+01:00,0.0,156.7,73.6,0.0
2024-12-28T08:00:00+01:00,0.0,207.9,71.5,0.0
2024-12-28T09:00:00+01:00,0.0,236.6,71.7,0.0
2024-12-28T10:00:00+01:00,0.0,229.9,63.9,0.0
2024-12-28T11:00:00+01:00,0.0,229.6,55.0,0.0
2024-12-28T12:00:00+01:00,0.0,234.3,43.3,0.0
2024-12-28T13:00:00+01:00,0.0,235.3,33.0,0.0
2024-12-28T14:00:00+01:00,0.0,246.5,23.4,0.0
2024-12-28T15:00:00+01:00,0.0,263.6,31.4,0.0
2024-12-28T16:00:00+01:00,0.0,457.9,34.0,0.0
2024-12-28T17:00:00+01:00,0.0,457.8,37.6,0.0
2024-12-28T18:00:00+01:00,0.0,515.8,36.0,0.0
2024-12-28T19:00:00+01:00,0.0,515.4,44.1,0.0
2024-12-28T20:00:00+01:00,0.0,318.0,36.5,0.0
2024-12-28T21:00:00+01:00,0.0,300.2,39.0,0.0
2024-12-28T22:00:00+01:00,0.0,273.6,30.7,0.0
2024-12-28T23:00:00+01:00,0.0,248.4,33.9,0.0
2024-12-29T00:00:00+01:00,0.0,193.0,36.4,0.0
2024-12-29T01:00:00+01:00,0.0,138.7,35.3,0.0
2024-12-29T02:00:00+01:00,0.0,122.7,32.3,0.0
2024-12-29T03:00:00+01:00,0.0,71.0,37.9,0.0
2024-12-29T04:00:00+01:00,0.0,69.8,39.6,0.0
2024-12-29T05:00:00+01:00,0.0,70.1,34.1,0.0
2024-12-29T06:00:00+01:00,0.0,102.2,37.8,0.0
2024-12-29T07:00:00+01:00,0.0,122.6,40.7,0.0
2024-12-29T08:00:00+01:00,0.0,219.8,42.7,0.0
2024-12-29T09:00:00+01:00,0.0,190.6,40.0,0.0
2024-12-29T10:00:00+01:00,0.0,187.3,36.0,0.0
2024-12-29T11:00:00+01:00,0.0,121.4,41.0,0.0
2024-12-29T12:00:00+01:00,0.0,135.3,26.9,0.0
2024-12-29T13:00:00+01:00,0.0,204.1,26.2,0.0
2024-12-29T14:00:00+01:00,0.0,261.7,33.2,0.0
2024-12-29T15:00:00+01:00,0.0,336.3,40.7,0.0
2024-12-29T16:00:00+01:00,0.0,411.6,41.8,0.0
2024-12-29T17:00:00+01:00,0.0,452.9,40.0,0.0
2024-12-29T18:00:00+01:00,0.0,501.4,38.8,0.0
2024-12-29T19:00:00+01:00,0.0,496.6,35.5,0.0
2024-12-29T20:00:00+01:00,0.0,348.7,33.4,0.0
2024-12-29T21:00:00+01:00,0.0,331.6,31.2,0.0
2024-12-29T22:00:00+01:00,0.0,306.6,35.0,0.0
2024-12-29T23:00:00+01:00,0.0,269.9,30.1,0.0
2024-12-30T00:00:00+01:00,0.0,207.4,25.7,0.0
2024-12-30T01:00:00+01:00,0.0,101.9,21.8,0.0
2024-12-30T02:00:00+01:00,0.0,91.3,15.1,0.0
2024-12-30T03:00:00+01:00,0.0,81.3,17.0,0.0
2024-12-30T04:00:00+01:00,0.0,83.3,15.9,0.0
2024-12-30T05:00:00+01:00,0.0,135.5,12.6,0.0
2024-12-30T06:00:00+01:00,0.0,194.1,16.9,0.0
2024-12-30T07:00:00+01:00,0.0,263.9,15.9,0.0
2024-12-30T08:00:00+01:00,0.0,313.3,10.8,0.0
2024-12-30T09:00:00+01:00,0.0,324.7,5.0,0.0
2024-12-30T10:00:00+01:00,0.0,311.4,1.1,0.0
2024-12-30T11:00:00+01:00,0.0,290.7,0.5,0.0
2024-12-30T12:00:00+01:00,0.0,273.2,0.1,0.0
2024-12-30T13:00:00+01:00,0.0,263.8,0.2,0.0
2024-12-30T14:00:00+01:00,0.0,265.3,0.3,0.0
2024-12-30T15:00:00+01:00,0.0,312.8,0.2,0.0
2024-12-30T16:00:00+01:00,0.0,454.5,0.0,0.0
2024-12-30T17:00:00+01:00,0.0,464.2,0.0,0.0
2024-12-30T18:00:00+01:00,0.0,515.4,0.0,0.0
2024-12-30T19:00:00+01:00,0.0,524.3,0.0,0.0
2024-12-30T20:00:00+01:00,0.0,526.6,0.0,0.0
2024-12-30T21:00:00+01:00,0.0,331.0,0.0,0.0
2024-12-30T22:00:00+01:00,0.0,324.3,0.0,0.0
2024-12-30T23:00:00+01:00,0.0,295.9,0.0,0.0
2024-12-31T00:00:00+01:00,0.0,243.2,0.0,0.0
2024-12-31T01:00:00+01:00,0.0,105.9,0.0,0.0
2024-12-31T02:00:00+01:00,0.0,58.1,0.0,0.0
2024-12-31T03:00:00+01:00,0.0,50.9,0.0,0.0
2024-12-31T04:00:00+01:00,0.0,51.8,0.0,0.0
2024-12-31T05:00:00+01:00,0.0,76.4,0.0,0.0
2024-12-31T06:00:00+01:00,0.0,205.2,0.0,0.0
2024-12-31T07:00:00+01:00,0.0,272.5,0.0,0.0
2024-12-31T08:00:00+01:00,0.0,324.9,0.0,0.0
2024-12-31T09:00:00+01:00,0.0,338.6,0.0,0.0
2024-12-31T10:00:00+01:00,0.0,326.7,0.0,0.0
2024-12-31T11:00:00+01:00,0.0,322.6,0.0,0.0
2024-12-31T12:00:00+01:00,0.0,359.1,0.0,0.0
2024-12-31T13:00:00+01:00,0.0,324.8,0.0,0.0
2024-12-31T14:00:00+01:00,0.0,457.9,0.0,0.0
2024-12-31T15:00:00+01:00,0.0,475.5,0.0,0.0
2024-12-31T16:00:00+01:00,0.0,480.6,0.0,0.0
2024-12-31T17:00:00+01:00,0.0,482.4,0.0,0.0
2024-12-31T18:00:00+01:00,0.0,528.5,0.0,0.0
2024-12-31T19:00:00+01:00,0.0,527.4,0.0,0.0
2024-12-31T20:00:00+01:00,0.0,510.2,0.0,0.0
2024-12-31T21:00:00+01:00,0.0,293.6,0.0,0.0
2024-12-31T22:00:00+01:00,0.0,272.7,0.0,0.0
2024-12-31T23:00:00+01:00,0.0,220.2,0.0,0.0
2025-01-01T00:00:00+01:00,0.0,160.2,0.0,0.0
2025-01-01T01:00:00+01:00,0.0,143.2,0.0,0.0
2025-01-01T02:00:00+01:00,0.0,111.1,0.0,0.0
2025-01-01T03:00:00+01:00,0.0,48.4,0.0,0.0
2025-01-01T04:00:00+01:00,0.0,43.5,0.0,0.0
2025-01-01T05:00:00+01:00,0.0,43.5,0.0,0.0
2025-01-01T06:00:00+01:00,0.0,44.0,0.0,0.0
2025-01-01T07:00:00+01:00,0.0,93.0,0.0,0.0
2025-01-01T08:00:00+01:00,0.0,127.0,0.0,0.0
2025-01-01T09:00:00+01:00,0.0,58.9,0.0,0.0
2025-01-01T10:00:00+01:00,0.0,79.2,0.0,0.0
2025-01-01T11:00:00+01:00,0.0,83.8,0.4,0.0
2025-01-01T12:00:00+01:00,0.0,53.5,0.6,0.0
2025-01-01T13:00:00+01:00,0.0,41.7,0.0,0.0
2025-01-01T14:00:00+01:00,0.0,44.5,0.0,0.0
2025-01-01T15:00:00+01:00,0.0,163.4,0.0,0.0
2025-01-01T16:00:00+01:00,0.0,185.2,0.0,0.0
2025-01-01T17:00:00+01:00,0.0,265.7,0.1,0.0
2025-01-01T18:00:00+01:00,0.0,277.6,0.0,0.0
2025-01-01T19:00:00+01:00,0.0,232.4,0.0,0.0
2025-01-01T20:00:00+01:00,0.0,235.3,0.2,0.0
2025-01-01T21:00:00+01:00,0.0,227.1,0.4,0.0
2025-01-01T22:00:00+01:00,0.0,212.9,0.5,0.0
2025-01-01T23:00:00+01:00,0.0,165.4,1.9,0.0
2025-01-02T00:00:00+01:00,0.0,83.7,5.1,0.0
2025-01-02T01:00:00+01:00,0.0,24.7,5.2,0.0
2025-01-02T02:00:00+01:00,0.0,24.1,6.8,0.0
2025-01-02T03:00:00+01:00,0.0,24.1,8.3,0.0
2025-01-02T04:00:00+01:00,0.0,23.2,8.6,0.0
2025-01-02T05:00:00+01:00,0.0,27.1,9.4,0.0
2025-01-02T06:00:00+01:00,0.0,79.2,9.6,0.0
2025-01-02T07:00:00+01:00,0.0,108.4,7.5,0.0
2025-01-02T08:00:00+01:00,0.0,148.3,8.2,0.0
2025-01-02T09:00:00+01:00,0.0,183.2,16.6,0.0
2025-01-02T10:00:00+01:00,0.0,184.6,16.2,0.0
2025-01-02T11:00:00+01:00,0.0,128.4,14.1,0.0
2025-01-02T12:00:00+01:00,0.0,127.6,19.0,0.0
2025-01-02T13:00:00+01:00,0.0,132.8,24.0,0.0
2025-01-02T14:00:00+01:00,0.0,141.4,29.9,0.0
2025-01-02T15:00:00+01:00,0.0,166.1,30.3,0.0
2025-01-02T16:00:00+01:00,0.0,184.5,35.5,0.0
2025-01-02T17:00:00+01:00,0.0,185.9,53.4,0.0
2025-01-02T18:00:00+01:00,0.0,187.4,63.0,0.0
2025-01-02T19:00:00+01:00,0.0,183.0,65.5,0.0
2025-01-02T20:00:00+01:00,0.0,174.6,75.7,0.0
2025-01-02T21:00:00+01:00,0.0,161.3,76.6,0.0
2025-01-02T22:00:00+01:00,0.0,150.2,72.1,0.0
2025-01-02T23:00:00+01:00,0.0,82.2,76.9,0.0
2025-01-03T00:00:00+01:00,0.0,32.9,81.9,0.0
2025-01-03T01:00:00+01:00,0.0,0.0,95.5,0.0
2025-01-03T02:00:00+01:00,0.0,0.0,105.8,0.0
2025-01-03T03:00:00+01:00,0.0,0.0,114.1,0.0
2025-01-03T04:00:00+01:00,0.0,0.0,113.5,0.0
2025-01-03T05:00:00+01:00,0.0,0.0,110.4,0.0
2025-01-03T06:00:00+01:00,0.0,0.2,103.4,0.0
2025-01-03T07:00:00+01:00,0.0,64.9,98.5,0.0
2025-01-03T08:00:00+01:00,0.0,105.6,109.9,0.0
2025-01-03T09:00:00+01:00,0.0,129.0,116.1,0.0
2025-01-03T10:00:00+01:00,0.0,150.8,115.4,0.0
2025-01-03T11:00:00+01:00,0.0,84.2,115.3,0.0
2025-01-03T12:00:00+01:00,0.0,79.5,115.8,0.0
2025-01-03T13:00:00+01:00,0.0,74.9,115.7,0.0
2025-01-03T14:00:00+01:00,0.0,71.2,113.2,0.0
2025-01-03T15:00:00+01:00,0.0,158.2,110.0,0.0
2025-01-03T16:00:00+01:00,0.0,206.2,91.9,0.0
2025-01-03T17:00:00+01:00,0.0,461.0,60.4,0.0
2025-01-03T18:00:00+01:00,0.0,462.9,50.0,0.0
2025-01-03T19:00:00+01:00,0.0,462.1,46.6,0.0
2025-01-03T20:00:00+01:00,0.0,454.1,54.5,0.0
2025-01-03T21:00:00+01:00,0.0,305.2,62.6,0.0
2025-01-03T22:00:00+01:00,0.0,381.8,51.0,0.0
2025-01-03T23:00:00+01:00,0.0,287.1,51.9,0.0
2025-01-04T00:00:00+01:00,0.0,266.3,51.6,0.0
2025-01-04T01:00:00+01:00,0.0,232.1,23.9,0.0
2025-01-04T02:00:00+01:00,0.0,191.3,24.7,0.0
2025-01-04T03:00:00+01:00,0.0,157.6,16.8,0.0
2025-01-04T04:00:00+01:00,0.0,138.6,10.4,0.0
2025-01-04T05:00:00+01:00,0.0,123.1,9.9,0.0
2025-01-04T06:00:00+01:00,0.0,119.9,11.5,0.0
2025-01-04T07:00:00+01:00,0.0,185.4,28.5,0.0
2025-01-04T08:00:00+01:00,0.0,256.7,48.6,0.0
2025-01-04T09:00:00+01:00,0.0,257.2,56.6,0.0
2025-01-04T10:00:00+01:00,0.0,314.2,59.4,0.0
2025-01-04T11:00:00+01:00,0.0,296.0,56.5,0.0
2025-01-04T12:00:00+01:00,0.0,232.1,56.7,0.0
2025-01-04T13:00:00+01:00,0.0,226.4,54.7,0.0
2025-01-04T14:00:00+01:00,0.0,227.8,52.9,0.0
2025-01-04T15:00:00+01:00,0.0,374.6,45.1,0.0
2025-01-04T16:00:00+01:00,0.0,427.2,49.8,0.0
2025-01-04T17:00:00+01:00,0.0,448.8,47.6,0.0
2025-01-04T18:00:00+01:00,0.0,453.4,46.7,0.0
2025-01-04T19:00:00+01:00,0.0,453.1,42.8,0.0
2025-01-04T20:00:00+01:00,0.0,439.8,42.9,0.0
2025-01-04T21:00:00+01:00,0.0,425.1,38.3,0.0
2025-01-04T22:00:00+01:00,0.0,419.0,22.0,0.0
2025-01-04T23:00:00+01:00,0.0,371.4,12.6,0.0
2025-01-05T00:00:00+01:00,0.0,139.5,10.0,0.0
2025-01-05T01:00:00+01:00,0.0,127.5,8.0,0.0
2025-01-05T02:00:00+01:00,0.0,125.3,7.5,0.0
2025-01-05T03:00:00+01:00,0.0,110.1,3.9,0.0
2025-01-05T04:00:00+01:00,0.0,101.1,6.1,0.0
2025-01-05T05:00:00+01:00,0.0,108.6,5.5,0.0
2025-01-05T06:00:00+01:00,0.0,116.7,9.0,0.0
2025-01-05T07:00:00+01:00,0.0,120.2,11.9,0.0
2025-01-05T08:00:00+01:00,0.0,125.2,8.9,0.0
2025-01-05T09:00:00+01:00,0.0,170.6,6.0,0.0
2025-01-05T10:00:00+01:00,0.0,148.5,6.7,0.0
2025-01-05T11:00:00+01:00,0.0,141.2,3.9,0.0
2025-01-05T12:00:00+01:00,0.0,131.5,7.1,0.0
2025-01-05T13:00:00+01:00,0.0,108.9,8.8,0.0
2025-01-05T14:00:00+01:00,0.0,149.0,8.5,0.0
2025-01-05T15:00:00+01:00,0.0,267.9,8.6,0.0
2025-01-05T16:00:00+01:00,0.0,302.7,9.9,0.0
2025-01-05T17:00:00+01:00,0.0,327.0,5.5,0.0
2025-01-05T18:00:00+01:00,0.0,330.8,5.3,0.0
2025-01-05T19:00:00+01:00,0.0,331.9,3.8,0.0
2025-01-05T20:00:00+01:00,0.0,323.7,11.8,0.0
2025-01-05T21:00:00+01:00,0.0,302.5,14.4,0.0
2025-01-05T22:00:00+01:00,0.0,190.2,15.3,0.0
2025-01-05T23:00:00+01:00,0.0,111.0,11.3,0.0
2025-01-06T00:00:00+01:00,0.0,202.2,12.0,0.0
2025-01-06T01:00:00+01:00,0.0,133.6,13.2,0.0
2025-01-06T02:00:00+01:00,0.0,113.9,23.0,0.0
2025-01-06T03:00:00+01:00,0.0,91.6,34.3,0.0
2025-01-06T04:00:00+01:00,0.0,97.3,32.2,0.0
2025-01-06T05:00:00+01:00,0.0,75.1,52.7,0.0
2025-01-06T06:00:00+01:00,0.0,73.8,82.2,0.0
2025-01-06T07:00:00+01:00,0.0,166.7,90.4,0.0
2025-01-06T08:00:00+01:00,0.0,184.8,95.4,0.0
2025-01-06T09:00:00+01:00,0.0,100.7,88.9,0.0
2025-01-06T10:00:00+01:00,0.0,98.0,90.0,0.0
2025-01-06T11:00:00+01:00,0.0,105.0,93.9,0.0
2025-01-06T12:00:00+01:00,0.0,103.5,92.8,0.0
2025-01-06T13:00:00+01:00,0.0,111.3,94.3,0.0
2025-01-06T14:00:00+01:00,0.0,110.7,94.9,0.0
2025-01-06T15:00:00+01:00,0.0,235.0,82.5,0.0
2025-01-06T16:00:00+01:00,0.0,248.3,82.8,0.0
2025-01-06T17:00:00+01:00,0.0,255.3,94.3,0.0
2025-01-06T18:00:00+01:00,0.0,224.1,90.8,0.0
2025-01-06T19:00:00+01:00,0.0,218.8,108.3,0.0
2025-01-06T20:00:00+01:00,0.0,220.5,98.8,0.0
2025-01-06T21:00:00+01:00,0.0,204.8,93.8,0.0
2025-01-06T22:00:00+01:00,0.0,109.7,92.0,0.0
2025-01-06T23:00:00+01:00,0.0,91.3,91.4,0.0
2025-01-07T00:00:00+01:00,0.0,67.1,99.9,0.0
2025-01-07T01:00:00+01:00,0.0,53.4,108.0,0.0
2025-01-07T02:00:00+01:00,0.0,51.9,113.0,0.0
2025-01-07T03:00:00+01:00,0.0,51.5,112.9,0.0
2025-01-07T04:00:00+01:00,0.0,51.5,106.8,0.0
2025-01-07T05:00:00+01:00,0.0,67.2,109.0,0.0
2025-01-07T06:00:00+01:00,0.0,62.0,111.5,0.0
2025-01-07T07:00:00+01:00,0.0,95.8,113.0,0.0
2025-01-07T08:00:00+01:00,0.0,130.8,115.0,0.0
2025-01-07T09:00:00+01:00,0.0,144.9,114.5,0.0
2025-01-07T10:00:00+01:00,0.0,130.6,114.4,0.0
2025-01-07T11:00:00+01:00,0.0,132.4,114.4,0.0
2025-01-07T12:00:00+01:00,0.0,130.5,114.7,0.0
2025-01-07T13:00:00+01:00,0.0,120.7,114.4,0.0
2025-01-07T14:00:00+01:00,0.0,112.5,114.8,0.0
2025-01-07T15:00:00+01:00,0.0,115.7,112.9,0.0
2025-01-07T16:00:00+01:00,0.0,136.0,111.5,0.0
2025-01-07T17:00:00+01:00,0.0,163.3,114.0,0.0
2025-01-07T18:00:00+01:00,0.0,203.7,114.2,0.0
2025-01-07T19:00:00+01:00,0.0,212.7,113.8,0.0
2025-01-07T20:00:00+01:00,0.0,201.3,113.1,0.0
2025-01-07T21:00:00+01:00,0.0,159.7,110.8,0.0
2025-01-07T22:00:00+01:00,0.0,153.4,111.7,0.0
2025-01-07T23:00:00+01:00,0.0,134.2,110.1,0.0
2025-01-08T00:00:00+01:00,0.0,151.2,108.5,0.0
2025-01-08T01:00:00+01:00,0.0,131.6,88.5,0.0
2025-01-08T02:00:00+01:00,0.0,131.9,76.0,0.0
2025-01-08T03:00:00+01:00,0.0,157.2,88.8,0.0
2025-01-08T04:00:00+01:00,0.0,166.4,93.5,0.0
2025-01-08T05:00:00+01:00,0.0,165.8,87.3,0.0
2025-01-08T06:00:00+01:00,0.0,157.8,78.2,0.0
2025-01-08T07:00:00+01:00,0.0,157.9,77.1,0.0
2025-01-08T08:00:00+01:00,0.0,162.9,77.5,0.0
2025-01-08T09:00:00+01:00,0.0,160.6,94.2,0.0
2025-01-08T10:00:00+01:00,0.0,157.6,112.9,0.0
2025-01-08T11:00:00+01:00,0.0,157.2,109.6,0.0
2025-01-08T12:00:00+01:00,0.0,157.4,89.5,0.0
2025-01-08T13:00:00+01:00,0.0,157.3,77.9,0.0
2025-01-08T14:00:00+01:00,0.0,157.9,71.2,0.0
2025-01-08T15:00:00+01:00,0.0,178.2,64.9,0.0
2025-01-08T16:00:00+01:00,0.0,171.1,54.7,0.0
2025-01-08T17:00:00+01:00,0.0,180.4,38.9,0.0
2025-01-08T18:00:00+01:00,0.0,234.0,51.3,0.0
2025-01-08T19:00:00+01:00,0.0,231.0,69.5,0.0
2025-01-08T20:00:00+01:00,0.0,227.2,70.5,0.0
2025-01-08T21:00:00+01:00,0.0,159.4,63.6,0.0
2025-01-08T22:00:00+01:00,0.0,170.3,53.0,0.0
2025-01-08T23:00:00+01:00,0.0,161.8,53.5,0.0
2025-01-09T00:00:00+01:00,0.0,158.9,52.1,0.0
2025-01-09T01:00:00+01:00,0.0,157.4,57.3,0.0
2025-01-09T02:00:00+01:00,0.0,157.8,60.0,0.0
2025-01-09T03:00:00+01:00,0.0,157.9,60.2,0.0
2025-01-09T04:00:00+01:00,0.0,177.5,56.1,0.0
2025-01-09T05:00:00+01:00,0.0,172.5,59.7,0.0
2025-01-09T06:00:00+01:00,0.0,159.8,55.7,0.0
2025-01-09T07:00:00+01:00,0.0,170.0,69.8,0.0
2025-01-09T08:00:00+01:00,0.0,158.4,76.9,0.0
2025-01-09T09:00:00+01:00,0.0,192.7,92.9,0.0
2025-01-09T10:00:00+01:00,0.0,330.7,92.5,0.0
2025-01-09T11:00:00+01:00,0.0,333.4,99.7,0.0
2025-01-09T12:00:00+01:00,0.0,157.6,106.7,0.0
2025-01-09T13:00:00+01:00,0.0,159.9,113.2,0.0
2025-01-09T14:00:00+01:00,0.0,164.9,113.0,0.0
2025-01-09T15:00:00+01:00,0.0,183.8,96.8,0.0
2025-01-09T16:00:00+01:00,0.0,184.5,97.7,0.0
2025-01-09T17:00:00+01:00,0.0,184.6,94.0,0.0
2025-01-09T18:00:00+01:00,0.0,182.1,103.5,0.0
2025-01-09T19:00:00+01:00,0.0,178.8,112.7,0.0
2025-01-09T20:00:00+01:00,0.0,177.0,111.3,0.0
2025-01-09T21:00:00+01:00,0.0,158.4,109.7,0.0
2025-01-09T22:00:00+01:00,0.0,157.4,114.4,0.0
2025-01-09T23:00:00+01:00,0.0,157.2,114.0,0.0
2025-01-10T00:00:00+01:00,0.0,159.5,113.9,0.0
2025-01-10T01:00:00+01:00,0.0,162.7,115.8,0.0
2025-01-10T02:00:00+01:00,0.0,157.1,114.9,0.0
2025-01-10T03:00:00+01:00,0.0,157.1,115.7,0.0
2025-01-10T04:00:00+01:00,0.0,179.2,109.9,0.0
2025-01-10T05:00:00+01:00,0.0,164.0,110.2,0.0
2025-01-10T06:00:00+01:00,0.0,163.4,104.9,0.0
2025-01-10T07:00:00+01:00,0.0,134.3,106.4,0.0
2025-01-10T08:00:00+01:00,0.0,130.3,100.3,0.0
2025-01-10T09:00:00+01:00,0.0,163.4,100.2,0.0
2025-01-10T10:00:00+01:00,0.0,158.3,105.2,0.0
2025-01-10T11:00:00+01:00,0.0,182.9,98.2,0.0
2025-01-10T12:00:00+01:00,0.0,178.2,91.2,0.0
2025-01-10T13:00:00+01:00,0.0,166.1,93.3,0.0
2025-01-10T14:00:00+01:00,0.0,172.9,76.5,0.0
2025-01-10T15:00:00+01:00,0.0,171.5,67.8,0.0
2025-01-10T16:00:00+01:00,0.0,228.0,65.9,0.0
2025-01-10T17:00:00+01:00,0.0,240.5,27.8,0.0
2025-01-10T18:00:00+01:00,0.0,242.1,12.0,0.0
2025-01-10T19:00:00+01:00,0.0,242.3,6.2,0.0
2025-01-10T20:00:00+01:00,0.0,242.1,8.9,0.0
2025-01-10T21:00:00+01:00,0.0,238.1,16.8,0.0
2025-01-10T22:00:00+01:00,0.0,242.0,17.9,0.0
2025-01-10T23:00:00+01:00,0.0,242.4,7.0,0.0
2025-01-11T00:00:00+01:00,0.0,242.3,7.2,0.0
2025-01-11T01:00:00+01:00,0.0,242.3,7.6,0.0
2025-01-11T02:00:00+01:00,0.0,242.4,9.6,0.0
2025-01-11T03:00:00+01:00,0.0,242.4,0.2,0.0
2025-01-11T04:00:00+01:00,0.0,242.4,0.1,0.0
2025-01-11T05:00:00+01:00,0.0,242.4,0.1,0.0
2025-01-11T06:00:00+01:00,0.0,242.3,0.9,0.0
2025-01-11T07:00:00+01:00,0.0,239.8,0.0,0.0
2025-01-11T08:00:00+01:00,0.0,237.5,0.6,0.0
2025-01-11T09:00:00+01:00,0.0,242.1,1.6,0.0
2025-01-11T10:00:00+01:00,0.0,242.3,2.4,0.0
2025-01-11T11:00:00+01:00,0.0,242.3,3.1,0.0
2025-01-11T12:00:00+01:00,0.0,242.3,0.5,0.0
2025-01-11T13:00:00+01:00,0.0,242.4,0.9,0.0
2025-01-11T14:00:00+01:00,0.0,242.3,2.7,0.0
2025-01-11T15:00:00+01:00,0.0,242.4,1.5,0.0
2025-01-11T16:00:00+01:00,0.0,242.7,3.2,0.0
2025-01-11T17:00:00+01:00,0.0,312.2,4.3,0.0
2025-01-11T18:00:00+01:00,0.0,309.0,17.5,0.0
2025-01-11T19:00:00+01:00,0.0,228.1,36.7,0.0
2025-01-11T20:00:00+01:00,0.0,221.8,49.4,0.0
2025-01-11T21:00:00+01:00,0.0,227.2,55.1,0.0
2025-01-11T22:00:00+01:00,0.0,237.5,54.8,0.0
2025-01-11T23:00:00+01:00,0.0,236.1,51.8,0.0
2025-01-12T00:00:00+01:00,0.0,189.7,56.2,0.0
2025-01-12T01:00:00+01:00,0.0,180.6,66.9,0.0
2025-01-12T02:00:00+01:00,0.0,178.3,74.3,0.0
2025-01-12T03:00:00+01:00,0.0,173.9,82.9,0.0
2025-01-12T04:00:00+01:00,0.0,181.1,93.9,0.0
2025-01-12T05:00:00+01:00,0.0,188.9,108.3,0.0
2025-01-12T06:00:00+01:00,0.0,173.9,110.8,0.0
2025-01-12T07:00:00+01:00,0.0,182.5,111.9,0.0
2025-01-12T08:00:00+01:00,0.0,164.9,112.2,0.0
2025-01-12T09:00:00+01:00,0.0,176.4,106.4,0.0
2025-01-12T10:00:00+01:00,0.0,240.2,74.6,0.0
2025-01-12T11:00:00+01:00,0.0,242.4,51.0,0.0
2025-01-12T12:00:00+01:00,0.0,242.5,48.9,0.0
2025-01-12T13:00:00+01:00,0.0,242.7,62.3,0.0
2025-01-12T14:00:00+01:00,0.0,242.6,87.4,0.0
2025-01-12T15:00:00+01:00,0.0,242.5,83.0,0.0
2025-01-12T16:00:00+01:00,0.0,242.4,85.1,0.0
2025-01-12T17:00:00+01:00,0.0,242.3,82.2,0.0
2025-01-12T18:00:00+01:00,0.0,242.3,83.5,0.0
2025-01-12T19:00:00+01:00,0.0,242.0,74.7,0.0
2025-01-12T20:00:00+01:00,0.0,229.9,95.5,0.0
2025-01-12T21:00:00+01:00,0.0,235.4,89.0,0.0
2025-01-12T22:00:00+01:00,0.0,236.7,88.7,0.0
2025-01-12T23:00:00+01:00,0.0,236.8,70.7,0.0
2025-01-13T00:00:00+01:00,0.0,206.5,58.3,0.0
2025-01-13T01:00:00+01:00,0.0,202.9,62.6,0.0
2025-01-13T02:00:00+01:00,0.0,202.8,61.7,0.0
2025-01-13T03:00:00+01:00,0.0,188.1,79.3,0.0
2025-01-13T04:00:00+01:00,0.0,192.7,76.1,0.0
2025-01-13T05:00:00+01:00,0.0,203.7,80.6,0.0
2025-01-13T06:00:00+01:00,0.0,202.2,94.7,0.0
2025-01-13T07:00:00+01:00,0.0,189.3,95.0,0.0
2025-01-13T08:00:00+01:00,0.0,267.9,86.3,0.0
2025-01-13T09:00:00+01:00,0.0,274.1,51.6,0.0
2025-01-13T10:00:00+01:00,0.0,284.4,41.9,0.0
2025-01-13T11:00:00+01:00,0.0,285.2,38.7,0.0
2025-01-13T12:00:00+01:00,0.0,312.2,46.2,0.0
2025-01-13T13:00:00+01:00,0.0,325.2,52.0,0.0
2025-01-13T14:00:00+01:00,0.0,324.6,58.5,0.0
2025-01-13T15:00:00+01:00,0.0,389.5,56.8,0.0
2025-01-13T16:00:00+01:00,0.0,297.9,45.1,0.0
2025-01-13T17:00:00+01:00,0.0,275.4,86.3,0.0
2025-01-13T18:00:00+01:00,0.0,255.9,102.2,0.0
2025-01-13T19:00:00+01:00,0.0,259.7,96.9,0.0
2025-01-13T20:00:00+01:00,0.0,249.0,96.5,0.0
2025-01-13T21:00:00+01:00,0.0,238.8,100.1,0.0
2025-01-13T22:00:00+01:00,0.0,224.5,95.4,0.0
2025-01-13T23:00:00+01:00,0.0,203.4,88.0,0.0
2025-01-14T00:00:00+01:00,0.0,175.4,82.8,0.0
2025-01-14T01:00:00+01:00,0.0,172.7,78.0,0.0
2025-01-14T02:00:00+01:00,0.0,177.4,85.7,0.0
2025-01-14T03:00:00+01:00,0.0,179.6,80.5,0.0
2025-01-14T04:00:00+01:00,0.0,176.2,87.6,0.0
2025-01-14T05:00:00+01:00,0.0,147.4,98.2,0.0
2025-01-14T06:00:00+01:00,0.0,158.6,100.0,0.0
2025-01-14T07:00:00+01:00,0.0,157.1,103.3,0.0
2025-01-14T08:00:00+01:00,0.0,320.2,102.8,0.0
2025-01-14T09:00:00+01:00,0.0,201.1,102.6,0.0
2025-01-14T10:00:00+01:00,0.0,209.9,103.4,0.0
2025-01-14T11:00:00+01:00,0.0,116.5,107.1,0.0
2025-01-14T12:00:00+01:00,0.0,115.1,108.7,0.0
2025-01-14T13:00:00+01:00,0.0,108.4,110.0,0.0
2025-01-14T14:00:00+01:00,0.0,192.8,111.3,0.0
2025-01-14T15:00:00+01:00,0.0,245.4,112.1,0.0
2025-01-14T16:00:00+01:00,0.0,289.4,112.1,0.0
2025-01-14T17:00:00+01:00,0.0,345.8,111.7,0.0
2025-01-14T18:00:00+01:00,0.0,356.6,108.8,0.0
2025-01-14T19:00:00+01:00,0.0,349.7,107.5,0.0
2025-01-14T20:00:00+01:00,0.0,347.7,99.8,0.0
2025-01-14T21:00:00+01:00,0.0,239.4,98.8,0.0
2025-01-14T22:00:00+01:00,0.0,223.2,89.6,0.0
2025-01-14T23:00:00+01:00,0.0,106.0,83.2,0.0
2025-01-15T00:00:00+01:00,0.0,72.3,65.8,0.0
2025-01-15T01:00:00+01:00,0.0,74.8,60.8,0.0
2025-01-15T02:00:00+01:00,0.0,73.2,50.9,0.0
2025-01-15T03:00:00+01:00,0.0,74.1,46.4,0.0
2025-01-15T04:00:00+01:00,0.0,80.3,50.4,0.0
2025-01-15T05:00:00+01:00,0.0,87.2,47.1,0.0
2025-01-15T06:00:00+01:00,0.0,157.3,29.6,0.0
2025-01-15T07:00:00+01:00,0.0,340.0,16.0,0.0
2025-01-15T08:00:00+01:00,0.0,483.1,11.8,0.0
2025-01-15T09:00:00+01:00,0.0,477.1,10.6,0.0
2025-01-15T10:00:00+01:00,0.0,476.8,18.4,0.0
2025-01-15T11:00:00+01:00,0.0,473.3,32.0,0.0
2025-01-15T12:00:00+01:00,0.0,477.4,27.6,0.0
2025-01-15T13:00:00+01:00,0.0,483.8,22.2,0.0
2025-01-15T14:00:00+01:00,0.0,474.3,26.4,0.0
2025-01-15T15:00:00+01:00,0.0,463.2,32.0,0.0
2025-01-15T16:00:00+01:00,0.0,463.2,49.6,0.0
2025-01-15T17:00:00+01:00,0.0,468.4,52.8,0.0
2025-01-15T18:00:00+01:00,0.0,473.4,53.4,0.0
2025-01-15T19:00:00+01:00,0.0,471.2,59.2,0.0
2025-01-15T20:00:00+01:00,0.0,400.2,58.6,0.0
2025-01-15T21:00:00+01:00,0.0,377.8,61.1,0.0
2025-01-15T22:00:00+01:00,0.0,253.3,62.6,0.0
2025-01-15T23:00:00+01:00,0.0,228.8,59.4,0.0
2025-01-16T00:00:00+01:00,0.0,116.7,55.8,0.0
2025-01-16T01:00:00+01:00,0.0,67.5,53.0,0.0
2025-01-16T02:00:00+01:00,0.0,65.2,55.3,0.0
2025-01-16T03:00:00+01:00,0.0,60.6,56.5,0.0
2025-01-16T04:00:00+01:00,0.0,67.2,53.6,0.0
2025-01-16T05:00:00+01:00,0.0,67.6,57.7,0.0
2025-01-16T06:00:00+01:00,0.0,134.0,59.6,0.0
2025-01-16T07:00:00+01:00,0.0,345.9,59.9,0.0
2025-01-16T08:00:00+01:00,0.0,411.7,59.8,0.0
2025-01-16T09:00:00+01:00,0.0,373.4,61.9,0.0
2025-01-16T10:00:00+01:00,0.0,279.6,58.0,0.0
2025-01-16T11:00:00+01:00,0.0,271.5,53.8,0.0
2025-01-16T12:00:00+01:00,0.0,262.5,56.7,0.0
2025-01-16T13:00:00+01:00,0.0,241.3,56.6,0.0
2025-01-16T14:00:00+01:00,0.0,228.2,58.2,0.0
2025-01-16T15:00:00+01:00,0.0,347.8,59.9,0.0
2025-01-16T16:00:00+01:00,0.0,416.3,59.2,0.0
2025-01-16T17:00:00+01:00,0.0,469.7,54.1,0.0
2025-01-16T18:00:00+01:00,0.0,449.2,51.3,0.0
2025-01-16T19:00:00+01:00,0.0,430.5,49.2,0.0
2025-01-16T20:00:00+01:00,0.0,429.0,47.4,0.0
2025-01-16T21:00:00+01:00,0.0,285.5,46.1,0.0
2025-01-16T22:00:00+01:00,0.0,261.4,45.1,0.0
2025-01-16T23:00:00+01:00,0.0,135.2,45.2,0.0
2025-01-17T00:00:00+01:00,0.0,85.5,44.8,0.0
2025-01-17T01:00:00+01:00,0.0,46.5,44.9,0.0
2025-01-17T02:00:00+01:00,0.0,43.4,44.9,0.0
2025-01-17T03:00:00+01:00,0.0,47.4,46.6,0.0
2025-01-17T04:00:00+01:00,0.0,46.9,48.4,0.0
2025-01-17T05:00:00+01:00,0.0,48.5,51.1,0.0
2025-01-17T06:00:00+01:00,0.0,145.4,52.0,0.0
2025-01-17T07:00:00+01:00,0.0,268.5,51.4,0.0
2025-01-17T08:00:00+01:00,0.0,392.8,39.2,0.0
2025-01-17T09:00:00+01:00,0.0,320.8,34.0,0.0
2025-01-17T10:00:00+01:00,0.0,260.6,28.9,0.0
2025-01-17T11:00:00+01:00,0.0,237.6,42.4,0.0
2025-01-17T12:00:00+01:00,0.0,238.8,19.5,0.0
2025-01-17T13:00:00+01:00,0.0,232.1,18.9,0.0
2025-01-17T14:00:00+01:00,0.0,222.4,43.7,0.0
2025-01-17T15:00:00+01:00,0.0,240.8,52.0,0.0
2025-01-17T16:00:00+01:00,0.0,485.9,55.0,0.0
2025-01-17T17:00:00+01:00,0.0,519.6,58.9,0.0
2025-01-17T18:00:00+01:00,0.0,512.8,67.7,0.0
2025-01-17T19:00:00+01:00,0.0,520.9,62.7,0.0
2025-01-17T20:00:00+01:00,0.0,339.6,62.9,0.0
2025-01-17T21:00:00+01:00,0.0,274.0,57.6,0.0
2025-01-17T22:00:00+01:00,0.0,235.6,67.5,0.0
2025-01-17T23:00:00+01:00,0.0,217.2,61.1,0.0
2025-01-18T00:00:00+01:00,0.0,52.3,63.5,0.0
2025-01-18T01:00:00+01:00,0.0,41.5,64.7,0.0
2025-01-18T02:00:00+01:00,0.0,46.0,64.9,0.0
2025-01-18T03:00:00+01:00,0.0,51.9,61.2,0.0
2025-01-18T04:00:00+01:00,0.0,48.1,62.4,0.0
2025-01-18T05:00:00+01:00,0.0,37.2,67.7,0.0
2025-01-18T06:00:00+01:00,0.0,41.4,65.2,0.0
2025-01-18T07:00:00+01:00,0.0,160.8,69.8,0.0
2025-01-18T08:00:00+01:00,0.0,217.8,60.3,0.0
2025-01-18T09:00:00+01:00,0.0,239.9,60.0,0.0
2025-01-18T10:00:00+01:00,0.0,50.9,56.5,0.0
2025-01-18T11:00:00+01:00,0.0,52.1,52.2,0.0
2025-01-18T12:00:00+01:00,0.0,48.6,47.0,0.0
2025-01-18T13:00:00+01:00,0.0,45.5,47.0,0.0
2025-01-18T14:00:00+01:00,0.0,43.2,50.5,0.0
2025-01-18T15:00:00+01:00,0.0,122.7,48.3,0.0
2025-01-18T16:00:00+01:00,0.0,253.1,48.1,0.0
2025-01-18T17:00:00+01:00,0.0,277.2,46.8,0.0
2025-01-18T18:00:00+01:00,0.0,281.5,46.2,0.0
2025-01-18T19:00:00+01:00,0.0,286.6,47.1,0.0
2025-01-18T20:00:00+01:00,0.0,279.2,46.4,0.0
2025-01-18T21:00:00+01:00,0.0,275.4,42.4,0.0
2025-01-18T22:00:00+01:00,0.0,105.1,40.5,0.0
2025-01-18T23:00:00+01:00,0.0,60.0,24.6,0.0
2025-01-19T00:00:00+01:00,0.0,38.5,28.8,0.0
2025-01-19T01:00:00+01:00,0.0,31.6,32.5,0.0
2025-01-19T02:00:00+01:00,0.0,46.4,18.3,0.0
2025-01-19T03:00:00+01:00,0.0,48.1,12.7,0.0
2025-01-19T04:00:00+01:00,0.0,44.7,12.4,0.0
2025-01-19T05:00:00+01:00,0.0,47.4,4.8,0.0
2025-01-19T06:00:00+01:00,0.0,53.9,2.1,0.0
2025-01-19T07:00:00+01:00,0.0,54.2,0.6,0.0
2025-01-19T08:00:00+01:00,0.0,52.5,0.2,0.0
2025-01-19T09:00:00+01:00,0.0,47.2,0.0,0.0
2025-01-19T10:00:00+01:00,0.0,46.7,0.0,0.0
2025-01-19T11:00:00+01:00,0.0,92.2,0.0,0.0
2025-01-19T12:00:00+01:00,0.0,108.1,0.0,0.0
2025-01-19T13:00:00+01:00,0.0,81.3,0.4,0.0
2025-01-19T14:00:00+01:00,0.0,93.2,0.5,0.0
2025-01-19T15:00:00+01:00,0.0,92.8,0.8,0.0
2025-01-19T16:00:00+01:00,0.0,337.2,1.8,0.0
2025-01-19T17:00:00+01:00,0.0,375.4,1.7,0.0
2025-01-19T18:00:00+01:00,0.0,384.0,3.0,0.0
2025-01-19T19:00:00+01:00,0.0,391.6,3.0,0.0
2025-01-19T20:00:00+01:00,0.0,388.9,6.3,0.0
2025-01-19T21:00:00+01:00,0.0,376.4,1.3,0.0
2025-01-19T22:00:00+01:00,0.0,244.4,3.8,0.0
2025-01-19T23:00:00+01:00,0.0,220.9,2.2,0.0
2025-01-20T00:00:00+01:00,0.0,214.7,1.1,0.0
2025-01-20T01:00:00+01:00,0.0,184.3,0.1,0.0
2025-01-20T02:00:00+01:00,0.0,131.3,0.3,0.0
2025-01-20T03:00:00+01:00,0.0,137.6,0.0,0.0
2025-01-20T04:00:00+01:00,0.0,137.7,0.0,0.0
2025-01-20T05:00:00+01:00,0.0,137.3,0.0,0.0
2025-01-20T06:00:00+01:00,0.0,288.6,0.0,0.0
2025-01-20T07:00:00+01:00,0.0,395.9,1.6,0.0
2025-01-20T08:00:00+01:00,0.0,457.4,2.7,0.0
2025-01-20T09:00:00+01:00,0.0,454.6,0.0,0.0
2025-01-20T10:00:00+01:00,0.0,475.6,0.0,0.0
2025-01-20T11:00:00+01:00,0.0,473.0,0.0,0.0
2025-01-20T12:00:00+01:00,0.0,457.1,0.0,0.0
2025-01-20T13:00:00+01:00,0.0,452.8,0.0,0.0
2025-01-20T14:00:00+01:00,0.0,433.0,0.0,0.0
2025-01-20T15:00:00+01:00,0.0,437.5,0.4,0.0
2025-01-20T16:00:00+01:00,0.0,514.6,0.2,0.0
2025-01-20T17:00:00+01:00,0.0,531.8,0.0,0.0
2025-01-20T18:00:00+01:00,0.0,534.8,2.1,0.0
2025-01-20T19:00:00+01:00,0.0,507.4,4.6,0.0
2025-01-20T20:00:00+01:00,0.0,523.3,3.5,0.0
2025-01-20T21:00:00+01:00,0.0,405.8,2.2,0.0
2025-01-20T22:00:00+01:00,0.0,380.8,0.1,0.0
2025-01-20T23:00:00+01:00,0.0,348.2,0.9,0.0
2025-01-21T00:00:00+01:00,0.0,245.4,3.8,0.0
2025-01-21T01:00:00+01:00,0.0,40.3,2.2,0.0
2025-01-21T02:00:00+01:00,0.0,34.4,0.8,0.0
2025-01-21T03:00:00+01:00,0.0,36.5,0.0,0.0
2025-01-21T04:00:00+01:00,0.0,42.2,0.0,0.0
2025-01-21T05:00:00+01:00,0.0,181.7,0.0,0.0
2025-01-21T06:00:00+01:00,0.0,286.5,1.1,0.0
2025-01-21T07:00:00+01:00,0.0,451.6,1.2,0.0
2025-01-21T08:00:00+01:00,0.0,474.9,0.5,0.0
2025-01-21T09:00:00+01:00,0.0,474.2,1.6,0.0
2025-01-21T10:00:00+01:00,0.0,472.3,0.0,0.0
2025-01-21T11:00:00+01:00,0.0,362.8,0.0,0.0
2025-01-21T12:00:00+01:00,0.0,407.1,5.5,0.0
2025-01-21T13:00:00+01:00,0.0,358.5,13.6,0.0
2025-01-21T14:00:00+01:00,0.0,340.4,13.1,0.0
2025-01-21T15:00:00+01:00,0.0,483.9,15.3,0.0
2025-01-21T16:00:00+01:00,0.0,492.3,8.5,0.0
2025-01-21T17:00:00+01:00,0.0,533.9,6.8,0.0
2025-01-21T18:00:00+01:00,0.0,537.7,2.9,0.0
2025-01-21T19:00:00+01:00,0.0,531.6,0.4,0.0
2025-01-21T20:00:00+01:00,0.0,519.7,0.1,0.0
2025-01-21T21:00:00+01:00,0.0,410.9,0.0,0.0
2025-01-21T22:00:00+01:00,0.0,382.9,0.0,0.0
2025-01-21T23:00:00+01:00,0.0,204.8,0.0,0.0
2025-01-22T00:00:00+01:00,0.0,125.3,0.0,0.0
2025-01-22T01:00:00+01:00,0.0,40.3,0.0,0.0
2025-01-22T02:00:00+01:00,0.0,38.5,0.9,0.0
2025-01-22T03:00:00+01:00,0.0,34.4,4.5,0.0
2025-01-22T04:00:00+01:00,0.0,41.7,1.3,0.0
2025-01-22T05:00:00+01:00,0.0,119.2,0.0,0.0
2025-01-22T06:00:00+01:00,0.0,227.5,0.0,0.0
2025-01-22T07:00:00+01:00,0.0,402.8,0.2,0.0
2025-01-22T08:00:00+01:00,0.0,433.0,0.0,0.0
2025-01-22T09:00:00+01:00,0.0,406.5,0.0,0.0
2025-01-22T10:00:00+01:00,0.0,416.3,2.9,0.0
2025-01-22T11:00:00+01:00,0.0,368.9,4.3,0.0
2025-01-22T12:00:00+01:00,0.0,349.4,4.1,0.0
2025-01-22T13:00:00+01:00,0.0,352.0,3.8,0.0
2025-01-22T14:00:00+01:00,0.0,356.0,2.8,0.0
2025-01-22T15:00:00+01:00,0.0,465.8,4.0,0.0
2025-01-22T16:00:00+01:00,0.0,529.0,0.0,0.0
2025-01-22T17:00:00+01:00,0.0,525.7,0.4,0.0
2025-01-22T18:00:00+01:00,0.0,495.4,2.2,0.0
2025-01-22T19:00:00+01:00,0.0,495.0,3.9,0.0
2025-01-22T20:00:00+01:00,0.0,467.5,2.9,0.0
2025-01-22T21:00:00+01:00,0.0,341.2,10.0,0.0
2025-01-22T22:00:00+01:00,0.0,211.2,14.6,0.0
2025-01-22T23:00:00+01:00,0.0,129.6,15.7,0.0
2025-01-23T00:00:00+01:00,0.0,37.7,14.5,0.0
2025-01-23T01:00:00+01:00,0.0,35.7,18.6,0.0
2025-01-23T02:00:00+01:00,0.0,44.3,12.1,0.0
2025-01-23T03:00:00+01:00,0.0,42.4,12.7,0.0
2025-01-23T04:00:00+01:00,0.0,35.9,22.8,0.0
2025-01-23T05:00:00+01:00,0.0,42.2,27.2,0.0
2025-01-23T06:00:00+01:00,0.0,142.2,39.8,0.0
2025-01-23T07:00:00+01:00,0.0,282.2,41.5,0.0
2025-01-23T08:00:00+01:00,0.0,321.1,48.2,0.0
2025-01-23T09:00:00+01:00,0.0,315.0,50.5,0.0
2025-01-23T10:00:00+01:00,0.0,130.2,47.2,0.0
2025-01-23T11:00:00+01:00,0.0,68.5,37.9,0.0
2025-01-23T12:00:00+01:00,0.0,58.6,61.6,0.0
2025-01-23T13:00:00+01:00,0.0,50.4,78.3,0.0
2025-01-23T14:00:00+01:00,0.0,282.2,75.2,0.0
2025-01-23T15:00:00+01:00,0.0,339.5,80.2,0.0
2025-01-23T16:00:00+01:00,0.0,380.1,88.1,0.0
2025-01-23T17:00:00+01:00,0.0,375.3,83.0,0.0
2025-01-23T18:00:00+01:00,0.0,385.4,54.6,0.0
2025-01-23T19:00:00+01:00,0.0,381.3,59.2,0.0
2025-01-23T20:00:00+01:00,0.0,368.1,60.6,0.0
2025-01-23T21:00:00+01:00,0.0,295.0,55.4,0.0
2025-01-23T22:00:00+01:00,0.0,129.0,58.5,0.0
2025-01-23T23:00:00+01:00,0.0,103.0,58.9,0.0
2025-01-24T00:00:00+01:00,0.0,35.2,54.0,0.0
2025-01-24T01:00:00+01:00,0.0,33.4,42.2,0.0
2025-01-24T02:00:00+01:00,0.0,0.0,60.0,0.0
2025-01-24T03:00:00+01:00,0.0,0.0,77.2,0.0
2025-01-24T04:00:00+01:00,0.0,0.5,72.0,0.0
2025-01-24T05:00:00+01:00,0.0,25.6,65.5,0.0
2025-01-24T06:00:00+01:00,0.0,142.7,46.0,0.0
2025-01-24T07:00:00+01:00,0.0,200.3,39.1,0.0
2025-01-24T08:00:00+01:00,0.0,228.5,44.1,0.0
2025-01-24T09:00:00+01:00,0.0,248.4,37.4,0.0
2025-01-24T10:00:00+01:00,0.0,71.2,24.0,0.0
2025-01-24T11:00:00+01:00,0.0,42.9,20.5,0.0
2025-01-24T12:00:00+01:00,0.0,47.9,7.5,0.0
2025-01-24T13:00:00+01:00,0.0,49.5,4.9,0.0
2025-01-24T14:00:00+01:00,0.0,49.7,1.2,0.0
2025-01-24T15:00:00+01:00,0.0,270.4,0.0,0.0
2025-01-24T16:00:00+01:00,0.0,292.5,0.0,0.0
2025-01-24T17:00:00+01:00,0.0,309.4,0.0,0.0
2025-01-24T18:00:00+01:00,0.0,303.7,0.0,0.0
2025-01-24T19:00:00+01:00,0.0,302.8,0.0,0.0
2025-01-24T20:00:00+01:00,0.0,303.2,0.0,0.0
2025-01-24T21:00:00+01:00,0.0,221.5,0.0,0.0
2025-01-24T22:00:00+01:00,0.0,96.7,0.1,0.0
2025-01-24T23:00:00+01:00,0.0,30.7,0.0,0.0
2025-01-25T00:00:00+01:00,0.0,41.3,0.4,0.0
2025-01-25T01:00:00+01:00,0.0,0.0,7.1,0.0
2025-01-25T02:00:00+01:00,0.0,0.0,12.5,0.0
2025-01-25T03:00:00+01:00,0.0,0.0,4.6,0.0
2025-01-25T04:00:00+01:00,0.0,0.0,6.4,0.0
2025-01-25T05:00:00+01:00,0.0,0.0,1.4,0.0
2025-01-25T06:00:00+01:00,0.0,0.2,0.0,0.0
2025-01-25T07:00:00+01:00,0.0,21.7,0.1,0.0
2025-01-25T08:00:00+01:00,0.0,32.9,0.0,0.0
2025-01-25T09:00:00+01:00,0.0,74.7,0.0,0.0
2025-01-25T10:00:00+01:00,0.0,168.8,0.0,0.0
2025-01-25T11:00:00+01:00,0.0,177.1,0.0,0.0
2025-01-25T12:00:00+01:00,0.0,142.7,0.4,0.0
2025-01-25T13:00:00+01:00,0.0,142.6,3.3,0.0
2025-01-25T14:00:00+01:00,0.0,98.5,6.4,0.0
2025-01-25T15:00:00+01:00,0.0,80.8,4.5,0.0
2025-01-25T16:00:00+01:00,0.0,377.5,2.1,0.0
2025-01-25T17:00:00+01:00,0.0,411.1,0.0,0.0
2025-01-25T18:00:00+01:00,0.0,416.3,0.2,0.0
2025-01-25T19:00:00+01:00,0.0,411.8,0.1,0.0
2025-01-25T20:00:00+01:00,0.0,402.2,0.1,0.0
2025-01-25T21:00:00+01:00,0.0,147.9,0.7,0.0
2025-01-25T22:00:00+01:00,0.0,120.2,0.1,0.0
2025-01-25T23:00:00+01:00,0.0,111.2,1.3,0.0
2025-01-26T00:00:00+01:00,0.0,0.0,0.0,0.0
2025-01-26T01:00:00+01:00,0.0,0.0,0.1,0.0
2025-01-26T02:00:00+01:00,0.0,0.0,3.5,0.0
2025-01-26T03:00:00+01:00,0.0,0.0,6.7,0.0
2025-01-26T04:00:00+01:00,0.0,0.0,10.1,0.0
2025-01-26T05:00:00+01:00,0.0,0.0,10.8,0.0
2025-01-26T06:00:00+01:00,0.0,0.3,15.2,0.0
2025-01-26T07:00:00+01:00,0.0,35.2,17.1,0.0
2025-01-26T08:00:00+01:00,0.0,37.1,29.7,0.0
2025-01-26T09:00:00+01:00,0.0,40.6,28.9,0.0
2025-01-26T10:00:00+01:00,0.0,41.7,25.5,0.0
2025-01-26T11:00:00+01:00,0.0,40.2,24.1,0.0
2025-01-26T12:00:00+01:00,0.0,34.0,30.7,0.0
2025-01-26T13:00:00+01:00,0.0,34.8,35.8,0.0
2025-01-26T14:00:00+01:00,0.0,36.3,38.9,0.0
2025-01-26T15:00:00+01:00,0.0,23.7,61.5,0.0
2025-01-26T16:00:00+01:00,0.0,195.0,67.9,0.0
2025-01-26T17:00:00+01:00,0.0,200.5,83.1,0.0
2025-01-26T18:00:00+01:00,0.0,204.1,86.2,0.0
2025-01-26T19:00:00+01:00,0.0,196.0,102.4,0.0
2025-01-26T20:00:00+01:00,0.0,179.6,113.6,0.0
2025-01-26T21:00:00+01:00,0.0,40.2,115.9,0.0
2025-01-26T22:00:00+01:00,0.0,24.5,115.0,0.0
2025-01-26T23:00:00+01:00,0.0,0.0,108.2,0.0
2025-01-27T00:00:00+01:00,0.0,0.0,97.5,0.0
2025-01-27T01:00:00+01:00,0.0,0.0,87.6,0.0
2025-01-27T02:00:00+01:00,0.0,0.0,78.0,0.0
2025-01-27T03:00:00+01:00,0.0,0.0,61.6,0.0
2025-01-27T04:00:00+01:00,0.0,0.0,58.2,0.0
2025-01-27T05:00:00+01:00,0.0,0.2,61.3,0.0
2025-01-27T06:00:00+01:00,0.0,29.0,63.9,0.0
2025-01-27T07:00:00+01:00,0.0,169.9,55.9,0.0
2025-01-27T08:00:00+01:00,0.0,173.8,75.2,0.0
2025-01-27T09:00:00+01:00,0.0,181.7,84.3,0.0
2025-01-27T10:00:00+01:00,0.0,56.8,66.7,0.0
2025-01-27T11:00:00+01:00,0.0,39.4,62.7,0.0
2025-01-27T12:00:00+01:00,0.0,59.7,55.5,0.0
2025-01-27T13:00:00+01:00,0.0,55.3,45.6,0.0
2025-01-27T14:00:00+01:00,0.0,58.6,44.3,0.0
2025-01-27T15:00:00+01:00,0.0,187.2,56.2,0.0
2025-01-27T16:00:00+01:00,0.0,212.7,55.3,0.0
2025-01-27T17:00:00+01:00,0.0,231.2,47.8,0.0
2025-01-27T18:00:00+01:00,0.0,223.7,55.8,0.0
2025-01-27T19:00:00+01:00,0.0,231.7,50.0,0.0
2025-01-27T20:00:00+01:00,0.0,222.2,51.5,0.0
2025-01-27T21:00:00+01:00,0.0,55.1,48.8,0.0
2025-01-27T22:00:00+01:00,0.0,35.3,56.1,0.0
2025-01-27T23:00:00+01:00,0.0,17.2,62.0,0.0
2025-01-28T00:00:00+01:00,0.0,35.8,72.9,0.0
2025-01-28T01:00:00+01:00,0.0,0.0,81.3,0.0
2025-01-28T02:00:00+01:00,0.0,0.0,78.9,0.0
2025-01-28T03:00:00+01:00,0.0,0.0,85.0,0.0
2025-01-28T04:00:00+01:00,0.0,0.0,70.2,0.0
2025-01-28T05:00:00+01:00,0.0,0.4,56.0,0.0
2025-01-28T06:00:00+01:00,0.0,80.0,74.4,0.0
2025-01-28T07:00:00+01:00,0.0,140.6,72.5,0.0
2025-01-28T08:00:00+01:00,0.0,154.8,82.5,0.0
2025-01-28T09:00:00+01:00,0.0,55.3,85.6,0.0
2025-01-28T10:00:00+01:00,0.0,24.9,101.5,0.0
2025-01-28T11:00:00+01:00,0.0,32.7,103.4,0.0
2025-01-28T12:00:00+01:00,0.0,23.6,102.8,0.0
2025-01-28T13:00:00+01:00,0.0,25.7,96.7,0.0
2025-01-28T14:00:00+01:00,0.0,70.0,94.3,0.0
2025-01-28T15:00:00+01:00,0.0,146.9,107.5,0.0
2025-01-28T16:00:00+01:00,0.0,168.1,117.8,0.0
2025-01-28T17:00:00+01:00,0.0,187.2,115.8,0.0
2025-01-28T18:00:00+01:00,0.0,181.8,112.2,0.0
2025-01-28T19:00:00+01:00,0.0,179.4,112.8,0.0
2025-01-28T20:00:00+01:00,0.0,173.9,111.2,0.0
2025-01-28T21:00:00+01:00,0.0,147.5,107.5,0.0
2025-01-28T22:00:00+01:00,0.0,127.5,111.2,0.0
2025-01-28T23:00:00+01:00,0.0,92.3,111.2,0.0
2025-01-29T00:00:00+01:00,0.0,67.7,108.2,0.0
2025-01-29T01:00:00+01:00,0.0,77.8,101.9,0.0
2025-01-29T02:00:00+01:00,0.0,72.6,96.0,0.0
2025-01-29T03:00:00+01:00,0.0,76.5,94.9,0.0
2025-01-29T04:00:00+01:00,0.0,69.7,62.9,0.0
2025-01-29T05:00:00+01:00,0.0,74.8,39.0,0.0
2025-01-29T06:00:00+01:00,0.0,89.6,45.1,0.0
2025-01-29T07:00:00+01:00,0.0,147.0,53.2,0.0
2025-01-29T08:00:00+01:00,0.0,159.3,56.7,0.0
2025-01-29T09:00:00+01:00,0.0,171.4,45.1,0.0
2025-01-29T10:00:00+01:00,0.0,103.0,46.1,0.0
2025-01-29T11:00:00+01:00,0.0,71.9,37.7,0.0
2025-01-29T12:00:00+01:00,0.0,100.2,32.9,0.0
2025-01-29T13:00:00+01:00,0.0,102.2,23.9,0.0
2025-01-29T14:00:00+01:00,0.0,97.1,39.2,0.0
2025-01-29T15:00:00+01:00,0.0,117.8,40.9,0.0
2025-01-29T16:00:00+01:00,0.0,213.9,43.4,0.0
2025-01-29T17:00:00+01:00,0.0,232.0,46.4,0.0
2025-01-29T18:00:00+01:00,0.0,233.2,46.3,0.0
2025-01-29T19:00:00+01:00,0.0,215.6,49.7,0.0
2025-01-29T20:00:00+01:00,0.0,218.0,58.1,0.0
2025-01-29T21:00:00+01:00,0.0,131.7,46.2,0.0
2025-01-29T22:00:00+01:00,0.0,143.8,39.8,0.0
2025-01-29T23:00:00+01:00,0.0,111.9,34.4,0.0
2025-01-30T00:00:00+01:00,0.0,146.2,21.1,0.0
2025-01-30T01:00:00+01:00,0.0,153.6,17.6,0.0
2025-01-30T02:00:00+01:00,0.0,144.4,25.3,0.0
2025-01-30T03:00:00+01:00,0.0,135.8,47.0,0.0
2025-01-30T04:00:00+01:00,0.0,136.9,35.5,0.0
2025-01-30T05:00:00+01:00,0.0,140.4,40.5,0.0
2025-01-30T06:00:00+01:00,0.0,147.0,50.4,0.0
2025-01-30T07:00:00+01:00,0.0,222.2,66.1,0.0
2025-01-30T08:00:00+01:00,0.0,222.8,60.2,0.0
2025-01-30T09:00:00+01:00,0.0,231.9,22.4,0.0
2025-01-30T10:00:00+01:00,0.0,184.7,2.9,0.0
2025-01-30T11:00:00+01:00,0.0,183.4,0.5,0.0
2025-01-30T12:00:00+01:00,0.0,183.4,2.9,0.0
2025-01-30T13:00:00+01:00,0.0,185.0,0.0,0.0
2025-01-30T14:00:00+01:00,0.0,185.2,0.8,0.0
2025-01-30T15:00:00+01:00,0.0,177.8,0.0,0.0
2025-01-30T16:00:00+01:00,0.0,242.2,0.0,0.0
2025-01-30T17:00:00+01:00,0.0,272.6,0.4,0.0
2025-01-30T18:00:00+01:00,0.0,264.9,0.5,0.0
2025-01-30T19:00:00+01:00,0.0,265.5,0.0,0.0
2025-01-30T20:00:00+01:00,0.0,261.5,0.2,0.0
2025-01-30T21:00:00+01:00,0.0,244.3,0.2,0.0
2025-01-30T22:00:00+01:00,0.0,222.8,0.1,0.0
2025-01-30T23:00:00+01:00,0.0,128.0,0.1,0.0
2025-01-31T00:00:00+01:00,0.0,140.6,0.0,0.0
2025-01-31T01:00:00+01:00,0.0,123.5,0.4,0.0
2025-01-31T02:00:00+01:00,0.0,122.5,1.7,0.0
2025-01-31T03:00:00+01:00,0.0,125.3,1.1,0.0
2025-01-31T04:00:00+01:00,0.0,128.6,0.1,0.0
2025-01-31T05:00:00+01:00,0.0,127.7,0.6,0.0
2025-01-31T06:00:00+01:00,0.0,134.8,0.5,0.0
2025-01-31T07:00:00+01:00,0.0,200.8,2.9,0.0
2025-01-31T08:00:00+01:00,0.0,219.5,2.1,0.0
2025-01-31T09:00:00+01:00,0.0,227.2,2.9,0.0
2025-01-31T10:00:00+01:00,0.0,165.3,0.4,0.0
2025-01-31T11:00:00+01:00,0.0,171.6,2.2,0.0
2025-01-31T12:00:00+01:00,0.0,172.8,0.8,0.0
2025-01-31T13:00:00+01:00,0.0,169.3,2.1,0.0
2025-01-31T14:00:00+01:00,0.0,155.6,1.1,0.0
2025-01-31T15:00:00+01:00,0.0,215.6,3.1,0.0
2025-01-31T16:00:00+01:00,0.0,228.7,1.6,0.0
2025-01-31T17:00:00+01:00,0.0,265.3,0.1,0.0
2025-01-31T18:00:00+01:00,0.0,275.4,0.0,0.0
2025-01-31T19:00:00+01:00,0.0,264.3,0.0,0.0
2025-01-31T20:00:00+01:00,0.0,257.2,0.0,0.0
2025-01-31T21:00:00+01:00,0.0,238.3,1.5,0.0
2025-01-31T22:00:00+01:00,0.0,225.6,0.5,0.0
2025-01-31T23:00:00+01:00,0.0,203.1,1.4,0.0
2025-02-01T00:00:00+01:00,0.0,128.8,3.4,0.0
2025-02-01T01:00:00+01:00,0.0,128.6,2.9,0.0
2025-02-01T02:00:00+01:00,0.0,130.7,2.7,0.0
2025-02-01T03:00:00+01:00,0.0,131.7,7.8,0.0
2025-02-01T04:00:00+01:00,0.0,134.1,8.0,0.0
2025-02-01T05:00:00+01:00,0.0,135.1,5.8,0.0
2025-02-01T06:00:00+01:00,0.0,133.2,14.5,0.0
2025-02-01T07:00:00+01:00,0.0,162.0,18.2,0.0
2025-02-01T08:00:00+01:00,0.0,176.7,20.8,0.0
2025-02-01T09:00:00+01:00,0.0,171.8,24.1,0.0
2025-02-01T10:00:00+01:00,0.0,129.1,16.3,0.0
2025-02-01T11:00:00+01:00,0.0,132.9,9.6,0.0
2025-02-01T12:00:00+01:00,0.0,134.6,12.8,0.0
2025-02-01T13:00:00+01:00,0.0,126.5,19.1,0.0
2025-02-01T14:00:00+01:00,0.0,137.6,13.4,0.0
2025-02-01T15:00:00+01:00,0.0,142.4,16.2,0.0
2025-02-01T16:00:00+01:00,0.0,197.6,27.5,0.0
2025-02-01T17:00:00+01:00,0.0,232.8,43.0,0.0
2025-02-01T18:00:00+01:00,0.0,223.9,45.1,0.0
2025-02-01T19:00:00+01:00,0.0,221.1,45.3,0.0
2025-02-01T20:00:00+01:00,0.0,215.6,46.8,0.0
2025-02-01T21:00:00+01:00,0.0,197.3,45.8,0.0
2025-02-01T22:00:00+01:00,0.0,151.6,44.8,0.0
2025-02-01T23:00:00+01:00,0.0,116.9,44.8,0.0
2025-02-02T00:00:00+01:00,0.0,114.7,44.9,0.0
2025-02-02T01:00:00+01:00,0.0,94.7,43.4,0.0
2025-02-02T02:00:00+01:00,0.0,98.9,41.0,0.0
2025-02-02T03:00:00+01:00,0.0,96.9,43.1,0.0
2025-02-02T04:00:00+01:00,0.0,94.0,28.2,0.0
2025-02-02T05:00:00+01:00,0.0,105.7,25.4,0.0
2025-02-02T06:00:00+01:00,0.0,96.8,24.0,0.0
2025-02-02T07:00:00+01:00,0.0,121.1,18.1,0.0
2025-02-02T08:00:00+01:00,0.0,170.2,16.1,0.0
2025-02-02T09:00:00+01:00,0.0,138.9,13.4,0.0
2025-02-02T10:00:00+01:00,0.0,129.0,2.7,0.0
2025-02-02T11:00:00+01:00,0.0,132.6,6.0,0.0
2025-02-02T12:00:00+01:00,0.0,128.7,23.5,0.0
2025-02-02T13:00:00+01:00,0.0,134.2,9.4,0.0
2025-02-02T14:00:00+01:00,0.0,140.1,0.1,0.0
2025-02-02T15:00:00+01:00,0.0,148.7,4.3,0.0
2025-02-02T16:00:00+01:00,0.0,252.0,5.3,0.0
2025-02-02T17:00:00+01:00,0.0,280.6,4.5,0.0
2025-02-02T18:00:00+01:00,0.0,272.7,23.8,0.0
2025-02-02T19:00:00+01:00,0.0,269.6,22.7,0.0
2025-02-02T20:00:00+01:00,0.0,261.7,29.6,0.0
2025-02-02T21:00:00+01:00,0.0,245.2,29.4,0.0
2025-02-02T22:00:00+01:00,0.0,224.3,26.6,0.0
2025-02-02T23:00:00+01:00,0.0,185.8,31.8,0.0
2025-02-03T00:00:00+01:00,0.0,106.4,42.0,0.0
2025-02-03T01:00:00+01:00,0.0,87.4,32.9,0.0
2025-02-03T02:00:00+01:00,0.0,93.5,29.1,0.0
2025-02-03T03:00:00+01:00,0.0,90.3,39.9,0.0
2025-02-03T04:00:00+01:00,0.0,96.9,37.6,0.0
2025-02-03T05:00:00+01:00,0.0,90.0,47.4,0.0
2025-02-03T06:00:00+01:00,0.0,97.2,54.7,0.0
2025-02-03T07:00:00+01:00,0.0,220.4,61.4,0.0
2025-02-03T08:00:00+01:00,0.0,222.1,85.3,0.0
2025-02-03T09:00:00+01:00,0.0,179.1,86.1,0.0
2025-02-03T10:00:00+01:00,0.0,170.9,81.2,0.0
2025-02-03T11:00:00+01:00,0.0,160.9,80.0,0.0
2025-02-03T12:00:00+01:00,0.0,152.1,74.3,0.0
2025-02-03T13:00:00+01:00,0.0,84.5,74.5,0.0
2025-02-03T14:00:00+01:00,0.0,152.2,78.1,0.0
2025-02-03T15:00:00+01:00,0.0,168.8,66.2,0.0
2025-02-03T16:00:00+01:00,0.0,194.0,61.5,0.0
2025-02-03T17:00:00+01:00,0.0,272.6,83.2,0.0
2025-02-03T18:00:00+01:00,0.0,278.0,86.3,0.0
2025-02-03T19:00:00+01:00,0.0,278.8,89.2,0.0
2025-02-03T20:00:00+01:00,0.0,200.4,92.8,0.0
2025-02-03T21:00:00+01:00,0.0,187.9,93.9,0.0
2025-02-03T22:00:00+01:00,0.0,170.0,91.5,0.0
2025-02-03T23:00:00+01:00,0.0,142.7,88.8,0.0
2025-02-04T00:00:00+01:00,0.0,84.5,95.0,0.0
2025-02-04T01:00:00+01:00,0.0,53.8,95.7,0.0
2025-02-04T02:00:00+01:00,0.0,30.6,93.8,0.0
2025-02-04T03:00:00+01:00,0.0,26.4,95.3,0.0
2025-02-04T04:00:00+01:00,0.0,36.1,97.3,0.0
2025-02-04T05:00:00+01:00,0.0,37.8,90.5,0.0
2025-02-04T06:00:00+01:00,0.0,87.5,87.4,0.0
2025-02-04T07:00:00+01:00,0.0,170.7,94.4,0.0
2025-02-04T08:00:00+01:00,0.0,195.0,101.0,0.0
2025-02-04T09:00:00+01:00,0.0,170.7,93.8,0.0
2025-02-04T10:00:00+01:00,0.0,163.9,91.8,0.0
2025-02-04T11:00:00+01:00,0.0,71.3,72.0,0.0
2025-02-04T12:00:00+01:00,0.0,73.9,62.7,0.0
2025-02-04T13:00:00+01:00,0.0,57.6,71.3,0.0
2025-02-04T14:00:00+01:00,0.0,54.2,74.6,0.0
2025-02-04T15:00:00+01:00,0.0,147.2,88.9,0.0
2025-02-04T16:00:00+01:00,0.0,171.2,91.2,0.0
2025-02-04T17:00:00+01:00,0.0,213.3,83.1,0.0
2025-02-04T18:00:00+01:00,0.0,234.6,80.0,0.0
2025-02-04T19:00:00+01:00,0.0,220.0,108.1,0.0
2025-02-04T20:00:00+01:00,0.0,214.5,114.3,0.0
2025-02-04T21:00:00+01:00,0.0,200.5,113.1,0.0
2025-02-04T22:00:00+01:00,0.0,126.6,111.0,0.0
2025-02-04T23:00:00+01:00,0.0,,111.6,0.0
2025-02-05T00:00:00+01:00,0.0,41.3,103.3,0.0
2025-02-05T01:00:00+01:00,0.0,48.8,68.8,0.0
2025-02-05T02:00:00+01:00,0.0,67.8,45.6,0.0
2025-02-05T03:00:00+01:00,0.0,63.8,45.3,0.0
2025-02-05T04:00:00+01:00,0.0,55.6,56.4,0.0
2025-02-05T05:00:00+01:00,0.0,52.7,72.8,0.0
2025-02-05T06:00:00+01:00,0.0,115.7,74.5,0.0
2025-02-05T07:00:00+01:00,0.0,185.3,75.7,0.0
2025-02-05T08:00:00+01:00,0.0,252.9,75.6,0.0
2025-02-05T09:00:00+01:00,0.0,195.6,77.9,0.0
2025-02-05T10:00:00+01:00,0.0,133.9,85.7,0.0
2025-02-05T11:00:00+01:00,0.0,37.7,86.3,0.0
2025-02-05T12:00:00+01:00,0.0,54.0,68.9,0.0
2025-02-05T13:00:00+01:00,0.0,43.0,58.9,0.0
2025-02-05T14:00:00+01:00,0.0,31.0,68.0,0.0
2025-02-05T15:00:00+01:00,0.0,165.4,68.2,0.0
2025-02-05T16:00:00+01:00,0.0,204.2,58.6,0.0
2025-02-05T17:00:00+01:00,0.0,265.6,54.8,0.0
2025-02-05T18:00:00+01:00,0.0,554.4,57.5,0.0
2025-02-05T19:00:00+01:00,0.0,557.4,71.8,0.0
2025-02-05T20:00:00+01:00,0.0,237.0,76.2,0.0
2025-02-05T21:00:00+01:00,0.0,219.7,89.9,0.0
2025-02-05T22:00:00+01:00,0.0,194.6,87.6,0.0
2025-02-05T23:00:00+01:00,0.0,169.4,66.5,0.0
2025-02-06T00:00:00+01:00,0.0,36.6,66.1,0.0
2025-02-06T01:00:00+01:00,0.0,31.8,66.8,0.0
2025-02-06T02:00:00+01:00,0.0,36.5,68.8,0.0
2025-02-06T03:00:00+01:00,0.0,37.5,66.5,0.0
2025-02-06T04:00:00+01:00,0.0,42.8,61.0,0.0
2025-02-06T05:00:00+01:00,0.0,37.8,66.8,0.0
2025-02-06T06:00:00+01:00,0.0,135.1,63.4,0.0
2025-02-06T07:00:00+01:00,0.0,322.8,69.0,0.0
2025-02-06T08:00:00+01:00,0.0,348.8,72.4,0.0
2025-02-06T09:00:00+01:00,0.0,187.2,77.4,0.0
2025-02-06T10:00:00+01:00,0.0,176.4,74.8,0.0
2025-02-06T11:00:00+01:00,0.0,168.2,63.5,0.0
2025-02-06T12:00:00+01:00,0.0,115.1,54.5,0.0
2025-02-06T13:00:00+01:00,0.0,118.5,33.0,0.0
2025-02-06T14:00:00+01:00,0.0,183.8,23.6,0.0
2025-02-06T15:00:00+01:00,0.0,195.4,24.5,0.0
2025-02-06T16:00:00+01:00,0.0,210.7,45.7,0.0
2025-02-06T17:00:00+01:00,0.0,247.3,57.4,0.0
2025-02-06T18:00:00+01:00,0.0,285.4,66.8,0.0
2025-02-06T19:00:00+01:00,0.0,287.7,68.4,0.0
2025-02-06T20:00:00+01:00,0.0,254.2,69.1,0.0
2025-02-06T21:00:00+01:00,0.0,259.4,59.0,0.0
2025-02-06T22:00:00+01:00,0.0,231.7,49.3,0.0
2025-02-06T23:00:00+01:00,0.0,34.5,46.3,0.0
2025-02-07T00:00:00+01:00,0.0,34.9,45.4,0.0
2025-02-07T01:00:00+01:00,0.0,27.9,44.9,0.0
2025-02-07T02:00:00+01:00,0.0,32.6,44.8,0.0
2025-02-07T03:00:00+01:00,0.0,37.8,44.8,0.0
2025-02-07T04:00:00+01:00,0.0,37.6,44.8,0.0
2025-02-07T05:00:00+01:00,0.0,40.4,44.9,0.0
2025-02-07T06:00:00+01:00,0.0,151.8,45.4,0.0
2025-02-07T07:00:00+01:00,0.0,213.6,46.4,0.0
2025-02-07T08:00:00+01:00,0.0,243.6,44.8,0.0
2025-02-07T09:00:00+01:00,0.0,251.3,44.8,0.0
2025-02-07T10:00:00+01:00,0.0,69.8,44.7,0.0
2025-02-07T11:00:00+01:00,0.0,61.7,35.0,0.0
2025-02-07T12:00:00+01:00,0.0,71.3,15.8,0.0
2025-02-07T13:00:00+01:00,0.0,87.4,4.5,0.0
2025-02-07T14:00:00+01:00,0.0,97.6,0.1,0.0
2025-02-07T15:00:00+01:00,0.0,178.7,0.1,0.0
2025-02-07T16:00:00+01:00,0.0,285.3,0.0,0.0
2025-02-07T17:00:00+01:00,0.0,318.4,0.0,0.0
2025-02-07T18:00:00+01:00,0.0,322.5,0.0,0.0
2025-02-07T19:00:00+01:00,0.0,320.3,0.3,0.0
2025-02-07T20:00:00+01:00,0.0,309.0,10.5,0.0
2025-02-07T21:00:00+01:00,0.0,286.6,15.2,0.0
2025-02-07T22:00:00+01:00,0.0,122.0,13.4,0.0
2025-02-07T23:00:00+01:00,0.0,66.9,17.2,0.0
2025-02-08T00:00:00+01:00,0.0,117.3,25.8,0.0
2025-02-08T01:00:00+01:00,0.0,37.9,27.4,0.0
2025-02-08T02:00:00+01:00,0.0,41.9,21.8,0.0
2025-02-08T03:00:00+01:00,0.0,46.2,15.4,0.0
2025-02-08T04:00:00+01:00,0.0,45.1,23.3,0.0
2025-02-08T05:00:00+01:00,0.0,37.3,28.6,0.0
2025-02-08T06:00:00+01:00,0.0,38.0,20.0,0.0
2025-02-08T07:00:00+01:00,0.0,65.9,13.6,0.0
2025-02-08T08:00:00+01:00,0.0,67.1,15.6,0.0
2025-02-08T09:00:00+01:00,0.0,52.1,18.1,0.0
2025-02-08T10:00:00+01:00,0.0,64.5,12.8,0.0
2025-02-08T11:00:00+01:00,0.0,126.8,7.8,0.0
2025-02-08T12:00:00+01:00,0.0,63.2,6.6,0.0
2025-02-08T13:00:00+01:00,0.0,55.7,6.6,0.0
2025-02-08T14:00:00+01:00,0.0,51.0,4.2,0.0
2025-02-08T15:00:00+01:00,0.0,56.0,6.0,0.0
2025-02-08T16:00:00+01:00,0.0,385.3,10.1,0.0
2025-02-08T17:00:00+01:00,0.0,432.1,17.9,0.0
2025-02-08T18:00:00+01:00,0.0,441.5,50.3,0.0
2025-02-08T19:00:00+01:00,0.0,425.6,54.7,0.0
2025-02-08T20:00:00+01:00,0.0,408.5,59.0,0.0
2025-02-08T21:00:00+01:00,0.0,381.7,63.5,0.0
2025-02-08T22:00:00+01:00,0.0,384.2,56.1,0.0
2025-02-08T23:00:00+01:00,0.0,279.8,40.2,0.0
2025-02-09T00:00:00+01:00,0.0,48.1,22.5,0.0
2025-02-09T01:00:00+01:00,0.0,31.8,33.1,0.0
2025-02-09T02:00:00+01:00,0.0,30.2,38.7,0.0
2025-02-09T03:00:00+01:00,0.0,29.4,30.8,0.0
2025-02-09T04:00:00+01:00,0.0,26.0,36.4,0.0
2025-02-09T05:00:00+01:00,0.0,31.5,47.8,0.0
2025-02-09T06:00:00+01:00,0.0,47.0,26.7,0.0
2025-02-09T07:00:00+01:00,0.0,52.9,20.1,0.0
2025-02-09T08:00:00+01:00,0.0,45.0,18.4,0.0
2025-02-09T09:00:00+01:00,0.0,61.3,5.8,0.0
2025-02-09T10:00:00+01:00,0.0,49.9,11.3,0.0
2025-02-09T11:00:00+01:00,0.0,48.9,5.6,0.0
2025-02-09T12:00:00+01:00,0.0,42.5,7.5,0.0
2025-02-09T13:00:00+01:00,0.0,43.2,1.4,0.0
2025-02-09T14:00:00+01:00,0.0,45.5,1.1,0.0
2025-02-09T15:00:00+01:00,0.0,48.1,2.9,0.0
2025-02-09T16:00:00+01:00,0.0,224.6,6.0,0.0
2025-02-09T17:00:00+01:00,0.0,284.8,2.6,0.0
2025-02-09T18:00:00+01:00,0.0,311.2,4.3,0.0
2025-02-09T19:00:00+01:00,0.0,310.2,16.4,0.0
2025-02-09T20:00:00+01:00,0.0,305.6,15.8,0.0
2025-02-09T21:00:00+01:00,0.0,296.6,4.0,0.0
2025-02-09T22:00:00+01:00,0.0,265.8,5.9,0.0
2025-02-09T23:00:00+01:00,0.0,103.6,6.0,0.0
2025-02-10T00:00:00+01:00,0.0,33.2,18.9,0.0
2025-02-10T01:00:00+01:00,0.0,39.6,10.2,0.0
2025-02-10T02:00:00+01:00,0.0,41.9,6.4,0.0
2025-02-10T03:00:00+01:00,0.0,46.9,4.4,0.0
2025-02-10T04:00:00+01:00,0.0,49.7,3.0,0.0
2025-02-10T05:00:00+01:00,0.0,52.0,1.8,0.0
2025-02-10T06:00:00+01:00,0.0,192.4,5.2,0.0
2025-02-10T07:00:00+01:00,0.0,261.6,7.7,0.0
2025-02-10T08:00:00+01:00,0.0,290.6,3.2,0.0
2025-02-10T09:00:00+01:00,0.0,294.6,4.0,0.0
2025-02-10T10:00:00+01:00,0.0,280.8,1.2,0.0
2025-02-10T11:00:00+01:00,0.0,209.1,0.3,0.0
2025-02-10T12:00:00+01:00,0.0,20.7,0.3,0.0
2025-02-10T13:00:00+01:00,0.0,120.1,0.8,0.0
2025-02-10T14:00:00+01:00,0.0,95.8,3.3,0.0
2025-02-10T15:00:00+01:00,0.0,390.2,4.2,0.0
2025-02-10T16:00:00+01:00,0.0,464.8,1.1,0.0
2025-02-10T17:00:00+01:00,0.0,540.6,3.7,0.0
2025-02-10T18:00:00+01:00,0.0,583.4,1.5,0.0
2025-02-10T19:00:00+01:00,0.0,575.1,1.3,0.0
2025-02-10T20:00:00+01:00,0.0,464.9,0.5,0.0
2025-02-10T21:00:00+01:00,0.0,451.6,1.1,0.0
2025-02-10T22:00:00+01:00,0.0,424.1,1.4,0.0
2025-02-10T23:00:00+01:00,0.0,287.9,4.2,0.0
2025-02-11T00:00:00+01:00,0.0,200.7,4.4,0.0
2025-02-11T01:00:00+01:00,0.0,105.0,9.4,0.0
2025-02-11T02:00:00+01:00,0.0,0.1,8.4,0.0
2025-02-11T03:00:00+01:00,0.0,0.0,10.0,0.0
2025-02-11T04:00:00+01:00,0.0,3.9,8.2,0.0
2025-02-11T05:00:00+01:00,0.0,170.2,12.8,0.0
2025-02-11T06:00:00+01:00,0.0,305.5,8.6,0.0
2025-02-11T07:00:00+01:00,0.0,367.9,18.0,0.0
2025-02-11T08:00:00+01:00,0.0,403.9,13.7,0.0
2025-02-11T09:00:00+01:00,0.0,305.3,6.2,0.0
2025-02-11T10:00:00+01:00,0.0,152.9,9.1,0.0
2025-02-11T11:00:00+01:00,0.0,139.8,10.5,0.0
2025-02-11T12:00:00+01:00,0.0,85.5,8.2,0.0
2025-02-11T13:00:00+01:00,0.0,93.5,3.2,0.0
2025-02-11T14:00:00+01:00,0.0,105.6,0.0,0.0
2025-02-11T15:00:00+01:00,0.0,284.6,0.4,0.0
2025-02-11T16:00:00+01:00,0.0,293.9,0.2,0.0
2025-02-11T17:00:00+01:00,0.0,392.8,0.5,0.0
2025-02-11T18:00:00+01:00,0.0,439.9,3.5,0.0
2025-02-11T19:00:00+01:00,0.0,435.7,1.6,0.0
2025-02-11T20:00:00+01:00,0.0,318.0,2.1,0.0
2025-02-11T21:00:00+01:00,0.0,305.9,8.8,0.0
2025-02-11T22:00:00+01:00,0.0,276.5,10.2,0.0
2025-02-11T23:00:00+01:00,0.0,51.9,16.3,0.0
2025-02-12T00:00:00+01:00,0.0,29.1,37.5,0.0
2025-02-12T01:00:00+01:00,0.0,0.0,36.2,0.0
2025-02-12T02:00:00+01:00,0.0,0.0,32.4,0.0
2025-02-12T03:00:00+01:00,0.0,0.0,39.1,0.0
2025-02-12T04:00:00+01:00,0.0,0.2,34.1,0.0
2025-02-12T05:00:00+01:00,0.0,44.0,21.3,0.0
2025-02-12T06:00:00+01:00,0.0,176.9,13.0,0.0
2025-02-12T07:00:00+01:00,0.0,300.7,14.2,0.0
2025-02-12T08:00:00+01:00,0.0,291.3,13.7,0.0
2025-02-12T09:00:00+01:00,0.0,297.6,15.4,0.0
2025-02-12T10:00:00+01:00,0.0,249.2,9.6,0.0
2025-02-12T11:00:00+01:00,0.0,153.4,17.1,0.0
2025-02-12T12:00:00+01:00,0.0,157.7,10.6,0.0
2025-02-12T13:00:00+01:00,0.0,142.7,17.3,0.0
2025-02-12T14:00:00+01:00,0.0,246.5,14.2,0.0
2025-02-12T15:00:00+01:00,0.0,302.1,15.5,0.0
2025-02-12T16:00:00+01:00,0.0,315.8,15.2,0.0
2025-02-12T17:00:00+01:00,0.0,522.7,13.8,0.0
2025-02-12T18:00:00+01:00,0.0,506.9,16.8,0.0
2025-02-12T19:00:00+01:00,0.0,525.9,17.0,0.0
2025-02-12T20:00:00+01:00,0.0,423.0,13.5,0.0
2025-02-12T21:00:00+01:00,0.0,306.0,9.8,0.0
2025-02-12T22:00:00+01:00,0.0,282.2,10.3,0.0
2025-02-12T23:00:00+01:00,0.0,169.5,11.7,0.0
2025-02-13T00:00:00+01:00,0.0,85.2,15.6,0.0
2025-02-13T01:00:00+01:00,0.0,59.5,17.7,0.0
2025-02-13T02:00:00+01:00,0.0,0.0,19.2,0.0
2025-02-13T03:00:00+01:00,0.0,0.0,18.0,0.0
2025-02-13T04:00:00+01:00,0.0,0.4,22.1,0.0
2025-02-13T05:00:00+01:00,0.0,91.7,27.8,0.0
2025-02-13T06:00:00+01:00,0.0,155.1,20.2,0.0
2025-02-13T07:00:00+01:00,0.0,311.4,23.2,0.0
2025-02-13T08:00:00+01:00,0.0,393.1,19.6,0.0
2025-02-13T09:00:00+01:00,0.0,297.2,21.2,0.0
2025-02-13T10:00:00+01:00,0.0,289.1,28.7,0.0
2025-02-13T11:00:00+01:00,0.0,290.8,23.2,0.0
2025-02-13T12:00:00+01:00,0.0,283.6,17.1,0.0
2025-02-13T13:00:00+01:00,0.0,275.2,20.6,0.0
2025-02-13T14:00:00+01:00,0.0,276.8,15.6,0.0
2025-02-13T15:00:00+01:00,0.0,355.3,20.6,0.0
2025-02-13T16:00:00+01:00,0.0,370.6,19.4,0.0
2025-02-13T17:00:00+01:00,0.0,392.4,16.2,0.0
2025-02-13T18:00:00+01:00,0.0,333.2,20.8,0.0
2025-02-13T19:00:00+01:00,0.0,312.7,22.5,0.0
2025-02-13T20:00:00+01:00,0.0,312.3,22.1,0.0
2025-02-13T21:00:00+01:00,0.0,285.9,21.3,0.0
2025-02-13T22:00:00+01:00,0.0,152.8,27.1,0.0
2025-02-13T23:00:00+01:00,0.0,37.6,42.6,0.0
2025-02-14T00:00:00+01:00,0.0,0.0,50.1,0.0
2025-02-14T01:00:00+01:00,0.0,0.0,46.3,0.0
2025-02-14T02:00:00+01:00,0.0,0.0,38.2,0.0
2025-02-14T03:00:00+01:00,0.0,0.0,31.0,0.0
2025-02-14T04:00:00+01:00,0.0,0.0,31.2,0.0
2025-02-14T05:00:00+01:00,0.0,0.9,25.6,0.0
2025-02-14T06:00:00+01:00,0.0,135.9,47.4,0.0
2025-02-14T07:00:00+01:00,0.0,263.8,69.1,0.0
2025-02-14T08:00:00+01:00,0.0,391.0,73.8,0.0
2025-02-14T09:00:00+01:00,0.0,341.1,71.2,0.0
2025-02-14T10:00:00+01:00,0.0,265.8,75.0,0.0
2025-02-14T11:00:00+01:00,0.0,251.4,89.0,0.0
2025-02-14T12:00:00+01:00,0.0,166.9,83.5,0.0
2025-02-14T13:00:00+01:00,0.0,165.9,88.4,0.0
2025-02-14T14:00:00+01:00,0.0,266.3,79.6,0.0
2025-02-14T15:00:00+01:00,0.0,215.7,89.5,0.0
2025-02-14T16:00:00+01:00,0.0,225.3,81.8,0.0
2025-02-14T17:00:00+01:00,0.0,280.4,79.1,0.0
2025-02-14T18:00:00+01:00,0.0,266.1,85.3,0.0
2025-02-14T19:00:00+01:00,0.0,238.7,93.4,0.0
2025-02-14T20:00:00+01:00,0.0,247.2,86.3,0.0
2025-02-14T21:00:00+01:00,0.0,230.0,65.8,0.0
2025-02-14T22:00:00+01:00,0.0,117.8,57.0,0.0
2025-02-14T23:00:00+01:00,0.0,33.2,44.5,0.0
2025-02-15T00:00:00+01:00,0.0,138.4,41.8,0.0
2025-02-15T01:00:00+01:00,0.0,136.2,42.3,0.0
2025-02-15T02:00:00+01:00,0.0,150.7,42.4,0.0
2025-02-15T03:00:00+01:00,0.0,154.8,39.1,0.0
2025-02-15T04:00:00+01:00,0.0,150.0,27.0,0.0
2025-02-15T05:00:00+01:00,0.0,159.1,18.6,0.0
2025-02-15T06:00:00+01:00,0.0,158.8,22.2,0.0
2025-02-15T07:00:00+01:00,0.0,181.2,25.6,0.0
2025-02-15T08:00:00+01:00,0.0,186.8,27.5,0.0
2025-02-15T09:00:00+01:00,0.0,218.2,26.1,0.0
2025-02-15T10:00:00+01:00,0.0,220.2,24.3,0.0
2025-02-15T11:00:00+01:00,0.0,283.6,24.4,0.0
2025-02-15T12:00:00+01:00,0.0,296.4,30.2,0.0
2025-02-15T13:00:00+01:00,0.0,296.4,29.5,0.0
2025-02-15T14:00:00+01:00,0.0,274.1,37.3,0.0
2025-02-15T15:00:00+01:00,0.0,290.2,43.7,0.0
2025-02-15T16:00:00+01:00,0.0,195.1,46.4,0.0
2025-02-15T17:00:00+01:00,0.0,290.0,48.6,0.0
2025-02-15T18:00:00+01:00,0.0,290.7,48.0,0.0
2025-02-15T19:00:00+01:00,0.0,289.0,47.9,0.0
2025-02-15T20:00:00+01:00,0.0,288.8,48.5,0.0
2025-02-15T21:00:00+01:00,0.0,276.0,46.6,0.0
2025-02-15T22:00:00+01:00,0.0,280.0,45.7,0.0
2025-02-15T23:00:00+01:00,0.0,287.3,44.9,0.0
2025-02-16T00:00:00+01:00,0.0,292.9,44.8,0.0
2025-02-16T01:00:00+01:00,0.0,293.3,44.9,0.0
2025-02-16T02:00:00+01:00,0.0,295.2,44.8,0.0
2025-02-16T03:00:00+01:00,0.0,289.8,44.8,0.0
2025-02-16T04:00:00+01:00,0.0,288.6,44.4,0.0
2025-02-16T05:00:00+01:00,0.0,290.6,43.8,0.0
2025-02-16T06:00:00+01:00,0.0,285.9,42.2,0.0
2025-02-16T07:00:00+01:00,0.0,287.3,32.5,0.0
2025-02-16T08:00:00+01:00,0.0,291.2,18.2,0.0
2025-02-16T09:00:00+01:00,0.0,294.3,9.2,0.0
2025-02-16T10:00:00+01:00,0.0,295.9,3.5,0.0
2025-02-16T11:00:00+01:00,0.0,295.1,1.8,0.0
2025-02-16T12:00:00+01:00,0.0,297.0,0.0,0.0
2025-02-16T13:00:00+01:00,0.0,299.1,0.0,0.0
2025-02-16T14:00:00+01:00,0.0,304.0,0.4,0.0
2025-02-16T15:00:00+01:00,0.0,307.6,4.1,0.0
2025-02-16T16:00:00+01:00,0.0,305.8,8.5,0.0
2025-02-16T17:00:00+01:00,0.0,305.7,4.9,0.0
2025-02-16T18:00:00+01:00,0.0,300.7,9.3,0.0
2025-02-16T19:00:00+01:00,0.0,299.2,10.6,0.0
2025-02-16T20:00:00+01:00,0.0,299.1,8.5,0.0
2025-02-16T21:00:00+01:00,0.0,297.5,2.3,0.0
2025-02-16T22:00:00+01:00,0.0,290.5,7.4,0.0
2025-02-16T23:00:00+01:00,0.0,290.2,3.7,0.0
2025-02-17T00:00:00+01:00,0.0,158.3,13.4,0.0
2025-02-17T01:00:00+01:00,0.0,149.3,10.3,0.0
2025-02-17T02:00:00+01:00,0.0,157.5,9.7,0.0
2025-02-17T03:00:00+01:00,0.0,162.3,1.4,0.0
2025-02-17T04:00:00+01:00,0.0,164.3,0.3,0.0
2025-02-17T05:00:00+01:00,0.0,154.3,2.6,0.0
2025-02-17T06:00:00+01:00,0.0,169.3,7.2,0.0
2025-02-17T07:00:00+01:00,0.0,266.2,10.0,0.0
2025-02-17T08:00:00+01:00,0.0,295.7,18.9,0.0
2025-02-17T09:00:00+01:00,0.0,281.7,24.9,0.0
2025-02-17T10:00:00+01:00,0.0,122.8,21.7,0.0
2025-02-17T11:00:00+01:00,0.0,110.2,13.3,0.0
2025-02-17T12:00:00+01:00,0.0,125.8,9.5,0.0
2025-02-17T13:00:00+01:00,0.0,134.2,5.2,0.0
2025-02-17T14:00:00+01:00,0.0,138.8,9.5,0.0
2025-02-17T15:00:00+01:00,0.0,272.2,11.1,0.0
2025-02-17T16:00:00+01:00,0.0,279.7,16.9,0.0
2025-02-17T17:00:00+01:00,0.0,428.7,26.7,0.0
2025-02-17T18:00:00+01:00,0.0,479.6,43.4,0.0
2025-02-17T19:00:00+01:00,0.0,407.2,52.7,0.0
2025-02-17T20:00:00+01:00,0.0,287.3,53.1,0.0
2025-02-17T21:00:00+01:00,0.0,273.6,48.1,0.0
2025-02-17T22:00:00+01:00,0.0,187.2,48.4,0.0
2025-02-17T23:00:00+01:00,0.0,132.7,45.5,0.0
2025-02-18T00:00:00+01:00,0.0,81.2,41.2,0.0
2025-02-18T01:00:00+01:00,0.0,74.9,39.0,0.0
2025-02-18T02:00:00+01:00,0.0,79.3,38.3,0.0
2025-02-18T03:00:00+01:00,0.0,91.4,33.4,0.0
2025-02-18T04:00:00+01:00,0.0,95.5,14.5,0.0
2025-02-18T05:00:00+01:00,0.0,97.0,8.0,0.0
2025-02-18T06:00:00+01:00,0.0,182.4,6.0,0.0
2025-02-18T07:00:00+01:00,0.0,308.6,6.9,0.0
2025-02-18T08:00:00+01:00,0.0,283.7,3.6,0.0
2025-02-18T09:00:00+01:00,0.0,286.1,1.3,0.0
2025-02-18T10:00:00+01:00,0.0,298.8,1.4,0.0
2025-02-18T11:00:00+01:00,0.0,165.3,0.2,0.0
2025-02-18T12:00:00+01:00,0.0,194.8,0.0,0.0
2025-02-18T13:00:00+01:00,0.0,191.6,1.6,0.0
2025-02-18T14:00:00+01:00,0.0,282.4,7.3,0.0
2025-02-18T15:00:00+01:00,0.0,238.0,10.1,0.0
2025-02-18T16:00:00+01:00,0.0,274.1,9.7,0.0
2025-02-18T17:00:00+01:00,0.0,376.3,14.3,0.0
2025-02-18T18:00:00+01:00,0.0,431.8,16.7,0.0
2025-02-18T19:00:00+01:00,0.0,432.3,14.0,0.0
2025-02-18T20:00:00+01:00,0.0,319.0,18.7,0.0
2025-02-18T21:00:00+01:00,0.0,280.5,52.4,0.0
2025-02-18T22:00:00+01:00,0.0,242.1,65.0,0.0
2025-02-18T23:00:00+01:00,0.0,81.6,68.8,0.0
2025-02-19T00:00:00+01:00,0.0,72.4,67.1,0.0
2025-02-19T01:00:00+01:00,0.0,68.0,78.5,0.0
2025-02-19T02:00:00+01:00,0.0,75.4,78.8,0.0
2025-02-19T03:00:00+01:00,0.0,74.6,85.0,0.0
2025-02-19T04:00:00+01:00,0.0,68.7,96.0,0.0
2025-02-19T05:00:00+01:00,0.0,73.5,87.8,0.0
2025-02-19T06:00:00+01:00,0.0,141.3,103.7,0.0
2025-02-19T07:00:00+01:00,0.0,269.1,101.6,0.0
2025-02-19T08:00:00+01:00,0.0,233.8,109.0,0.0
2025-02-19T09:00:00+01:00,0.0,209.4,98.5,0.0
2025-02-19T10:00:00+01:00,0.0,59.1,85.9,0.0
2025-02-19T11:00:00+01:00,0.0,77.4,73.1,0.0
2025-02-19T12:00:00+01:00,0.0,86.2,63.1,0.0
2025-02-19T13:00:00+01:00,0.0,84.4,56.4,0.0
2025-02-19T14:00:00+01:00,0.0,82.2,51.1,0.0
2025-02-19T15:00:00+01:00,0.0,224.0,55.4,0.0
2025-02-19T16:00:00+01:00,0.0,248.1,56.9,0.0
2025-02-19T17:00:00+01:00,0.0,360.0,60.5,0.0
2025-02-19T18:00:00+01:00,0.0,377.9,58.8,0.0
2025-02-19T19:00:00+01:00,0.0,381.6,58.3,0.0
2025-02-19T20:00:00+01:00,0.0,319.4,55.0,0.0
2025-02-19T21:00:00+01:00,0.0,302.8,52.6,0.0
2025-02-19T22:00:00+01:00,0.0,278.9,49.8,0.0
2025-02-19T23:00:00+01:00,0.0,130.1,48.0,0.0
2025-02-20T00:00:00+01:00,0.0,55.5,44.5,0.0
2025-02-20T01:00:00+01:00,0.0,55.5,43.6,0.0
2025-02-20T02:00:00+01:00,0.0,66.5,37.0,0.0
2025-02-20T03:00:00+01:00,0.0,67.0,36.4,0.0
2025-02-20T04:00:00+01:00,0.0,65.8,47.9,0.0
2025-02-20T05:00:00+01:00,0.0,68.6,49.8,0.0
2025-02-20T06:00:00+01:00,0.0,209.6,51.1,0.0
2025-02-20T07:00:00+01:00,0.0,376.5,41.0,0.0
2025-02-20T08:00:00+01:00,0.0,296.9,29.4,0.0
2025-02-20T09:00:00+01:00,0.0,76.2,16.9,0.0
2025-02-20T10:00:00+01:00,0.0,72.5,9.7,0.0
2025-02-20T11:00:00+01:00,0.0,73.9,6.8,0.0
2025-02-20T12:00:00+01:00,0.0,74.1,4.0,0.0
2025-02-20T13:00:00+01:00,0.0,71.3,2.2,0.0
2025-02-20T14:00:00+01:00,0.0,82.5,2.3,0.0
2025-02-20T15:00:00+01:00,0.0,266.9,5.9,0.0
2025-02-20T16:00:00+01:00,0.0,285.0,12.1,0.0
2025-02-20T17:00:00+01:00,0.0,393.9,20.6,0.0
2025-02-20T18:00:00+01:00,0.0,409.7,13.9,0.0
2025-02-20T19:00:00+01:00,0.0,404.7,16.2,0.0
2025-02-20T20:00:00+01:00,0.0,364.7,11.2,0.0
2025-02-20T21:00:00+01:00,0.0,341.3,20.1,0.0
2025-02-20T22:00:00+01:00,0.0,307.8,20.6,0.0
2025-02-20T23:00:00+01:00,0.0,166.3,19.5,0.0
2025-02-21T00:00:00+01:00,0.0,38.4,30.5,0.0
2025-02-21T01:00:00+01:00,0.0,34.2,41.4,0.0
2025-02-21T02:00:00+01:00,0.0,32.5,46.2,0.0
2025-02-21T03:00:00+01:00,0.0,47.0,53.9,0.0
2025-02-21T04:00:00+01:00,0.0,37.3,65.9,0.0
2025-02-21T05:00:00+01:00,0.0,30.0,78.5,0.0
2025-02-21T06:00:00+01:00,0.0,186.7,77.3,0.0
2025-02-21T07:00:00+01:00,0.0,261.3,64.6,0.0
2025-02-21T08:00:00+01:00,0.0,285.3,53.4,0.0
2025-02-21T09:00:00+01:00,0.0,46.9,43.2,0.0
2025-02-21T10:00:00+01:00,0.0,33.8,40.4,0.0
2025-02-21T11:00:00+01:00,0.0,43.6,30.9,0.0
2025-02-21T12:00:00+01:00,0.0,41.0,30.1,0.0
2025-02-21T13:00:00+01:00,0.0,51.2,14.6,0.0
2025-02-21T14:00:00+01:00,0.0,51.2,10.8,0.0
2025-02-21T15:00:00+01:00,0.0,53.1,9.8,0.0
2025-02-21T16:00:00+01:00,0.0,281.0,9.5,0.0
2025-02-21T17:00:00+01:00,0.0,343.5,15.4,0.0
2025-02-21T18:00:00+01:00,0.0,337.0,36.9,0.0
2025-02-21T19:00:00+01:00,0.0,354.5,23.4,0.0
2025-02-21T20:00:00+01:00,0.0,342.0,33.5,0.0
2025-02-21T21:00:00+01:00,0.0,215.7,45.0,0.0
2025-02-21T22:00:00+01:00,0.0,188.1,40.8,0.0
2025-02-21T23:00:00+01:00,0.0,45.9,30.2,0.0
2025-02-22T00:00:00+01:00,0.0,45.3,29.3,0.0
2025-02-22T01:00:00+01:00,0.0,33.8,34.4,0.0
2025-02-22T02:00:00+01:00,0.0,31.9,32.5,0.0
2025-02-22T03:00:00+01:00,0.0,37.7,25.1,0.0
2025-02-22T04:00:00+01:00,0.0,44.2,15.1,0.0
2025-02-22T05:00:00+01:00,0.0,46.0,11.0,0.0
2025-02-22T06:00:00+01:00,0.0,38.1,10.9,0.0
2025-02-22T07:00:00+01:00,0.0,39.8,7.6,0.0
2025-02-22T08:00:00+01:00,0.0,98.9,3.9,0.0
2025-02-22T09:00:00+01:00,0.0,100.5,1.9,0.0
2025-02-22T10:00:00+01:00,0.0,41.8,0.3,0.0
2025-02-22T11:00:00+01:00,0.0,40.0,0.0,0.0
2025-02-22T12:00:00+01:00,0.0,39.9,0.4,0.0
2025-02-22T13:00:00+01:00,0.0,38.4,2.3,0.0
2025-02-22T14:00:00+01:00,0.0,42.9,2.4,0.0
2025-02-22T15:00:00+01:00,0.0,46.8,2.4,0.0
2025-02-22T16:00:00+01:00,0.0,177.4,0.5,0.0
2025-02-22T17:00:00+01:00,0.0,275.7,0.3,0.0
2025-02-22T18:00:00+01:00,0.0,306.3,0.0,0.0
2025-02-22T19:00:00+01:00,0.0,312.2,0.0,0.0
2025-02-22T20:00:00+01:00,0.0,306.8,0.0,0.0
2025-02-22T21:00:00+01:00,0.0,36.3,0.0,0.0
2025-02-22T22:00:00+01:00,0.0,36.2,0.0,0.0
2025-02-22T23:00:00+01:00,0.0,36.4,0.0,0.0
2025-02-23T00:00:00+01:00,0.0,25.2,0.0,0.0
2025-02-23T01:00:00+01:00,0.0,26.2,0.0,0.0
2025-02-23T02:00:00+01:00,0.0,20.8,0.0,0.0
2025-02-23T03:00:00+01:00,0.0,16.9,0.4,0.0
2025-02-23T04:00:00+01:00,0.0,24.1,0.1,0.0
2025-02-23T05:00:00+01:00,0.0,22.9,0.0,0.0
2025-02-23T06:00:00+01:00,0.0,17.9,0.0,0.0
2025-02-23T07:00:00+01:00,0.0,34.1,0.0,0.0
2025-02-23T08:00:00+01:00,0.0,52.0,0.0,0.0
2025-02-23T09:00:00+01:00,0.0,67.2,0.0,0.0
2025-02-23T10:00:00+01:00,0.0,74.0,0.0,0.0
2025-02-23T11:00:00+01:00,0.0,69.0,0.0,0.0
2025-02-23T12:00:00+01:00,0.0,69.1,0.0,0.0
2025-02-23T13:00:00+01:00,0.0,68.2,0.0,0.0
2025-02-23T14:00:00+01:00,0.0,72.2,0.0,0.0
2025-02-23T15:00:00+01:00,0.0,60.3,0.1,0.0
2025-02-23T16:00:00+01:00,0.0,256.4,1.9,0.0
2025-02-23T17:00:00+01:00,0.0,287.9,3.3,0.0
2025-02-23T18:00:00+01:00,0.0,307.3,5.6,0.0
2025-02-23T19:00:00+01:00,0.0,331.7,5.7,0.0
2025-02-23T20:00:00+01:00,0.0,322.9,1.1,0.0
2025-02-23T21:00:00+01:00,0.0,308.8,1.3,0.0
2025-02-23T22:00:00+01:00,0.0,145.4,0.0,0.0
2025-02-23T23:00:00+01:00,0.0,22.8,0.1,0.0
2025-02-24T00:00:00+01:00,0.0,32.5,0.2,0.0
2025-02-24T01:00:00+01:00,0.0,0.0,0.0,0.0
2025-02-24T02:00:00+01:00,0.0,0.0,0.0,0.0
2025-02-24T03:00:00+01:00,0.0,0.0,0.0,0.0
2025-02-24T04:00:00+01:00,0.0,0.2,0.7,0.0
2025-02-24T05:00:00+01:00,0.0,33.3,1.7,0.0
2025-02-24T06:00:00+01:00,0.0,191.3,1.0,0.0
2025-02-24T07:00:00+01:00,0.0,273.1,0.0,0.0
2025-02-24T08:00:00+01:00,0.0,313.1,0.1,0.0
2025-02-24T09:00:00+01:00,0.0,321.4,0.0,0.0
2025-02-24T10:00:00+01:00,0.0,48.8,0.0,0.0
2025-02-24T11:00:00+01:00,0.0,25.9,0.0,0.0
2025-02-24T12:00:00+01:00,0.0,67.3,0.0,0.0
2025-02-24T13:00:00+01:00,0.0,65.8,0.4,0.0
2025-02-24T14:00:00+01:00,0.0,31.5,0.8,0.0
2025-02-24T15:00:00+01:00,0.0,303.3,0.1,0.0
2025-02-24T16:00:00+01:00,0.0,317.1,0.0,0.0
2025-02-24T17:00:00+01:00,0.0,356.6,0.0,0.0
2025-02-24T18:00:00+01:00,0.0,373.9,0.0,0.0
2025-02-24T19:00:00+01:00,0.0,355.5,0.0,0.0
2025-02-24T20:00:00+01:00,0.0,346.8,0.0,0.0
2025-02-24T21:00:00+01:00,0.0,326.6,0.0,0.0
2025-02-24T22:00:00+01:00,0.0,295.4,0.0,0.0
2025-02-24T23:00:00+01:00,0.0,140.2,0.0,0.0
2025-02-25T00:00:00+01:00,0.0,37.9,0.0,0.0
2025-02-25T01:00:00+01:00,0.0,0.0,0.0,0.0
2025-02-25T02:00:00+01:00,0.0,0.0,0.5,0.0
2025-02-25T03:00:00+01:00,0.0,0.0,0.2,0.0
2025-02-25T04:00:00+01:00,0.0,0.0,0.4,0.0
2025-02-25T05:00:00+01:00,0.0,0.8,0.3,0.0
2025-02-25T06:00:00+01:00,0.0,223.6,0.9,0.0
2025-02-25T07:00:00+01:00,0.0,293.1,2.2,0.0
2025-02-25T08:00:00+01:00,0.0,294.4,2.0,0.0
2025-02-25T09:00:00+01:00,0.0,298.8,0.2,0.0
2025-02-25T10:00:00+01:00,0.0,20.9,0.1,0.0
2025-02-25T11:00:00+01:00,0.0,18.0,0.0,0.0
2025-02-25T12:00:00+01:00,0.0,21.0,0.1,0.0
2025-02-25T13:00:00+01:00,0.0,38.7,0.3,0.0
2025-02-25T14:00:00+01:00,0.0,38.5,1.0,0.0
2025-02-25T15:00:00+01:00,0.0,269.0,0.4,0.0
2025-02-25T16:00:00+01:00,0.0,324.4,0.0,0.0
2025-02-25T17:00:00+01:00,0.0,469.4,0.1,0.0
2025-02-25T18:00:00+01:00,0.0,487.7,0.4,0.0
2025-02-25T19:00:00+01:00,0.0,428.6,1.5,0.0
2025-02-25T20:00:00+01:00,0.0,355.7,3.3,0.0
2025-02-25T21:00:00+01:00,0.0,295.6,17.8,0.0
2025-02-25T22:00:00+01:00,0.0,88.3,25.4,0.0
2025-02-25T23:00:00+01:00,0.0,26.3,18.4,0.0
2025-02-26T00:00:00+01:00,0.0,41.2,16.3,0.0
2025-02-26T01:00:00+01:00,0.0,0.0,12.5,0.0
2025-02-26T02:00:00+01:00,0.0,0.0,17.7,0.0
2025-02-26T03:00:00+01:00,0.0,0.0,21.1,0.0
2025-02-26T04:00:00+01:00,0.0,0.0,25.0,0.0
2025-02-26T05:00:00+01:00,0.0,0.9,44.8,0.0
2025-02-26T06:00:00+01:00,0.0,143.9,38.3,0.0
2025-02-26T07:00:00+01:00,0.0,230.0,48.7,0.0
2025-02-26T08:00:00+01:00,0.0,241.6,51.4,0.0
2025-02-26T09:00:00+01:00,0.0,260.3,48.8,0.0
2025-02-26T10:00:00+01:00,0.0,40.5,44.2,0.0
2025-02-26T11:00:00+01:00,0.0,48.0,41.9,0.0
2025-02-26T12:00:00+01:00,0.0,51.5,40.0,0.0
2025-02-26T13:00:00+01:00,0.0,32.3,69.6,0.0
2025-02-26T14:00:00+01:00,0.0,40.1,60.4,0.0
2025-02-26T15:00:00+01:00,0.0,237.4,66.6,0.0
2025-02-26T16:00:00+01:00,0.0,237.1,66.5,0.0
2025-02-26T17:00:00+01:00,0.0,265.3,62.2,0.0
2025-02-26T18:00:00+01:00,0.0,339.8,62.4,0.0
2025-02-26T19:00:00+01:00,0.0,272.9,58.8,0.0
2025-02-26T20:00:00+01:00,0.0,261.4,50.0,0.0
2025-02-26T21:00:00+01:00,0.0,57.8,58.0,0.0
2025-02-26T22:00:00+01:00,0.0,58.0,63.4,0.0
2025-02-26T23:00:00+01:00,0.0,43.3,74.8,0.0
2025-02-27T00:00:00+01:00,0.0,0.0,86.1,0.0
2025-02-27T01:00:00+01:00,0.0,0.0,104.0,0.0
2025-02-27T02:00:00+01:00,0.0,0.0,94.2,0.0
2025-02-27T03:00:00+01:00,0.0,0.8,88.8,0.0
2025-02-27T04:00:00+01:00,0.0,59.4,95.0,0.0
2025-02-27T05:00:00+01:00,0.0,62.9,80.3,0.0
2025-02-27T06:00:00+01:00,0.0,97.7,83.0,0.0
2025-02-27T07:00:00+01:00,0.0,168.2,67.9,0.0
2025-02-27T08:00:00+01:00,0.0,213.6,59.9,0.0
2025-02-27T09:00:00+01:00,0.0,110.8,53.3,0.0
2025-02-27T10:00:00+01:00,0.0,160.7,43.7,0.0
2025-02-27T11:00:00+01:00,0.0,160.2,48.6,0.0
2025-02-27T12:00:00+01:00,0.0,199.4,39.7,0.0
2025-02-27T13:00:00+01:00,0.0,198.4,32.6,0.0
2025-02-27T14:00:00+01:00,0.0,186.7,36.5,0.0
2025-02-27T15:00:00+01:00,0.0,173.2,40.8,0.0
2025-02-27T16:00:00+01:00,0.0,244.7,28.8,0.0
2025-02-27T17:00:00+01:00,0.0,262.9,25.6,0.0
2025-02-27T18:00:00+01:00,0.0,298.5,13.7,0.0
2025-02-27T19:00:00+01:00,0.0,300.6,9.0,0.0
2025-02-27T20:00:00+01:00,0.0,298.6,6.9,0.0
2025-02-27T21:00:00+01:00,0.0,196.2,5.5,0.0
2025-02-27T22:00:00+01:00,0.0,197.2,5.6,0.0
2025-02-27T23:00:00+01:00,0.0,200.6,5.2,0.0
2025-02-28T00:00:00+01:00,0.0,195.5,11.7,0.0
2025-02-28T01:00:00+01:00,0.0,194.8,15.4,0.0
2025-02-28T02:00:00+01:00,0.0,197.2,18.0,0.0
2025-02-28T03:00:00+01:00,0.0,187.1,24.1,0.0
2025-02-28T04:00:00+01:00,0.0,190.4,29.0,0.0
2025-02-28T05:00:00+01:00,0.0,196.7,14.3,0.0
2025-02-28T06:00:00+01:00,0.0,201.8,11.8,0.0
2025-02-28T07:00:00+01:00,0.0,225.2,19.8,0.0
2025-02-28T08:00:00+01:00,0.0,253.3,13.9,0.0
2025-02-28T09:00:00+01:00,0.0,178.5,14.8,0.0
2025-02-28T10:00:00+01:00,0.0,173.0,15.7,0.0
2025-02-28T11:00:00+01:00,0.0,195.0,15.4,0.0
2025-02-28T12:00:00+01:00,0.0,211.7,4.4,0.0
2025-02-28T13:00:00+01:00,0.0,203.2,1.2,0.0
2025-02-28T14:00:00+01:00,0.0,206.8,1.8,0.0
2025-02-28T15:00:00+01:00,0.0,205.5,5.3,0.0
2025-02-28T16:00:00+01:00,0.0,289.4,2.8,0.0
2025-02-28T17:00:00+01:00,0.0,291.5,0.2,0.0
2025-02-28T18:00:00+01:00,0.0,340.7,0.6,0.0
2025-02-28T19:00:00+01:00,0.0,310.6,7.7,0.0
2025-02-28T20:00:00+01:00,0.0,283.7,12.8,0.0
2025-02-28T21:00:00+01:00,0.0,255.9,16.0,0.0
2025-02-28T22:00:00+01:00,0.0,195.3,12.3,0.0
2025-02-28T23:00:00+01:00,0.0,197.4,11.6,0.0
2025-03-01T00:00:00+01:00,0.0,191.7,22.5,0.0
2025-03-01T01:00:00+01:00,0.0,187.3,19.4,0.0
2025-03-01T02:00:00+01:00,0.0,175.6,11.3,0.0
2025-03-01T03:00:00+01:00,0.0,182.4,3.2,0.0
2025-03-01T04:00:00+01:00,0.0,187.5,0.3,0.0
2025-03-01T05:00:00+01:00,0.0,178.8,0.6,0.0
2025-03-01T06:00:00+01:00,0.0,164.8,5.9,0.0
2025-03-01T07:00:00+01:00,0.0,166.3,7.8,0.0
2025-03-01T08:00:00+01:00,0.0,182.6,7.9,0.0
2025-03-01T09:00:00+01:00,0.0,187.1,4.9,0.0
2025-03-01T10:00:00+01:00,0.0,144.3,2.4,0.0
2025-03-01T11:00:00+01:00,0.0,154.0,1.2,0.0
2025-03-01T12:00:00+01:00,0.0,160.5,0.9,0.0
2025-03-01T13:00:00+01:00,0.0,152.0,2.7,0.0
2025-03-01T14:00:00+01:00,0.0,144.3,6.8,0.0
2025-03-01T15:00:00+01:00,0.0,154.3,3.5,0.0
2025-03-01T16:00:00+01:00,0.0,231.6,1.4,0.0
2025-03-01T17:00:00+01:00,0.0,280.8,2.8,0.0
2025-03-01T18:00:00+01:00,0.0,296.7,2.3,0.0
2025-03-01T19:00:00+01:00,0.0,285.8,4.1,0.0
2025-03-01T20:00:00+01:00,0.0,276.2,2.0,0.0
2025-03-01T21:00:00+01:00,0.0,206.4,7.8,0.0
2025-03-01T22:00:00+01:00,0.0,164.3,3.8,0.0
2025-03-01T23:00:00+01:00,0.0,163.6,3.7,0.0
2025-03-02T00:00:00+01:00,0.0,170.3,5.0,0.0
2025-03-02T01:00:00+01:00,0.0,157.4,14.9,0.0
2025-03-02T02:00:00+01:00,0.0,145.2,32.4,0.0
2025-03-02T03:00:00+01:00,0.0,148.4,33.5,0.0
2025-03-02T04:00:00+01:00,0.0,142.2,56.7,0.0
2025-03-02T05:00:00+01:00,0.0,138.4,66.7,0.0
2025-03-02T06:00:00+01:00,0.0,141.0,70.3,0.0
2025-03-02T07:00:00+01:00,0.0,125.2,81.3,0.0
2025-03-02T08:00:00+01:00,0.0,107.0,88.5,0.0
2025-03-02T09:00:00+01:00,0.0,113.7,92.3,0.0
2025-03-02T10:00:00+01:00,0.0,125.6,88.1,0.0
2025-03-02T11:00:00+01:00,0.0,140.1,87.1,0.0
2025-03-02T12:00:00+01:00,0.0,150.8,87.4,0.0
2025-03-02T13:00:00+01:00,0.0,155.5,90.3,0.0
2025-03-02T14:00:00+01:00,0.0,154.0,95.8,0.0
2025-03-02T15:00:00+01:00,0.0,157.8,101.7,0.0
2025-03-02T16:00:00+01:00,0.0,185.0,101.6,0.0
2025-03-02T17:00:00+01:00,0.0,203.5,103.1,0.0
2025-03-02T18:00:00+01:00,0.0,227.8,97.4,0.0
2025-03-02T19:00:00+01:00,0.0,233.2,100.6,0.0
2025-03-02T20:00:00+01:00,0.0,236.6,102.1,0.0
2025-03-02T21:00:00+01:00,0.0,169.3,97.3,0.0
2025-03-02T22:00:00+01:00,0.0,156.3,94.0,0.0
2025-03-02T23:00:00+01:00,0.0,139.5,101.5,0.0
2025-03-03T00:00:00+01:00,0.0,104.1,115.6,0.0
2025-03-03T01:00:00+01:00,0.0,105.5,115.2,0.0
2025-03-03T02:00:00+01:00,0.0,117.0,113.5,0.0
2025-03-03T03:00:00+01:00,0.0,117.1,115.2,0.0
2025-03-03T04:00:00+01:00,0.0,116.3,117.1,0.0
2025-03-03T05:00:00+01:00,0.0,114.5,116.5,0.0
2025-03-03T06:00:00+01:00,0.0,108.5,117.8,0.0
2025-03-03T07:00:00+01:00,0.0,145.8,117.6,0.0
2025-03-03T08:00:00+01:00,0.0,148.2,114.4,0.0
2025-03-03T09:00:00+01:00,0.0,84.3,112.7,0.0
2025-03-03T10:00:00+01:00,0.0,72.2,117.4,0.0
2025-03-03T11:00:00+01:00,0.0,97.3,114.5,0.0
2025-03-03T12:00:00+01:00,0.0,119.3,96.4,0.0
2025-03-03T13:00:00+01:00,0.0,118.4,72.3,0.0
2025-03-03T14:00:00+01:00,0.0,129.1,64.4,0.0
2025-03-03T15:00:00+01:00,0.0,139.1,40.5,0.0
2025-03-03T16:00:00+01:00,0.0,197.8,57.3,0.0
2025-03-03T17:00:00+01:00,0.0,286.6,63.6,0.0
2025-03-03T18:00:00+01:00,0.0,340.8,77.5,0.0
2025-03-03T19:00:00+01:00,0.0,315.3,78.4,0.0
2025-03-03T20:00:00+01:00,0.0,239.0,97.2,0.0
2025-03-03T21:00:00+01:00,0.0,214.6,104.4,0.0
2025-03-03T22:00:00+01:00,0.0,183.7,102.5,0.0
2025-03-03T23:00:00+01:00,0.0,67.3,107.3,0.0
2025-03-04T00:00:00+01:00,0.0,93.5,94.9,0.0
2025-03-04T01:00:00+01:00,0.0,97.7,78.2,0.0
2025-03-04T02:00:00+01:00,0.0,101.9,60.8,0.0
2025-03-04T03:00:00+01:00,0.0,100.4,63.0,0.0
2025-03-04T04:00:00+01:00,0.0,111.2,79.6,0.0
2025-03-04T05:00:00+01:00,0.0,94.5,83.3,0.0
2025-03-04T06:00:00+01:00,0.0,144.2,71.2,0.0
2025-03-04T07:00:00+01:00,0.0,179.6,85.3,0.0
2025-03-04T08:00:00+01:00,0.0,195.0,81.0,0.0
2025-03-04T09:00:00+01:00,0.0,65.7,59.8,0.0
2025-03-04T10:00:00+01:00,0.0,46.0,40.9,0.0
2025-03-04T11:00:00+01:00,0.0,48.2,27.6,0.0
2025-03-04T12:00:00+01:00,0.0,60.2,18.6,0.0
2025-03-04T13:00:00+01:00,0.0,60.5,14.9,0.0
2025-03-04T14:00:00+01:00,0.0,73.4,18.4,0.0
2025-03-04T15:00:00+01:00,0.0,101.7,25.5,0.0
2025-03-04T16:00:00+01:00,0.0,213.5,35.4,0.0
2025-03-04T17:00:00+01:00,0.0,352.0,47.7,0.0
2025-03-04T18:00:00+01:00,0.0,403.8,45.0,0.0
2025-03-04T19:00:00+01:00,0.0,395.3,46.0,0.0
2025-03-04T20:00:00+01:00,0.0,291.7,58.4,0.0
2025-03-04T21:00:00+01:00,0.0,271.9,53.8,0.0
2025-03-04T22:00:00+01:00,0.0,259.8,53.1,0.0
2025-03-04T23:00:00+01:00,0.0,154.7,62.9,0.0
2025-03-05T00:00:00+01:00,0.0,105.0,48.7,0.0
2025-03-05T01:00:00+01:00,0.0,80.2,32.2,0.0
2025-03-05T02:00:00+01:00,0.0,78.0,26.8,0.0
2025-03-05T03:00:00+01:00,0.0,77.6,20.8,0.0
2025-03-05T04:00:00+01:00,0.0,94.7,17.3,0.0
2025-03-05T05:00:00+01:00,0.0,123.3,15.0,0.0
2025-03-05T06:00:00+01:00,0.0,175.8,18.2,0.0
2025-03-05T07:00:00+01:00,0.0,235.1,18.6,0.0
2025-03-05T08:00:00+01:00,0.0,242.2,11.2,0.0
2025-03-05T09:00:00+01:00,0.0,59.7,5.1,0.0
2025-03-05T10:00:00+01:00,0.0,55.0,0.7,0.0
2025-03-05T11:00:00+01:00,0.0,59.7,2.7,0.0
2025-03-05T12:00:00+01:00,0.0,53.6,3.4,0.0
2025-03-05T13:00:00+01:00,0.0,54.7,1.6,0.0
2025-03-05T14:00:00+01:00,0.0,51.6,0.4,0.0
2025-03-05T15:00:00+01:00,0.0,63.4,0.8,0.0
2025-03-05T16:00:00+01:00,0.0,205.4,6.6,0.0
2025-03-05T17:00:00+01:00,0.0,280.3,15.6,0.0
2025-03-05T18:00:00+01:00,0.0,312.5,20.7,0.0
2025-03-05T19:00:00+01:00,0.0,311.0,35.8,0.0
2025-03-05T20:00:00+01:00,0.0,294.0,45.7,0.0
2025-03-05T21:00:00+01:00,0.0,249.5,45.4,0.0
2025-03-05T22:00:00+01:00,0.0,172.9,42.8,0.0
2025-03-05T23:00:00+01:00,0.0,117.2,36.9,0.0
2025-03-06T00:00:00+01:00,0.0,58.2,25.1,0.0
2025-03-06T01:00:00+01:00,0.0,49.5,18.7,0.0
2025-03-06T02:00:00+01:00,0.0,61.3,13.9,0.0
2025-03-06T03:00:00+01:00,0.0,60.8,6.9,0.0
2025-03-06T04:00:00+01:00,0.0,63.6,7.1,0.0
2025-03-06T05:00:00+01:00,0.0,107.5,7.7,0.0
2025-03-06T06:00:00+01:00,0.0,177.5,8.6,0.0
2025-03-06T07:00:00+01:00,0.0,232.5,6.3,0.0
2025-03-06T08:00:00+01:00,0.0,52.7,4.6,0.0
2025-03-06T09:00:00+01:00,0.0,57.3,2.4,0.0
2025-03-06T10:00:00+01:00,0.0,58.9,0.2,0.0
2025-03-06T11:00:00+01:00,0.0,50.5,0.0,0.0
2025-03-06T12:00:00+01:00,0.0,58.8,0.0,0.0
2025-03-06T13:00:00+01:00,0.0,59.6,0.0,0.0
2025-03-06T14:00:00+01:00,0.0,56.1,0.5,0.0
2025-03-06T15:00:00+01:00,0.0,70.2,1.3,0.0
2025-03-06T16:00:00+01:00,0.0,262.0,0.1,0.0
2025-03-06T17:00:00+01:00,0.0,473.1,0.0,0.0
2025-03-06T18:00:00+01:00,0.0,456.0,0.0,0.0
2025-03-06T19:00:00+01:00,0.0,454.1,0.0,0.0
2025-03-06T20:00:00+01:00,0.0,498.8,0.0,0.0
2025-03-06T21:00:00+01:00,0.0,473.7,0.0,0.0
2025-03-06T22:00:00+01:00,0.0,352.2,0.2,0.0
2025-03-06T23:00:00+01:00,0.0,123.6,0.9,0.0
2025-03-07T00:00:00+01:00,0.0,51.1,2.9,0.0
2025-03-07T01:00:00+01:00,0.0,48.6,2.8,0.0
2025-03-07T02:00:00+01:00,0.0,48.6,1.3,0.0
2025-03-07T03:00:00+01:00,0.0,49.5,0.2,0.0
2025-03-07T04:00:00+01:00,0.0,55.6,1.6,0.0
2025-03-07T05:00:00+01:00,0.0,57.7,2.8,0.0
2025-03-07T06:00:00+01:00,0.0,261.7,3.0,0.0
2025-03-07T07:00:00+01:00,0.0,317.1,2.9,0.0
2025-03-07T08:00:00+01:00,0.0,99.1,1.7,0.0
2025-03-07T09:00:00+01:00,0.0,54.0,1.1,0.0
2025-03-07T10:00:00+01:00,0.0,42.7,0.0,0.0
2025-03-07T11:00:00+01:00,0.0,46.1,0.0,0.0
2025-03-07T12:00:00+01:00,0.0,45.1,0.0,0.0
2025-03-07T13:00:00+01:00,0.0,44.9,0.0,0.0
2025-03-07T14:00:00+01:00,0.0,46.2,0.0,0.0
2025-03-07T15:00:00+01:00,0.0,85.7,0.5,0.0
2025-03-07T16:00:00+01:00,0.0,250.4,2.1,0.0
2025-03-07T17:00:00+01:00,0.0,274.4,3.7,0.0
2025-03-07T18:00:00+01:00,0.0,302.5,1.9,0.0
2025-03-07T19:00:00+01:00,0.0,309.9,0.2,0.0
2025-03-07T20:00:00+01:00,0.0,288.0,0.0,0.0
2025-03-07T21:00:00+01:00,0.0,271.8,0.0,0.0
2025-03-07T22:00:00+01:00,0.0,257.3,0.0,0.0
2025-03-07T23:00:00+01:00,0.0,225.6,0.0,0.0
2025-03-08T00:00:00+01:00,0.0,143.5,0.0,0.0
2025-03-08T01:00:00+01:00,0.0,70.1,0.0,0.0
2025-03-08T02:00:00+01:00,0.0,60.2,0.0,0.0
2025-03-08T03:00:00+01:00,0.0,54.6,0.0,0.0
2025-03-08T04:00:00+01:00,0.0,58.5,0.0,0.0
2025-03-08T05:00:00+01:00,0.0,60.8,0.0,0.0
2025-03-08T06:00:00+01:00,0.0,66.6,0.0,0.0
2025-03-08T07:00:00+01:00,0.0,95.7,1.6,0.0
2025-03-08T08:00:00+01:00,0.0,37.4,6.4,0.0
2025-03-08T09:00:00+01:00,0.0,42.4,6.9,0.0
2025-03-08T10:00:00+01:00,0.0,43.2,2.2,0.0
2025-03-08T11:00:00+01:00,0.0,43.5,0.0,0.0
2025-03-08T12:00:00+01:00,0.0,43.5,0.0,0.0
2025-03-08T13:00:00+01:00,0.0,43.5,0.0,0.0
2025-03-08T14:00:00+01:00,0.0,43.5,2.1,0.0
2025-03-08T15:00:00+01:00,0.0,43.5,5.4,0.0
2025-03-08T16:00:00+01:00,0.0,52.3,6.9,0.0
2025-03-08T17:00:00+01:00,0.0,195.1,6.2,0.0
2025-03-08T18:00:00+01:00,0.0,241.7,6.7,0.0
2025-03-08T19:00:00+01:00,0.0,258.8,7.0,0.0
2025-03-08T20:00:00+01:00,0.0,249.9,1.5,0.0
2025-03-08T21:00:00+01:00,0.0,127.0,0.0,0.0
2025-03-08T22:00:00+01:00,0.0,125.3,0.0,0.0
2025-03-08T23:00:00+01:00,0.0,41.3,0.3,0.0
2025-03-09T00:00:00+01:00,0.0,39.8,1.9,0.0
2025-03-09T01:00:00+01:00,0.0,38.4,0.8,0.0
2025-03-09T02:00:00+01:00,0.0,40.1,0.1,0.0
2025-03-09T03:00:00+01:00,0.0,41.1,0.0,0.0
2025-03-09T04:00:00+01:00,0.0,43.3,0.0,0.0
2025-03-09T05:00:00+01:00,0.0,33.9,1.8,0.0
2025-03-09T06:00:00+01:00,0.0,32.4,2.8,0.0
2025-03-09T07:00:00+01:00,0.0,34.8,1.4,0.0
2025-03-09T08:00:00+01:00,0.0,34.3,0.0,0.0
2025-03-09T09:00:00+01:00,0.0,27.6,1.4,0.0
2025-03-09T10:00:00+01:00,0.0,32.0,5.5,0.0
2025-03-09T11:00:00+01:00,0.0,37.3,10.8,0.0
2025-03-09T12:00:00+01:00,0.0,37.6,15.9,0.0
2025-03-09T13:00:00+01:00,0.0,42.4,15.6,0.0
2025-03-09T14:00:00+01:00,0.0,46.7,16.8,0.0
2025-03-09T15:00:00+01:00,0.0,48.3,18.0,0.0
2025-03-09T16:00:00+01:00,0.0,56.4,14.5,0.0
2025-03-09T17:00:00+01:00,0.0,198.1,11.8,0.0
2025-03-09T18:00:00+01:00,0.0,248.2,7.6,0.0
2025-03-09T19:00:00+01:00,0.0,262.2,7.0,0.0
2025-03-09T20:00:00+01:00,0.0,258.3,14.3,0.0
2025-03-09T21:00:00+01:00,0.0,53.4,24.3,0.0
2025-03-09T22:00:00+01:00,0.0,26.1,36.6,0.0
2025-03-09T23:00:00+01:00,0.0,18.4,35.4,0.0
2025-03-10T00:00:00+01:00,0.0,23.3,40.1,0.0
2025-03-10T01:00:00+01:00,0.0,18.8,50.3,0.0
2025-03-10T02:00:00+01:00,0.0,17.8,61.8,0.0
2025-03-10T03:00:00+01:00,0.0,17.0,71.5,0.0
2025-03-10T04:00:00+01:00,0.0,28.3,76.9,0.0
2025-03-10T05:00:00+01:00,0.0,37.2,67.8,0.0
2025-03-10T06:00:00+01:00,0.0,110.7,44.9,0.0
2025-03-10T07:00:00+01:00,0.0,175.9,63.2,0.0
2025-03-10T08:00:00+01:00,0.0,173.5,64.1,0.0
2025-03-10T09:00:00+01:00,0.0,20.6,85.8,0.0
2025-03-10T10:00:00+01:00,0.0,34.3,97.3,0.0
2025-03-10T11:00:00+01:00,0.0,48.7,92.8,0.0
2025-03-10T12:00:00+01:00,0.0,58.1,84.0,0.0
2025-03-10T13:00:00+01:00,0.0,52.8,90.9,0.0
2025-03-10T14:00:00+01:00,0.0,49.0,93.3,0.0
2025-03-10T15:00:00+01:00,0.0,52.5,87.7,0.0
2025-03-10T16:00:00+01:00,0.0,169.3,87.8,0.0
2025-03-10T17:00:00+01:00,0.0,203.0,87.4,0.0
2025-03-10T18:00:00+01:00,0.0,241.7,88.2,0.0
2025-03-10T19:00:00+01:00,0.0,198.8,89.6,0.0
2025-03-10T20:00:00+01:00,0.0,189.8,93.7,0.0
2025-03-10T21:00:00+01:00,0.0,167.2,102.8,0.0
2025-03-10T22:00:00+01:00,0.0,17.6,102.6,0.0
2025-03-10T23:00:00+01:00,0.0,20.3,111.9,0.0
2025-03-11T00:00:00+01:00,0.0,48.2,109.0,0.0
2025-03-11T01:00:00+01:00,0.0,39.7,89.1,0.0
2025-03-11T02:00:00+01:00,0.0,45.6,73.9,0.0
2025-03-11T03:00:00+01:00,0.0,47.7,76.7,0.0
2025-03-11T04:00:00+01:00,0.0,45.0,87.3,0.0
2025-03-11T05:00:00+01:00,0.0,43.2,87.4,0.0
2025-03-11T06:00:00+01:00,0.0,62.8,83.7,0.0
2025-03-11T07:00:00+01:00,0.0,129.0,81.6,0.0
2025-03-11T08:00:00+01:00,0.0,162.4,85.9,0.0
2025-03-11T09:00:00+01:00,0.0,162.5,89.5,0.0
2025-03-11T10:00:00+01:00,0.0,196.4,61.6,0.0
2025-03-11T11:00:00+01:00,0.0,101.0,103.0,0.0
2025-03-11T12:00:00+01:00,0.0,84.4,116.4,0.0
2025-03-11T13:00:00+01:00,0.0,95.7,116.9,0.0
2025-03-11T14:00:00+01:00,0.0,143.3,112.4,0.0
2025-03-11T15:00:00+01:00,0.0,155.9,111.9,0.0
2025-03-11T16:00:00+01:00,0.0,164.5,101.7,0.0
2025-03-11T17:00:00+01:00,0.0,214.2,79.4,0.0
2025-03-11T18:00:00+01:00,0.0,302.4,78.5,0.0
2025-03-11T19:00:00+01:00,0.0,291.0,77.0,0.0
2025-03-11T20:00:00+01:00,0.0,242.2,84.0,0.0
2025-03-11T21:00:00+01:00,0.0,233.5,80.8,0.0
2025-03-11T22:00:00+01:00,0.0,238.2,81.9,0.0
2025-03-11T23:00:00+01:00,0.0,245.9,84.3,0.0
2025-03-12T00:00:00+01:00,0.0,275.3,83.3,0.0
2025-03-12T01:00:00+01:00,0.0,274.9,108.5,0.0
2025-03-12T02:00:00+01:00,0.0,277.7,109.3,0.0
2025-03-12T03:00:00+01:00,0.0,268.9,107.7,0.0
2025-03-12T04:00:00+01:00,0.0,270.1,114.4,0.0
2025-03-12T05:00:00+01:00,0.0,279.5,109.0,0.0
2025-03-12T06:00:00+01:00,0.0,377.7,102.8,0.0
2025-03-12T07:00:00+01:00,0.0,386.0,107.1,0.0
2025-03-12T08:00:00+01:00,0.0,365.2,99.2,0.0
2025-03-12T09:00:00+01:00,0.0,269.0,111.6,0.0
2025-03-12T10:00:00+01:00,0.0,269.2,111.8,0.0
2025-03-12T11:00:00+01:00,0.0,268.9,112.9,0.0
2025-03-12T12:00:00+01:00,0.0,269.2,114.9,0.0
2025-03-12T13:00:00+01:00,0.0,269.2,110.7,0.0
2025-03-12T14:00:00+01:00,0.0,269.7,113.3,0.0
2025-03-12T15:00:00+01:00,0.0,268.9,113.3,0.0
2025-03-12T16:00:00+01:00,0.0,295.2,94.3,0.0
2025-03-12T17:00:00+01:00,0.0,366.1,71.7,0.0
2025-03-12T18:00:00+01:00,0.0,435.5,45.4,0.0
2025-03-12T19:00:00+01:00,0.0,447.6,54.3,0.0
2025-03-12T20:00:00+01:00,0.0,374.5,75.0,0.0
2025-03-12T21:00:00+01:00,0.0,279.2,76.2,0.0
2025-03-12T22:00:00+01:00,0.0,275.7,102.9,0.0
2025-03-12T23:00:00+01:00,0.0,279.1,113.8,0.0
2025-03-13T00:00:00+01:00,0.0,286.2,96.9,0.0
2025-03-13T01:00:00+01:00,0.0,290.4,89.8,0.0
2025-03-13T02:00:00+01:00,0.0,295.0,68.2,0.0
2025-03-13T03:00:00+01:00,0.0,293.5,79.6,0.0
2025-03-13T04:00:00+01:00,0.0,291.1,104.5,0.0
2025-03-13T05:00:00+01:00,0.0,291.9,100.2,0.0
2025-03-13T06:00:00+01:00,0.0,286.7,100.5,0.0
2025-03-13T07:00:00+01:00,0.0,280.4,116.5,0.0
2025-03-13T08:00:00+01:00,0.0,273.6,112.1,0.0
2025-03-13T09:00:00+01:00,0.0,283.7,112.9,0.0
2025-03-13T10:00:00+01:00,0.0,271.3,111.5,0.0
2025-03-13T11:00:00+01:00,0.0,268.8,109.7,0.0
2025-03-13T12:00:00+01:00,0.0,283.3,111.4,0.0
2025-03-13T13:00:00+01:00,0.0,280.1,109.7,0.0
2025-03-13T14:00:00+01:00,0.0,242.5,110.5,0.0
2025-03-13T15:00:00+01:00,0.0,242.6,110.8,0.0
2025-03-13T16:00:00+01:00,0.0,244.0,110.3,0.0
2025-03-13T17:00:00+01:00,0.0,311.6,108.9,0.0
2025-03-13T18:00:00+01:00,0.0,397.6,109.9,0.0
2025-03-13T19:00:00+01:00,0.0,435.1,111.5,0.0
2025-03-13T20:00:00+01:00,0.0,342.2,107.6,0.0
2025-03-13T21:00:00+01:00,0.0,273.4,109.1,0.0
2025-03-13T22:00:00+01:00,0.0,289.0,110.8,0.0
2025-03-13T23:00:00+01:00,0.0,277.5,110.7,0.0
2025-03-14T00:00:00+01:00,0.0,285.5,106.6,0.0
2025-03-14T01:00:00+01:00,0.0,283.2,108.4,0.0
2025-03-14T02:00:00+01:00,0.0,284.4,108.4,0.0
2025-03-14T03:00:00+01:00,0.0,286.8,105.7,0.0
2025-03-14T04:00:00+01:00,0.0,293.1,102.8,0.0
2025-03-14T05:00:00+01:00,0.0,284.0,102.1,0.0
2025-03-14T06:00:00+01:00,0.0,285.4,97.9,0.0
2025-03-14T07:00:00+01:00,0.0,294.0,99.3,0.0
2025-03-14T08:00:00+01:00,0.0,286.6,95.3,0.0
2025-03-14T09:00:00+01:00,0.0,294.9,80.5,0.0
2025-03-14T10:00:00+01:00,0.0,286.3,100.5,0.0
2025-03-14T11:00:00+01:00,0.0,290.3,88.2,0.0
2025-03-14T12:00:00+01:00,0.0,288.2,83.0,0.0
2025-03-14T13:00:00+01:00,0.0,275.2,94.7,0.0
2025-03-14T14:00:00+01:00,0.0,263.1,90.3,0.0
2025-03-14T15:00:00+01:00,0.0,292.2,92.7,0.0
2025-03-14T16:00:00+01:00,0.0,296.4,88.2,0.0
2025-03-14T17:00:00+01:00,0.0,389.1,104.7,0.0
2025-03-14T18:00:00+01:00,0.0,485.5,91.7,0.0
2025-03-14T19:00:00+01:00,0.0,486.3,95.0,0.0
2025-03-14T20:00:00+01:00,0.0,427.7,106.0,0.0
2025-03-14T21:00:00+01:00,0.0,270.6,105.8,0.0
2025-03-14T22:00:00+01:00,0.0,262.3,107.8,0.0
2025-03-14T23:00:00+01:00,0.0,259.7,110.0,0.0
2025-03-15T00:00:00+01:00,0.0,261.3,107.3,0.0
2025-03-15T01:00:00+01:00,0.0,282.5,101.0,0.0
2025-03-15T02:00:00+01:00,0.0,294.4,88.4,0.0
2025-03-15T03:00:00+01:00,0.0,295.7,76.7,0.0
2025-03-15T04:00:00+01:00,0.0,283.8,100.3,0.0
2025-03-15T05:00:00+01:00,0.0,275.9,110.9,0.0
2025-03-15T06:00:00+01:00,0.0,285.5,104.5,0.0
2025-03-15T07:00:00+01:00,0.0,294.4,96.0,0.0
2025-03-15T08:00:00+01:00,0.0,288.1,103.2,0.0
2025-03-15T09:00:00+01:00,0.0,294.2,106.0,0.0
2025-03-15T10:00:00+01:00,0.0,296.1,76.5,0.0
2025-03-15T11:00:00+01:00,0.0,296.1,69.3,0.0
2025-03-15T12:00:00+01:00,0.0,296.2,69.8,0.0
2025-03-15T13:00:00+01:00,0.0,294.0,95.6,0.0
2025-03-15T14:00:00+01:00,0.0,295.7,108.2,0.0
2025-03-15T15:00:00+01:00,0.0,295.0,98.1,0.0
2025-03-15T16:00:00+01:00,0.0,292.4,97.0,0.0
2025-03-15T17:00:00+01:00,0.0,365.8,64.3,0.0
2025-03-15T18:00:00+01:00,0.0,367.1,51.7,0.0
2025-03-15T19:00:00+01:00,0.0,365.5,55.3,0.0
2025-03-15T20:00:00+01:00,0.0,356.7,79.0,0.0
2025-03-15T21:00:00+01:00,0.0,346.3,94.5,0.0
2025-03-15T22:00:00+01:00,0.0,317.8,110.1,0.0
2025-03-15T23:00:00+01:00,0.0,271.6,109.2,0.0
2025-03-16T00:00:00+01:00,0.0,281.3,112.6,0.0
2025-03-16T01:00:00+01:00,0.0,273.6,111.9,0.0
2025-03-16T02:00:00+01:00,0.0,278.1,108.1,0.0
2025-03-16T03:00:00+01:00,0.0,272.8,98.7,0.0
2025-03-16T04:00:00+01:00,0.0,272.1,105.0,0.0
2025-03-16T05:00:00+01:00,0.0,279.8,57.1,0.0
2025-03-16T06:00:00+01:00,0.0,281.6,53.8,0.0
2025-03-16T07:00:00+01:00,0.0,294.2,54.2,0.0
2025-03-16T08:00:00+01:00,0.0,280.8,55.8,0.0
2025-03-16T09:00:00+01:00,0.0,273.3,65.4,0.0
2025-03-16T10:00:00+01:00,0.0,278.9,71.8,0.0
2025-03-16T11:00:00+01:00,0.0,286.0,79.6,0.0
2025-03-16T12:00:00+01:00,0.0,290.3,79.2,0.0
2025-03-16T13:00:00+01:00,0.0,287.0,80.0,0.0
2025-03-16T14:00:00+01:00,0.0,294.1,77.2,0.0
2025-03-16T15:00:00+01:00,0.0,296.4,68.0,0.0
2025-03-16T16:00:00+01:00,0.0,296.1,42.5,0.0
2025-03-16T17:00:00+01:00,0.0,295.4,28.3,0.0
2025-03-16T18:00:00+01:00,0.0,366.4,29.4,0.0
2025-03-16T19:00:00+01:00,0.0,377.3,37.9,0.0
2025-03-16T20:00:00+01:00,0.0,379.0,30.9,0.0
2025-03-16T21:00:00+01:00,0.0,367.5,17.4,0.0
2025-03-16T22:00:00+01:00,0.0,367.4,14.9,0.0
2025-03-16T23:00:00+01:00,0.0,285.4,20.1,0.0
2025-03-17T00:00:00+01:00,0.0,285.9,4.2,0.0
2025-03-17T01:00:00+01:00,0.0,276.2,21.3,0.0
2025-03-17T02:00:00+01:00,0.0,274.6,38.8,0.0
2025-03-17T03:00:00+01:00,0.0,271.1,35.5,0.0
2025-03-17T04:00:00+01:00,0.0,287.3,18.6,0.0
2025-03-17T05:00:00+01:00,0.0,288.1,3.8,0.0
2025-03-17T06:00:00+01:00,0.0,285.1,14.2,0.0
2025-03-17T07:00:00+01:00,0.0,279.2,36.0,0.0
2025-03-17T08:00:00+01:00,0.0,270.9,41.7,0.0
2025-03-17T09:00:00+01:00,0.0,284.5,26.5,0.0
2025-03-17T10:00:00+01:00,0.0,288.0,28.0,0.0
2025-03-17T11:00:00+01:00,0.0,290.3,26.1,0.0
2025-03-17T12:00:00+01:00,0.0,295.7,25.2,0.0
2025-03-17T13:00:00+01:00,0.0,297.0,24.9,0.0
2025-03-17T14:00:00+01:00,0.0,283.2,38.3,0.0
2025-03-17T15:00:00+01:00,0.0,278.7,54.6,0.0
2025-03-17T16:00:00+01:00,0.0,291.9,75.0,0.0
2025-03-17T17:00:00+01:00,0.0,396.6,85.3,0.0
2025-03-17T18:00:00+01:00,0.0,523.0,79.9,0.0
2025-03-17T19:00:00+01:00,0.0,522.3,81.1,0.0
2025-03-17T20:00:00+01:00,0.0,397.0,83.8,0.0
2025-03-17T21:00:00+01:00,0.0,297.4,78.9,0.0
2025-03-17T22:00:00+01:00,0.0,297.1,89.7,0.0
2025-03-17T23:00:00+01:00,0.0,297.1,85.0,0.0
2025-03-18T00:00:00+01:00,0.0,297.1,98.2,0.0
2025-03-18T01:00:00+01:00,0.0,297.2,110.5,0.0
2025-03-18T02:00:00+01:00,0.0,297.3,115.0,0.0
2025-03-18T03:00:00+01:00,0.0,297.3,107.5,0.0
2025-03-18T04:00:00+01:00,0.0,297.2,103.2,0.0
2025-03-18T05:00:00+01:00,0.0,297.5,101.3,0.0
2025-03-18T06:00:00+01:00,0.0,370.3,97.2,0.0
2025-03-18T07:00:00+01:00,0.0,402.9,93.1,0.0
2025-03-18T08:00:00+01:00,0.0,297.1,90.0,0.0
2025-03-18T09:00:00+01:00,0.0,297.1,37.9,0.0
2025-03-18T10:00:00+01:00,0.0,363.1,45.9,0.0
2025-03-18T11:00:00+01:00,0.0,296.6,103.5,0.0
2025-03-18T12:00:00+01:00,0.0,296.9,110.2,0.0
2025-03-18T13:00:00+01:00,0.0,296.9,109.9,0.0
2025-03-18T14:00:00+01:00,0.0,295.9,110.6,0.0
2025-03-18T15:00:00+01:00,0.0,296.2,109.7,0.0
2025-03-18T16:00:00+01:00,0.0,284.7,108.9,0.0
2025-03-18T17:00:00+01:00,0.0,518.9,110.0,0.0
2025-03-18T18:00:00+01:00,0.0,522.1,106.4,0.0
2025-03-18T19:00:00+01:00,0.0,514.5,117.3,0.0
2025-03-18T20:00:00+01:00,0.0,519.1,114.9,0.0
2025-03-18T21:00:00+01:00,0.0,375.9,110.1,0.0
2025-03-18T22:00:00+01:00,0.0,358.2,116.6,0.0
2025-03-18T23:00:00+01:00,0.0,357.5,106.6,0.0
2025-03-19T00:00:00+01:00,0.0,291.2,105.9,0.0
2025-03-19T01:00:00+01:00,0.0,280.3,113.9,0.0
2025-03-19T02:00:00+01:00,0.0,280.2,114.2,0.0
2025-03-19T03:00:00+01:00,0.0,279.2,110.7,0.0
2025-03-19T04:00:00+01:00,0.0,286.6,93.3,0.0
2025-03-19T05:00:00+01:00,0.0,294.2,75.5,0.0
2025-03-19T06:00:00+01:00,0.0,401.8,57.0,0.0
2025-03-19T07:00:00+01:00,0.0,397.8,51.9,0.0
2025-03-19T08:00:00+01:00,0.0,344.5,52.6,0.0
2025-03-19T09:00:00+01:00,0.0,277.3,37.0,0.0
2025-03-19T10:00:00+01:00,0.0,293.3,16.3,0.0
2025-03-19T11:00:00+01:00,0.0,281.4,5.9,0.0
2025-03-19T12:00:00+01:00,0.0,288.7,2.9,0.0
2025-03-19T13:00:00+01:00,0.0,287.9,5.6,0.0
2025-03-19T14:00:00+01:00,0.0,295.3,8.1,0.0
2025-03-19T15:00:00+01:00,0.0,296.3,13.4,0.0
2025-03-19T16:00:00+01:00,0.0,366.4,13.7,0.0
2025-03-19T17:00:00+01:00,0.0,518.9,16.9,0.0
2025-03-19T18:00:00+01:00,0.0,519.0,12.5,0.0
2025-03-19T19:00:00+01:00,0.0,520.6,5.7,0.0
2025-03-19T20:00:00+01:00,0.0,522.4,7.2,0.0
2025-03-19T21:00:00+01:00,0.0,522.2,1.4,0.0
2025-03-19T22:00:00+01:00,0.0,380.5,2.2,0.0
2025-03-19T23:00:00+01:00,0.0,377.4,5.0,0.0
2025-03-20T00:00:00+01:00,0.0,285.7,3.4,0.0
2025-03-20T01:00:00+01:00,0.0,283.8,2.5,0.0
2025-03-20T02:00:00+01:00,0.0,287.2,0.1,0.0
2025-03-20T03:00:00+01:00,0.0,292.2,1.7,0.0
2025-03-20T04:00:00+01:00,0.0,294.2,0.0,0.0
2025-03-20T05:00:00+01:00,0.0,289.3,0.0,0.0
2025-03-20T06:00:00+01:00,0.0,446.5,0.0,0.0
2025-03-20T07:00:00+01:00,0.0,513.2,0.0,0.0
2025-03-20T08:00:00+01:00,0.0,357.6,0.0,0.0
2025-03-20T09:00:00+01:00,0.0,287.6,0.0,0.0
2025-03-20T10:00:00+01:00,0.0,287.6,0.0,0.0
2025-03-20T11:00:00+01:00,0.0,278.4,1.5,0.0
2025-03-20T12:00:00+01:00,0.0,278.5,12.0,0.0
2025-03-20T13:00:00+01:00,0.0,280.9,13.6,0.0
2025-03-20T14:00:00+01:00,0.0,282.7,20.0,0.0
2025-03-20T15:00:00+01:00,0.0,293.6,20.0,0.0
2025-03-20T16:00:00+01:00,0.0,295.6,21.1,0.0
2025-03-20T17:00:00+01:00,0.0,480.5,26.2,0.0
2025-03-20T18:00:00+01:00,0.0,498.5,25.4,0.0
2025-03-20T19:00:00+01:00,0.0,494.6,17.7,0.0
2025-03-20T20:00:00+01:00,0.0,504.7,5.4,0.0
2025-03-20T21:00:00+01:00,0.0,494.5,3.2,0.0
2025-03-20T22:00:00+01:00,0.0,468.9,0.3,0.0
2025-03-20T23:00:00+01:00,0.0,359.9,0.0,0.0
2025-03-21T00:00:00+01:00,0.0,284.2,0.0,0.0
2025-03-21T01:00:00+01:00,0.0,287.9,0.0,0.0
2025-03-21T02:00:00+01:00,0.0,285.0,0.0,0.0
2025-03-21T03:00:00+01:00,0.0,285.4,0.0,0.0
2025-03-21T04:00:00+01:00,0.0,288.3,0.0,0.0
2025-03-21T05:00:00+01:00,0.0,292.1,0.2,0.0
2025-03-21T06:00:00+01:00,0.0,436.9,0.0,0.0
2025-03-21T07:00:00+01:00,0.0,471.3,0.0,0.0
2025-03-21T08:00:00+01:00,0.0,351.2,0.0,0.0
2025-03-21T09:00:00+01:00,0.0,278.4,0.8,0.0
2025-03-21T10:00:00+01:00,0.0,276.8,3.1,0.0
2025-03-21T11:00:00+01:00,0.0,276.7,10.6,0.0
2025-03-21T12:00:00+01:00,0.0,283.9,13.3,0.0
2025-03-21T13:00:00+01:00,0.0,294.5,6.3,0.0
2025-03-21T14:00:00+01:00,0.0,295.3,7.8,0.0
2025-03-21T15:00:00+01:00,0.0,296.1,7.0,0.0
2025-03-21T16:00:00+01:00,0.0,363.9,9.5,0.0
2025-03-21T17:00:00+01:00,0.0,494.4,4.8,0.0
2025-03-21T18:00:00+01:00,0.0,500.7,1.8,0.0
2025-03-21T19:00:00+01:00,0.0,494.6,0.3,0.0
2025-03-21T20:00:00+01:00,0.0,493.5,0.0,0.0
2025-03-21T21:00:00+01:00,0.0,381.2,0.2,0.0
2025-03-21T22:00:00+01:00,0.0,364.1,0.8,0.0
2025-03-21T23:00:00+01:00,0.0,,4.2,0.0
2025-03-22T00:00:00+01:00,0.0,289.9,9.6,0.0
2025-03-22T01:00:00+01:00,0.0,293.6,7.7,0.0
2025-03-22T02:00:00+01:00,0.0,295.2,4.8,0.0
2025-03-22T03:00:00+01:00,0.0,296.5,0.6,0.0
2025-03-22T04:00:00+01:00,0.0,296.5,2.0,0.0
2025-03-22T05:00:00+01:00,0.0,295.4,3.8,0.0
2025-03-22T06:00:00+01:00,0.0,296.1,5.8,0.0
2025-03-22T07:00:00+01:00,0.0,293.8,14.0,0.0
2025-03-22T08:00:00+01:00,0.0,285.5,12.0,0.0
2025-03-22T09:00:00+01:00,0.0,288.6,17.2,0.0
2025-03-22T10:00:00+01:00,0.0,275.6,19.1,0.0
2025-03-22T11:00:00+01:00,0.0,275.1,27.2,0.0
2025-03-22T12:00:00+01:00,0.0,242.8,32.6,0.0
2025-03-22T13:00:00+01:00,0.0,229.3,44.3,0.0
2025-03-22T14:00:00+01:00,0.0,222.6,37.0,0.0
2025-03-22T15:00:00+01:00,0.0,272.4,52.2,0.0
2025-03-22T16:00:00+01:00,0.0,275.1,52.1,0.0
2025-03-22T17:00:00+01:00,0.0,297.1,46.3,0.0
2025-03-22T18:00:00+01:00,0.0,358.8,31.4,0.0
2025-03-22T19:00:00+01:00,0.0,374.8,43.3,0.0
2025-03-22T20:00:00+01:00,0.0,331.2,42.2,0.0
2025-03-22T21:00:00+01:00,0.0,314.9,43.4,0.0
2025-03-22T22:00:00+01:00,0.0,224.7,41.8,0.0
2025-03-22T23:00:00+01:00,0.0,187.5,45.3,0.0
2025-03-23T00:00:00+01:00,0.0,158.4,46.6,0.0
2025-03-23T01:00:00+01:00,0.0,156.2,53.2,0.0
2025-03-23T02:00:00+01:00,0.0,161.7,49.4,0.0
2025-03-23T03:00:00+01:00,0.0,165.1,55.4,0.0
2025-03-23T04:00:00+01:00,0.0,163.7,62.9,0.0
2025-03-23T05:00:00+01:00,0.0,166.7,66.2,0.0
2025-03-23T06:00:00+01:00,0.0,170.2,69.3,0.0
2025-03-23T07:00:00+01:00,0.0,176.2,78.7,0.0
2025-03-23T08:00:00+01:00,0.0,192.1,87.6,0.0
2025-03-23T09:00:00+01:00,0.0,214.9,80.4,0.0
2025-03-23T10:00:00+01:00,0.0,218.6,98.6,0.0
2025-03-23T11:00:00+01:00,0.0,218.8,97.7,0.0
2025-03-23T12:00:00+01:00,0.0,240.4,90.7,0.0
2025-03-23T13:00:00+01:00,0.0,224.2,97.5,0.0
2025-03-23T14:00:00+01:00,0.0,218.6,81.5,0.0
2025-03-23T15:00:00+01:00,0.0,217.7,85.8,0.0
2025-03-23T16:00:00+01:00,0.0,207.3,91.7,0.0
2025-03-23T17:00:00+01:00,0.0,290.9,79.4,0.0
2025-03-23T18:00:00+01:00,0.0,311.3,77.0,0.0
2025-03-23T19:00:00+01:00,0.0,298.9,85.5,0.0
2025-03-23T20:00:00+01:00,0.0,284.8,107.3,0.0
2025-03-23T21:00:00+01:00,0.0,270.5,100.2,0.0
2025-03-23T22:00:00+01:00,0.0,251.3,88.5,0.0
2025-03-23T23:00:00+01:00,0.0,211.7,79.5,0.0
2025-03-24T00:00:00+01:00,0.0,198.2,86.5,0.0
2025-03-24T01:00:00+01:00,0.0,158.1,101.7,0.0
2025-03-24T02:00:00+01:00,0.0,128.0,111.8,0.0
2025-03-24T03:00:00+01:00,0.0,123.1,102.7,0.0
2025-03-24T04:00:00+01:00,0.0,123.8,98.9,0.0
2025-03-24T05:00:00+01:00,0.0,136.8,102.8,0.0
2025-03-24T06:00:00+01:00,0.0,345.0,107.0,0.0
2025-03-24T07:00:00+01:00,0.0,414.5,111.3,0.0
2025-03-24T08:00:00+01:00,0.0,374.7,109.2,0.0
2025-03-24T09:00:00+01:00,0.0,283.2,107.6,0.0
2025-03-24T10:00:00+01:00,0.0,310.4,91.6,0.0
2025-03-24T11:00:00+01:00,0.0,240.2,85.4,0.0
2025-03-24T12:00:00+01:00,0.0,221.4,110.7,0.0
2025-03-24T13:00:00+01:00,0.0,224.4,111.6,0.0
2025-03-24T14:00:00+01:00,0.0,301.1,110.2,0.0
2025-03-24T15:00:00+01:00,0.0,293.0,111.3,0.0
2025-03-24T16:00:00+01:00,0.0,410.5,110.4,0.0
2025-03-24T17:00:00+01:00,0.0,495.4,106.3,0.0
2025-03-24T18:00:00+01:00,0.0,497.2,100.7,0.0
2025-03-24T19:00:00+01:00,0.0,483.4,108.5,0.0
2025-03-24T20:00:00+01:00,0.0,468.4,101.9,0.0
2025-03-24T21:00:00+01:00,0.0,418.0,104.7,0.0
2025-03-24T22:00:00+01:00,0.0,263.8,88.0,0.0
2025-03-24T23:00:00+01:00,0.0,253.5,87.8,0.0
2025-03-25T00:00:00+01:00,0.0,199.6,88.8,0.0
2025-03-25T01:00:00+01:00,0.0,151.8,108.6,0.0
2025-03-25T02:00:00+01:00,0.0,160.9,103.0,0.0
2025-03-25T03:00:00+01:00,0.0,152.7,107.9,0.0
2025-03-25T04:00:00+01:00,0.0,151.5,111.8,0.0
2025-03-25T05:00:00+01:00,0.0,154.7,103.9,0.0
2025-03-25T06:00:00+01:00,0.0,393.2,96.0,0.0
2025-03-25T07:00:00+01:00,0.0,418.6,111.6,0.0
2025-03-25T08:00:00+01:00,0.0,379.8,102.0,0.0
2025-03-25T09:00:00+01:00,0.0,296.2,80.7,0.0
2025-03-25T10:00:00+01:00,0.0,231.1,73.4,0.0
2025-03-25T11:00:00+01:00,0.0,190.3,71.4,0.0
2025-03-25T12:00:00+01:00,0.0,175.9,79.0,0.0
2025-03-25T13:00:00+01:00,0.0,188.6,83.5,0.0
2025-03-25T14:00:00+01:00,0.0,256.8,79.0,0.0
2025-03-25T15:00:00+01:00,0.0,315.8,57.8,0.0
2025-03-25T16:00:00+01:00,0.0,387.9,71.8,0.0
2025-03-25T17:00:00+01:00,0.0,468.4,35.4,0.0
2025-03-25T18:00:00+01:00,0.0,482.1,21.3,0.0
2025-03-25T19:00:00+01:00,0.0,494.9,23.7,0.0
2025-03-25T20:00:00+01:00,0.0,471.8,24.0,0.0
2025-03-25T21:00:00+01:00,0.0,364.5,13.0,0.0
2025-03-25T22:00:00+01:00,0.0,348.2,10.0,0.0
2025-03-25T23:00:00+01:00,0.0,315.4,14.3,0.0
2025-03-26T00:00:00+01:00,0.0,308.8,22.5,0.0
2025-03-26T01:00:00+01:00,0.0,231.2,32.2,0.0
2025-03-26T02:00:00+01:00,0.0,236.9,36.3,0.0
2025-03-26T03:00:00+01:00,0.0,232.3,34.7,0.0
2025-03-26T04:00:00+01:00,0.0,245.4,25.6,0.0
2025-03-26T05:00:00+01:00,0.0,236.2,35.9,0.0
2025-03-26T06:00:00+01:00,0.0,343.5,49.1,0.0
2025-03-26T07:00:00+01:00,0.0,404.4,46.1,0.0
2025-03-26T08:00:00+01:00,0.0,437.0,67.4,0.0
2025-03-26T09:00:00+01:00,0.0,313.5,77.0,0.0
2025-03-26T10:00:00+01:00,0.0,368.9,46.2,0.0
2025-03-26T11:00:00+01:00,0.0,369.0,40.8,0.0
2025-03-26T12:00:00+01:00,0.0,384.6,54.0,0.0
2025-03-26T13:00:00+01:00,0.0,368.9,78.4,0.0
2025-03-26T14:00:00+01:00,0.0,366.3,78.7,0.0
2025-03-26T15:00:00+01:00,0.0,369.0,85.1,0.0
2025-03-26T16:00:00+01:00,0.0,376.9,55.8,0.0
2025-03-26T17:00:00+01:00,0.0,522.2,42.0,0.0
2025-03-26T18:00:00+01:00,0.0,483.3,51.7,0.0
2025-03-26T19:00:00+01:00,0.0,486.3,48.6,0.0
2025-03-26T20:00:00+01:00,0.0,520.8,27.4,0.0
2025-03-26T21:00:00+01:00,0.0,482.6,44.8,0.0
2025-03-26T22:00:00+01:00,0.0,372.6,53.7,0.0
2025-03-26T23:00:00+01:00,0.0,369.4,74.0,0.0
2025-03-27T00:00:00+01:00,0.0,297.9,48.4,0.0
2025-03-27T01:00:00+01:00,0.0,296.1,29.5,0.0
2025-03-27T02:00:00+01:00,0.0,295.5,56.2,0.0
2025-03-27T03:00:00+01:00,0.0,296.9,47.0,0.0
2025-03-27T04:00:00+01:00,0.0,289.9,60.1,0.0
2025-03-27T05:00:00+01:00,0.0,271.9,88.8,0.0
2025-03-27T06:00:00+01:00,0.0,352.5,96.2,0.0
2025-03-27T07:00:00+01:00,0.0,443.8,99.8,0.0
2025-03-27T08:00:00+01:00,0.0,424.7,59.7,0.0
2025-03-27T09:00:00+01:00,0.0,354.6,63.0,0.0
2025-03-27T10:00:00+01:00,0.0,357.3,52.4,0.0
2025-03-27T11:00:00+01:00,0.0,292.9,36.4,0.0
2025-03-27T12:00:00+01:00,0.0,296.8,22.6,0.0
2025-03-27T13:00:00+01:00,0.0,296.7,24.7,0.0
2025-03-27T14:00:00+01:00,0.0,297.1,25.1,0.0
2025-03-27T15:00:00+01:00,0.0,404.0,19.5,0.0
2025-03-27T16:00:00+01:00,0.0,444.2,19.3,0.0
2025-03-27T17:00:00+01:00,0.0,502.9,39.6,0.0
2025-03-27T18:00:00+01:00,0.0,497.8,41.2,0.0
2025-03-27T19:00:00+01:00,0.0,504.8,23.0,0.0
2025-03-27T20:00:00+01:00,0.0,515.3,25.1,0.0
2025-03-27T21:00:00+01:00,0.0,487.8,10.3,0.0
2025-03-27T22:00:00+01:00,0.0,404.6,0.3,0.0
2025-03-27T23:00:00+01:00,0.0,380.2,1.0,0.0
2025-03-28T00:00:00+01:00,0.0,290.7,4.7,0.0
2025-03-28T01:00:00+01:00,0.0,285.4,10.8,0.0
2025-03-28T02:00:00+01:00,0.0,292.2,10.0,0.0
2025-03-28T03:00:00+01:00,0.0,291.1,4.5,0.0
2025-03-28T04:00:00+01:00,0.0,295.6,1.9,0.0
2025-03-28T05:00:00+01:00,0.0,293.3,0.0,0.0
2025-03-28T06:00:00+01:00,0.0,293.9,1.2,0.0
2025-03-28T07:00:00+01:00,0.0,387.0,6.0,0.0
2025-03-28T08:00:00+01:00,0.0,363.3,7.5,0.0
2025-03-28T09:00:00+01:00,0.0,292.6,7.6,0.0
2025-03-28T10:00:00+01:00,0.0,286.7,13.8,0.0
2025-03-28T11:00:00+01:00,0.0,281.3,20.2,0.0
2025-03-28T12:00:00+01:00,0.0,266.1,20.1,0.0
2025-03-28T13:00:00+01:00,0.0,256.8,15.2,0.0
2025-03-28T14:00:00+01:00,0.0,248.3,10.1,0.0
2025-03-28T15:00:00+01:00,0.0,360.2,5.1,0.0
2025-03-28T16:00:00+01:00,0.0,476.4,0.9,0.0
2025-03-28T17:00:00+01:00,0.0,489.3,0.1,0.0
2025-03-28T18:00:00+01:00,0.0,498.4,0.0,0.0
2025-03-28T19:00:00+01:00,0.0,514.7,0.0,0.0
2025-03-28T20:00:00+01:00,0.0,521.9,0.0,0.0
2025-03-28T21:00:00+01:00,0.0,520.5,0.0,0.0
2025-03-28T22:00:00+01:00,0.0,365.8,0.0,0.0
2025-03-28T23:00:00+01:00,0.0,366.2,0.0,0.0
2025-03-29T00:00:00+01:00,0.0,292.0,0.1,0.0
2025-03-29T01:00:00+01:00,0.0,294.4,0.1,0.0
2025-03-29T02:00:00+01:00,0.0,290.9,0.5,0.0
2025-03-29T03:00:00+01:00,0.0,293.4,1.2,0.0
2025-03-29T04:00:00+01:00,0.0,291.8,2.5,0.0
2025-03-29T05:00:00+01:00,0.0,287.5,6.2,0.0
2025-03-29T06:00:00+01:00,0.0,288.7,8.1,0.0
2025-03-29T07:00:00+01:00,0.0,279.4,13.4,0.0
2025-03-29T08:00:00+01:00,0.0,304.5,20.4,0.0
2025-03-29T09:00:00+01:00,0.0,346.1,24.8,0.0
2025-03-29T10:00:00+01:00,0.0,353.8,13.1,0.0
2025-03-29T11:00:00+01:00,0.0,356.8,7.5,0.0
2025-03-29T12:00:00+01:00,0.0,366.5,0.5,0.0
2025-03-29T13:00:00+01:00,0.0,366.8,4.1,0.0
2025-03-29T14:00:00+01:00,0.0,366.8,3.2,0.0
2025-03-29T15:00:00+01:00,0.0,366.1,3.4,0.0
2025-03-29T16:00:00+01:00,0.0,361.1,2.3,0.0
2025-03-29T17:00:00+01:00,0.0,514.1,0.0,0.0
2025-03-29T18:00:00+01:00,0.0,514.0,2.6,0.0
2025-03-29T19:00:00+01:00,0.0,514.2,1.1,0.0
2025-03-29T20:00:00+01:00,0.0,512.4,5.6,0.0
2025-03-29T21:00:00+01:00,0.0,373.9,16.8,0.0
2025-03-29T22:00:00+01:00,0.0,363.0,18.0,0.0
2025-03-29T23:00:00+01:00,0.0,355.8,21.8,0.0
2025-03-30T00:00:00+01:00,0.0,281.8,38.2,0.0
2025-03-30T01:00:00+01:00,0.0,278.7,39.2,0.0
2025-03-30T03:00:00+02:00,0.0,282.5,34.5,0.0
2025-03-30T04:00:00+02:00,0.0,275.8,34.4,0.0
2025-03-30T05:00:00+02:00,0.0,291.4,40.8,0.0
2025-03-30T06:00:00+02:00,0.0,291.0,46.7,0.0
2025-03-30T07:00:00+02:00,0.0,294.1,42.5,0.0
2025-03-30T08:00:00+02:00,0.0,288.5,51.9,0.0
2025-03-30T09:00:00+02:00,0.0,282.5,62.3,0.0
2025-03-30T10:00:00+02:00,0.0,281.8,66.2,0.0
2025-03-30T11:00:00+02:00,0.0,281.5,71.4,0.0
2025-03-30T12:00:00+02:00,0.0,270.3,76.4,0.0
2025-03-30T13:00:00+02:00,0.0,294.9,63.1,0.0
2025-03-30T14:00:00+02:00,0.0,274.8,58.2,0.0
2025-03-30T15:00:00+02:00,0.0,275.6,41.4,0.0
2025-03-30T16:00:00+02:00,0.0,288.3,39.2,0.0
2025-03-30T17:00:00+02:00,0.0,293.0,31.9,0.0
2025-03-30T18:00:00+02:00,0.0,294.1,29.1,0.0
2025-03-30T19:00:00+02:00,0.0,407.6,31.2,0.0
2025-03-30T20:00:00+02:00,0.0,366.8,31.9,0.0
2025-03-30T21:00:00+02:00,0.0,366.1,24.8,0.0
2025-03-30T22:00:00+02:00,0.0,351.7,49.5,0.0
2025-03-30T23:00:00+02:00,0.0,339.2,55.8,0.0
2025-03-31T00:00:00+02:00,0.0,275.9,54.2,0.0
2025-03-31T01:00:00+02:00,0.0,274.2,42.1,0.0
2025-03-31T02:00:00+02:00,0.0,278.3,30.1,0.0
2025-03-31T03:00:00+02:00,0.0,276.8,32.9,0.0
2025-03-31T04:00:00+02:00,0.0,284.8,30.2,0.0
2025-03-31T05:00:00+02:00,0.0,288.9,37.2,0.0
2025-03-31T06:00:00+02:00,0.0,284.7,49.1,0.0
2025-03-31T07:00:00+02:00,0.0,283.8,63.3,0.0
2025-03-31T08:00:00+02:00,0.0,273.7,85.9,0.0
2025-03-31T09:00:00+02:00,0.0,246.0,103.0,0.0
2025-03-31T10:00:00+02:00,0.0,253.6,101.3,0.0
2025-03-31T11:00:00+02:00,0.0,245.1,73.6,0.0
2025-03-31T12:00:00+02:00,0.0,259.9,57.1,0.0
2025-03-31T13:00:00+02:00,0.0,270.8,54.3,0.0
2025-03-31T14:00:00+02:00,0.0,267.5,54.4,0.0
2025-03-31T15:00:00+02:00,0.0,260.6,61.9,0.0
2025-03-31T16:00:00+02:00,0.0,269.5,76.3,0.0
2025-03-31T17:00:00+02:00,0.0,243.7,96.8,0.0
2025-03-31T18:00:00+02:00,0.0,312.2,100.5,0.0
2025-03-31T19:00:00+02:00,0.0,327.1,110.6,0.0
2025-03-31T20:00:00+02:00,0.0,340.4,115.8,0.0
2025-03-31T21:00:00+02:00,0.0,343.2,113.4,0.0
2025-03-31T22:00:00+02:00,0.0,345.2,108.1,0.0
2025-11-01T00:00:00+01:00,0.0,0.0,4.9,0.0
2025-11-01T01:00:00+01:00,0.0,0.0,1.0,0.0
2025-11-01T02:00:00+01:00,0.0,0.0,0.1,0.0
2025-11-01T03:00:00+01:00,0.0,0.0,1.3,0.0
2025-11-01T04:00:00+01:00,0.0,0.0,1.7,0.0
2025-11-01T05:00:00+01:00,0.0,0.0,3.0,0.0
2025-11-01T06:00:00+01:00,0.0,0.0,4.5,0.0
2025-11-01T07:00:00+01:00,0.0,0.0,2.0,0.0
2025-11-01T08:00:00+01:00,0.0,0.0,1.3,0.0
2025-11-01T09:00:00+01:00,0.0,0.0,2.5,0.0
2025-11-01T10:00:00+01:00,0.0,0.0,3.1,0.0
2025-11-01T11:00:00+01:00,0.0,0.0,0.8,0.0
2025-11-01T12:00:00+01:00,0.0,0.0,2.6,0.0
2025-11-01T13:00:00+01:00,0.0,0.0,7.9,0.0
2025-11-01T14:00:00+01:00,0.0,0.4,3.3,0.0
2025-11-01T15:00:00+01:00,0.0,80.8,1.9,0.0
2025-11-01T16:00:00+01:00,0.0,269.6,0.9,0.0
2025-11-01T17:00:00+01:00,0.0,310.0,1.3,0.0
2025-11-01T18:00:00+01:00,0.0,335.6,2.5,0.0
2025-11-01T19:00:00+01:00,0.0,311.6,2.1,0.0
2025-11-01T20:00:00+01:00,0.0,322.4,7.0,0.0
2025-11-01T21:00:00+01:00,0.0,212.2,6.7,0.0
2025-11-01T22:00:00+01:00,0.0,59.0,3.0,0.0
2025-11-01T23:00:00+01:00,0.0,19.9,0.4,0.0
2025-11-02T00:00:00+01:00,0.0,0.0,0.0,0.0
2025-11-02T01:00:00+01:00,0.0,0.0,2.1,0.0
2025-11-02T02:00:00+01:00,0.0,0.0,4.4,0.0
2025-11-02T03:00:00+01:00,0.0,0.0,2.8,0.0
2025-11-02T04:00:00+01:00,0.0,0.0,1.7,0.0
2025-11-02T05:00:00+01:00,0.0,0.0,1.4,0.0
2025-11-02T06:00:00+01:00,0.0,0.0,4.8,0.0
2025-11-02T07:00:00+01:00,0.0,0.0,4.5,0.0
2025-11-02T08:00:00+01:00,0.0,0.0,9.3,0.0
2025-11-02T09:00:00+01:00,0.0,0.3,14.5,0.0
2025-11-02T10:00:00+01:00,0.0,70.1,17.8,0.0
2025-11-02T11:00:00+01:00,0.0,189.2,22.4,0.0
2025-11-02T12:00:00+01:00,0.0,70.3,26.3,0.0
2025-11-02T13:00:00+01:00,0.0,82.3,21.2,0.0
2025-11-02T14:00:00+01:00,0.0,91.2,17.4,0.0
2025-11-02T15:00:00+01:00,0.0,194.3,23.2,0.0
2025-11-02T16:00:00+01:00,0.0,315.8,36.6,0.0
2025-11-02T17:00:00+01:00,0.0,340.9,34.5,0.0
2025-11-02T18:00:00+01:00,0.0,231.6,39.0,0.0
2025-11-02T19:00:00+01:00,0.0,232.9,33.7,0.0
2025-11-02T20:00:00+01:00,0.0,217.0,45.0,0.0
2025-11-02T21:00:00+01:00,0.0,107.1,52.3,0.0
2025-11-02T22:00:00+01:00,0.0,0.3,54.7,0.0
2025-11-02T23:00:00+01:00,0.0,0.0,56.7,0.0
2025-11-03T00:00:00+01:00,0.0,0.0,64.6,0.0
2025-11-03T01:00:00+01:00,0.0,0.0,77.0,0.0
2025-11-03T02:00:00+01:00,0.0,0.0,85.7,0.0
2025-11-03T03:00:00+01:00,0.0,0.0,73.5,0.0
2025-11-03T04:00:00+01:00,0.0,0.0,95.1,0.0
2025-11-03T05:00:00+01:00,0.0,0.0,94.3,0.0
2025-11-03T06:00:00+01:00,0.0,0.5,96.4,0.0
2025-11-03T07:00:00+01:00,0.0,52.5,99.8,0.0
2025-11-03T08:00:00+01:00,0.0,30.6,97.2,0.0
2025-11-03T09:00:00+01:00,0.0,0.1,87.8,0.0
2025-11-03T10:00:00+01:00,0.0,0.0,89.1,0.0
2025-11-03T11:00:00+01:00,0.0,0.0,94.3,0.0
2025-11-03T12:00:00+01:00,0.0,0.0,83.3,0.0
2025-11-03T13:00:00+01:00,0.0,0.0,64.5,0.0
2025-11-03T14:00:00+01:00,0.0,0.6,53.2,0.0
2025-11-03T15:00:00+01:00,0.0,188.2,47.7,0.0
2025-11-03T16:00:00+01:00,0.0,267.2,42.7,0.0
2025-11-03T17:00:00+01:00,0.0,477.6,41.1,0.0
2025-11-03T18:00:00+01:00,0.0,577.1,58.8,0.0
2025-11-03T19:00:00+01:00,0.0,542.6,83.7,0.0
2025-11-03T20:00:00+01:00,0.0,161.6,92.1,0.0
2025-11-03T21:00:00+01:00,0.0,161.7,56.5,0.0
2025-11-03T22:00:00+01:00,0.0,105.4,48.3,0.0
2025-11-03T23:00:00+01:00,0.0,80.0,44.0,0.0
2025-11-04T00:00:00+01:00,0.0,24.7,50.7,0.0
2025-11-04T01:00:00+01:00,0.0,0.0,88.2,0.0
2025-11-04T02:00:00+01:00,0.0,0.6,97.6,0.0
2025-11-04T03:00:00+01:00,0.0,142.0,102.0,0.0
2025-11-04T04:00:00+01:00,0.0,70.2,93.3,0.0
2025-11-04T05:00:00+01:00,0.0,93.1,97.3,0.0
2025-11-04T06:00:00+01:00,0.0,173.5,96.3,0.0
2025-11-04T07:00:00+01:00,0.0,212.9,98.5,0.0
2025-11-04T08:00:00+01:00,0.0,228.0,101.7,0.0
2025-11-04T09:00:00+01:00,0.0,130.9,105.1,0.0
2025-11-04T10:00:00+01:00,0.0,0.3,96.0,0.0
2025-11-04T11:00:00+01:00,0.0,0.0,96.6,0.0
2025-11-04T12:00:00+01:00,0.0,0.3,82.1,0.0
2025-11-04T13:00:00+01:00,0.0,69.8,72.7,0.0
2025-11-04T14:00:00+01:00,0.0,70.4,68.1,0.0
2025-11-04T15:00:00+01:00,0.0,118.0,66.7,0.0
2025-11-04T16:00:00+01:00,0.0,251.5,76.4,0.0
2025-11-04T17:00:00+01:00,0.0,263.5,84.1,0.0
2025-11-04T18:00:00+01:00,0.0,285.1,82.3,0.0
2025-11-04T19:00:00+01:00,0.0,222.3,77.2,0.0
2025-11-04T20:00:00+01:00,0.0,173.4,74.5,0.0
2025-11-04T21:00:00+01:00,0.0,70.2,88.2,0.0
2025-11-04T22:00:00+01:00,0.0,33.7,100.8,0.0
2025-11-04T23:00:00+01:00,0.0,0.0,103.3,0.0
2025-11-05T00:00:00+01:00,0.0,0.0,98.3,0.0
2025-11-05T01:00:00+01:00,0.0,0.0,80.3,0.0
2025-11-05T02:00:00+01:00,0.0,0.0,78.8,0.0
2025-11-05T03:00:00+01:00,0.0,0.0,69.0,0.0
2025-11-05T04:00:00+01:00,0.0,0.0,67.3,0.0
2025-11-05T05:00:00+01:00,0.0,0.5,58.4,0.0
2025-11-05T06:00:00+01:00,0.0,64.4,54.6,0.0
2025-11-05T07:00:00+01:00,0.0,129.2,51.7,0.0
2025-11-05T08:00:00+01:00,0.0,83.1,47.6,0.0
2025-11-05T09:00:00+01:00,0.0,14.8,28.7,0.0
2025-11-05T10:00:00+01:00,0.0,0.0,15.1,0.0
2025-11-05T11:00:00+01:00,0.0,0.0,15.4,0.0
2025-11-05T12:00:00+01:00,0.0,0.0,20.6,0.0
2025-11-05T13:00:00+01:00,0.0,0.0,27.4,0.0
2025-11-05T14:00:00+01:00,0.0,0.6,19.8,0.0
2025-11-05T15:00:00+01:00,0.0,159.8,15.7,0.0
2025-11-05T16:00:00+01:00,0.0,200.5,27.6,0.0
2025-11-05T17:00:00+01:00,0.0,220.4,44.0,0.0
2025-11-05T18:00:00+01:00,0.0,248.2,44.6,0.0
2025-11-05T19:00:00+01:00,0.0,212.3,46.6,0.0
2025-11-05T20:00:00+01:00,0.0,210.6,44.6,0.0
2025-11-05T21:00:00+01:00,0.0,198.5,44.2,0.0
2025-11-05T22:00:00+01:00,0.0,47.4,43.6,0.0
2025-11-05T23:00:00+01:00,0.0,0.0,43.1,0.0
2025-11-06T00:00:00+01:00,0.0,0.0,42.1,0.0
2025-11-06T01:00:00+01:00,0.0,0.0,32.4,0.0
2025-11-06T02:00:00+01:00,0.0,0.0,26.5,0.0
2025-11-06T03:00:00+01:00,0.0,0.0,36.5,0.0
2025-11-06T04:00:00+01:00,0.0,0.0,42.5,0.0
2025-11-06T05:00:00+01:00,0.0,0.8,44.1,0.0
2025-11-06T06:00:00+01:00,0.0,114.9,44.4,0.0
2025-11-06T07:00:00+01:00,0.0,171.1,38.0,0.0
2025-11-06T08:00:00+01:00,0.0,167.5,25.7,0.0
2025-11-06T09:00:00+01:00,0.0,0.2,12.7,0.0
2025-11-06T10:00:00+01:00,0.0,0.0,9.8,0.0
2025-11-06T11:00:00+01:00,0.0,0.0,3.8,0.0
2025-11-06T12:00:00+01:00,0.0,0.0,0.2,0.0
2025-11-06T13:00:00+01:00,0.0,0.2,0.0,0.0
2025-11-06T14:00:00+01:00,0.0,10.6,0.0,0.0
2025-11-06T15:00:00+01:00,0.0,142.2,0.0,0.0
2025-11-06T16:00:00+01:00,0.0,272.6,1.0,0.0
2025-11-06T17:00:00+01:00,0.0,365.0,6.5,0.0
2025-11-06T18:00:00+01:00,0.0,296.6,10.6,0.0
2025-11-06T19:00:00+01:00,0.0,264.8,25.3,0.0
2025-11-06T20:00:00+01:00,0.0,242.7,23.5,0.0
2025-11-06T21:00:00+01:00,0.0,228.9,20.9,0.0
2025-11-06T22:00:00+01:00,0.0,124.7,8.5,0.0
2025-11-06T23:00:00+01:00,0.0,0.3,7.2,0.0
2025-11-07T00:00:00+01:00,0.0,0.0,11.2,0.0
2025-11-07T01:00:00+01:00,0.0,0.0,11.5,0.0
2025-11-07T02:00:00+01:00,0.0,0.0,5.8,0.0
2025-11-07T03:00:00+01:00,0.0,0.0,0.4,0.0
2025-11-07T04:00:00+01:00,0.0,0.0,1.4,0.0
2025-11-07T05:00:00+01:00,0.0,0.7,0.4,0.0
2025-11-07T06:00:00+01:00,0.0,129.0,3.0,0.0
2025-11-07T07:00:00+01:00,0.0,184.0,10.6,0.0
2025-11-07T08:00:00+01:00,0.0,197.1,5.9,0.0
2025-11-07T09:00:00+01:00,0.0,1.4,1.1,0.0
2025-11-07T10:00:00+01:00,0.0,0.0,2.0,0.0
2025-11-07T11:00:00+01:00,0.0,0.0,7.4,0.0
2025-11-07T12:00:00+01:00,0.0,0.0,9.5,0.0
2025-11-07T13:00:00+01:00,0.0,27.5,13.7,0.0
2025-11-07T14:00:00+01:00,0.0,55.4,12.8,0.0
2025-11-07T15:00:00+01:00,0.0,201.1,4.3,0.0
2025-11-07T16:00:00+01:00,0.0,379.0,4.8,0.0
2025-11-07T17:00:00+01:00,0.0,431.6,10.1,0.0
2025-11-07T18:00:00+01:00,0.0,293.0,14.5,0.0
2025-11-07T19:00:00+01:00,0.0,254.8,13.5,0.0
2025-11-07T20:00:00+01:00,0.0,238.0,25.6,0.0
2025-11-07T21:00:00+01:00,0.0,132.7,38.8,0.0
2025-11-07T22:00:00+01:00,0.0,1.1,44.8,0.0
2025-11-07T23:00:00+01:00,0.0,0.0,42.4,0.0
2025-11-08T00:00:00+01:00,0.0,0.0,30.4,0.0
2025-11-08T01:00:00+01:00,0.0,0.0,39.5,0.0
2025-11-08T02:00:00+01:00,0.0,0.0,45.3,0.0
2025-11-08T03:00:00+01:00,0.0,0.0,44.0,0.0
2025-11-08T04:00:00+01:00,0.0,0.0,34.9,0.0
2025-11-08T05:00:00+01:00,0.0,0.4,46.8,0.0
2025-11-08T06:00:00+01:00,0.0,32.0,48.8,0.0
2025-11-08T07:00:00+01:00,0.0,91.7,58.5,0.0
2025-11-08T08:00:00+01:00,0.0,91.3,95.5,0.0
2025-11-08T09:00:00+01:00,0.0,57.6,105.9,0.0
2025-11-08T10:00:00+01:00,0.0,75.7,110.1,0.0
2025-11-08T11:00:00+01:00,0.0,79.6,102.2,0.0
2025-11-08T12:00:00+01:00,0.0,87.6,104.1,0.0
2025-11-08T13:00:00+01:00,0.0,107.7,101.8,0.0
2025-11-08T14:00:00+01:00,0.0,99.5,93.2,0.0
2025-11-08T15:00:00+01:00,0.0,143.9,77.4,0.0
2025-11-08T16:00:00+01:00,0.0,173.1,48.2,0.0
2025-11-08T17:00:00+01:00,0.0,194.4,40.6,0.0
2025-11-08T18:00:00+01:00,0.0,206.6,25.2,0.0
2025-11-08T19:00:00+01:00,0.0,201.0,30.1,0.0
2025-11-08T20:00:00+01:00,0.0,190.8,33.2,0.0
2025-11-08T21:00:00+01:00,0.0,178.3,30.0,0.0
2025-11-08T22:00:00+01:00,0.0,53.4,44.8,0.0
2025-11-08T23:00:00+01:00,0.0,52.3,49.8,0.0
2025-11-09T00:00:00+01:00,0.0,61.9,35.1,0.0
2025-11-09T01:00:00+01:00,0.0,31.0,17.2,0.0
2025-11-09T02:00:00+01:00,0.0,0.1,17.4,0.0
2025-11-09T03:00:00+01:00,0.0,0.0,27.2,0.0
2025-11-09T04:00:00+01:00,0.0,0.6,21.9,0.0
2025-11-09T05:00:00+01:00,0.0,50.6,22.3,0.0
2025-11-09T06:00:00+01:00,0.0,104.7,22.9,0.0
2025-11-09T07:00:00+01:00,0.0,105.1,29.9,0.0
2025-11-09T08:00:00+01:00,0.0,105.3,26.8,0.0
2025-11-09T09:00:00+01:00,0.0,143.0,17.0,0.0
2025-11-09T10:00:00+01:00,0.0,142.3,28.6,0.0
2025-11-09T11:00:00+01:00,0.0,80.4,21.5,0.0
2025-11-09T12:00:00+01:00,0.0,80.1,27.8,0.0
2025-11-09T13:00:00+01:00,0.0,80.1,29.4,0.0
2025-11-09T14:00:00+01:00,0.0,80.6,37.9,0.0
2025-11-09T15:00:00+01:00,0.0,176.5,39.8,0.0
2025-11-09T16:00:00+01:00,0.0,201.6,39.6,0.0
2025-11-09T17:00:00+01:00,0.0,230.3,44.5,0.0
2025-11-09T18:00:00+01:00,0.0,242.3,44.5,0.0
2025-11-09T19:00:00+01:00,0.0,241.4,44.5,0.0
2025-11-09T20:00:00+01:00,0.0,234.1,50.6,0.0
2025-11-09T21:00:00+01:00,0.0,73.8,47.1,0.0
2025-11-09T22:00:00+01:00,0.0,70.1,35.4,0.0
2025-11-09T23:00:00+01:00,0.0,71.2,15.2,0.0
2025-11-10T00:00:00+01:00,0.0,125.6,27.3,0.0
2025-11-10T01:00:00+01:00,0.0,101.0,45.2,0.0
2025-11-10T02:00:00+01:00,0.0,92.1,44.5,0.0
2025-11-10T03:00:00+01:00,0.0,92.1,50.3,0.0
2025-11-10T04:00:00+01:00,0.0,96.2,56.1,0.0
2025-11-10T05:00:00+01:00,0.0,107.3,39.2,0.0
2025-11-10T06:00:00+01:00,0.0,156.7,49.1,0.0
2025-11-10T07:00:00+01:00,0.0,243.4,24.6,0.0
2025-11-10T08:00:00+01:00,0.0,267.8,32.2,0.0
2025-11-10T09:00:00+01:00,0.0,292.9,28.9,0.0
2025-11-10T10:00:00+01:00,0.0,299.2,21.1,0.0
2025-11-10T11:00:00+01:00,0.0,294.3,24.4,0.0
2025-11-10T12:00:00+01:00,0.0,308.6,22.0,0.0
2025-11-10T13:00:00+01:00,0.0,310.0,12.3,0.0
2025-11-10T14:00:00+01:00,0.0,310.9,10.2,0.0
2025-11-10T15:00:00+01:00,0.0,325.6,10.0,0.0
2025-11-10T16:00:00+01:00,0.0,335.6,9.8,0.0
2025-11-10T17:00:00+01:00,0.0,336.9,15.0,0.0
2025-11-10T18:00:00+01:00,0.0,334.8,13.3,0.0
2025-11-10T19:00:00+01:00,0.0,323.8,19.4,0.0
2025-11-10T20:00:00+01:00,0.0,300.3,42.1,0.0
2025-11-10T21:00:00+01:00,0.0,290.5,31.5,0.0
2025-11-10T22:00:00+01:00,0.0,154.2,24.7,0.0
2025-11-10T23:00:00+01:00,0.0,152.3,23.5,0.0
2025-11-11T00:00:00+01:00,0.0,152.4,26.3,0.0
2025-11-11T01:00:00+01:00,0.0,153.1,24.5,0.0
2025-11-11T02:00:00+01:00,0.0,135.6,15.7,0.0
2025-11-11T03:00:00+01:00,0.0,131.5,8.3,0.0
2025-11-11T04:00:00+01:00,0.0,133.0,7.1,0.0
2025-11-11T05:00:00+01:00,0.0,150.1,6.7,0.0
2025-11-11T06:00:00+01:00,0.0,207.6,8.5,0.0
2025-11-11T07:00:00+01:00,0.0,262.5,5.7,0.0
2025-11-11T08:00:00+01:00,0.0,289.8,2.7,0.0
2025-11-11T09:00:00+01:00,0.0,159.7,1.6,0.0
2025-11-11T10:00:00+01:00,0.0,160.2,0.9,0.0
2025-11-11T11:00:00+01:00,0.0,156.7,0.0,0.0
2025-11-11T12:00:00+01:00,0.0,155.6,0.1,0.0
2025-11-11T13:00:00+01:00,0.0,154.0,0.0,0.0
2025-11-11T14:00:00+01:00,0.0,159.7,0.0,0.0
2025-11-11T15:00:00+01:00,0.0,290.3,0.1,0.0
2025-11-11T16:00:00+01:00,0.0,320.8,3.2,0.0
2025-11-11T17:00:00+01:00,0.0,352.5,2.7,0.0
2025-11-11T18:00:00+01:00,0.0,358.0,3.1,0.0
2025-11-11T19:00:00+01:00,0.0,350.8,7.7,0.0
2025-11-11T20:00:00+01:00,0.0,338.7,18.8,0.0
2025-11-11T21:00:00+01:00,0.0,223.3,17.5,0.0
2025-11-11T22:00:00+01:00,0.0,163.9,9.6,0.0
2025-11-11T23:00:00+01:00,0.0,150.0,6.9,0.0
2025-11-12T00:00:00+01:00,0.0,148.6,2.3,0.0
2025-11-12T01:00:00+01:00,0.0,147.4,4.2,0.0
2025-11-12T02:00:00+01:00,0.0,148.7,4.4,0.0
2025-11-12T03:00:00+01:00,0.0,142.7,7.8,0.0
2025-11-12T04:00:00+01:00,0.0,149.2,12.3,0.0
2025-11-12T05:00:00+01:00,0.0,151.8,13.5,0.0
2025-11-12T06:00:00+01:00,0.0,223.3,11.1,0.0
2025-11-12T07:00:00+01:00,0.0,281.1,6.6,0.0
2025-11-12T08:00:00+01:00,0.0,299.4,0.4,0.0
2025-11-12T09:00:00+01:00,0.0,162.3,0.0,0.0
2025-11-12T10:00:00+01:00,0.0,152.0,0.7,0.0
2025-11-12T11:00:00+01:00,0.0,151.3,0.7,0.0
2025-11-12T12:00:00+01:00,0.0,149.6,2.4,0.0
2025-11-12T13:00:00+01:00,0.0,148.6,6.5,0.0
2025-11-12T14:00:00+01:00,0.0,149.6,6.1,0.0
2025-11-12T15:00:00+01:00,0.0,267.6,5.7,0.0
2025-11-12T16:00:00+01:00,0.0,599.2,4.2,0.0
2025-11-12T17:00:00+01:00,0.0,602.4,0.9,0.0
2025-11-12T18:00:00+01:00,0.0,601.8,0.0,0.0
2025-11-12T19:00:00+01:00,0.0,567.5,0.0,0.0
2025-11-12T20:00:00+01:00,0.0,354.6,0.0,0.0
2025-11-12T21:00:00+01:00,0.0,337.1,0.1,0.0
2025-11-12T22:00:00+01:00,0.0,236.3,0.3,0.0
2025-11-12T23:00:00+01:00,0.0,211.7,0.6,0.0
2025-11-13T00:00:00+01:00,0.0,109.5,0.8,0.0
2025-11-13T01:00:00+01:00,0.0,114.6,1.7,0.0
2025-11-13T02:00:00+01:00,0.0,113.8,0.4,0.0
2025-11-13T03:00:00+01:00,0.0,114.6,0.0,0.0
2025-11-13T04:00:00+01:00,0.0,116.8,0.6,0.0
2025-11-13T05:00:00+01:00,0.0,119.3,0.4,0.0
2025-11-13T06:00:00+01:00,0.0,203.8,0.0,0.0
2025-11-13T07:00:00+01:00,0.0,240.2,0.0,0.0
2025-11-13T08:00:00+01:00,0.0,260.6,0.0,0.0
2025-11-13T09:00:00+01:00,0.0,99.0,0.0,0.0
2025-11-13T10:00:00+01:00,0.0,101.7,0.1,0.0
2025-11-13T11:00:00+01:00,0.0,100.4,0.0,0.0
2025-11-13T12:00:00+01:00,0.0,98.3,0.0,0.0
2025-11-13T13:00:00+01:00,0.0,98.1,0.0,0.0
2025-11-13T14:00:00+01:00,0.0,163.4,0.6,0.0
2025-11-13T15:00:00+01:00,0.0,272.2,0.3,0.0
2025-11-13T16:00:00+01:00,0.0,571.6,3.0,0.0
2025-11-13T17:00:00+01:00,0.0,608.7,5.2,0.0
2025-11-13T18:00:00+01:00,0.0,597.0,3.1,0.0
2025-11-13T19:00:00+01:00,0.0,539.1,0.3,0.0
2025-11-13T20:00:00+01:00,0.0,350.4,0.0,0.0
2025-11-13T21:00:00+01:00,0.0,327.7,0.0,0.0
2025-11-13T22:00:00+01:00,0.0,302.5,0.0,0.0
2025-11-13T23:00:00+01:00,0.0,106.1,0.0,0.0
2025-11-14T00:00:00+01:00,0.0,73.0,0.0,0.0
2025-11-14T01:00:00+01:00,0.0,74.6,0.0,0.0
2025-11-14T02:00:00+01:00,0.0,74.9,0.0,0.0
2025-11-14T03:00:00+01:00,0.0,74.9,0.6,0.0
2025-11-14T04:00:00+01:00,0.0,75.0,0.3,0.0
2025-11-14T05:00:00+01:00,0.0,120.3,1.6,0.0
2025-11-14T06:00:00+01:00,0.0,183.4,2.5,0.0
2025-11-14T07:00:00+01:00,0.0,220.6,2.1,0.0
2025-11-14T08:00:00+01:00,0.0,248.7,0.8,0.0
2025-11-14T09:00:00+01:00,0.0,134.0,0.0,0.0
2025-11-14T10:00:00+01:00,0.0,66.3,0.0,0.0
2025-11-14T11:00:00+01:00,0.0,69.8,0.4,0.0
2025-11-14T12:00:00+01:00,0.0,68.9,1.7,0.0
2025-11-14T13:00:00+01:00,0.0,73.3,0.2,0.0
2025-11-14T14:00:00+01:00,0.0,135.4,0.0,0.0
2025-11-14T15:00:00+01:00,0.0,322.4,0.1,0.0
2025-11-14T16:00:00+01:00,0.0,501.0,1.8,0.0
2025-11-14T17:00:00+01:00,0.0,495.9,3.0,0.0
2025-11-14T18:00:00+01:00,0.0,457.1,0.4,0.0
2025-11-14T19:00:00+01:00,0.0,422.8,0.0,0.0
2025-11-14T20:00:00+01:00,0.0,338.8,0.2,0.0
2025-11-14T21:00:00+01:00,0.0,230.5,0.4,0.0
2025-11-14T22:00:00+01:00,0.0,142.4,0.0,0.0
2025-11-14T23:00:00+01:00,0.0,72.0,0.0,0.0
2025-11-15T00:00:00+01:00,0.0,47.5,0.0,0.0
2025-11-15T01:00:00+01:00,0.0,48.1,0.0,0.0
2025-11-15T02:00:00+01:00,0.0,50.2,0.0,0.0
2025-11-15T03:00:00+01:00,0.0,49.3,0.0,0.0
2025-11-15T04:00:00+01:00,0.0,50.3,0.4,0.0
2025-11-15T05:00:00+01:00,0.0,51.2,0.0,0.0
2025-11-15T06:00:00+01:00,0.0,50.1,0.0,0.0
2025-11-15T07:00:00+01:00,0.0,48.5,0.4,0.0
2025-11-15T08:00:00+01:00,0.0,55.8,1.0,0.0
2025-11-15T09:00:00+01:00,0.0,38.7,2.1,0.0
2025-11-15T10:00:00+01:00,0.0,37.1,4.4,0.0
2025-11-15T11:00:00+01:00,0.0,33.0,5.1,0.0
2025-11-15T12:00:00+01:00,0.0,36.5,6.7,0.0
2025-11-15T13:00:00+01:00,0.0,51.0,3.3,0.0
2025-11-15T14:00:00+01:00,0.0,38.3,6.1,0.0
2025-11-15T15:00:00+01:00,0.0,265.7,2.5,0.0
2025-11-15T16:00:00+01:00,0.0,307.6,0.6,0.0
2025-11-15T17:00:00+01:00,0.0,346.9,0.0,0.0
2025-11-15T18:00:00+01:00,0.0,350.0,0.1,0.0
2025-11-15T19:00:00+01:00,0.0,346.8,0.6,0.0
2025-11-15T20:00:00+01:00,0.0,332.7,3.0,0.0
2025-11-15T21:00:00+01:00,0.0,200.7,5.4,0.0
2025-11-15T22:00:00+01:00,0.0,105.5,2.8,0.0
2025-11-15T23:00:00+01:00,0.0,38.1,0.7,0.0
2025-11-16T00:00:00+01:00,0.0,125.1,0.3,0.0
2025-11-16T01:00:00+01:00,0.0,50.4,0.1,0.0
2025-11-16T02:00:00+01:00,0.0,49.4,0.2,0.0
2025-11-16T03:00:00+01:00,0.0,48.0,1.7,0.0
2025-11-16T04:00:00+01:00,0.0,45.9,3.8,0.0
2025-11-16T05:00:00+01:00,0.0,45.8,6.6,0.0
2025-11-16T06:00:00+01:00,0.0,41.6,8.3,0.0
2025-11-16T07:00:00+01:00,0.0,39.8,10.5,0.0
2025-11-16T08:00:00+01:00,0.0,49.5,9.7,0.0
2025-11-16T09:00:00+01:00,0.0,49.8,12.9,0.0
2025-11-16T10:00:00+01:00,0.0,40.2,12.4,0.0
2025-11-16T11:00:00+01:00,0.0,38.8,14.9,0.0
2025-11-16T12:00:00+01:00,0.0,50.4,15.0,0.0
2025-11-16T13:00:00+01:00,0.0,58.2,17.0,0.0
2025-11-16T14:00:00+01:00,0.0,124.4,14.6,0.0
2025-11-16T15:00:00+01:00,0.0,257.8,17.2,0.0
2025-11-16T16:00:00+01:00,0.0,303.2,24.6,0.0
2025-11-16T17:00:00+01:00,0.0,323.8,36.1,0.0
2025-11-16T18:00:00+01:00,0.0,317.2,41.1,0.0
2025-11-16T19:00:00+01:00,0.0,314.9,42.6,0.0
2025-11-16T20:00:00+01:00,0.0,311.6,52.7,0.0
2025-11-16T21:00:00+01:00,0.0,133.3,44.0,0.0
2025-11-16T22:00:00+01:00,0.0,76.9,42.8,0.0
2025-11-16T23:00:00+01:00,0.0,52.3,53.6,0.0
2025-11-17T00:00:00+01:00,0.0,47.8,45.1,0.0
2025-11-17T01:00:00+01:00,0.0,43.8,60.4,0.0
2025-11-17T02:00:00+01:00,0.0,45.9,67.9,0.0
2025-11-17T03:00:00+01:00,0.0,43.5,78.2,0.0
2025-11-17T04:00:00+01:00,0.0,43.1,108.2,0.0
2025-11-17T05:00:00+01:00,0.0,46.3,109.5,0.0
2025-11-17T06:00:00+01:00,0.0,209.6,102.0,0.0
2025-11-17T07:00:00+01:00,0.0,279.3,91.1,0.0
2025-11-17T08:00:00+01:00,0.0,308.7,97.4,0.0
2025-11-17T09:00:00+01:00,0.0,324.6,91.9,0.0
2025-11-17T10:00:00+01:00,0.0,320.8,93.8,0.0
2025-11-17T11:00:00+01:00,0.0,236.2,86.4,0.0
2025-11-17T12:00:00+01:00,0.0,234.6,101.0,0.0
2025-11-17T13:00:00+01:00,0.0,236.5,103.6,0.0
2025-11-17T14:00:00+01:00,0.0,317.1,103.4,0.0
2025-11-17T15:00:00+01:00,0.0,318.4,102.6,0.0
2025-11-17T16:00:00+01:00,0.0,324.6,103.3,0.0
2025-11-17T17:00:00+01:00,0.0,387.5,104.9,0.0
2025-11-17T18:00:00+01:00,0.0,374.6,98.8,0.0
2025-11-17T19:00:00+01:00,0.0,339.5,97.6,0.0
2025-11-17T20:00:00+01:00,0.0,328.2,98.1,0.0
2025-11-17T21:00:00+01:00,0.0,305.2,102.7,0.0
2025-11-17T22:00:00+01:00,0.0,279.2,99.8,0.0
2025-11-17T23:00:00+01:00,0.0,242.3,105.7,0.0
2025-11-18T00:00:00+01:00,0.0,188.4,108.0,0.0
2025-11-18T01:00:00+01:00,0.0,192.0,108.1,0.0
2025-11-18T02:00:00+01:00,0.0,192.0,103.9,0.0
2025-11-18T03:00:00+01:00,0.0,201.8,82.8,0.0
2025-11-18T04:00:00+01:00,0.0,202.8,78.7,0.0
2025-11-18T05:00:00+01:00,0.0,220.7,42.7,0.0
2025-11-18T06:00:00+01:00,0.0,266.7,17.4,0.0
2025-11-18T07:00:00+01:00,0.0,369.7,41.7,0.0
2025-11-18T08:00:00+01:00,0.0,376.4,14.4,0.0
2025-11-18T09:00:00+01:00,0.0,385.9,2.4,0.0
2025-11-18T10:00:00+01:00,0.0,165.1,5.6,0.0
2025-11-18T11:00:00+01:00,0.0,167.2,8.6,0.0
2025-11-18T12:00:00+01:00,0.0,169.2,4.9,0.0
2025-11-18T13:00:00+01:00,0.0,238.5,28.0,0.0
2025-11-18T14:00:00+01:00,0.0,226.4,53.4,0.0
2025-11-18T15:00:00+01:00,0.0,368.1,54.4,0.0
2025-11-18T16:00:00+01:00,0.0,517.1,62.7,0.0
2025-11-18T17:00:00+01:00,0.0,505.9,48.3,0.0
2025-11-18T18:00:00+01:00,0.0,450.7,53.4,0.0
2025-11-18T19:00:00+01:00,0.0,369.2,72.8,0.0
2025-11-18T20:00:00+01:00,0.0,366.7,56.5,0.0
2025-11-18T21:00:00+01:00,0.0,364.9,60.5,0.0
2025-11-18T22:00:00+01:00,0.0,198.5,55.8,0.0
2025-11-18T23:00:00+01:00,0.0,190.4,52.2,0.0
2025-11-19T00:00:00+01:00,0.0,164.3,47.9,0.0
2025-11-19T01:00:00+01:00,0.0,165.3,37.7,0.0
2025-11-19T02:00:00+01:00,0.0,158.9,46.7,0.0
2025-11-19T03:00:00+01:00,0.0,159.0,27.1,0.0
2025-11-19T04:00:00+01:00,0.0,172.6,19.2,0.0
2025-11-19T05:00:00+01:00,0.0,178.9,17.1,0.0
2025-11-19T06:00:00+01:00,0.0,266.1,9.8,0.0
2025-11-19T07:00:00+01:00,0.0,324.3,18.9,0.0
2025-11-19T08:00:00+01:00,0.0,344.9,43.6,0.0
2025-11-19T09:00:00+01:00,0.0,353.4,44.5,0.0
2025-11-19T10:00:00+01:00,0.0,329.4,60.0,0.0
2025-11-19T11:00:00+01:00,0.0,358.5,51.0,0.0
2025-11-19T12:00:00+01:00,0.0,340.9,74.3,0.0
2025-11-19T13:00:00+01:00,0.0,332.8,83.5,0.0
2025-11-19T14:00:00+01:00,0.0,358.6,56.2,0.0
2025-11-19T15:00:00+01:00,0.0,543.4,51.7,0.0
2025-11-19T16:00:00+01:00,0.0,624.9,43.0,0.0
2025-11-19T17:00:00+01:00,0.0,607.4,59.0,0.0
2025-11-19T18:00:00+01:00,0.0,555.6,60.0,0.0
2025-11-19T19:00:00+01:00,0.0,535.2,49.2,0.0
2025-11-19T20:00:00+01:00,0.0,361.5,62.3,0.0
2025-11-19T21:00:00+01:00,0.0,337.9,54.9,0.0
2025-11-19T22:00:00+01:00,0.0,251.0,38.4,0.0
2025-11-19T23:00:00+01:00,0.0,218.4,42.7,0.0
2025-11-20T00:00:00+01:00,0.0,262.9,45.6,0.0
2025-11-20T01:00:00+01:00,0.0,203.4,65.9,0.0
2025-11-20T02:00:00+01:00,0.0,186.3,62.9,0.0
2025-11-20T03:00:00+01:00,0.0,183.8,48.7,0.0
2025-11-20T04:00:00+01:00,0.0,189.7,40.4,0.0
2025-11-20T05:00:00+01:00,0.0,204.1,60.2,0.0
2025-11-20T06:00:00+01:00,0.0,219.6,89.7,0.0
2025-11-20T07:00:00+01:00,0.0,280.1,96.2,0.0
2025-11-20T08:00:00+01:00,0.0,323.4,88.6,0.0
2025-11-20T09:00:00+01:00,0.0,370.0,94.5,0.0
2025-11-20T10:00:00+01:00,0.0,371.2,89.7,0.0
2025-11-20T11:00:00+01:00,0.0,373.8,91.2,0.0
2025-11-20T12:00:00+01:00,0.0,298.6,99.4,0.0
2025-11-20T13:00:00+01:00,0.0,298.5,83.2,0.0
2025-11-20T14:00:00+01:00,0.0,299.2,72.0,0.0
2025-11-20T15:00:00+01:00,0.0,519.2,69.4,0.0
2025-11-20T16:00:00+01:00,0.0,520.2,61.5,0.0
2025-11-20T17:00:00+01:00,0.0,623.7,55.6,0.0
2025-11-20T18:00:00+01:00,0.0,582.9,50.1,0.0
2025-11-20T19:00:00+01:00,0.0,489.8,58.0,0.0
2025-11-20T20:00:00+01:00,0.0,367.6,51.8,0.0
2025-11-20T21:00:00+01:00,0.0,338.6,66.7,0.0
2025-11-20T22:00:00+01:00,0.0,316.3,69.5,0.0
2025-11-20T23:00:00+01:00,0.0,258.3,100.8,0.0
2025-11-21T00:00:00+01:00,0.0,288.5,104.6,0.0
2025-11-21T01:00:00+01:00,0.0,289.8,102.8,0.0
2025-11-21T02:00:00+01:00,0.0,288.7,103.6,0.0
2025-11-21T03:00:00+01:00,0.0,287.1,105.7,0.0
2025-11-21T04:00:00+01:00,0.0,287.9,105.5,0.0
2025-11-21T05:00:00+01:00,0.0,290.3,102.4,0.0
2025-11-21T06:00:00+01:00,0.0,289.7,99.9,0.0
2025-11-21T07:00:00+01:00,0.0,370.1,88.0,0.0
2025-11-21T08:00:00+01:00,0.0,448.9,94.2,0.0
2025-11-21T09:00:00+01:00,0.0,452.5,95.1,0.0
2025-11-21T10:00:00+01:00,0.0,383.0,90.6,0.0
2025-11-21T11:00:00+01:00,0.0,348.9,92.9,0.0
2025-11-21T12:00:00+01:00,0.0,332.5,104.0,0.0
2025-11-21T13:00:00+01:00,0.0,345.1,107.2,0.0
2025-11-21T14:00:00+01:00,0.0,440.6,101.5,0.0
2025-11-21T15:00:00+01:00,0.0,537.9,107.6,0.0
2025-11-21T16:00:00+01:00,0.0,571.1,105.6,0.0
2025-11-21T17:00:00+01:00,0.0,597.8,102.5,0.0
2025-11-21T18:00:00+01:00,0.0,590.7,104.0,0.0
2025-11-21T19:00:00+01:00,0.0,583.0,93.4,0.0
2025-11-21T20:00:00+01:00,0.0,342.2,81.0,0.0
2025-11-21T21:00:00+01:00,0.0,351.4,58.0,0.0
2025-11-21T22:00:00+01:00,0.0,366.5,42.8,0.0
2025-11-21T23:00:00+01:00,0.0,296.6,50.8,0.0
2025-11-22T00:00:00+01:00,0.0,245.4,64.6,0.0
2025-11-22T01:00:00+01:00,0.0,235.7,67.7,0.0
2025-11-22T02:00:00+01:00,0.0,229.5,95.2,0.0
2025-11-22T03:00:00+01:00,0.0,235.9,66.7,0.0
2025-11-22T04:00:00+01:00,0.0,246.1,71.8,0.0
2025-11-22T05:00:00+01:00,0.0,262.5,43.4,0.0
2025-11-22T06:00:00+01:00,0.0,238.6,78.6,0.0
2025-11-22T07:00:00+01:00,0.0,241.7,95.5,0.0
2025-11-22T08:00:00+01:00,0.0,286.5,106.0,0.0
2025-11-22T09:00:00+01:00,0.0,291.6,106.7,0.0
2025-11-22T10:00:00+01:00,0.0,285.1,103.7,0.0
2025-11-22T11:00:00+01:00,0.0,290.9,92.5,0.0
2025-11-22T12:00:00+01:00,0.0,285.0,101.3,0.0
2025-11-22T13:00:00+01:00,0.0,287.9,80.9,0.0
2025-11-22T14:00:00+01:00,0.0,373.0,45.3,0.0
2025-11-22T15:00:00+01:00,0.0,395.6,20.2,0.0
2025-11-22T16:00:00+01:00,0.0,503.0,42.3,0.0
2025-11-22T17:00:00+01:00,0.0,462.1,38.4,0.0
2025-11-22T18:00:00+01:00,0.0,415.1,58.5,0.0
2025-11-22T19:00:00+01:00,0.0,430.2,50.2,0.0
2025-11-22T20:00:00+01:00,0.0,418.2,59.1,0.0
2025-11-22T21:00:00+01:00,0.0,293.0,25.7,0.0
2025-11-22T22:00:00+01:00,0.0,295.5,23.7,0.0
2025-11-22T23:00:00+01:00,0.0,297.2,32.3,0.0
2025-11-23T00:00:00+01:00,0.0,297.8,44.5,0.0
2025-11-23T01:00:00+01:00,0.0,298.3,24.0,0.0
2025-11-23T02:00:00+01:00,0.0,296.6,29.9,0.0
2025-11-23T03:00:00+01:00,0.0,298.0,28.1,0.0
2025-11-23T04:00:00+01:00,0.0,297.7,34.2,0.0
2025-11-23T05:00:00+01:00,0.0,298.6,21.6,0.0
2025-11-23T06:00:00+01:00,0.0,298.4,14.9,0.0
2025-11-23T07:00:00+01:00,0.0,298.4,17.5,0.0
2025-11-23T08:00:00+01:00,0.0,298.2,29.1,0.0
2025-11-23T09:00:00+01:00,0.0,298.6,3.1,0.0
2025-11-23T10:00:00+01:00,0.0,298.5,2.6,0.0
2025-11-23T11:00:00+01:00,0.0,297.7,4.1,0.0
2025-11-23T12:00:00+01:00,0.0,298.3,15.9,0.0
2025-11-23T13:00:00+01:00,0.0,298.9,17.3,0.0
2025-11-23T14:00:00+01:00,0.0,407.6,15.7,0.0
2025-11-23T15:00:00+01:00,0.0,411.4,12.1,0.0
2025-11-23T16:00:00+01:00,0.0,410.7,17.7,0.0
2025-11-23T17:00:00+01:00,0.0,470.6,9.7,0.0
2025-11-23T18:00:00+01:00,0.0,484.0,14.1,0.0
2025-11-23T19:00:00+01:00,0.0,461.5,19.6,0.0
2025-11-23T20:00:00+01:00,0.0,465.7,6.4,0.0
2025-11-23T21:00:00+01:00,0.0,299.0,17.7,0.0
2025-11-23T22:00:00+01:00,0.0,291.5,31.2,0.0
2025-11-23T23:00:00+01:00,0.0,286.2,28.0,0.0
2025-11-24T00:00:00+01:00,0.0,297.1,11.6,0.0
2025-11-24T01:00:00+01:00,0.0,297.1,10.9,0.0
2025-11-24T02:00:00+01:00,0.0,297.6,10.0,0.0
2025-11-24T03:00:00+01:00,0.0,298.6,6.5,0.0
2025-11-24T04:00:00+01:00,0.0,298.6,6.5,0.0
2025-11-24T05:00:00+01:00,0.0,297.9,12.5,0.0
2025-11-24T06:00:00+01:00,0.0,366.8,13.2,0.0
2025-11-24T07:00:00+01:00,0.0,499.8,16.2,0.0
2025-11-24T08:00:00+01:00,0.0,537.4,19.0,0.0
2025-11-24T09:00:00+01:00,0.0,474.2,31.7,0.0
2025-11-24T10:00:00+01:00,0.0,470.9,44.3,0.0
2025-11-24T11:00:00+01:00,0.0,460.8,45.0,0.0
2025-11-24T12:00:00+01:00,0.0,462.9,39.5,0.0
2025-11-24T13:00:00+01:00,0.0,521.2,28.7,0.0
2025-11-24T14:00:00+01:00,0.0,635.4,49.2,0.0
2025-11-24T15:00:00+01:00,0.0,633.8,74.4,0.0
2025-11-24T16:00:00+01:00,0.0,634.9,77.9,0.0
2025-11-24T17:00:00+01:00,0.0,627.1,83.8,0.0
2025-11-24T18:00:00+01:00,0.0,628.0,91.1,0.0
2025-11-24T19:00:00+01:00,0.0,624.2,104.7,0.0
2025-11-24T20:00:00+01:00,0.0,576.8,105.9,0.0
2025-11-24T21:00:00+01:00,0.0,584.9,110.7,0.0
2025-11-24T22:00:00+01:00,0.0,384.3,111.4,0.0
2025-11-24T23:00:00+01:00,0.0,289.7,111.2,0.0
2025-11-25T00:00:00+01:00,0.0,292.9,111.3,0.0
2025-11-25T01:00:00+01:00,0.0,293.5,111.1,0.0
2025-11-25T02:00:00+01:00,0.0,294.3,111.5,0.0
2025-11-25T03:00:00+01:00,0.0,295.4,109.9,0.0
2025-11-25T04:00:00+01:00,0.0,296.4,108.5,0.0
2025-11-25T05:00:00+01:00,0.0,295.1,109.0,0.0
2025-11-25T06:00:00+01:00,0.0,508.9,107.9,0.0
2025-11-25T07:00:00+01:00,0.0,521.8,109.9,0.0
2025-11-25T08:00:00+01:00,0.0,467.7,111.3,0.0
2025-11-25T09:00:00+01:00,0.0,480.7,111.2,0.0
2025-11-25T10:00:00+01:00,0.0,460.3,109.9,0.0
2025-11-25T11:00:00+01:00,0.0,485.0,110.9,0.0
2025-11-25T12:00:00+01:00,0.0,475.8,110.5,0.0
2025-11-25T13:00:00+01:00,0.0,482.8,106.4,0.0
2025-11-25T14:00:00+01:00,0.0,519.0,107.5,0.0
2025-11-25T15:00:00+01:00,0.0,596.8,103.1,0.0
2025-11-25T16:00:00+01:00,0.0,633.4,92.8,0.0
2025-11-25T17:00:00+01:00,0.0,528.3,75.6,0.0
2025-11-25T18:00:00+01:00,0.0,568.8,68.4,0.0
2025-11-25T19:00:00+01:00,0.0,561.1,58.0,0.0
2025-11-25T20:00:00+01:00,0.0,517.5,50.9,0.0
2025-11-25T21:00:00+01:00,0.0,467.8,43.9,0.0
2025-11-25T22:00:00+01:00,0.0,450.9,42.5,0.0
2025-11-25T23:00:00+01:00,0.0,396.3,63.7,0.0
2025-11-26T00:00:00+01:00,0.0,281.5,75.7,0.0
2025-11-26T01:00:00+01:00,0.0,281.6,65.9,0.0
2025-11-26T02:00:00+01:00,0.0,284.3,78.1,0.0
2025-11-26T03:00:00+01:00,0.0,294.6,87.8,0.0
2025-11-26T04:00:00+01:00,0.0,296.3,94.2,0.0
2025-11-26T05:00:00+01:00,0.0,297.5,72.2,0.0
2025-11-26T06:00:00+01:00,0.0,385.6,43.5,0.0
2025-11-26T07:00:00+01:00,0.0,533.2,33.8,0.0
2025-11-26T08:00:00+01:00,0.0,550.2,13.4,0.0
2025-11-26T09:00:00+01:00,0.0,538.2,6.3,0.0
2025-11-26T10:00:00+01:00,0.0,536.9,11.0,0.0
2025-11-26T11:00:00+01:00,0.0,534.0,17.5,0.0
2025-11-26T12:00:00+01:00,0.0,534.7,14.2,0.0
2025-11-26T13:00:00+01:00,0.0,529.5,13.8,0.0
2025-11-26T14:00:00+01:00,0.0,560.1,16.4,0.0
2025-11-26T15:00:00+01:00,0.0,596.0,15.5,0.0
2025-11-26T16:00:00+01:00,0.0,620.8,10.8,0.0
2025-11-26T17:00:00+01:00,0.0,637.7,15.6,0.0
2025-11-26T18:00:00+01:00,0.0,614.9,16.1,0.0
2025-11-26T19:00:00+01:00,0.0,584.3,24.9,0.0
2025-11-26T20:00:00+01:00,0.0,602.8,20.0,0.0
2025-11-26T21:00:00+01:00,0.0,514.4,38.7,0.0
2025-11-26T22:00:00+01:00,0.0,475.1,46.7,0.0
2025-11-26T23:00:00+01:00,0.0,283.7,55.0,0.0
2025-11-27T00:00:00+01:00,0.0,282.9,59.6,0.0
2025-11-27T01:00:00+01:00,0.0,281.7,67.2,0.0
2025-11-27T02:00:00+01:00,0.0,283.4,75.2,0.0
2025-11-27T03:00:00+01:00,0.0,274.6,85.7,0.0
2025-11-27T04:00:00+01:00,0.0,279.1,92.1,0.0
2025-11-27T05:00:00+01:00,0.0,277.5,96.2,0.0
2025-11-27T06:00:00+01:00,0.0,371.8,93.5,0.0
2025-11-27T07:00:00+01:00,0.0,455.7,94.5,0.0
2025-11-27T08:00:00+01:00,0.0,485.2,95.6,0.0
2025-11-27T09:00:00+01:00,0.0,444.3,88.6,0.0
2025-11-27T10:00:00+01:00,0.0,440.8,86.8,0.0
2025-11-27T11:00:00+01:00,0.0,455.7,85.2,0.0
2025-11-27T12:00:00+01:00,0.0,439.1,86.4,0.0
2025-11-27T13:00:00+01:00,0.0,445.0,86.1,0.0
2025-11-27T14:00:00+01:00,0.0,498.0,82.4,0.0
2025-11-27T15:00:00+01:00,0.0,481.1,83.5,0.0
2025-11-27T16:00:00+01:00,0.0,526.0,83.1,0.0
2025-11-27T17:00:00+01:00,0.0,547.5,86.2,0.0
2025-11-27T18:00:00+01:00,0.0,563.8,89.3,0.0
2025-11-27T19:00:00+01:00,0.0,534.9,94.2,0.0
2025-11-27T20:00:00+01:00,0.0,464.2,88.3,0.0
2025-11-27T21:00:00+01:00,0.0,455.0,72.6,0.0
2025-11-27T22:00:00+01:00,0.0,297.1,74.6,0.0
2025-11-27T23:00:00+01:00,0.0,296.0,75.1,0.0
2025-11-28T00:00:00+01:00,0.0,295.5,75.7,0.0
2025-11-28T01:00:00+01:00,0.0,297.8,69.7,0.0
2025-11-28T02:00:00+01:00,0.0,296.8,75.1,0.0
2025-11-28T03:00:00+01:00,0.0,294.7,80.9,0.0
2025-11-28T04:00:00+01:00,0.0,292.2,87.0,0.0
2025-11-28T05:00:00+01:00,0.0,292.8,88.6,0.0
2025-11-28T06:00:00+01:00,0.0,368.5,92.9,0.0
2025-11-28T07:00:00+01:00,0.0,487.5,97.1,0.0
2025-11-28T08:00:00+01:00,0.0,573.8,103.0,0.0
2025-11-28T09:00:00+01:00,0.0,477.3,95.5,0.0
2025-11-28T10:00:00+01:00,0.0,463.5,86.5,0.0
2025-11-28T11:00:00+01:00,0.0,473.2,77.0,0.0
2025-11-28T12:00:00+01:00,0.0,484.5,74.0,0.0
2025-11-28T13:00:00+01:00,0.0,488.5,71.4,0.0
2025-11-28T14:00:00+01:00,0.0,545.3,65.2,0.0
2025-11-28T15:00:00+01:00,0.0,557.0,67.6,0.0
2025-11-28T16:00:00+01:00,0.0,583.9,69.9,0.0
2025-11-28T17:00:00+01:00,0.0,590.0,67.3,0.0
2025-11-28T18:00:00+01:00,0.0,608.2,58.4,0.0
2025-11-28T19:00:00+01:00,0.0,596.5,64.6,0.0
2025-11-28T20:00:00+01:00,0.0,485.0,59.6,0.0
2025-11-28T21:00:00+01:00,0.0,472.4,55.6,0.0
2025-11-28T22:00:00+01:00,0.0,447.8,51.4,0.0
2025-11-28T23:00:00+01:00,0.0,296.9,52.4,0.0
2025-11-29T00:00:00+01:00,0.0,289.5,50.5,0.0
2025-11-29T01:00:00+01:00,0.0,290.3,48.5,0.0
2025-11-29T02:00:00+01:00,0.0,296.2,48.1,0.0
2025-11-29T03:00:00+01:00,0.0,294.3,47.6,0.0
2025-11-29T04:00:00+01:00,0.0,295.1,50.6,0.0
2025-11-29T05:00:00+01:00,0.0,289.5,53.0,0.0
2025-11-29T06:00:00+01:00,0.0,359.1,37.4,0.0
2025-11-29T07:00:00+01:00,0.0,402.7,21.5,0.0
2025-11-29T08:00:00+01:00,0.0,450.5,17.1,0.0
2025-11-29T09:00:00+01:00,0.0,487.2,19.6,0.0
2025-11-29T10:00:00+01:00,0.0,493.6,16.9,0.0
2025-11-29T11:00:00+01:00,0.0,497.7,14.8,0.0
2025-11-29T12:00:00+01:00,0.0,496.0,7.1,0.0
2025-11-29T13:00:00+01:00,0.0,463.8,4.5,0.0
2025-11-29T14:00:00+01:00,0.0,504.6,8.2,0.0
2025-11-29T15:00:00+01:00,0.0,524.3,15.8,0.0
2025-11-29T16:00:00+01:00,0.0,602.7,15.0,0.0
2025-11-29T17:00:00+01:00,0.0,598.1,16.6,0.0
2025-11-29T18:00:00+01:00,0.0,598.2,15.0,0.0
2025-11-29T19:00:00+01:00,0.0,551.6,11.4,0.0
2025-11-29T20:00:00+01:00,0.0,537.4,9.4,0.0
2025-11-29T21:00:00+01:00,0.0,511.1,17.0,0.0
2025-11-29T22:00:00+01:00,0.0,493.8,7.0,0.0
2025-11-29T23:00:00+01:00,0.0,359.0,5.8,0.0
2025-11-30T00:00:00+01:00,0.0,296.9,5.5,0.0
2025-11-30T01:00:00+01:00,0.0,296.8,1.6,0.0
2025-11-30T02:00:00+01:00,0.0,297.8,1.6,0.0
2025-11-30T03:00:00+01:00,0.0,298.0,4.2,0.0
2025-11-30T04:00:00+01:00,0.0,297.7,0.5,0.0
2025-11-30T05:00:00+01:00,0.0,298.1,1.0,0.0
2025-11-30T06:00:00+01:00,0.0,298.8,0.0,0.0
2025-11-30T07:00:00+01:00,0.0,388.9,0.0,0.0
2025-11-30T08:00:00+01:00,0.0,359.4,0.1,0.0
2025-11-30T09:00:00+01:00,0.0,297.9,0.0,0.0
2025-11-30T10:00:00+01:00,0.0,296.8,0.0,0.0
2025-11-30T11:00:00+01:00,0.0,297.1,0.0,0.0
2025-11-30T12:00:00+01:00,0.0,297.5,0.0,0.0
2025-11-30T13:00:00+01:00,0.0,298.5,0.7,0.0
2025-11-30T14:00:00+01:00,0.0,410.0,1.0,0.0
2025-11-30T15:00:00+01:00,0.0,381.2,0.4,0.0
2025-11-30T16:00:00+01:00,0.0,406.6,0.0,0.0
2025-11-30T17:00:00+01:00,0.0,435.9,0.0,0.0
2025-11-30T18:00:00+01:00,0.0,446.1,0.1,0.0
2025-11-30T19:00:00+01:00,0.0,441.5,0.0,0.0
2025-11-30T20:00:00+01:00,0.0,434.2,0.0,0.0
2025-11-30T21:00:00+01:00,0.0,415.5,0.0,0.0
2025-11-30T22:00:00+01:00,0.0,390.3,0.0,0.0
2025-11-30T23:00:00+01:00,0.0,333.4,0.3,0.0
2025-12-01T00:00:00+01:00,0.0,195.5,0.6,0.0
2025-12-01T01:00:00+01:00,0.0,178.2,0.2,0.0
2025-12-01T02:00:00+01:00,0.0,174.2,0.0,0.0
2025-12-01T03:00:00+01:00,0.0,182.5,0.4,0.0
2025-12-01T04:00:00+01:00,0.0,184.3,1.1,0.0
2025-12-01T05:00:00+01:00,0.0,191.0,2.4,0.0
2025-12-01T06:00:00+01:00,0.0,268.9,2.3,0.0
2025-12-01T07:00:00+01:00,0.0,557.1,2.2,0.0
2025-12-01T08:00:00+01:00,0.0,602.4,2.5,0.0
2025-12-01T09:00:00+01:00,0.0,597.6,0.8,0.0
2025-12-01T10:00:00+01:00,0.0,567.7,0.2,0.0
2025-12-01T11:00:00+01:00,0.0,478.8,0.1,0.0
2025-12-01T12:00:00+01:00,0.0,471.5,0.5,0.0
2025-12-01T13:00:00+01:00,0.0,460.4,0.0,0.0
2025-12-01T14:00:00+01:00,0.0,605.4,0.0,0.0
2025-12-01T15:00:00+01:00,0.0,614.4,0.4,0.0
2025-12-01T16:00:00+01:00,0.0,613.1,0.0,0.0
2025-12-01T17:00:00+01:00,0.0,609.2,0.0,0.0
2025-12-01T18:00:00+01:00,0.0,616.3,0.0,0.0
2025-12-01T19:00:00+01:00,0.0,603.4,0.0,0.0
2025-12-01T20:00:00+01:00,0.0,614.3,0.6,0.0
2025-12-01T21:00:00+01:00,0.0,486.0,1.8,0.0
2025-12-01T22:00:00+01:00,0.0,450.7,4.9,0.0
2025-12-01T23:00:00+01:00,0.0,406.7,7.0,0.0
2025-12-02T00:00:00+01:00,0.0,302.2,5.8,0.0
2025-12-02T01:00:00+01:00,0.0,185.2,9.0,0.0
2025-12-02T02:00:00+01:00,0.0,131.5,11.4,0.0
2025-12-02T03:00:00+01:00,0.0,128.0,12.1,0.0
2025-12-02T04:00:00+01:00,0.0,136.6,11.6,0.0
2025-12-02T05:00:00+01:00,0.0,177.2,16.3,0.0
2025-12-02T06:00:00+01:00,0.0,297.5,15.8,0.0
2025-12-02T07:00:00+01:00,0.0,521.7,14.9,0.0
2025-12-02T08:00:00+01:00,0.0,530.9,10.4,0.0
2025-12-02T09:00:00+01:00,0.0,534.5,7.7,0.0
2025-12-02T10:00:00+01:00,0.0,412.3,7.9,0.0
2025-12-02T11:00:00+01:00,0.0,404.7,12.5,0.0
2025-12-02T12:00:00+01:00,0.0,388.8,12.0,0.0
2025-12-02T13:00:00+01:00,0.0,380.6,15.0,0.0
2025-12-02T14:00:00+01:00,0.0,510.9,24.3,0.0
2025-12-02T15:00:00+01:00,0.0,547.6,22.0,0.0
2025-12-02T16:00:00+01:00,0.0,607.9,17.0,0.0
2025-12-02T17:00:00+01:00,0.0,622.6,20.4,0.0
2025-12-02T18:00:00+01:00,0.0,622.2,27.8,0.0
2025-12-02T19:00:00+01:00,0.0,571.9,50.3,0.0
2025-12-02T20:00:00+01:00,0.0,546.8,41.0,0.0
2025-12-02T21:00:00+01:00,0.0,390.4,40.7,0.0
2025-12-02T22:00:00+01:00,0.0,349.1,77.7,0.0
2025-12-02T23:00:00+01:00,0.0,304.5,51.6,0.0
2025-12-03T00:00:00+01:00,0.0,106.4,92.7,0.0
2025-12-03T01:00:00+01:00,0.0,114.3,66.4,0.0
2025-12-03T02:00:00+01:00,0.0,117.5,62.1,0.0
2025-12-03T03:00:00+01:00,0.0,132.6,26.1,0.0
2025-12-03T04:00:00+01:00,0.0,128.7,43.0,0.0
2025-12-03T05:00:00+01:00,0.0,128.1,27.6,0.0
2025-12-03T06:00:00+01:00,0.0,244.1,56.0,0.0
2025-12-03T07:00:00+01:00,0.0,469.1,41.4,0.0
2025-12-03T08:00:00+01:00,0.0,465.5,33.6,0.0
2025-12-03T09:00:00+01:00,0.0,518.3,23.9,0.0
2025-12-03T10:00:00+01:00,0.0,420.7,37.4,0.0
2025-12-03T11:00:00+01:00,0.0,344.3,38.9,0.0
2025-12-03T12:00:00+01:00,0.0,308.3,32.3,0.0
2025-12-03T13:00:00+01:00,0.0,396.4,36.7,0.0
2025-12-03T14:00:00+01:00,0.0,416.7,27.4,0.0
2025-12-03T15:00:00+01:00,0.0,445.1,23.0,0.0
2025-12-03T16:00:00+01:00,0.0,481.4,16.2,0.0
2025-12-03T17:00:00+01:00,0.0,470.6,13.4,0.0
2025-12-03T18:00:00+01:00,0.0,480.3,16.6,0.0
2025-12-03T19:00:00+01:00,0.0,417.2,23.9,0.0
2025-12-03T20:00:00+01:00,0.0,408.2,39.0,0.0
2025-12-03T21:00:00+01:00,0.0,224.2,53.3,0.0
2025-12-03T22:00:00+01:00,0.0,195.3,52.2,0.0
2025-12-03T23:00:00+01:00,0.0,177.4,48.6,0.0
2025-12-04T00:00:00+01:00,0.0,197.9,48.2,0.0
2025-12-04T01:00:00+01:00,0.0,208.4,43.9,0.0
2025-12-04T02:00:00+01:00,0.0,199.3,44.5,0.0
2025-12-04T03:00:00+01:00,0.0,199.5,43.0,0.0
2025-12-04T04:00:00+01:00,0.0,209.9,43.0,0.0
2025-12-04T05:00:00+01:00,0.0,208.6,43.6,0.0
2025-12-04T06:00:00+01:00,0.0,143.7,46.1,0.0
2025-12-04T07:00:00+01:00,0.0,337.6,48.2,0.0
2025-12-04T08:00:00+01:00,0.0,466.5,51.3,0.0
2025-12-04T09:00:00+01:00,0.0,473.0,51.6,0.0
2025-12-04T10:00:00+01:00,0.0,454.1,54.6,0.0
2025-12-04T11:00:00+01:00,0.0,411.9,54.6,0.0
2025-12-04T12:00:00+01:00,0.0,379.2,62.1,0.0
2025-12-04T13:00:00+01:00,0.0,432.9,62.8,0.0
2025-12-04T14:00:00+01:00,0.0,460.2,61.3,0.0
2025-12-04T15:00:00+01:00,0.0,467.7,65.8,0.0
2025-12-04T16:00:00+01:00,0.0,475.7,81.7,0.0
2025-12-04T17:00:00+01:00,0.0,463.2,89.4,0.0
2025-12-04T18:00:00+01:00,0.0,449.1,103.4,0.0
2025-12-04T19:00:00+01:00,0.0,445.7,95.7,0.0
2025-12-04T20:00:00+01:00,0.0,263.6,82.5,0.0
2025-12-04T21:00:00+01:00,0.0,173.0,76.9,0.0
2025-12-04T22:00:00+01:00,0.0,155.2,68.0,0.0
2025-12-04T23:00:00+01:00,0.0,175.7,60.5,0.0
2025-12-05T00:00:00+01:00,0.0,182.3,30.9,0.0
2025-12-05T01:00:00+01:00,0.0,201.4,10.9,0.0
2025-12-05T02:00:00+01:00,0.0,193.4,9.6,0.0
2025-12-05T03:00:00+01:00,0.0,190.9,7.0,0.0
2025-12-05T04:00:00+01:00,0.0,199.0,4.4,0.0
2025-12-05T05:00:00+01:00,0.0,198.5,8.2,0.0
2025-12-05T06:00:00+01:00,0.0,194.5,6.3,0.0
2025-12-05T07:00:00+01:00,0.0,445.5,10.0,0.0
2025-12-05T08:00:00+01:00,0.0,439.8,18.4,0.0
2025-12-05T09:00:00+01:00,0.0,429.5,27.1,0.0
2025-12-05T10:00:00+01:00,0.0,412.2,30.6,0.0
2025-12-05T11:00:00+01:00,0.0,421.6,21.4,0.0
2025-12-05T12:00:00+01:00,0.0,421.2,12.6,0.0
2025-12-05T13:00:00+01:00,0.0,422.8,15.3,0.0
2025-12-05T14:00:00+01:00,0.0,442.7,18.0,0.0
2025-12-05T15:00:00+01:00,0.0,440.3,25.6,0.0
2025-12-05T16:00:00+01:00,0.0,444.2,19.1,0.0
2025-12-05T17:00:00+01:00,0.0,429.2,23.0,0.0
2025-12-05T18:00:00+01:00,0.0,426.5,32.7,0.0
2025-12-05T19:00:00+01:00,0.0,373.0,39.7,0.0
2025-12-05T20:00:00+01:00,0.0,274.3,39.9,0.0
2025-12-05T21:00:00+01:00,0.0,261.6,51.0,0.0
2025-12-05T22:00:00+01:00,0.0,246.4,56.1,0.0
2025-12-05T23:00:00+01:00,0.0,203.8,64.6,0.0
2025-12-06T00:00:00+01:00,0.0,194.5,64.2,0.0
2025-12-06T01:00:00+01:00,0.0,197.3,59.0,0.0
2025-12-06T02:00:00+01:00,0.0,200.2,47.2,0.0
2025-12-06T03:00:00+01:00,0.0,199.0,39.7,0.0
2025-12-06T04:00:00+01:00,0.0,199.1,39.2,0.0
2025-12-06T05:00:00+01:00,0.0,201.5,44.8,0.0
2025-12-06T06:00:00+01:00,0.0,190.7,54.2,0.0
2025-12-06T07:00:00+01:00,0.0,186.9,46.3,0.0
2025-12-06T08:00:00+01:00,0.0,185.7,58.3,0.0
2025-12-06T09:00:00+01:00,0.0,183.1,39.4,0.0
2025-12-06T10:00:00+01:00,0.0,178.6,34.6,0.0
2025-12-06T11:00:00+01:00,0.0,175.4,29.9,0.0
2025-12-06T12:00:00+01:00,0.0,192.7,24.3,0.0
2025-12-06T13:00:00+01:00,0.0,195.8,16.9,0.0
2025-12-06T14:00:00+01:00,0.0,201.1,15.5,0.0
2025-12-06T15:00:00+01:00,0.0,192.6,24.5,0.0
2025-12-06T16:00:00+01:00,0.0,228.3,29.0,0.0
2025-12-06T17:00:00+01:00,0.0,251.0,39.2,0.0
2025-12-06T18:00:00+01:00,0.0,250.6,10.2,0.0
2025-12-06T19:00:00+01:00,0.0,248.5,12.5,0.0
2025-12-06T20:00:00+01:00,0.0,247.7,4.1,0.0
2025-12-06T21:00:00+01:00,0.0,165.5,1.9,0.0
2025-12-06T22:00:00+01:00,0.0,171.3,0.8,0.0
2025-12-06T23:00:00+01:00,0.0,184.6,1.7,0.0
2025-12-07T00:00:00+01:00,0.0,186.2,6.1,0.0
2025-12-07T01:00:00+01:00,0.0,186.0,9.4,0.0
2025-12-07T02:00:00+01:00,0.0,184.5,13.9,0.0
2025-12-07T03:00:00+01:00,0.0,184.4,20.4,0.0
2025-12-07T04:00:00+01:00,0.0,184.4,22.9,0.0
2025-12-07T05:00:00+01:00,0.0,184.4,14.8,0.0
2025-12-07T06:00:00+01:00,0.0,184.5,5.7,0.0
2025-12-07T07:00:00+01:00,0.0,179.2,0.7,0.0
2025-12-07T08:00:00+01:00,0.0,181.4,1.4,0.0
2025-12-07T09:00:00+01:00,0.0,184.4,1.1,0.0
2025-12-07T10:00:00+01:00,0.0,216.2,0.7,0.0
2025-12-07T11:00:00+01:00,0.0,217.8,2.9,0.0
2025-12-07T12:00:00+01:00,0.0,227.4,2.1,0.0
2025-12-07T13:00:00+01:00,0.0,219.9,2.5,0.0
2025-12-07T14:00:00+01:00,0.0,218.6,4.5,0.0
2025-12-07T15:00:00+01:00,0.0,228.8,7.0,0.0
2025-12-07T16:00:00+01:00,0.0,262.5,8.3,0.0
2025-12-07T17:00:00+01:00,0.0,275.5,7.3,0.0
2025-12-07T18:00:00+01:00,0.0,273.1,13.5,0.0
2025-12-07T19:00:00+01:00,0.0,279.8,13.8,0.0
2025-12-07T20:00:00+01:00,0.0,274.2,18.4,0.0
2025-12-07T21:00:00+01:00,0.0,157.3,21.4,0.0
2025-12-07T22:00:00+01:00,0.0,155.3,27.7,0.0
2025-12-07T23:00:00+01:00,0.0,156.2,29.7,0.0
2025-12-08T00:00:00+01:00,0.0,168.6,21.9,0.0
2025-12-08T01:00:00+01:00,0.0,168.8,23.2,0.0
2025-12-08T02:00:00+01:00,0.0,168.7,21.9,0.0
2025-12-08T03:00:00+01:00,0.0,168.7,21.3,0.0
2025-12-08T04:00:00+01:00,0.0,169.2,21.9,0.0
2025-12-08T05:00:00+01:00,0.0,181.8,36.4,0.0
2025-12-08T06:00:00+01:00,0.0,188.1,25.1,0.0
2025-12-08T07:00:00+01:00,0.0,230.7,17.7,0.0
2025-12-08T08:00:00+01:00,0.0,210.8,20.9,0.0
2025-12-08T09:00:00+01:00,0.0,207.2,12.4,0.0
2025-12-08T10:00:00+01:00,0.0,192.3,7.1,0.0
2025-12-08T11:00:00+01:00,0.0,184.7,1.7,0.0
2025-12-08T12:00:00+01:00,0.0,167.7,11.1,0.0
2025-12-08T13:00:00+01:00,0.0,167.1,11.5,0.0
2025-12-08T14:00:00+01:00,0.0,227.3,5.8,0.0
2025-12-08T15:00:00+01:00,0.0,295.1,10.0,0.0
2025-12-08T16:00:00+01:00,0.0,364.7,24.5,0.0
2025-12-08T17:00:00+01:00,0.0,364.3,56.8,0.0
2025-12-08T18:00:00+01:00,0.0,321.4,59.7,0.0
2025-12-08T19:00:00+01:00,0.0,283.4,66.3,0.0
2025-12-08T20:00:00+01:00,0.0,235.2,53.1,0.0
2025-12-08T21:00:00+01:00,0.0,218.5,53.8,0.0
2025-12-08T22:00:00+01:00,0.0,121.6,48.8,0.0
2025-12-08T23:00:00+01:00,0.0,134.3,16.0,0.0
2025-12-09T00:00:00+01:00,0.0,125.2,12.5,0.0
2025-12-09T01:00:00+01:00,0.0,119.0,11.3,0.0
2025-12-09T02:00:00+01:00,0.0,122.9,10.8,0.0
2025-12-09T03:00:00+01:00,0.0,120.5,9.5,0.0
2025-12-09T04:00:00+01:00,0.0,122.8,11.7,0.0
2025-12-09T05:00:00+01:00,0.0,125.9,13.9,0.0
2025-12-09T06:00:00+01:00,0.0,137.7,5.7,0.0
2025-12-09T07:00:00+01:00,0.0,452.7,5.3,0.0
2025-12-09T08:00:00+01:00,0.0,476.3,1.0,0.0
2025-12-09T09:00:00+01:00,0.0,372.0,1.5,0.0
2025-12-09T10:00:00+01:00,0.0,279.1,2.1,0.0
2025-12-09T11:00:00+01:00,0.0,257.9,2.0,0.0
2025-12-09T12:00:00+01:00,0.0,255.9,0.8,0.0
2025-12-09T13:00:00+01:00,0.0,264.9,0.0,0.0
2025-12-09T14:00:00+01:00,0.0,448.4,0.0,0.0
2025-12-09T15:00:00+01:00,0.0,493.7,0.7,0.0
2025-12-09T16:00:00+01:00,0.0,538.3,1.9,0.0
2025-12-09T17:00:00+01:00,0.0,571.8,22.9,0.0
2025-12-09T18:00:00+01:00,0.0,573.6,27.7,0.0
2025-12-09T19:00:00+01:00,0.0,583.3,20.7,0.0
2025-12-09T20:00:00+01:00,0.0,415.0,6.6,0.0
2025-12-09T21:00:00+01:00,0.0,261.3,0.1,0.0
2025-12-09T22:00:00+01:00,0.0,236.3,0.0,0.0
2025-12-09T23:00:00+01:00,0.0,135.3,0.0,0.0
2025-12-10T00:00:00+01:00,0.0,93.1,0.0,0.0
2025-12-10T01:00:00+01:00,0.0,91.1,0.0,0.0
2025-12-10T02:00:00+01:00,0.0,96.4,0.0,0.0
2025-12-10T03:00:00+01:00,0.0,95.2,0.0,0.0
2025-12-10T04:00:00+01:00,0.0,95.8,0.0,0.0
2025-12-10T05:00:00+01:00,0.0,97.3,0.0,0.0
2025-12-10T06:00:00+01:00,0.0,211.7,0.0,0.0
2025-12-10T07:00:00+01:00,0.0,439.1,0.4,0.0
2025-12-10T08:00:00+01:00,0.0,467.1,1.7,0.0
2025-12-10T09:00:00+01:00,0.0,387.5,3.3,0.0
2025-12-10T10:00:00+01:00,0.0,287.5,2.1,0.0
2025-12-10T11:00:00+01:00,0.0,278.7,0.5,0.0
2025-12-10T12:00:00+01:00,0.0,266.3,0.7,0.0
2025-12-10T13:00:00+01:00,0.0,266.5,1.2,0.0
2025-12-10T14:00:00+01:00,0.0,395.0,2.4,0.0
2025-12-10T15:00:00+01:00,0.0,477.5,2.2,0.0
2025-12-10T16:00:00+01:00,0.0,510.5,1.9,0.0
2025-12-10T17:00:00+01:00,0.0,556.2,2.6,0.0
2025-12-10T18:00:00+01:00,0.0,546.9,0.4,0.0
2025-12-10T19:00:00+01:00,0.0,558.6,0.0,0.0
2025-12-10T20:00:00+01:00,0.0,428.9,0.0,0.0
2025-12-10T21:00:00+01:00,0.0,267.3,0.0,0.0
2025-12-10T22:00:00+01:00,0.0,237.5,0.0,0.0
2025-12-10T23:00:00+01:00,0.0,199.6,0.5,0.0
2025-12-11T00:00:00+01:00,0.0,84.1,0.3,0.0
2025-12-11T01:00:00+01:00,0.0,80.0,0.0,0.0
2025-12-11T02:00:00+01:00,0.0,82.9,0.0,0.0
2025-12-11T03:00:00+01:00,0.0,77.8,0.3,0.0
2025-12-11T04:00:00+01:00,0.0,85.7,0.0,0.0
2025-12-11T05:00:00+01:00,0.0,92.3,0.0,0.0
2025-12-11T06:00:00+01:00,0.0,248.6,0.0,0.0
2025-12-11T07:00:00+01:00,0.0,432.1,0.0,0.0
2025-12-11T08:00:00+01:00,0.0,460.0,0.0,0.0
2025-12-11T09:00:00+01:00,0.0,458.5,0.0,0.0
2025-12-11T10:00:00+01:00,0.0,282.5,0.0,0.0
2025-12-11T11:00:00+01:00,0.0,255.3,0.0,0.0
2025-12-11T12:00:00+01:00,0.0,239.0,0.0,0.0
2025-12-11T13:00:00+01:00,0.0,219.6,0.0,0.0
2025-12-11T14:00:00+01:00,0.0,365.2,0.0,0.0
2025-12-11T15:00:00+01:00,0.0,390.1,0.6,0.0
2025-12-11T16:00:00+01:00,0.0,436.8,2.9,0.0
2025-12-11T17:00:00+01:00,0.0,471.2,2.6,0.0
2025-12-11T18:00:00+01:00,0.0,462.3,1.7,0.0
2025-12-11T19:00:00+01:00,0.0,461.3,5.2,0.0
2025-12-11T20:00:00+01:00,0.0,404.2,3.3,0.0
2025-12-11T21:00:00+01:00,0.0,341.9,0.3,0.0
2025-12-11T22:00:00+01:00,0.0,233.1,0.0,0.0
2025-12-11T23:00:00+01:00,0.0,190.1,0.0,0.0
2025-12-12T00:00:00+01:00,0.0,83.6,0.0,0.0
2025-12-12T01:00:00+01:00,0.0,89.6,0.0,0.0
2025-12-12T02:00:00+01:00,0.0,86.4,0.0,0.0
2025-12-12T03:00:00+01:00,0.0,87.5,0.0,0.0
2025-12-12T04:00:00+01:00,0.0,90.2,2.3,0.0
2025-12-12T05:00:00+01:00,0.0,89.5,9.7,0.0
2025-12-12T06:00:00+01:00,0.0,264.9,13.4,0.0
2025-12-12T07:00:00+01:00,0.0,434.2,14.2,0.0
2025-12-12T08:00:00+01:00,0.0,429.9,16.0,0.0
2025-12-12T09:00:00+01:00,0.0,422.8,18.9,0.0
2025-12-12T10:00:00+01:00,0.0,358.0,9.6,0.0
2025-12-12T11:00:00+01:00,0.0,348.4,7.6,0.0
2025-12-12T12:00:00+01:00,0.0,264.5,10.5,0.0
2025-12-12T13:00:00+01:00,0.0,245.6,12.4,0.0
2025-12-12T14:00:00+01:00,0.0,325.7,16.3,0.0
2025-12-12T15:00:00+01:00,0.0,399.4,22.6,0.0
2025-12-12T16:00:00+01:00,0.0,421.9,26.1,0.0
2025-12-12T17:00:00+01:00,0.0,433.7,42.7,0.0
2025-12-12T18:00:00+01:00,0.0,413.1,57.3,0.0
2025-12-12T19:00:00+01:00,0.0,392.9,75.3,0.0
2025-12-12T20:00:00+01:00,0.0,384.3,60.8,0.0
2025-12-12T21:00:00+01:00,0.0,207.1,50.0,0.0
2025-12-12T22:00:00+01:00,0.0,170.7,57.8,0.0
2025-12-12T23:00:00+01:00,0.0,56.3,54.2,0.0
2025-12-13T00:00:00+01:00,0.0,90.8,54.5,0.0
2025-12-13T01:00:00+01:00,0.0,40.7,56.7,0.0
2025-12-13T02:00:00+01:00,0.0,43.9,67.9,0.0
2025-12-13T03:00:00+01:00,0.0,40.1,75.9,0.0
2025-12-13T04:00:00+01:00,0.0,31.0,86.7,0.0
2025-12-13T05:00:00+01:00,0.0,24.9,89.6,0.0
2025-12-13T06:00:00+01:00,0.0,35.9,87.5,0.0
2025-12-13T07:00:00+01:00,0.0,107.3,64.3,0.0
2025-12-13T08:00:00+01:00,0.0,158.5,51.8,0.0
2025-12-13T09:00:00+01:00,0.0,179.2,42.2,0.0
2025-12-13T10:00:00+01:00,0.0,110.8,40.3,0.0
2025-12-13T11:00:00+01:00,0.0,53.2,24.8,0.0
2025-12-13T12:00:00+01:00,0.0,52.2,14.9,0.0
2025-12-13T13:00:00+01:00,0.0,59.2,8.5,0.0
2025-12-13T14:00:00+01:00,0.0,166.8,7.9,0.0
2025-12-13T15:00:00+01:00,0.0,194.9,11.2,0.0
2025-12-13T16:00:00+01:00,0.0,338.0,13.9,0.0
2025-12-13T17:00:00+01:00,0.0,360.6,29.2,0.0
2025-12-13T18:00:00+01:00,0.0,350.4,42.5,0.0
2025-12-13T19:00:00+01:00,0.0,299.3,43.6,0.0
2025-12-13T20:00:00+01:00,0.0,240.4,44.9,0.0
2025-12-13T21:00:00+01:00,0.0,226.9,41.7,0.0
2025-12-13T22:00:00+01:00,0.0,210.1,35.6,0.0
2025-12-13T23:00:00+01:00,0.0,48.8,24.1,0.0
2025-12-14T00:00:00+01:00,0.0,49.3,10.3,0.0
2025-12-14T01:00:00+01:00,0.0,50.9,4.0,0.0
2025-12-14T02:00:00+01:00,0.0,55.8,0.4,0.0
2025-12-14T03:00:00+01:00,0.0,58.9,0.0,0.0
2025-12-14T04:00:00+01:00,0.0,56.2,0.8,0.0
2025-12-14T05:00:00+01:00,0.0,54.3,6.5,0.0
2025-12-14T06:00:00+01:00,0.0,67.0,4.6,0.0
2025-12-14T07:00:00+01:00,0.0,110.9,4.7,0.0
2025-12-14T08:00:00+01:00,0.0,137.7,6.0,0.0
2025-12-14T09:00:00+01:00,0.0,161.0,6.3,0.0
2025-12-14T10:00:00+01:00,0.0,116.6,3.7,0.0
2025-12-14T11:00:00+01:00,0.0,100.6,0.8,0.0
2025-12-14T12:00:00+01:00,0.0,52.8,1.7,0.0
2025-12-14T13:00:00+01:00,0.0,58.4,8.0,0.0
2025-12-14T14:00:00+01:00,0.0,167.9,11.3,0.0
2025-12-14T15:00:00+01:00,0.0,211.0,8.2,0.0
2025-12-14T16:00:00+01:00,0.0,270.1,2.9,0.0
2025-12-14T17:00:00+01:00,0.0,291.9,2.6,0.0
2025-12-14T18:00:00+01:00,0.0,300.1,2.7,0.0
2025-12-14T19:00:00+01:00,0.0,301.7,4.6,0.0
2025-12-14T20:00:00+01:00,0.0,295.5,4.0,0.0
2025-12-14T21:00:00+01:00,0.0,277.0,2.5,0.0
2025-12-14T22:00:00+01:00,0.0,150.9,0.2,0.0
2025-12-14T23:00:00+01:00,0.0,49.8,0.2,0.0
2025-12-15T00:00:00+01:00,0.0,42.9,0.8,0.0
2025-12-15T01:00:00+01:00,0.0,40.3,0.0,0.0
2025-12-15T02:00:00+01:00,0.0,43.5,0.3,0.0
2025-12-15T03:00:00+01:00,0.0,46.3,0.7,0.0
2025-12-15T04:00:00+01:00,0.0,47.7,0.5,0.0
2025-12-15T05:00:00+01:00,0.0,48.6,0.1,0.0
2025-12-15T06:00:00+01:00,0.0,268.1,0.0,0.0
2025-12-15T07:00:00+01:00,0.0,401.4,1.0,0.0
2025-12-15T08:00:00+01:00,0.0,434.4,4.0,0.0
2025-12-15T09:00:00+01:00,0.0,399.8,5.4,0.0
2025-12-15T10:00:00+01:00,0.0,233.7,5.1,0.0
2025-12-15T11:00:00+01:00,0.0,210.9,2.8,0.0
2025-12-15T12:00:00+01:00,0.0,191.3,5.1,0.0
2025-12-15T13:00:00+01:00,0.0,342.1,5.8,0.0
2025-12-15T14:00:00+01:00,0.0,510.5,4.1,0.0
2025-12-15T15:00:00+01:00,0.0,567.4,0.1,0.0
2025-12-15T16:00:00+01:00,0.0,628.6,1.5,0.0
2025-12-15T17:00:00+01:00,0.0,624.8,2.2,0.0
2025-12-15T18:00:00+01:00,0.0,618.5,1.1,0.0
2025-12-15T19:00:00+01:00,0.0,625.5,1.6,0.0
2025-12-15T20:00:00+01:00,0.0,571.9,1.2,0.0
2025-12-15T21:00:00+01:00,0.0,286.9,5.6,0.0
2025-12-15T22:00:00+01:00,0.0,240.5,16.9,0.0
2025-12-15T23:00:00+01:00,0.0,198.9,8.4,0.0
2025-12-16T00:00:00+01:00,0.0,148.5,0.9,0.0
2025-12-16T01:00:00+01:00,0.0,40.1,3.3,0.0
2025-12-16T02:00:00+01:00,0.0,34.7,3.3,0.0
2025-12-16T03:00:00+01:00,0.0,29.9,5.0,0.0
2025-12-16T04:00:00+01:00,0.0,32.4,4.4,0.0
2025-12-16T05:00:00+01:00,0.0,79.2,8.9,0.0
2025-12-16T06:00:00+01:00,0.0,161.7,11.2,0.0
2025-12-16T07:00:00+01:00,0.0,432.8,22.1,0.0
2025-12-16T08:00:00+01:00,0.0,452.7,9.4,0.0
2025-12-16T09:00:00+01:00,0.0,449.2,2.2,0.0
2025-12-16T10:00:00+01:00,0.0,259.1,0.2,0.0
2025-12-16T11:00:00+01:00,0.0,261.3,2.9,0.0
2025-12-16T12:00:00+01:00,0.0,304.2,2.5,0.0
2025-12-16T13:00:00+01:00,0.0,308.6,1.5,0.0
2025-12-16T14:00:00+01:00,0.0,478.5,3.2,0.0
2025-12-16T15:00:00+01:00,0.0,568.1,5.5,0.0
2025-12-16T16:00:00+01:00,0.0,621.9,6.6,0.0
2025-12-16T17:00:00+01:00,0.0,610.4,12.6,0.0
2025-12-16T18:00:00+01:00,0.0,622.6,17.8,0.0
2025-12-16T19:00:00+01:00,0.0,618.6,18.1,0.0
2025-12-16T20:00:00+01:00,0.0,447.6,33.1,0.0
2025-12-16T21:00:00+01:00,0.0,260.7,48.5,0.0
2025-12-16T22:00:00+01:00,0.0,231.5,36.7,0.0
2025-12-16T23:00:00+01:00,0.0,194.0,33.3,0.0
2025-12-17T00:00:00+01:00,0.0,79.3,42.8,0.0
2025-12-17T01:00:00+01:00,0.0,0.3,35.4,0.0
2025-12-17T02:00:00+01:00,0.0,0.0,23.6,0.0
2025-12-17T03:00:00+01:00,0.0,0.0,23.8,0.0
2025-12-17T04:00:00+01:00,0.0,0.0,25.4,0.0
2025-12-17T05:00:00+01:00,0.0,44.4,44.7,0.0
2025-12-17T06:00:00+01:00,0.0,130.3,32.2,0.0
2025-12-17T07:00:00+01:00,0.0,380.4,38.4,0.0
2025-12-17T08:00:00+01:00,0.0,349.3,38.1,0.0
2025-12-17T09:00:00+01:00,0.0,324.0,37.5,0.0
2025-12-17T10:00:00+01:00,0.0,251.0,28.2,0.0
2025-12-17T11:00:00+01:00,0.0,240.8,21.2,0.0
2025-12-17T12:00:00+01:00,0.0,228.7,35.3,0.0
2025-12-17T13:00:00+01:00,0.0,230.1,23.2,0.0
2025-12-17T14:00:00+01:00,0.0,360.6,10.4,0.0
2025-12-17T15:00:00+01:00,0.0,439.9,15.0,0.0
2025-12-17T16:00:00+01:00,0.0,434.7,19.1,0.0
2025-12-17T17:00:00+01:00,0.0,445.6,12.8,0.0
2025-12-17T18:00:00+01:00,0.0,425.9,14.4,0.0
2025-12-17T19:00:00+01:00,0.0,426.2,10.9,0.0
2025-12-17T20:00:00+01:00,0.0,414.6,12.3,0.0
2025-12-17T21:00:00+01:00,0.0,276.1,16.9,0.0
2025-12-17T22:00:00+01:00,0.0,247.6,18.9,0.0
2025-12-17T23:00:00+01:00,0.0,200.1,16.2,0.0
2025-12-18T00:00:00+01:00,0.0,98.8,6.6,0.0
2025-12-18T01:00:00+01:00,0.0,44.5,5.1,0.0
2025-12-18T02:00:00+01:00,0.0,36.1,4.4,0.0
2025-12-18T03:00:00+01:00,0.0,28.0,3.3,0.0
2025-12-18T04:00:00+01:00,0.0,39.3,0.3,0.0
2025-12-18T05:00:00+01:00,0.0,81.9,2.0,0.0
2025-12-18T06:00:00+01:00,0.0,271.7,2.1,0.0
2025-12-18T07:00:00+01:00,0.0,375.5,1.1,0.0
2025-12-18T08:00:00+01:00,0.0,411.4,0.1,0.0
2025-12-18T09:00:00+01:00,0.0,411.2,0.0,0.0
2025-12-18T10:00:00+01:00,0.0,258.1,0.0,0.0
2025-12-18T11:00:00+01:00,0.0,244.1,0.7,0.0
2025-12-18T12:00:00+01:00,0.0,244.9,4.0,0.0
2025-12-18T13:00:00+01:00,0.0,238.9,1.7,0.0
2025-12-18T14:00:00+01:00,0.0,350.0,0.5,0.0
2025-12-18T15:00:00+01:00,0.0,550.1,0.0,0.0
2025-12-18T16:00:00+01:00,0.0,581.2,0.0,0.0
2025-12-18T17:00:00+01:00,0.0,596.4,0.0,0.0
2025-12-18T18:00:00+01:00,0.0,591.4,0.0,0.0
2025-12-18T19:00:00+01:00,0.0,568.7,0.0,0.0
2025-12-18T20:00:00+01:00,0.0,584.1,0.0,0.0
2025-12-18T21:00:00+01:00,0.0,414.5,0.0,0.0
2025-12-18T22:00:00+01:00,0.0,260.9,0.0,0.0
2025-12-18T23:00:00+01:00,0.0,215.5,0.0,0.0
2025-12-19T00:00:00+01:00,0.0,71.9,0.1,0.0
2025-12-19T01:00:00+01:00,0.0,0.2,0.2,0.0
2025-12-19T02:00:00+01:00,0.0,0.0,1.2,0.0
2025-12-19T03:00:00+01:00,0.0,0.0,0.1,0.0
2025-12-19T04:00:00+01:00,0.0,0.3,0.0,0.0
2025-12-19T05:00:00+01:00,0.0,78.9,0.0,0.0
2025-12-19T06:00:00+01:00,0.0,297.6,0.0,0.0
2025-12-19T07:00:00+01:00,0.0,395.9,0.0,0.0
2025-12-19T08:00:00+01:00,0.0,387.3,0.0,0.0
2025-12-19T09:00:00+01:00,0.0,290.8,0.0,0.0
2025-12-19T10:00:00+01:00,0.0,49.1,0.0,0.0
2025-12-19T11:00:00+01:00,0.0,10.3,0.0,0.0
2025-12-19T12:00:00+01:00,0.0,0.0,0.0,0.0
2025-12-19T13:00:00+01:00,0.0,0.5,0.0,0.0
2025-12-19T14:00:00+01:00,0.0,155.9,0.0,0.0
2025-12-19T15:00:00+01:00,0.0,376.8,0.1,0.0
2025-12-19T16:00:00+01:00,0.0,391.3,0.0,0.0
2025-12-19T17:00:00+01:00,0.0,404.1,0.0,0.0
2025-12-19T18:00:00+01:00,0.0,405.4,0.0,0.0
2025-12-19T19:00:00+01:00,0.0,395.7,0.5,0.0
2025-12-19T20:00:00+01:00,0.0,375.6,0.0,0.0
2025-12-19T21:00:00+01:00,0.0,242.4,0.6,0.0
2025-12-19T22:00:00+01:00,0.0,218.3,0.1,0.0
2025-12-19T23:00:00+01:00,0.0,195.7,0.7,0.0
2025-12-20T00:00:00+01:00,0.0,75.1,1.5,0.0
2025-12-20T01:00:00+01:00,0.0,0.3,2.4,0.0
2025-12-20T02:00:00+01:00,0.0,0.0,4.6,0.0
2025-12-20T03:00:00+01:00,0.0,0.0,5.1,0.0
2025-12-20T04:00:00+01:00,0.0,0.0,5.8,0.0
2025-12-20T05:00:00+01:00,0.0,0.0,3.9,0.0
2025-12-20T06:00:00+01:00,0.0,0.4,2.9,0.0
2025-12-20T07:00:00+01:00,0.0,161.2,1.0,0.0
2025-12-20T08:00:00+01:00,0.0,213.3,1.9,0.0
2025-12-20T09:00:00+01:00,0.0,232.0,2.6,0.0
2025-12-20T10:00:00+01:00,0.0,218.0,2.9,0.0
2025-12-20T11:00:00+01:00,0.0,200.5,2.9,0.0
2025-12-20T12:00:00+01:00,0.0,188.2,2.9,0.0
2025-12-20T13:00:00+01:00,0.0,184.7,0.7,0.0
2025-12-20T14:00:00+01:00,0.0,194.0,0.0,0.0
2025-12-20T15:00:00+01:00,0.0,220.6,1.3,0.0
2025-12-20T16:00:00+01:00,0.0,343.9,2.4,0.0
2025-12-20T17:00:00+01:00,0.0,322.9,1.4,0.0
2025-12-20T18:00:00+01:00,0.0,338.1,9.1,0.0
2025-12-20T19:00:00+01:00,0.0,295.8,28.7,0.0
2025-12-20T20:00:00+01:00,0.0,261.7,38.7,0.0
2025-12-20T21:00:00+01:00,0.0,243.5,41.7,0.0
2025-12-20T22:00:00+01:00,0.0,220.3,37.3,0.0
2025-12-20T23:00:00+01:00,0.0,99.8,26.9,0.0
2025-12-21T00:00:00+01:00,0.0,14.5,26.4,0.0
2025-12-21T01:00:00+01:00,0.0,0.0,30.8,0.0
2025-12-21T02:00:00+01:00,0.0,0.0,22.6,0.0
2025-12-21T03:00:00+01:00,0.0,0.0,21.0,0.0
2025-12-21T04:00:00+01:00,0.0,0.0,15.7,0.0
2025-12-21T05:00:00+01:00,0.0,0.0,21.5,0.0
2025-12-21T06:00:00+01:00,0.0,0.4,25.7,0.0
2025-12-21T07:00:00+01:00,0.0,33.0,23.3,0.0
2025-12-21T08:00:00+01:00,0.0,113.2,19.1,0.0
2025-12-21T09:00:00+01:00,0.0,219.1,13.1,0.0
2025-12-21T10:00:00+01:00,0.0,217.5,6.1,0.0
2025-12-21T11:00:00+01:00,0.0,207.5,4.8,0.0
2025-12-21T12:00:00+01:00,0.0,192.0,6.1,0.0
2025-12-21T13:00:00+01:00,0.0,175.9,5.6,0.0
2025-12-21T14:00:00+01:00,0.0,189.4,7.0,0.0
2025-12-21T15:00:00+01:00,0.0,211.1,11.3,0.0
2025-12-21T16:00:00+01:00,0.0,260.5,22.9,0.0
2025-12-21T17:00:00+01:00,0.0,280.0,36.1,0.0
2025-12-21T18:00:00+01:00,0.0,282.3,40.2,0.0
2025-12-21T19:00:00+01:00,0.0,284.6,40.3,0.0
2025-12-21T20:00:00+01:00,0.0,279.4,39.6,0.0
2025-12-21T21:00:00+01:00,0.0,263.8,37.0,0.0
2025-12-21T22:00:00+01:00,0.0,45.7,37.9,0.0
2025-12-21T23:00:00+01:00,0.0,55.4,40.8,0.0
2025-12-22T00:00:00+01:00,0.0,49.6,41.3,0.0
2025-12-22T01:00:00+01:00,0.0,27.0,41.4,0.0
2025-12-22T02:00:00+01:00,0.0,0.0,39.5,0.0
2025-12-22T03:00:00+01:00,0.0,0.0,36.9,0.0
2025-12-22T04:00:00+01:00,0.0,0.0,37.9,0.0
2025-12-22T05:00:00+01:00,0.0,24.2,40.8,0.0
2025-12-22T06:00:00+01:00,0.0,165.5,36.7,0.0
2025-12-22T07:00:00+01:00,0.0,276.6,26.2,0.0
2025-12-22T08:00:00+01:00,0.0,324.2,25.1,0.0
2025-12-22T09:00:00+01:00,0.0,307.2,31.7,0.0
2025-12-22T10:00:00+01:00,0.0,154.6,26.8,0.0
2025-12-22T11:00:00+01:00,0.0,210.8,10.2,0.0
2025-12-22T12:00:00+01:00,0.0,215.9,1.6,0.0
2025-12-22T13:00:00+01:00,0.0,205.8,1.4,0.0
2025-12-22T14:00:00+01:00,0.0,283.7,0.6,0.0
2025-12-22T15:00:00+01:00,0.0,392.1,0.4,0.0
2025-12-22T16:00:00+01:00,0.0,435.1,1.6,0.0
2025-12-22T17:00:00+01:00,0.0,440.0,3.9,0.0
2025-12-22T18:00:00+01:00,0.0,390.8,3.2,0.0
2025-12-22T19:00:00+01:00,0.0,365.4,5.1,0.0
2025-12-22T20:00:00+01:00,0.0,358.6,6.2,0.0
2025-12-22T21:00:00+01:00,0.0,267.8,8.8,0.0
2025-12-22T22:00:00+01:00,0.0,250.5,7.4,0.0
2025-12-22T23:00:00+01:00,0.0,80.0,13.9,0.0
2025-12-23T00:00:00+01:00,0.0,0.3,10.8,0.0
2025-12-23T01:00:00+01:00,0.0,0.0,18.5,0.0
2025-12-23T02:00:00+01:00,0.0,0.0,18.6,0.0
2025-12-23T03:00:00+01:00,0.0,0.0,15.0,0.0
2025-12-23T04:00:00+01:00,0.0,0.0,9.5,0.0
2025-12-23T05:00:00+01:00,0.0,0.8,13.9,0.0
2025-12-23T06:00:00+01:00,0.0,144.4,19.8,0.0
2025-12-23T07:00:00+01:00,0.0,235.6,20.2,0.0
2025-12-23T08:00:00+01:00,0.0,343.0,14.8,0.0
2025-12-23T09:00:00+01:00,0.0,293.4,14.1,0.0
2025-12-23T10:00:00+01:00,0.0,80.9,14.1,0.0
2025-12-23T11:00:00+01:00,0.0,93.1,18.2,0.0
2025-12-23T12:00:00+01:00,0.0,286.5,20.0,0.0
2025-12-23T13:00:00+01:00,0.0,276.4,17.4,0.0
2025-12-23T14:00:00+01:00,0.0,404.6,23.8,0.0
2025-12-23T15:00:00+01:00,0.0,435.7,21.2,0.0
2025-12-23T16:00:00+01:00,0.0,453.7,28.0,0.0
2025-12-23T17:00:00+01:00,0.0,443.7,26.0,0.0
2025-12-23T18:00:00+01:00,0.0,464.5,26.6,0.0
2025-12-23T19:00:00+01:00,0.0,440.6,34.3,0.0
2025-12-23T20:00:00+01:00,0.0,302.4,40.0,0.0
2025-12-23T21:00:00+01:00,0.0,255.8,38.9,0.0
2025-12-23T22:00:00+01:00,0.0,61.7,43.3,0.0
2025-12-23T23:00:00+01:00,0.0,57.5,52.0,0.0
2025-12-24T00:00:00+01:00,0.0,0.1,43.0,0.0
2025-12-24T01:00:00+01:00,0.0,0.0,42.9,0.0
2025-12-24T02:00:00+01:00,0.0,0.0,59.7,0.0
2025-12-24T03:00:00+01:00,0.0,0.0,57.5,0.0
2025-12-24T04:00:00+01:00,0.0,0.0,67.4,0.0
2025-12-24T05:00:00+01:00,0.0,0.0,49.5,0.0
2025-12-24T06:00:00+01:00,0.0,0.0,58.9,0.0
2025-12-24T07:00:00+01:00,0.0,50.2,63.4,0.0
2025-12-24T08:00:00+01:00,0.0,83.1,74.5,0.0
2025-12-24T09:00:00+01:00,0.0,159.8,85.1,0.0
2025-12-24T10:00:00+01:00,0.0,111.5,100.6,0.0
2025-12-24T11:00:00+01:00,0.0,123.9,74.8,0.0
2025-12-24T12:00:00+01:00,0.0,125.7,63.0,0.0
2025-12-24T13:00:00+01:00,0.0,126.8,43.5,0.0
2025-12-24T14:00:00+01:00,0.0,244.2,26.7,0.0
2025-12-24T15:00:00+01:00,0.0,264.4,17.7,0.0
2025-12-24T16:00:00+01:00,0.0,286.5,22.4,0.0
2025-12-24T17:00:00+01:00,0.0,312.5,12.8,0.0
2025-12-24T18:00:00+01:00,0.0,309.4,15.2,0.0
2025-12-24T19:00:00+01:00,0.0,243.6,31.5,0.0
2025-12-24T20:00:00+01:00,0.0,248.3,41.6,0.0
2025-12-24T21:00:00+01:00,0.0,98.4,40.9,0.0
2025-12-24T22:00:00+01:00,0.0,85.8,41.3,0.0
2025-12-24T23:00:00+01:00,0.0,72.4,41.5,0.0
2025-12-25T00:00:00+01:00,0.0,0.2,41.8,0.0
2025-12-25T01:00:00+01:00,0.0,0.0,44.1,0.0
2025-12-25T02:00:00+01:00,0.0,0.0,44.2,0.0
2025-12-25T03:00:00+01:00,0.0,0.0,43.5,0.0
2025-12-25T04:00:00+01:00,0.0,0.0,38.4,0.0
2025-12-25T05:00:00+01:00,0.0,0.0,38.1,0.0
2025-12-25T06:00:00+01:00,0.0,0.4,43.6,0.0
2025-12-25T07:00:00+01:00,0.0,96.9,54.4,0.0
2025-12-25T08:00:00+01:00,0.0,94.5,56.6,0.0
2025-12-25T09:00:00+01:00,0.0,110.0,57.5,0.0
2025-12-25T10:00:00+01:00,0.0,109.1,53.6,0.0
2025-12-25T11:00:00+01:00,0.0,82.1,43.7,0.0
2025-12-25T12:00:00+01:00,0.0,77.1,46.6,0.0
2025-12-25T13:00:00+01:00,0.0,84.7,44.7,0.0
2025-12-25T14:00:00+01:00,0.0,79.1,48.6,0.0
2025-12-25T15:00:00+01:00,0.0,184.0,52.4,0.0
2025-12-25T16:00:00+01:00,0.0,237.7,55.0,0.0
2025-12-25T17:00:00+01:00,0.0,256.3,54.2,0.0
2025-12-25T18:00:00+01:00,0.0,260.6,50.8,0.0
2025-12-25T19:00:00+01:00,0.0,252.0,51.3,0.0
2025-12-25T20:00:00+01:00,0.0,250.8,47.5,0.0
2025-12-25T21:00:00+01:00,0.0,159.0,47.3,0.0
2025-12-25T22:00:00+01:00,0.0,187.4,48.6,0.0
2025-12-25T23:00:00+01:00,0.0,21.6,51.5,0.0
2025-12-26T00:00:00+01:00,0.0,0.0,51.4,0.0
2025-12-26T01:00:00+01:00,0.0,0.0,47.0,0.0
2025-12-26T02:00:00+01:00,0.0,0.0,46.1,0.0
2025-12-26T03:00:00+01:00,0.0,0.0,45.0,0.0
2025-12-26T04:00:00+01:00,0.0,0.0,41.0,0.0
2025-12-26T05:00:00+01:00,0.0,0.0,40.8,0.0
2025-12-26T06:00:00+01:00,0.0,0.3,33.6,0.0
2025-12-26T07:00:00+01:00,0.0,116.0,23.5,0.0
2025-12-26T08:00:00+01:00,0.0,147.9,30.0,0.0
2025-12-26T09:00:00+01:00,0.0,108.8,31.1,0.0
2025-12-26T10:00:00+01:00,0.0,100.7,22.1,0.0
2025-12-26T11:00:00+01:00,0.0,79.9,20.4,0.0
2025-12-26T12:00:00+01:00,0.0,75.4,16.1,0.0
2025-12-26T13:00:00+01:00,0.0,65.8,13.1,0.0
2025-12-26T14:00:00+01:00,0.0,69.2,17.2,0.0
2025-12-26T15:00:00+01:00,0.0,171.4,20.0,0.0
2025-12-26T16:00:00+01:00,0.0,268.0,22.5,0.0
2025-12-26T17:00:00+01:00,0.0,280.4,33.3,0.0
2025-12-26T18:00:00+01:00,0.0,265.8,53.1,0.0
2025-12-26T19:00:00+01:00,0.0,263.5,50.5,0.0
2025-12-26T20:00:00+01:00,0.0,250.4,69.4,0.0
2025-12-26T21:00:00+01:00,0.0,223.6,63.3,0.0
2025-12-26T22:00:00+01:00,0.0,174.0,72.3,0.0
2025-12-26T23:00:00+01:00,0.0,0.6,72.8,0.0
2025-12-27T00:00:00+01:00,0.0,0.0,72.8,0.0
2025-12-27T01:00:00+01:00,0.0,0.0,56.7,0.0
2025-12-27T02:00:00+01:00,0.0,0.0,56.9,0.0
2025-12-27T03:00:00+01:00,0.0,0.0,66.2,0.0
2025-12-27T04:00:00+01:00,0.0,0.0,73.7,0.0
2025-12-27T05:00:00+01:00,0.0,0.0,66.4,0.0
2025-12-27T06:00:00+01:00,0.0,0.6,66.7,0.0
2025-12-27T07:00:00+01:00,0.0,55.2,71.3,0.0
2025-12-27T08:00:00+01:00,0.0,72.2,64.6,0.0
2025-12-27T09:00:00+01:00,0.0,70.6,57.2,0.0
2025-12-27T10:00:00+01:00,0.0,54.0,55.8,0.0
2025-12-27T11:00:00+01:00,0.0,55.3,50.3,0.0
2025-12-27T12:00:00+01:00,0.0,55.8,49.9,0.0
2025-12-27T13:00:00+01:00,0.0,48.0,57.3,0.0
2025-12-27T14:00:00+01:00,0.0,42.0,59.6,0.0
2025-12-27T15:00:00+01:00,0.0,167.7,55.4,0.0
2025-12-27T16:00:00+01:00,0.0,251.0,48.2,0.0
2025-12-27T17:00:00+01:00,0.0,293.9,14.9,0.0
2025-12-27T18:00:00+01:00,0.0,304.5,2.8,0.0
2025-12-27T19:00:00+01:00,0.0,315.7,4.8,0.0
2025-12-27T20:00:00+01:00,0.0,310.3,6.8,0.0
2025-12-27T21:00:00+01:00,0.0,187.6,7.9,0.0
2025-12-27T22:00:00+01:00,0.0,155.1,3.1,0.0
2025-12-27T23:00:00+01:00,0.0,101.2,2.4,0.0
2025-12-28T00:00:00+01:00,0.0,85.8,3.0,0.0
2025-12-28T01:00:00+01:00,0.0,0.5,3.1,0.0
2025-12-28T02:00:00+01:00,0.0,0.0,32.2,0.0
2025-12-28T03:00:00+01:00,0.0,0.0,18.7,0.0
2025-12-28T04:00:00+01:00,0.0,0.0,13.0,0.0
2025-12-28T05:00:00+01:00,0.0,0.0,55.5,0.0
2025-12-28T06:00:00+01:00,0.0,0.0,53.8,0.0
2025-12-28T07:00:00+01:00,0.0,30.6,58.9,0.0
2025-12-28T08:00:00+01:00,0.0,36.2,62.7,0.0
2025-12-28T09:00:00+01:00,0.0,49.5,58.4,0.0
2025-12-28T10:00:00+01:00,0.0,45.7,69.9,0.0
2025-12-28T11:00:00+01:00,0.0,44.2,62.4,0.0
2025-12-28T12:00:00+01:00,0.0,46.4,58.3,0.0
2025-12-28T13:00:00+01:00,0.0,40.3,59.6,0.0
2025-12-28T14:00:00+01:00,0.0,39.4,69.0,0.0
2025-12-28T15:00:00+01:00,0.0,42.2,73.2,0.0
2025-12-28T16:00:00+01:00,0.0,220.5,93.5,0.0
2025-12-28T17:00:00+01:00,0.0,244.9,96.6,0.0
2025-12-28T18:00:00+01:00,0.0,241.0,104.0,0.0
2025-12-28T19:00:00+01:00,0.0,249.7,96.2,0.0
2025-12-28T20:00:00+01:00,0.0,250.7,92.2,0.0
2025-12-28T21:00:00+01:00,0.0,249.5,79.5,0.0
2025-12-28T22:00:00+01:00,0.0,81.2,81.8,0.0
2025-12-28T23:00:00+01:00,0.0,36.1,90.7,0.0
2025-12-29T00:00:00+01:00,0.0,21.5,76.5,0.0
2025-12-29T01:00:00+01:00,0.0,0.0,77.1,0.0
2025-12-29T02:00:00+01:00,0.0,0.0,67.0,0.0
2025-12-29T03:00:00+01:00,0.0,0.0,57.3,0.0
2025-12-29T04:00:00+01:00,0.0,0.0,44.5,0.0
2025-12-29T05:00:00+01:00,0.0,0.2,45.5,0.0
2025-12-29T06:00:00+01:00,0.0,29.0,52.5,0.0
2025-12-29T07:00:00+01:00,0.0,212.9,48.8,0.0
2025-12-29T08:00:00+01:00,0.0,278.4,22.1,0.0
2025-12-29T09:00:00+01:00,0.0,277.2,5.2,0.0
2025-12-29T10:00:00+01:00,0.0,141.8,1.7,0.0
2025-12-29T11:00:00+01:00,0.0,70.8,0.0,0.0
2025-12-29T12:00:00+01:00,0.0,66.2,0.6,0.0
2025-12-29T13:00:00+01:00,0.0,44.3,2.1,0.0
2025-12-29T14:00:00+01:00,0.0,111.0,0.6,0.0
2025-12-29T15:00:00+01:00,0.0,268.3,0.0,0.0
2025-12-29T16:00:00+01:00,0.0,322.6,0.0,0.0
2025-12-29T17:00:00+01:00,0.0,342.0,0.1,0.0
2025-12-29T18:00:00+01:00,0.0,353.0,0.1,0.0
2025-12-29T19:00:00+01:00,0.0,353.7,0.9,0.0
2025-12-29T20:00:00+01:00,0.0,341.8,3.0,0.0
2025-12-29T21:00:00+01:00,0.0,318.3,5.8,0.0
2025-12-29T22:00:00+01:00,0.0,301.9,5.9,0.0
2025-12-29T23:00:00+01:00,0.0,169.4,9.3,0.0
2025-12-30T00:00:00+01:00,0.0,79.1,9.0,0.0
2025-12-30T01:00:00+01:00,0.0,9.1,7.2,0.0
2025-12-30T02:00:00+01:00,0.0,0.0,6.9,0.0
2025-12-30T03:00:00+01:00,0.0,0.0,7.7,0.0
2025-12-30T04:00:00+01:00,0.0,0.0,5.6,0.0
2025-12-30T05:00:00+01:00,0.0,0.4,4.2,0.0
2025-12-30T06:00:00+01:00,0.0,41.1,7.7,0.0
2025-12-30T07:00:00+01:00,0.0,262.0,11.0,0.0
2025-12-30T08:00:00+01:00,0.0,318.1,7.0,0.0
2025-12-30T09:00:00+01:00,0.0,153.3,1.6,0.0
2025-12-30T10:00:00+01:00,0.0,143.6,0.0,0.0
2025-12-30T11:00:00+01:00,0.0,118.2,1.8,0.0
2025-12-30T12:00:00+01:00,0.0,89.1,12.3,0.0
2025-12-30T13:00:00+01:00,0.0,87.7,29.0,0.0
2025-12-30T14:00:00+01:00,0.0,90.8,54.1,0.0
2025-12-30T15:00:00+01:00,0.0,259.1,66.8,0.0
2025-12-30T16:00:00+01:00,0.0,273.9,90.9,0.0
2025-12-30T17:00:00+01:00,0.0,291.9,99.4,0.0
2025-12-30T18:00:00+01:00,0.0,292.1,100.9,0.0
2025-12-30T19:00:00+01:00,0.0,301.1,100.0,0.0
2025-12-30T20:00:00+01:00,0.0,280.5,100.1,0.0
2025-12-30T21:00:00+01:00,0.0,269.8,99.5,0.0
2025-12-30T22:00:00+01:00,0.0,183.2,106.3,0.0
2025-12-30T23:00:00+01:00,0.0,115.0,105.9,0.0
2025-12-31T00:00:00+01:00,0.0,31.6,104.5,0.0
2025-12-31T01:00:00+01:00,0.0,0.0,90.2,0.0
2025-12-31T02:00:00+01:00,0.0,0.0,96.2,0.0
2025-12-31T03:00:00+01:00,0.0,0.0,102.4,0.0
2025-12-31T04:00:00+01:00,0.0,0.0,107.1,0.0
2025-12-31T05:00:00+01:00,0.0,0.0,105.2,0.0
2025-12-31T06:00:00+01:00,0.0,0.8,98.9,0.0
2025-12-31T07:00:00+01:00,0.0,119.9,100.2,0.0
2025-12-31T08:00:00+01:00,0.0,154.2,103.1,0.0
2025-12-31T09:00:00+01:00,0.0,91.0,108.7,0.0
2025-12-31T10:00:00+01:00,0.0,96.1,101.3,0.0
2025-12-31T11:00:00+01:00,0.0,103.2,95.9,0.0
2025-12-31T12:00:00+01:00,0.0,108.8,83.7,0.0
2025-12-31T13:00:00+01:00,0.0,106.6,82.7,0.0
2025-12-31T14:00:00+01:00,0.0,107.6,81.9,0.0
2025-12-31T15:00:00+01:00,0.0,272.8,87.0,0.0
2025-12-31T16:00:00+01:00,0.0,465.8,85.8,0.0
2025-12-31T17:00:00+01:00,0.0,486.2,85.0,0.0
2025-12-31T18:00:00+01:00,0.0,329.9,80.5,0.0
2025-12-31T19:00:00+01:00,0.0,325.3,68.3,0.0
2025-12-31T20:00:00+01:00,0.0,292.8,58.2,0.0
2025-12-31T21:00:00+01:00,0.0,290.1,23.9,0.0
2025-12-31T22:00:00+01:00,0.0,288.7,11.4,0.0
2025-12-31T23:00:00+01:00,0.0,165.4,13.9,0.0
